ISO-10303-21;
HEADER;
FILE_DESCRIPTION(('Open CASCADE Model'),'2;1');
FILE_NAME('Open CASCADE Shape Model','2026-08-03T20:23:26',('Author'),(
    'Open CASCADE'),'Open CASCADE STEP processor 7.9','Open CASCADE 7.9'
  ,'Unknown');
FILE_SCHEMA(('AUTOMOTIVE_DESIGN { 1 0 10303 214 1 1 1 1 }'));
ENDSEC;
DATA;
#1 = APPLICATION_PROTOCOL_DEFINITION('international standard',
  'automotive_design',2000,#2);
#2 = APPLICATION_CONTEXT(
  'core data for automotive mechanical design processes');
#3 = SHAPE_DEFINITION_REPRESENTATION(#4,#10);
#4 = PRODUCT_DEFINITION_SHAPE('','',#5);
#5 = PRODUCT_DEFINITION('design','',#6,#9);
#6 = PRODUCT_DEFINITION_FORMATION('','',#7);
#7 = PRODUCT('Open CASCADE STEP translator 7.9 1',
  'Open CASCADE STEP translator 7.9 1','',(#8));
#8 = PRODUCT_CONTEXT('',#2,'mechanical');
#9 = PRODUCT_DEFINITION_CONTEXT('part definition',#2,'design');
#10 = SHAPE_REPRESENTATION('',(#11,#15),#19);
#11 = AXIS2_PLACEMENT_3D('',#12,#13,#14);
#12 = CARTESIAN_POINT('',(0.,0.,0.));
#13 = DIRECTION('',(0.,0.,1.));
#14 = DIRECTION('',(1.,0.,-0.));
#15 = AXIS2_PLACEMENT_3D('',#16,#17,#18);
#16 = CARTESIAN_POINT('',(0.,1.299999987431E-05,0.6500001));
#17 = DIRECTION('',(0.,0.,1.));
#18 = DIRECTION('',(1.,0.,0.));
#19 = ( GEOMETRIC_REPRESENTATION_CONTEXT(3) 
GLOBAL_UNCERTAINTY_ASSIGNED_CONTEXT((#23)) GLOBAL_UNIT_ASSIGNED_CONTEXT(
(#20,#21,#22)) REPRESENTATION_CONTEXT('Context #1',
  '3D Context with UNIT and UNCERTAINTY') );
#20 = ( LENGTH_UNIT() NAMED_UNIT(*) SI_UNIT(.MILLI.,.METRE.) );
#21 = ( NAMED_UNIT(*) PLANE_ANGLE_UNIT() SI_UNIT($,.RADIAN.) );
#22 = ( NAMED_UNIT(*) SI_UNIT($,.STERADIAN.) SOLID_ANGLE_UNIT() );
#23 = UNCERTAINTY_MEASURE_WITH_UNIT(LENGTH_MEASURE(2.E-06),#20,
  'distance_accuracy_value','confusion accuracy');
#24 = PRODUCT_RELATED_PRODUCT_CATEGORY('part',$,(#7));
#25 = SHAPE_DEFINITION_REPRESENTATION(#26,#32);
#26 = PRODUCT_DEFINITION_SHAPE('','',#27);
#27 = PRODUCT_DEFINITION('design','',#28,#31);
#28 = PRODUCT_DEFINITION_FORMATION('','',#29);
#29 = PRODUCT('C0805_L2.0-W1.3-H1.3','C0805_L2.0-W1.3-H1.3','',(#30));
#30 = PRODUCT_CONTEXT('',#2,'mechanical');
#31 = PRODUCT_DEFINITION_CONTEXT('part definition',#2,'design');
#32 = ADVANCED_BREP_SHAPE_REPRESENTATION('',(#11,#33),#7938);
#33 = MANIFOLD_SOLID_BREP('',#34);
#34 = CLOSED_SHELL('',(#35,#161,#282,#749,#1212,#1261,#1310,#1396,#1516,
    #1597,#1999,#2401,#2663,#2688,#2713,#2745,#2861,#2972,#3092,#3207,
    #3322,#3409,#3835,#3932,#4008,#4108,#4193,#4595,#4649,#4931,#4980,
    #5007,#5409,#5459,#5492,#5708,#5735,#5784,#5791,#5816,#5847,#5853,
    #5884,#5890,#6131,#6306,#6481,#6531,#6537,#6568,#6574,#6624,#6630,
    #6661,#6667,#6767,#6860,#6887,#6914,#6942,#6970,#7019,#7068,#7075,
    #7102,#7108,#7135,#7141,#7382,#7557,#7732,#7778,#7784,#7830,#7836,
    #7863,#7869,#7896,#7902,#7911,#7920,#7929));
#35 = ADVANCED_FACE('',(#36),#51,.T.);
#36 = FACE_BOUND('',#37,.T.);
#37 = EDGE_LOOP('',(#38,#78,#106,#135));
#38 = ORIENTED_EDGE('',*,*,#39,.T.);
#39 = EDGE_CURVE('',#40,#42,#44,.T.);
#40 = VERTEX_POINT('',#41);
#41 = CARTESIAN_POINT('',(0.576496507645,0.63,0.58));
#42 = VERTEX_POINT('',#43);
#43 = CARTESIAN_POINT('',(0.576496507644,0.63,-0.58));
#44 = SURFACE_CURVE('',#45,(#50,#66),.PCURVE_S1.);
#45 = CIRCLE('',#46,2.23704144294);
#46 = AXIS2_PLACEMENT_3D('',#47,#48,#49);
#47 = CARTESIAN_POINT('',(2.73704144294,0.63,-6.546858026134E-15));
#48 = DIRECTION('',(0.,-1.,1.036602379928E-14));
#49 = DIRECTION('',(0.,1.036602379928E-14,1.));
#50 = PCURVE('',#51,#56);
#51 = PLANE('',#52);
#52 = AXIS2_PLACEMENT_3D('',#53,#54,#55);
#53 = CARTESIAN_POINT('',(-0.9,0.63,0.63));
#54 = DIRECTION('',(-0.,1.,0.));
#55 = DIRECTION('',(0.,0.,1.));
#56 = DEFINITIONAL_REPRESENTATION('',(#57),#65);
#57 = ( BOUNDED_CURVE() B_SPLINE_CURVE(2,(#58,#59,#60,#61,#62,#63,#64),
.UNSPECIFIED.,.T.,.F.) B_SPLINE_CURVE_WITH_KNOTS((1,2,2,2,2,1),(
    -2.094395102393,0.,2.094395102393,4.188790204786,6.28318530718,
8.377580409573),.UNSPECIFIED.) CURVE() GEOMETRIC_REPRESENTATION_ITEM() 
RATIONAL_B_SPLINE_CURVE((1.,0.5,1.,0.5,1.,0.5,1.)) REPRESENTATION_ITEM(
  '') );
#58 = CARTESIAN_POINT('',(1.60704144294,3.63704144294));
#59 = CARTESIAN_POINT('',(1.60704144294,-0.237627994869));
#60 = CARTESIAN_POINT('',(-1.74852072147,1.699706724035));
#61 = CARTESIAN_POINT('',(-5.10408288588,3.63704144294));
#62 = CARTESIAN_POINT('',(-1.74852072147,5.574376161844));
#63 = CARTESIAN_POINT('',(1.60704144294,7.511710880749));
#64 = CARTESIAN_POINT('',(1.60704144294,3.63704144294));
#65 = ( GEOMETRIC_REPRESENTATION_CONTEXT(2) 
PARAMETRIC_REPRESENTATION_CONTEXT() REPRESENTATION_CONTEXT('2D SPACE',''
  ) );
#66 = PCURVE('',#67,#72);
#67 = CYLINDRICAL_SURFACE('',#68,2.23704144294);
#68 = AXIS2_PLACEMENT_3D('',#69,#70,#71);
#69 = CARTESIAN_POINT('',(2.73704144294,0.63,-6.546858026134E-15));
#70 = DIRECTION('',(-0.,1.,-1.036602379928E-14));
#71 = DIRECTION('',(0.,1.036602379928E-14,1.));
#72 = DEFINITIONAL_REPRESENTATION('',(#73),#77);
#73 = LINE('',#74,#75);
#74 = CARTESIAN_POINT('',(6.28318530718,0.));
#75 = VECTOR('',#76,1.);
#76 = DIRECTION('',(-1.,0.));
#77 = ( GEOMETRIC_REPRESENTATION_CONTEXT(2) 
PARAMETRIC_REPRESENTATION_CONTEXT() REPRESENTATION_CONTEXT('2D SPACE',''
  ) );
#78 = ORIENTED_EDGE('',*,*,#79,.T.);
#79 = EDGE_CURVE('',#42,#80,#82,.T.);
#80 = VERTEX_POINT('',#81);
#81 = CARTESIAN_POINT('',(-0.576496507644,0.63,-0.58));
#82 = SURFACE_CURVE('',#83,(#87,#94),.PCURVE_S1.);
#83 = LINE('',#84,#85);
#84 = CARTESIAN_POINT('',(-0.9,0.63,-0.58));
#85 = VECTOR('',#86,1.);
#86 = DIRECTION('',(-1.,-0.,-0.));
#87 = PCURVE('',#51,#88);
#88 = DEFINITIONAL_REPRESENTATION('',(#89),#93);
#89 = LINE('',#90,#91);
#90 = CARTESIAN_POINT('',(-1.21,0.));
#91 = VECTOR('',#92,1.);
#92 = DIRECTION('',(-0.,-1.));
#93 = ( GEOMETRIC_REPRESENTATION_CONTEXT(2) 
PARAMETRIC_REPRESENTATION_CONTEXT() REPRESENTATION_CONTEXT('2D SPACE',''
  ) );
#94 = PCURVE('',#95,#100);
#95 = CYLINDRICAL_SURFACE('',#96,5.E-02);
#96 = AXIS2_PLACEMENT_3D('',#97,#98,#99);
#97 = CARTESIAN_POINT('',(-0.9,0.58,-0.58));
#98 = DIRECTION('',(1.,0.,0.));
#99 = DIRECTION('',(0.,0.,-1.));
#100 = DEFINITIONAL_REPRESENTATION('',(#101),#105);
#101 = LINE('',#102,#103);
#102 = CARTESIAN_POINT('',(1.570796326795,0.));
#103 = VECTOR('',#104,1.);
#104 = DIRECTION('',(0.,-1.));
#105 = ( GEOMETRIC_REPRESENTATION_CONTEXT(2) 
PARAMETRIC_REPRESENTATION_CONTEXT() REPRESENTATION_CONTEXT('2D SPACE',''
  ) );
#106 = ORIENTED_EDGE('',*,*,#107,.F.);
#107 = EDGE_CURVE('',#108,#80,#110,.T.);
#108 = VERTEX_POINT('',#109);
#109 = CARTESIAN_POINT('',(-0.576496507645,0.63,0.58));
#110 = SURFACE_CURVE('',#111,(#116,#123),.PCURVE_S1.);
#111 = CIRCLE('',#112,2.23704144294);
#112 = AXIS2_PLACEMENT_3D('',#113,#114,#115);
#113 = CARTESIAN_POINT('',(-2.73704144294,0.63,-6.546858026134E-15));
#114 = DIRECTION('',(-0.,1.,-1.036602379928E-14));
#115 = DIRECTION('',(0.,1.036602379928E-14,1.));
#116 = PCURVE('',#51,#117);
#117 = DEFINITIONAL_REPRESENTATION('',(#118),#122);
#118 = CIRCLE('',#119,2.23704144294);
#119 = AXIS2_PLACEMENT_2D('',#120,#121);
#120 = CARTESIAN_POINT('',(-0.63,-1.83704144294));
#121 = DIRECTION('',(1.,0.));
#122 = ( GEOMETRIC_REPRESENTATION_CONTEXT(2) 
PARAMETRIC_REPRESENTATION_CONTEXT() REPRESENTATION_CONTEXT('2D SPACE',''
  ) );
#123 = PCURVE('',#124,#129);
#124 = CYLINDRICAL_SURFACE('',#125,2.23704144294);
#125 = AXIS2_PLACEMENT_3D('',#126,#127,#128);
#126 = CARTESIAN_POINT('',(-2.73704144294,0.63,-6.546858026134E-15));
#127 = DIRECTION('',(-0.,1.,-1.036602379928E-14));
#128 = DIRECTION('',(0.,1.036602379928E-14,1.));
#129 = DEFINITIONAL_REPRESENTATION('',(#130),#134);
#130 = LINE('',#131,#132);
#131 = CARTESIAN_POINT('',(0.,0.));
#132 = VECTOR('',#133,1.);
#133 = DIRECTION('',(1.,0.));
#134 = ( GEOMETRIC_REPRESENTATION_CONTEXT(2) 
PARAMETRIC_REPRESENTATION_CONTEXT() REPRESENTATION_CONTEXT('2D SPACE',''
  ) );
#135 = ORIENTED_EDGE('',*,*,#136,.T.);
#136 = EDGE_CURVE('',#108,#40,#137,.T.);
#137 = SURFACE_CURVE('',#138,(#142,#149),.PCURVE_S1.);
#138 = LINE('',#139,#140);
#139 = CARTESIAN_POINT('',(-0.9,0.63,0.58));
#140 = VECTOR('',#141,1.);
#141 = DIRECTION('',(1.,0.,0.));
#142 = PCURVE('',#51,#143);
#143 = DEFINITIONAL_REPRESENTATION('',(#144),#148);
#144 = LINE('',#145,#146);
#145 = CARTESIAN_POINT('',(-5.E-02,0.));
#146 = VECTOR('',#147,1.);
#147 = DIRECTION('',(0.,1.));
#148 = ( GEOMETRIC_REPRESENTATION_CONTEXT(2) 
PARAMETRIC_REPRESENTATION_CONTEXT() REPRESENTATION_CONTEXT('2D SPACE',''
  ) );
#149 = PCURVE('',#150,#155);
#150 = CYLINDRICAL_SURFACE('',#151,5.E-02);
#151 = AXIS2_PLACEMENT_3D('',#152,#153,#154);
#152 = CARTESIAN_POINT('',(-0.9,0.58,0.58));
#153 = DIRECTION('',(1.,0.,0.));
#154 = DIRECTION('',(0.,0.,-1.));
#155 = DEFINITIONAL_REPRESENTATION('',(#156),#160);
#156 = LINE('',#157,#158);
#157 = CARTESIAN_POINT('',(1.570796326795,0.));
#158 = VECTOR('',#159,1.);
#159 = DIRECTION('',(0.,1.));
#160 = ( GEOMETRIC_REPRESENTATION_CONTEXT(2) 
PARAMETRIC_REPRESENTATION_CONTEXT() REPRESENTATION_CONTEXT('2D SPACE',''
  ) );
#161 = ADVANCED_FACE('',(#162),#177,.T.);
#162 = FACE_BOUND('',#163,.T.);
#163 = EDGE_LOOP('',(#164,#200,#223,#256));
#164 = ORIENTED_EDGE('',*,*,#165,.F.);
#165 = EDGE_CURVE('',#166,#168,#170,.T.);
#166 = VERTEX_POINT('',#167);
#167 = CARTESIAN_POINT('',(-0.576496507644,0.58,-0.63));
#168 = VERTEX_POINT('',#169);
#169 = CARTESIAN_POINT('',(-0.576496507644,-0.58,-0.63));
#170 = SURFACE_CURVE('',#171,(#176,#188),.PCURVE_S1.);
#171 = CIRCLE('',#172,2.23704144294);
#172 = AXIS2_PLACEMENT_3D('',#173,#174,#175);
#173 = CARTESIAN_POINT('',(-2.73704144294,5.20417042793E-17,-0.63));
#174 = DIRECTION('',(-0.,1.084202172486E-16,-1.));
#175 = DIRECTION('',(0.,1.,1.084202172486E-16));
#176 = PCURVE('',#177,#182);
#177 = PLANE('',#178);
#178 = AXIS2_PLACEMENT_3D('',#179,#180,#181);
#179 = CARTESIAN_POINT('',(-0.9,0.63,-0.63));
#180 = DIRECTION('',(0.,1.720955829342E-16,-1.));
#181 = DIRECTION('',(0.,1.,1.720955829342E-16));
#182 = DEFINITIONAL_REPRESENTATION('',(#183),#187);
#183 = CIRCLE('',#184,2.23704144294);
#184 = AXIS2_PLACEMENT_2D('',#185,#186);
#185 = CARTESIAN_POINT('',(-0.63,-1.83704144294));
#186 = DIRECTION('',(1.,0.));
#187 = ( GEOMETRIC_REPRESENTATION_CONTEXT(2) 
PARAMETRIC_REPRESENTATION_CONTEXT() REPRESENTATION_CONTEXT('2D SPACE',''
  ) );
#188 = PCURVE('',#189,#194);
#189 = CYLINDRICAL_SURFACE('',#190,2.23704144294);
#190 = AXIS2_PLACEMENT_3D('',#191,#192,#193);
#191 = CARTESIAN_POINT('',(-2.73704144294,5.20417042793E-17,-0.63));
#192 = DIRECTION('',(-0.,1.084202172486E-16,-1.));
#193 = DIRECTION('',(0.,1.,1.084202172486E-16));
#194 = DEFINITIONAL_REPRESENTATION('',(#195),#199);
#195 = LINE('',#196,#197);
#196 = CARTESIAN_POINT('',(0.,0.));
#197 = VECTOR('',#198,1.);
#198 = DIRECTION('',(1.,0.));
#199 = ( GEOMETRIC_REPRESENTATION_CONTEXT(2) 
PARAMETRIC_REPRESENTATION_CONTEXT() REPRESENTATION_CONTEXT('2D SPACE',''
  ) );
#200 = ORIENTED_EDGE('',*,*,#201,.T.);
#201 = EDGE_CURVE('',#166,#202,#204,.T.);
#202 = VERTEX_POINT('',#203);
#203 = CARTESIAN_POINT('',(0.576496507644,0.58,-0.63));
#204 = SURFACE_CURVE('',#205,(#209,#216),.PCURVE_S1.);
#205 = LINE('',#206,#207);
#206 = CARTESIAN_POINT('',(-0.9,0.58,-0.63));
#207 = VECTOR('',#208,1.);
#208 = DIRECTION('',(1.,0.,0.));
#209 = PCURVE('',#177,#210);
#210 = DEFINITIONAL_REPRESENTATION('',(#211),#215);
#211 = LINE('',#212,#213);
#212 = CARTESIAN_POINT('',(-5.E-02,0.));
#213 = VECTOR('',#214,1.);
#214 = DIRECTION('',(0.,1.));
#215 = ( GEOMETRIC_REPRESENTATION_CONTEXT(2) 
PARAMETRIC_REPRESENTATION_CONTEXT() REPRESENTATION_CONTEXT('2D SPACE',''
  ) );
#216 = PCURVE('',#95,#217);
#217 = DEFINITIONAL_REPRESENTATION('',(#218),#222);
#218 = LINE('',#219,#220);
#219 = CARTESIAN_POINT('',(0.,0.));
#220 = VECTOR('',#221,1.);
#221 = DIRECTION('',(0.,1.));
#222 = ( GEOMETRIC_REPRESENTATION_CONTEXT(2) 
PARAMETRIC_REPRESENTATION_CONTEXT() REPRESENTATION_CONTEXT('2D SPACE',''
  ) );
#223 = ORIENTED_EDGE('',*,*,#224,.T.);
#224 = EDGE_CURVE('',#202,#225,#227,.T.);
#225 = VERTEX_POINT('',#226);
#226 = CARTESIAN_POINT('',(0.576496507644,-0.58,-0.63));
#227 = SURFACE_CURVE('',#228,(#233,#244),.PCURVE_S1.);
#228 = CIRCLE('',#229,2.23704144294);
#229 = AXIS2_PLACEMENT_3D('',#230,#231,#232);
#230 = CARTESIAN_POINT('',(2.73704144294,5.20417042793E-17,-0.63));
#231 = DIRECTION('',(0.,-1.084202172486E-16,1.));
#232 = DIRECTION('',(0.,1.,1.084202172486E-16));
#233 = PCURVE('',#177,#234);
#234 = DEFINITIONAL_REPRESENTATION('',(#235),#243);
#235 = ( BOUNDED_CURVE() B_SPLINE_CURVE(2,(#236,#237,#238,#239,#240,#241
,#242),.UNSPECIFIED.,.T.,.F.) B_SPLINE_CURVE_WITH_KNOTS((1,2,2,2,2,1),(
    -2.094395102393,0.,2.094395102393,4.188790204786,6.28318530718,
8.377580409573),.UNSPECIFIED.) CURVE() GEOMETRIC_REPRESENTATION_ITEM() 
RATIONAL_B_SPLINE_CURVE((1.,0.5,1.,0.5,1.,0.5,1.)) REPRESENTATION_ITEM(
  '') );
#236 = CARTESIAN_POINT('',(1.60704144294,3.63704144294));
#237 = CARTESIAN_POINT('',(1.60704144294,-0.237627994869));
#238 = CARTESIAN_POINT('',(-1.74852072147,1.699706724035));
#239 = CARTESIAN_POINT('',(-5.10408288588,3.63704144294));
#240 = CARTESIAN_POINT('',(-1.74852072147,5.574376161844));
#241 = CARTESIAN_POINT('',(1.60704144294,7.511710880749));
#242 = CARTESIAN_POINT('',(1.60704144294,3.63704144294));
#243 = ( GEOMETRIC_REPRESENTATION_CONTEXT(2) 
PARAMETRIC_REPRESENTATION_CONTEXT() REPRESENTATION_CONTEXT('2D SPACE',''
  ) );
#244 = PCURVE('',#245,#250);
#245 = CYLINDRICAL_SURFACE('',#246,2.23704144294);
#246 = AXIS2_PLACEMENT_3D('',#247,#248,#249);
#247 = CARTESIAN_POINT('',(2.73704144294,5.20417042793E-17,-0.63));
#248 = DIRECTION('',(-0.,1.084202172486E-16,-1.));
#249 = DIRECTION('',(0.,1.,1.084202172486E-16));
#250 = DEFINITIONAL_REPRESENTATION('',(#251),#255);
#251 = LINE('',#252,#253);
#252 = CARTESIAN_POINT('',(6.28318530718,0.));
#253 = VECTOR('',#254,1.);
#254 = DIRECTION('',(-1.,0.));
#255 = ( GEOMETRIC_REPRESENTATION_CONTEXT(2) 
PARAMETRIC_REPRESENTATION_CONTEXT() REPRESENTATION_CONTEXT('2D SPACE',''
  ) );
#256 = ORIENTED_EDGE('',*,*,#257,.T.);
#257 = EDGE_CURVE('',#225,#168,#258,.T.);
#258 = SURFACE_CURVE('',#259,(#263,#270),.PCURVE_S1.);
#259 = LINE('',#260,#261);
#260 = CARTESIAN_POINT('',(-0.9,-0.58,-0.63));
#261 = VECTOR('',#262,1.);
#262 = DIRECTION('',(-1.,-0.,-0.));
#263 = PCURVE('',#177,#264);
#264 = DEFINITIONAL_REPRESENTATION('',(#265),#269);
#265 = LINE('',#266,#267);
#266 = CARTESIAN_POINT('',(-1.21,0.));
#267 = VECTOR('',#268,1.);
#268 = DIRECTION('',(0.,-1.));
#269 = ( GEOMETRIC_REPRESENTATION_CONTEXT(2) 
PARAMETRIC_REPRESENTATION_CONTEXT() REPRESENTATION_CONTEXT('2D SPACE',''
  ) );
#270 = PCURVE('',#271,#276);
#271 = CYLINDRICAL_SURFACE('',#272,5.E-02);
#272 = AXIS2_PLACEMENT_3D('',#273,#274,#275);
#273 = CARTESIAN_POINT('',(-0.9,-0.58,-0.58));
#274 = DIRECTION('',(1.,0.,0.));
#275 = DIRECTION('',(0.,0.,-1.));
#276 = DEFINITIONAL_REPRESENTATION('',(#277),#281);
#277 = LINE('',#278,#279);
#278 = CARTESIAN_POINT('',(6.28318530718,0.));
#279 = VECTOR('',#280,1.);
#280 = DIRECTION('',(0.,-1.));
#281 = ( GEOMETRIC_REPRESENTATION_CONTEXT(2) 
PARAMETRIC_REPRESENTATION_CONTEXT() REPRESENTATION_CONTEXT('2D SPACE',''
  ) );
#282 = ADVANCED_FACE('',(#283),#301,.T.);
#283 = FACE_BOUND('',#284,.T.);
#284 = EDGE_LOOP('',(#285,#363,#391,#464,#537,#565,#644,#672,#723));
#285 = ORIENTED_EDGE('',*,*,#286,.T.);
#286 = EDGE_CURVE('',#287,#289,#291,.T.);
#287 = VERTEX_POINT('',#288);
#288 = CARTESIAN_POINT('',(-0.581965013337,-0.6,-0.65));
#289 = VERTEX_POINT('',#290);
#290 = CARTESIAN_POINT('',(-0.590543267439,-0.63,-0.64));
#291 = SURFACE_CURVE('',#292,(#300,#334),.PCURVE_S1.);
#292 = B_SPLINE_CURVE_WITH_KNOTS('',3,(#293,#294,#295,#296,#297,#298,
    #299),.UNSPECIFIED.,.F.,.F.,(4,3,4),(0.,1.800509807348E-05,
    3.316468134987E-05),.UNSPECIFIED.);
#293 = CARTESIAN_POINT('',(-0.581965013337,-0.6,-0.65));
#294 = CARTESIAN_POINT('',(-0.583574737478,-0.60578179759,-0.65));
#295 = CARTESIAN_POINT('',(-0.585231213598,-0.611636538617,
    -0.648971101019));
#296 = CARTESIAN_POINT('',(-0.586794104878,-0.617082492531,
    -0.646991365685));
#297 = CARTESIAN_POINT('',(-0.588109953242,-0.621667616037,
    -0.645324562924));
#298 = CARTESIAN_POINT('',(-0.589388224775,-0.626064607985,
    -0.642951544011));
#299 = CARTESIAN_POINT('',(-0.590543267439,-0.63,-0.64));
#300 = PCURVE('',#301,#306);
#301 = CYLINDRICAL_SURFACE('',#302,5.E-02);
#302 = AXIS2_PLACEMENT_3D('',#303,#304,#305);
#303 = CARTESIAN_POINT('',(-0.5,-0.6,-0.6));
#304 = DIRECTION('',(-1.,0.,0.));
#305 = DIRECTION('',(0.,0.,1.));
#306 = DEFINITIONAL_REPRESENTATION('',(#307),#333);
#307 = B_SPLINE_CURVE_WITH_KNOTS('',3,(#308,#309,#310,#311,#312,#313,
    #314,#315,#316,#317,#318,#319,#320,#321,#322,#323,#324,#325,#326,
    #327,#328,#329,#330,#331,#332),.UNSPECIFIED.,.F.,.F.,(4,1,1,1,1,1,1,
    1,1,1,1,1,1,1,1,1,1,1,1,1,1,1,4),(0.,1.507485515903E-06,
    3.014971031806E-06,4.522456547709E-06,6.029942063613E-06,
    7.537427579516E-06,9.044913095419E-06,1.055239861132E-05,
    1.205988412723E-05,1.356736964313E-05,1.507485515903E-05,
    1.658234067493E-05,1.808982619084E-05,1.959731170674E-05,
    2.110479722264E-05,2.261228273855E-05,2.411976825445E-05,
    2.562725377035E-05,2.713473928626E-05,2.864222480216E-05,
    3.014971031806E-05,3.165719583397E-05,3.316468134987E-05),
  .QUASI_UNIFORM_KNOTS.);
#308 = CARTESIAN_POINT('',(3.14159265359,8.196501333686E-02));
#309 = CARTESIAN_POINT('',(3.151274266223,8.209978826654E-02));
#310 = CARTESIAN_POINT('',(3.170658188755,8.236999358467E-02));
#311 = CARTESIAN_POINT('',(3.199787359424,8.277677374518E-02));
#312 = CARTESIAN_POINT('',(3.228961273479,8.318453189924E-02));
#313 = CARTESIAN_POINT('',(3.25817047241,8.359277384586E-02));
#314 = CARTESIAN_POINT('',(3.287405105522,8.400100542589E-02));
#315 = CARTESIAN_POINT('',(3.316654985133,8.440873232394E-02));
#316 = CARTESIAN_POINT('',(3.345909835068,8.481546080781E-02));
#317 = CARTESIAN_POINT('',(3.375159248621,8.522069496877E-02));
#318 = CARTESIAN_POINT('',(3.404393622807,8.562394702098E-02));
#319 = CARTESIAN_POINT('',(3.433601477555,8.602469886359E-02));
#320 = CARTESIAN_POINT('',(3.462780250572,8.642254553291E-02));
#321 = CARTESIAN_POINT('',(3.491896788848,8.68166598316E-02));
#322 = CARTESIAN_POINT('',(3.521036420786,8.720780205257E-02));
#323 = CARTESIAN_POINT('',(3.550256507426,8.759637241801E-02));
#324 = CARTESIAN_POINT('',(3.579528728244,8.798162293892E-02));
#325 = CARTESIAN_POINT('',(3.608847166291,8.836311328857E-02));
#326 = CARTESIAN_POINT('',(3.638199566531,8.874032070236E-02));
#327 = CARTESIAN_POINT('',(3.667575262814,8.911274450486E-02));
#328 = CARTESIAN_POINT('',(3.696963273077,8.947987810187E-02));
#329 = CARTESIAN_POINT('',(3.726353060691,8.984121648513E-02));
#330 = CARTESIAN_POINT('',(3.755734462058,9.01962542213E-02));
#331 = CARTESIAN_POINT('',(3.775310336453,9.042840873476E-02));
#332 = CARTESIAN_POINT('',(3.785093762383,9.054326743856E-02));
#333 = ( GEOMETRIC_REPRESENTATION_CONTEXT(2) 
PARAMETRIC_REPRESENTATION_CONTEXT() REPRESENTATION_CONTEXT('2D SPACE',''
  ) );
#334 = PCURVE('',#189,#335);
#335 = DEFINITIONAL_REPRESENTATION('',(#336),#362);
#336 = B_SPLINE_CURVE_WITH_KNOTS('',3,(#337,#338,#339,#340,#341,#342,
    #343,#344,#345,#346,#347,#348,#349,#350,#351,#352,#353,#354,#355,
    #356,#357,#358,#359,#360,#361),.UNSPECIFIED.,.F.,.F.,(4,1,1,1,1,1,1,
    1,1,1,1,1,1,1,1,1,1,1,1,1,1,1,4),(0.,1.507485515903E-06,
    3.014971031806E-06,4.522456547709E-06,6.029942063613E-06,
    7.537427579516E-06,9.044913095419E-06,1.055239861132E-05,
    1.205988412723E-05,1.356736964313E-05,1.507485515903E-05,
    1.658234067493E-05,1.808982619084E-05,1.959731170674E-05,
    2.110479722264E-05,2.261228273855E-05,2.411976825445E-05,
    2.562725377035E-05,2.713473928626E-05,2.864222480216E-05,
    3.014971031806E-05,3.165719583397E-05,3.316468134987E-05),
  .QUASI_UNIFORM_KNOTS.);
#337 = CARTESIAN_POINT('',(1.84233224243,2.E-02));
#338 = CARTESIAN_POINT('',(1.842556867311,2.E-02));
#339 = CARTESIAN_POINT('',(1.843006636066,1.998557492602E-02));
#340 = CARTESIAN_POINT('',(1.843682056702,1.992093698933E-02));
#341 = CARTESIAN_POINT('',(1.84435745538,1.981357361962E-02));
#342 = CARTESIAN_POINT('',(1.845032042586,1.966375972197E-02));
#343 = CARTESIAN_POINT('',(1.845705028859,1.947177015537E-02));
#344 = CARTESIAN_POINT('',(1.846375624465,1.923787995088E-02));
#345 = CARTESIAN_POINT('',(1.847043040618,1.896236349731E-02));
#346 = CARTESIAN_POINT('',(1.847706484946,1.864549758042E-02));
#347 = CARTESIAN_POINT('',(1.848365178424,1.828755004043E-02));
#348 = CARTESIAN_POINT('',(1.849018292195,1.788882210279E-02));
#349 = CARTESIAN_POINT('',(1.849665183381,1.744949039748E-02));
#350 = CARTESIAN_POINT('',(1.850304515039,1.697019655124E-02));
#351 = CARTESIAN_POINT('',(1.850937559826,1.644983446939E-02));
#352 = CARTESIAN_POINT('',(1.8515650503,1.588815576503E-02));
#353 = CARTESIAN_POINT('',(1.852185832448,1.528618223045E-02));
#354 = CARTESIAN_POINT('',(1.852799257727,1.464459531443E-02));
#355 = CARTESIAN_POINT('',(1.853404542122,1.396416766055E-02));
#356 = CARTESIAN_POINT('',(1.854000937891,1.324564747678E-02));
#357 = CARTESIAN_POINT('',(1.854587687546,1.248978951862E-02));
#358 = CARTESIAN_POINT('',(1.855164036191,1.169734678712E-02));
#359 = CARTESIAN_POINT('',(1.85572922822,1.086907275359E-02));
#360 = CARTESIAN_POINT('',(1.856098081539,1.029350475969E-02));
#361 = CARTESIAN_POINT('',(1.856280396943,9.999999999998E-03));
#362 = ( GEOMETRIC_REPRESENTATION_CONTEXT(2) 
PARAMETRIC_REPRESENTATION_CONTEXT() REPRESENTATION_CONTEXT('2D SPACE',''
  ) );
#363 = ORIENTED_EDGE('',*,*,#364,.T.);
#364 = EDGE_CURVE('',#289,#365,#367,.T.);
#365 = VERTEX_POINT('',#366);
#366 = CARTESIAN_POINT('',(-0.593503615555,-0.63,-0.64));
#367 = SURFACE_CURVE('',#368,(#372,#379),.PCURVE_S1.);
#368 = LINE('',#369,#370);
#369 = CARTESIAN_POINT('',(-0.5,-0.63,-0.64));
#370 = VECTOR('',#371,1.);
#371 = DIRECTION('',(-1.,0.,0.));
#372 = PCURVE('',#301,#373);
#373 = DEFINITIONAL_REPRESENTATION('',(#374),#378);
#374 = LINE('',#375,#376);
#375 = CARTESIAN_POINT('',(3.785093762383,0.));
#376 = VECTOR('',#377,1.);
#377 = DIRECTION('',(0.,1.));
#378 = ( GEOMETRIC_REPRESENTATION_CONTEXT(2) 
PARAMETRIC_REPRESENTATION_CONTEXT() REPRESENTATION_CONTEXT('2D SPACE',''
  ) );
#379 = PCURVE('',#380,#385);
#380 = PLANE('',#381);
#381 = AXIS2_PLACEMENT_3D('',#382,#383,#384);
#382 = CARTESIAN_POINT('',(-2.73704144294,-0.63,2.147591539192E-15));
#383 = DIRECTION('',(0.,-1.,3.383061121595E-15));
#384 = DIRECTION('',(0.,-3.383061121595E-15,-1.));
#385 = DEFINITIONAL_REPRESENTATION('',(#386),#390);
#386 = LINE('',#387,#388);
#387 = CARTESIAN_POINT('',(0.64,2.23704144294));
#388 = VECTOR('',#389,1.);
#389 = DIRECTION('',(-0.,-1.));
#390 = ( GEOMETRIC_REPRESENTATION_CONTEXT(2) 
PARAMETRIC_REPRESENTATION_CONTEXT() REPRESENTATION_CONTEXT('2D SPACE',''
  ) );
#391 = ORIENTED_EDGE('',*,*,#392,.T.);
#392 = EDGE_CURVE('',#365,#393,#395,.T.);
#393 = VERTEX_POINT('',#394);
#394 = CARTESIAN_POINT('',(-0.592122327784,-0.635355339059,
    -0.635355339059));
#395 = SURFACE_CURVE('',#396,(#401,#430),.PCURVE_S1.);
#396 = B_SPLINE_CURVE_WITH_KNOTS('',3,(#397,#398,#399,#400),
  .UNSPECIFIED.,.F.,.F.,(4,4),(1.915593167576E-04,1.987746500685E-04),
  .PIECEWISE_BEZIER_KNOTS.);
#397 = CARTESIAN_POINT('',(-0.593503615555,-0.63,-0.64));
#398 = CARTESIAN_POINT('',(-0.593079103155,-0.631895746642,
    -0.638578190018));
#399 = CARTESIAN_POINT('',(-0.592615861507,-0.63368920068,
    -0.637021477439));
#400 = CARTESIAN_POINT('',(-0.592122327784,-0.635355339059,
    -0.635355339059));
#401 = PCURVE('',#301,#402);
#402 = DEFINITIONAL_REPRESENTATION('',(#403),#429);
#403 = B_SPLINE_CURVE_WITH_KNOTS('',3,(#404,#405,#406,#407,#408,#409,
    #410,#411,#412,#413,#414,#415,#416,#417,#418,#419,#420,#421,#422,
    #423,#424,#425,#426,#427,#428),.UNSPECIFIED.,.F.,.F.,(4,1,1,1,1,1,1,
    1,1,1,1,1,1,1,1,1,1,1,1,1,1,1,4),(1.915593167576E-04,
    1.918872864536E-04,1.922152561495E-04,1.925432258455E-04,
    1.928711955414E-04,1.931991652374E-04,1.935271349333E-04,
    1.938551046293E-04,1.941830743252E-04,1.945110440212E-04,
    1.948390137171E-04,1.951669834131E-04,1.95494953109E-04,
    1.95822922805E-04,1.961508925009E-04,1.964788621969E-04,
    1.968068318928E-04,1.971348015888E-04,1.974627712847E-04,
    1.977907409807E-04,1.981187106766E-04,1.984466803726E-04,
    1.987746500685E-04),.QUASI_UNIFORM_KNOTS.);
#404 = CARTESIAN_POINT('',(3.785093762383,9.350361555485E-02));
#405 = CARTESIAN_POINT('',(3.787248019815,9.348431953666E-02));
#406 = CARTESIAN_POINT('',(3.79155646136,9.344556746205E-02));
#407 = CARTESIAN_POINT('',(3.798018777525,9.338696398974E-02));
#408 = CARTESIAN_POINT('',(3.804480621869,9.332788991124E-02));
#409 = CARTESIAN_POINT('',(3.810941866892,9.32683499808E-02));
#410 = CARTESIAN_POINT('',(3.81740238402,9.320834895263E-02));
#411 = CARTESIAN_POINT('',(3.823862043527,9.314789158098E-02));
#412 = CARTESIAN_POINT('',(3.830320714682,9.308698262006E-02));
#413 = CARTESIAN_POINT('',(3.836778265838,9.302562682412E-02));
#414 = CARTESIAN_POINT('',(3.843234564533,9.296382894737E-02));
#415 = CARTESIAN_POINT('',(3.849689477589,9.290159374406E-02));
#416 = CARTESIAN_POINT('',(3.856142871214,9.28389259684E-02));
#417 = CARTESIAN_POINT('',(3.8625946111,9.277583037463E-02));
#418 = CARTESIAN_POINT('',(3.869044562528,9.271231171697E-02));
#419 = CARTESIAN_POINT('',(3.875492590462,9.264837474967E-02));
#420 = CARTESIAN_POINT('',(3.881938559654,9.258402422694E-02));
#421 = CARTESIAN_POINT('',(3.888382334743,9.251926490303E-02));
#422 = CARTESIAN_POINT('',(3.894823780352,9.245410153214E-02));
#423 = CARTESIAN_POINT('',(3.901262761194,9.238853886853E-02));
#424 = CARTESIAN_POINT('',(3.907699142164,9.232258166641E-02));
#425 = CARTESIAN_POINT('',(3.914132788458,9.225623468002E-02));
#426 = CARTESIAN_POINT('',(3.9205635656,9.218950266359E-02));
#427 = CARTESIAN_POINT('',(3.924848748404,9.214476113542E-02));
#428 = CARTESIAN_POINT('',(3.926990816987,9.212232778441E-02));
#429 = ( GEOMETRIC_REPRESENTATION_CONTEXT(2) 
PARAMETRIC_REPRESENTATION_CONTEXT() REPRESENTATION_CONTEXT('2D SPACE',''
  ) );
#430 = PCURVE('',#431,#436);
#431 = CYLINDRICAL_SURFACE('',#432,2.23704144294);
#432 = AXIS2_PLACEMENT_3D('',#433,#434,#435);
#433 = CARTESIAN_POINT('',(-2.73704144294,-0.63,2.147591539192E-15));
#434 = DIRECTION('',(-0.,-1.,3.383061121595E-15));
#435 = DIRECTION('',(0.,-3.383061121595E-15,-1.));
#436 = DEFINITIONAL_REPRESENTATION('',(#437),#463);
#437 = B_SPLINE_CURVE_WITH_KNOTS('',3,(#438,#439,#440,#441,#442,#443,
    #444,#445,#446,#447,#448,#449,#450,#451,#452,#453,#454,#455,#456,
    #457,#458,#459,#460,#461,#462),.UNSPECIFIED.,.F.,.F.,(4,1,1,1,1,1,1,
    1,1,1,1,1,1,1,1,1,1,1,1,1,1,1,4),(1.915593167576E-04,
    1.918872864536E-04,1.922152561495E-04,1.925432258455E-04,
    1.928711955414E-04,1.931991652374E-04,1.935271349333E-04,
    1.938551046293E-04,1.941830743252E-04,1.945110440212E-04,
    1.948390137171E-04,1.951669834131E-04,1.95494953109E-04,
    1.95822922805E-04,1.961508925009E-04,1.964788621969E-04,
    1.968068318928E-04,1.971348015888E-04,1.974627712847E-04,
    1.977907409807E-04,1.981187106766E-04,1.984466803726E-04,
    1.987746500685E-04),.QUASI_UNIFORM_KNOTS.);
#438 = CARTESIAN_POINT('',(1.280650299553,0.));
#439 = CARTESIAN_POINT('',(1.280680449581,8.617030191731E-05));
#440 = CARTESIAN_POINT('',(1.28074100888,2.580882090395E-04));
#441 = CARTESIAN_POINT('',(1.280832618796,5.146828794427E-04));
#442 = CARTESIAN_POINT('',(1.280924992924,7.699812594227E-04));
#443 = CARTESIAN_POINT('',(1.281018124509,1.023969248837E-03));
#444 = CARTESIAN_POINT('',(1.281112006793,1.276632747541E-03));
#445 = CARTESIAN_POINT('',(1.281206633021,1.527957655393E-03));
#446 = CARTESIAN_POINT('',(1.281301996436,1.777929872248E-03));
#447 = CARTESIAN_POINT('',(1.281398090282,2.026535297965E-03));
#448 = CARTESIAN_POINT('',(1.281494907803,2.2737598324E-03));
#449 = CARTESIAN_POINT('',(1.281592442244,2.519589375409E-03));
#450 = CARTESIAN_POINT('',(1.281690686848,2.764009826849E-03));
#451 = CARTESIAN_POINT('',(1.281789634858,3.007007086578E-03));
#452 = CARTESIAN_POINT('',(1.281889279521,3.24856705445E-03));
#453 = CARTESIAN_POINT('',(1.281989614078,3.488675630326E-03));
#454 = CARTESIAN_POINT('',(1.282090631775,3.727318714059E-03));
#455 = CARTESIAN_POINT('',(1.282192325856,3.964482205508E-03));
#456 = CARTESIAN_POINT('',(1.282294689564,4.20015200453E-03));
#457 = CARTESIAN_POINT('',(1.282397716145,4.43431401098E-03));
#458 = CARTESIAN_POINT('',(1.282501398843,4.666954124716E-03));
#459 = CARTESIAN_POINT('',(1.282605730901,4.898058245594E-03));
#460 = CARTESIAN_POINT('',(1.282710705565,5.127612273473E-03));
#461 = CARTESIAN_POINT('',(1.282781112574,5.279605496629E-03));
#462 = CARTESIAN_POINT('',(1.282816420928,5.355339059326E-03));
#463 = ( GEOMETRIC_REPRESENTATION_CONTEXT(2) 
PARAMETRIC_REPRESENTATION_CONTEXT() REPRESENTATION_CONTEXT('2D SPACE',''
  ) );
#464 = ORIENTED_EDGE('',*,*,#465,.T.);
#465 = EDGE_CURVE('',#393,#466,#468,.T.);
#466 = VERTEX_POINT('',#467);
#467 = CARTESIAN_POINT('',(-0.593503615555,-0.64,-0.63));
#468 = SURFACE_CURVE('',#469,(#474,#503),.PCURVE_S1.);
#469 = B_SPLINE_CURVE_WITH_KNOTS('',3,(#470,#471,#472,#473),
  .UNSPECIFIED.,.F.,.F.,(4,4),(4.035621895953E-05,4.751327345034E-05),
  .PIECEWISE_BEZIER_KNOTS.);
#470 = CARTESIAN_POINT('',(-0.592122327784,-0.635355339059,
    -0.635355339059));
#471 = CARTESIAN_POINT('',(-0.592615861507,-0.637021477439,
    -0.63368920068));
#472 = CARTESIAN_POINT('',(-0.593079103155,-0.638578190019,
    -0.631895746643));
#473 = CARTESIAN_POINT('',(-0.593503615555,-0.64,-0.63));
#474 = PCURVE('',#301,#475);
#475 = DEFINITIONAL_REPRESENTATION('',(#476),#502);
#476 = B_SPLINE_CURVE_WITH_KNOTS('',3,(#477,#478,#479,#480,#481,#482,
    #483,#484,#485,#486,#487,#488,#489,#490,#491,#492,#493,#494,#495,
    #496,#497,#498,#499,#500,#501),.UNSPECIFIED.,.F.,.F.,(4,1,1,1,1,1,1,
    1,1,1,1,1,1,1,1,1,1,1,1,1,1,1,4),(4.035621895953E-05,
    4.068153961821E-05,4.100686027688E-05,4.133218093555E-05,
    4.165750159423E-05,4.19828222529E-05,4.230814291157E-05,
    4.263346357025E-05,4.295878422892E-05,4.328410488759E-05,
    4.360942554627E-05,4.393474620494E-05,4.426006686361E-05,
    4.458538752229E-05,4.491070818096E-05,4.523602883963E-05,
    4.55613494983E-05,4.588667015698E-05,4.621199081565E-05,
    4.653731147432E-05,4.6862632133E-05,4.718795279167E-05,
    4.751327345034E-05),.QUASI_UNIFORM_KNOTS.);
#477 = CARTESIAN_POINT('',(3.926990816987,9.212232778441E-02));
#478 = CARTESIAN_POINT('',(3.92913288557,9.214476113542E-02));
#479 = CARTESIAN_POINT('',(3.933418068375,9.218950266359E-02));
#480 = CARTESIAN_POINT('',(3.939848845516,9.225623468002E-02));
#481 = CARTESIAN_POINT('',(3.94628249181,9.232258166641E-02));
#482 = CARTESIAN_POINT('',(3.95271887278,9.238853886853E-02));
#483 = CARTESIAN_POINT('',(3.959157853622,9.245410153215E-02));
#484 = CARTESIAN_POINT('',(3.965599299231,9.251926490303E-02));
#485 = CARTESIAN_POINT('',(3.97204307432,9.258402422695E-02));
#486 = CARTESIAN_POINT('',(3.978489043511,9.264837474967E-02));
#487 = CARTESIAN_POINT('',(3.984937071446,9.271231171698E-02));
#488 = CARTESIAN_POINT('',(3.991387022873,9.277583037463E-02));
#489 = CARTESIAN_POINT('',(3.99783876276,9.28389259684E-02));
#490 = CARTESIAN_POINT('',(4.004292156385,9.290159374406E-02));
#491 = CARTESIAN_POINT('',(4.01074706944,9.296382894738E-02));
#492 = CARTESIAN_POINT('',(4.017203368135,9.302562682413E-02));
#493 = CARTESIAN_POINT('',(4.023660919291,9.308698262008E-02));
#494 = CARTESIAN_POINT('',(4.030119590447,9.314789158099E-02));
#495 = CARTESIAN_POINT('',(4.036579249954,9.320834895264E-02));
#496 = CARTESIAN_POINT('',(4.043039767082,9.326834998081E-02));
#497 = CARTESIAN_POINT('',(4.049501012105,9.332788991125E-02));
#498 = CARTESIAN_POINT('',(4.055962856449,9.338696398974E-02));
#499 = CARTESIAN_POINT('',(4.062425172615,9.344556746206E-02));
#500 = CARTESIAN_POINT('',(4.066733614159,9.348431953666E-02));
#501 = CARTESIAN_POINT('',(4.068887871591,9.350361555485E-02));
#502 = ( GEOMETRIC_REPRESENTATION_CONTEXT(2) 
PARAMETRIC_REPRESENTATION_CONTEXT() REPRESENTATION_CONTEXT('2D SPACE',''
  ) );
#503 = PCURVE('',#504,#509);
#504 = CYLINDRICAL_SURFACE('',#505,2.23704144294);
#505 = AXIS2_PLACEMENT_3D('',#506,#507,#508);
#506 = CARTESIAN_POINT('',(-2.73704144294,5.20417042793E-17,-0.63));
#507 = DIRECTION('',(-0.,1.084202172486E-16,-1.));
#508 = DIRECTION('',(0.,1.,1.084202172486E-16));
#509 = DEFINITIONAL_REPRESENTATION('',(#510),#536);
#510 = B_SPLINE_CURVE_WITH_KNOTS('',3,(#511,#512,#513,#514,#515,#516,
    #517,#518,#519,#520,#521,#522,#523,#524,#525,#526,#527,#528,#529,
    #530,#531,#532,#533,#534,#535),.UNSPECIFIED.,.F.,.F.,(4,1,1,1,1,1,1,
    1,1,1,1,1,1,1,1,1,1,1,1,1,1,1,4),(4.035621895953E-05,
    4.068153961821E-05,4.100686027688E-05,4.133218093555E-05,
    4.165750159423E-05,4.19828222529E-05,4.230814291157E-05,
    4.263346357025E-05,4.295878422892E-05,4.328410488759E-05,
    4.360942554627E-05,4.393474620494E-05,4.426006686361E-05,
    4.458538752229E-05,4.491070818096E-05,4.523602883963E-05,
    4.55613494983E-05,4.588667015698E-05,4.621199081565E-05,
    4.653731147432E-05,4.6862632133E-05,4.718795279167E-05,
    4.751327345034E-05),.QUASI_UNIFORM_KNOTS.);
#511 = CARTESIAN_POINT('',(1.858776232662,5.355339059325E-03));
#512 = CARTESIAN_POINT('',(1.858811541016,5.279605496629E-03));
#513 = CARTESIAN_POINT('',(1.858881948025,5.127612273477E-03));
#514 = CARTESIAN_POINT('',(1.858986922689,4.898058245611E-03));
#515 = CARTESIAN_POINT('',(1.859091254747,4.666954124748E-03));
#516 = CARTESIAN_POINT('',(1.859194937445,4.43431401103E-03));
#517 = CARTESIAN_POINT('',(1.859297964026,4.200152004602E-03));
#518 = CARTESIAN_POINT('',(1.859400327734,3.964482205603E-03));
#519 = CARTESIAN_POINT('',(1.859502021815,3.727318714178E-03));
#520 = CARTESIAN_POINT('',(1.859603039512,3.488675630468E-03));
#521 = CARTESIAN_POINT('',(1.859703374069,3.248567054616E-03));
#522 = CARTESIAN_POINT('',(1.859803018731,3.007007086763E-03));
#523 = CARTESIAN_POINT('',(1.859901966742,2.764009827053E-03));
#524 = CARTESIAN_POINT('',(1.860000211346,2.519589375628E-03));
#525 = CARTESIAN_POINT('',(1.860097745787,2.27375983263E-03));
#526 = CARTESIAN_POINT('',(1.860194563308,2.026535298202E-03));
#527 = CARTESIAN_POINT('',(1.860290657154,1.777929872485E-03));
#528 = CARTESIAN_POINT('',(1.860386020569,1.527957655623E-03));
#529 = CARTESIAN_POINT('',(1.860480646797,1.276632747757E-03));
#530 = CARTESIAN_POINT('',(1.860574529081,1.02396924903E-03));
#531 = CARTESIAN_POINT('',(1.860667660665,7.699812595839E-04));
#532 = CARTESIAN_POINT('',(1.860760034794,5.146828795622E-04));
#533 = CARTESIAN_POINT('',(1.86085164471,2.580882091059E-04));
#534 = CARTESIAN_POINT('',(1.860912204008,8.617030194076E-05));
#535 = CARTESIAN_POINT('',(1.860942354037,0.));
#536 = ( GEOMETRIC_REPRESENTATION_CONTEXT(2) 
PARAMETRIC_REPRESENTATION_CONTEXT() REPRESENTATION_CONTEXT('2D SPACE',''
  ) );
#537 = ORIENTED_EDGE('',*,*,#538,.T.);
#538 = EDGE_CURVE('',#466,#539,#541,.T.);
#539 = VERTEX_POINT('',#540);
#540 = CARTESIAN_POINT('',(-0.590543267439,-0.64,-0.63));
#541 = SURFACE_CURVE('',#542,(#546,#553),.PCURVE_S1.);
#542 = LINE('',#543,#544);
#543 = CARTESIAN_POINT('',(-0.5,-0.64,-0.63));
#544 = VECTOR('',#545,1.);
#545 = DIRECTION('',(1.,-0.,-0.));
#546 = PCURVE('',#301,#547);
#547 = DEFINITIONAL_REPRESENTATION('',(#548),#552);
#548 = LINE('',#549,#550);
#549 = CARTESIAN_POINT('',(4.068887871591,0.));
#550 = VECTOR('',#551,1.);
#551 = DIRECTION('',(0.,-1.));
#552 = ( GEOMETRIC_REPRESENTATION_CONTEXT(2) 
PARAMETRIC_REPRESENTATION_CONTEXT() REPRESENTATION_CONTEXT('2D SPACE',''
  ) );
#553 = PCURVE('',#554,#559);
#554 = PLANE('',#555);
#555 = AXIS2_PLACEMENT_3D('',#556,#557,#558);
#556 = CARTESIAN_POINT('',(-0.9,0.63,-0.63));
#557 = DIRECTION('',(0.,1.720955829342E-16,-1.));
#558 = DIRECTION('',(0.,1.,1.720955829342E-16));
#559 = DEFINITIONAL_REPRESENTATION('',(#560),#564);
#560 = LINE('',#561,#562);
#561 = CARTESIAN_POINT('',(-1.27,0.4));
#562 = VECTOR('',#563,1.);
#563 = DIRECTION('',(0.,1.));
#564 = ( GEOMETRIC_REPRESENTATION_CONTEXT(2) 
PARAMETRIC_REPRESENTATION_CONTEXT() REPRESENTATION_CONTEXT('2D SPACE',''
  ) );
#565 = ORIENTED_EDGE('',*,*,#566,.T.);
#566 = EDGE_CURVE('',#539,#567,#569,.T.);
#567 = VERTEX_POINT('',#568);
#568 = CARTESIAN_POINT('',(-0.581965013337,-0.65,-0.6));
#569 = SURFACE_CURVE('',#570,(#581,#610),.PCURVE_S1.);
#570 = B_SPLINE_CURVE_WITH_KNOTS('',3,(#571,#572,#573,#574,#575,#576,
    #577,#578,#579,#580),.UNSPECIFIED.,.F.,.F.,(4,3,3,4),(
    2.059791211573E-04,2.203700780648E-04,2.380562398938E-04,
    2.391290902144E-04),.UNSPECIFIED.);
#571 = CARTESIAN_POINT('',(-0.590543267439,-0.64,-0.63));
#572 = CARTESIAN_POINT('',(-0.589445715513,-0.642804634769,
    -0.626260486974));
#573 = CARTESIAN_POINT('',(-0.588237524698,-0.645086660552,
    -0.622106483002));
#574 = CARTESIAN_POINT('',(-0.586992131739,-0.64673491408,
    -0.617772107526));
#575 = CARTESIAN_POINT('',(-0.585463057806,-0.648758613899,
    -0.612450429327));
#576 = CARTESIAN_POINT('',(-0.58384006978,-0.649870280671,
    -0.606723168861));
#577 = CARTESIAN_POINT('',(-0.582256468463,-0.649989060478,
    -0.601045864472));
#578 = CARTESIAN_POINT('',(-0.582159246962,-0.649996352687,
    -0.600697319642));
#579 = CARTESIAN_POINT('',(-0.582062085371,-0.65,-0.600348662753));
#580 = CARTESIAN_POINT('',(-0.581965013337,-0.65,-0.6));
#581 = PCURVE('',#301,#582);
#582 = DEFINITIONAL_REPRESENTATION('',(#583),#609);
#583 = B_SPLINE_CURVE_WITH_KNOTS('',3,(#584,#585,#586,#587,#588,#589,
    #590,#591,#592,#593,#594,#595,#596,#597,#598,#599,#600,#601,#602,
    #603,#604,#605,#606,#607,#608),.UNSPECIFIED.,.F.,.F.,(4,1,1,1,1,1,1,
    1,1,1,1,1,1,1,1,1,1,1,1,1,1,1,4),(2.059791211573E-04,
    2.074859379327E-04,2.08992754708E-04,2.104995714833E-04,
    2.120063882586E-04,2.135132050339E-04,2.150200218093E-04,
    2.165268385846E-04,2.180336553599E-04,2.195404721352E-04,
    2.210472889105E-04,2.225541056859E-04,2.240609224612E-04,
    2.255677392365E-04,2.270745560118E-04,2.285813727871E-04,
    2.300881895625E-04,2.315950063378E-04,2.331018231131E-04,
    2.346086398884E-04,2.361154566637E-04,2.376222734391E-04,
    2.391290902144E-04),.QUASI_UNIFORM_KNOTS.);
#584 = CARTESIAN_POINT('',(4.068887871591,9.054326743856E-02));
#585 = CARTESIAN_POINT('',(4.078676527119,9.042834737701E-02));
#586 = CARTESIAN_POINT('',(4.098261986994,9.019608131597E-02));
#587 = CARTESIAN_POINT('',(4.127654979078,8.984091022544E-02));
#588 = CARTESIAN_POINT('',(4.157053390599,8.947947288281E-02));
#589 = CARTESIAN_POINT('',(4.186446923971,8.91122752729E-02));
#590 = CARTESIAN_POINT('',(4.215824980642,8.873982249677E-02));
#591 = CARTESIAN_POINT('',(4.245176431203,8.836262295253E-02));
#592 = CARTESIAN_POINT('',(4.274490985731,8.798117273389E-02));
#593 = CARTESIAN_POINT('',(4.303755014148,8.759601385505E-02));
#594 = CARTESIAN_POINT('',(4.332967965049,8.720751695269E-02));
#595 = CARTESIAN_POINT('',(4.362081930782,8.681669225306E-02));
#596 = CARTESIAN_POINT('',(4.391226106436,8.642219056722E-02));
#597 = CARTESIAN_POINT('',(4.420410581668,8.602426452885E-02));
#598 = CARTESIAN_POINT('',(4.449621603839,8.562347362161E-02));
#599 = CARTESIAN_POINT('',(4.478851014034,8.522029494864E-02));
#600 = CARTESIAN_POINT('',(4.508088511501,8.481522828519E-02));
#601 = CARTESIAN_POINT('',(4.537324139379,8.440876509849E-02));
#602 = CARTESIAN_POINT('',(4.566547075293,8.400140741587E-02));
#603 = CARTESIAN_POINT('',(4.595748992437,8.359362333221E-02));
#604 = CARTESIAN_POINT('',(4.624912837338,8.318600611205E-02));
#605 = CARTESIAN_POINT('',(4.654055366108,8.27786822738E-02));
#606 = CARTESIAN_POINT('',(4.683069218052,8.237352015074E-02));
#607 = CARTESIAN_POINT('',(4.702565114083,8.210176509209E-02));
#608 = CARTESIAN_POINT('',(4.712388980385,8.196501333686E-02));
#609 = ( GEOMETRIC_REPRESENTATION_CONTEXT(2) 
PARAMETRIC_REPRESENTATION_CONTEXT() REPRESENTATION_CONTEXT('2D SPACE',''
  ) );
#610 = PCURVE('',#611,#616);
#611 = CYLINDRICAL_SURFACE('',#612,2.23704144294);
#612 = AXIS2_PLACEMENT_3D('',#613,#614,#615);
#613 = CARTESIAN_POINT('',(-2.73704144294,-0.63,2.147591539192E-15));
#614 = DIRECTION('',(-0.,-1.,3.383061121595E-15));
#615 = DIRECTION('',(0.,-3.383061121595E-15,-1.));
#616 = DEFINITIONAL_REPRESENTATION('',(#617),#643);
#617 = B_SPLINE_CURVE_WITH_KNOTS('',3,(#618,#619,#620,#621,#622,#623,
    #624,#625,#626,#627,#628,#629,#630,#631,#632,#633,#634,#635,#636,
    #637,#638,#639,#640,#641,#642),.UNSPECIFIED.,.F.,.F.,(4,1,1,1,1,1,1,
    1,1,1,1,1,1,1,1,1,1,1,1,1,1,1,4),(2.059791211573E-04,
    2.074859379327E-04,2.08992754708E-04,2.104995714833E-04,
    2.120063882586E-04,2.135132050339E-04,2.150200218093E-04,
    2.165268385846E-04,2.180336553599E-04,2.195404721352E-04,
    2.210472889105E-04,2.225541056859E-04,2.240609224612E-04,
    2.255677392365E-04,2.270745560118E-04,2.285813727871E-04,
    2.300881895625E-04,2.315950063378E-04,2.331018231131E-04,
    2.346086398884E-04,2.361154566637E-04,2.376222734391E-04,
    2.391290902144E-04),.QUASI_UNIFORM_KNOTS.);
#618 = CARTESIAN_POINT('',(1.285312256647,9.999999999998E-03));
#619 = CARTESIAN_POINT('',(1.285494669444,1.029366155052E-02));
#620 = CARTESIAN_POINT('',(1.285863698684,1.086952560933E-02));
#621 = CARTESIAN_POINT('',(1.286429098333,1.16981789075E-02));
#622 = CARTESIAN_POINT('',(1.287005598726,1.249092384372E-02));
#623 = CARTESIAN_POINT('',(1.287592444451,1.324699452615E-02));
#624 = CARTESIAN_POINT('',(1.288188881539,1.396562625134E-02));
#625 = CARTESIAN_POINT('',(1.288794150698,1.464604988209E-02));
#626 = CARTESIAN_POINT('',(1.289407512586,1.528751282785E-02));
#627 = CARTESIAN_POINT('',(1.290028153495,1.588920074525E-02));
#628 = CARTESIAN_POINT('',(1.290655537369,1.645052975557E-02));
#629 = CARTESIAN_POINT('',(1.291288092064,1.697005587422E-02));
#630 = CARTESIAN_POINT('',(1.291928084198,1.744942494914E-02));
#631 = CARTESIAN_POINT('',(1.292575110726,1.788871943128E-02));
#632 = CARTESIAN_POINT('',(1.293228281744,1.82875368303E-02));
#633 = CARTESIAN_POINT('',(1.293886838063,1.864560460847E-02));
#634 = CARTESIAN_POINT('',(1.294549984476,1.89626153589E-02));
#635 = CARTESIAN_POINT('',(1.29521693914,1.923827119872E-02));
#636 = CARTESIAN_POINT('',(1.295886902801,1.947227101812E-02));
#637 = CARTESIAN_POINT('',(1.29655913252,1.966431709104E-02));
#638 = CARTESIAN_POINT('',(1.297232677582,1.981410138342E-02));
#639 = CARTESIAN_POINT('',(1.297907362143,1.992135370939E-02));
#640 = CARTESIAN_POINT('',(1.298580118766,1.998566279831E-02));
#641 = CARTESIAN_POINT('',(1.299032487349,1.999998351305E-02));
#642 = CARTESIAN_POINT('',(1.29926041116,2.E-02));
#643 = ( GEOMETRIC_REPRESENTATION_CONTEXT(2) 
PARAMETRIC_REPRESENTATION_CONTEXT() REPRESENTATION_CONTEXT('2D SPACE',''
  ) );
#644 = ORIENTED_EDGE('',*,*,#645,.F.);
#645 = EDGE_CURVE('',#646,#567,#648,.T.);
#646 = VERTEX_POINT('',#647);
#647 = CARTESIAN_POINT('',(-0.95,-0.65,-0.6));
#648 = SURFACE_CURVE('',#649,(#653,#660),.PCURVE_S1.);
#649 = LINE('',#650,#651);
#650 = CARTESIAN_POINT('',(-0.5,-0.65,-0.6));
#651 = VECTOR('',#652,1.);
#652 = DIRECTION('',(1.,-0.,-0.));
#653 = PCURVE('',#301,#654);
#654 = DEFINITIONAL_REPRESENTATION('',(#655),#659);
#655 = LINE('',#656,#657);
#656 = CARTESIAN_POINT('',(4.712388980385,0.));
#657 = VECTOR('',#658,1.);
#658 = DIRECTION('',(0.,-1.));
#659 = ( GEOMETRIC_REPRESENTATION_CONTEXT(2) 
PARAMETRIC_REPRESENTATION_CONTEXT() REPRESENTATION_CONTEXT('2D SPACE',''
  ) );
#660 = PCURVE('',#661,#666);
#661 = PLANE('',#662);
#662 = AXIS2_PLACEMENT_3D('',#663,#664,#665);
#663 = CARTESIAN_POINT('',(-0.5,-0.65,0.65));
#664 = DIRECTION('',(0.,1.,0.));
#665 = DIRECTION('',(0.,-0.,1.));
#666 = DEFINITIONAL_REPRESENTATION('',(#667),#671);
#667 = LINE('',#668,#669);
#668 = CARTESIAN_POINT('',(-1.25,0.));
#669 = VECTOR('',#670,1.);
#670 = DIRECTION('',(0.,1.));
#671 = ( GEOMETRIC_REPRESENTATION_CONTEXT(2) 
PARAMETRIC_REPRESENTATION_CONTEXT() REPRESENTATION_CONTEXT('2D SPACE',''
  ) );
#672 = ORIENTED_EDGE('',*,*,#673,.F.);
#673 = EDGE_CURVE('',#674,#646,#676,.T.);
#674 = VERTEX_POINT('',#675);
#675 = CARTESIAN_POINT('',(-0.95,-0.6,-0.65));
#676 = SURFACE_CURVE('',#677,(#682,#689),.PCURVE_S1.);
#677 = CIRCLE('',#678,5.E-02);
#678 = AXIS2_PLACEMENT_3D('',#679,#680,#681);
#679 = CARTESIAN_POINT('',(-0.95,-0.6,-0.6));
#680 = DIRECTION('',(-1.,0.,-0.));
#681 = DIRECTION('',(-0.,0.,1.));
#682 = PCURVE('',#301,#683);
#683 = DEFINITIONAL_REPRESENTATION('',(#684),#688);
#684 = LINE('',#685,#686);
#685 = CARTESIAN_POINT('',(0.,0.45));
#686 = VECTOR('',#687,1.);
#687 = DIRECTION('',(1.,0.));
#688 = ( GEOMETRIC_REPRESENTATION_CONTEXT(2) 
PARAMETRIC_REPRESENTATION_CONTEXT() REPRESENTATION_CONTEXT('2D SPACE',''
  ) );
#689 = PCURVE('',#690,#695);
#690 = SPHERICAL_SURFACE('',#691,5.E-02);
#691 = AXIS2_PLACEMENT_3D('',#692,#693,#694);
#692 = CARTESIAN_POINT('',(-0.95,-0.6,-0.6));
#693 = DIRECTION('',(0.,1.,0.));
#694 = DIRECTION('',(1.,0.,0.));
#695 = DEFINITIONAL_REPRESENTATION('',(#696),#722);
#696 = B_SPLINE_CURVE_WITH_KNOTS('',3,(#697,#698,#699,#700,#701,#702,
    #703,#704,#705,#706,#707,#708,#709,#710,#711,#712,#713,#714,#715,
    #716,#717,#718,#719,#720,#721),.UNSPECIFIED.,.F.,.F.,(4,1,1,1,1,1,1,
    1,1,1,1,1,1,1,1,1,1,1,1,1,1,1,4),(3.14159265359,3.212992486626,
    3.284392319662,3.355792152698,3.427191985734,3.49859181877,
    3.569991651807,3.641391484843,3.712791317879,3.784191150915,
    3.855590983951,3.926990816987,3.998390650023,4.06979048306,
    4.141190316096,4.212590149132,4.283989982168,4.355389815204,
    4.42678964824,4.498189481276,4.569589314312,4.640989147349,
    4.712388980385),.QUASI_UNIFORM_KNOTS.);
#697 = CARTESIAN_POINT('',(1.570796326795,2.22044604925E-15));
#698 = CARTESIAN_POINT('',(1.570796326795,-2.379994434538E-02));
#699 = CARTESIAN_POINT('',(1.570796326795,-7.139983303613E-02));
#700 = CARTESIAN_POINT('',(1.570796326795,-0.142799666072));
#701 = CARTESIAN_POINT('',(1.570796326795,-0.214199499108));
#702 = CARTESIAN_POINT('',(1.570796326795,-0.285599332145));
#703 = CARTESIAN_POINT('',(1.570796326795,-0.356999165181));
#704 = CARTESIAN_POINT('',(1.570796326795,-0.428398998217));
#705 = CARTESIAN_POINT('',(1.570796326795,-0.499798831253));
#706 = CARTESIAN_POINT('',(1.570796326795,-0.571198664289));
#707 = CARTESIAN_POINT('',(1.570796326795,-0.642598497325));
#708 = CARTESIAN_POINT('',(1.570796326795,-0.713998330361));
#709 = CARTESIAN_POINT('',(1.570796326795,-0.785398163397));
#710 = CARTESIAN_POINT('',(1.570796326795,-0.856797996434));
#711 = CARTESIAN_POINT('',(1.570796326795,-0.92819782947));
#712 = CARTESIAN_POINT('',(1.570796326795,-0.999597662506));
#713 = CARTESIAN_POINT('',(1.570796326795,-1.070997495542));
#714 = CARTESIAN_POINT('',(1.570796326795,-1.142397328578));
#715 = CARTESIAN_POINT('',(1.570796326795,-1.213797161614));
#716 = CARTESIAN_POINT('',(1.570796326795,-1.28519699465));
#717 = CARTESIAN_POINT('',(1.570796326795,-1.356596827686));
#718 = CARTESIAN_POINT('',(1.570796326795,-1.427996660723));
#719 = CARTESIAN_POINT('',(1.570796326795,-1.499396493759));
#720 = CARTESIAN_POINT('',(1.570796326795,-1.54699638245));
#721 = CARTESIAN_POINT('',(1.570796326795,-1.570796326795));
#722 = ( GEOMETRIC_REPRESENTATION_CONTEXT(2) 
PARAMETRIC_REPRESENTATION_CONTEXT() REPRESENTATION_CONTEXT('2D SPACE',''
  ) );
#723 = ORIENTED_EDGE('',*,*,#724,.F.);
#724 = EDGE_CURVE('',#287,#674,#725,.T.);
#725 = SURFACE_CURVE('',#726,(#730,#737),.PCURVE_S1.);
#726 = LINE('',#727,#728);
#727 = CARTESIAN_POINT('',(-0.5,-0.6,-0.65));
#728 = VECTOR('',#729,1.);
#729 = DIRECTION('',(-1.,0.,0.));
#730 = PCURVE('',#301,#731);
#731 = DEFINITIONAL_REPRESENTATION('',(#732),#736);
#732 = LINE('',#733,#734);
#733 = CARTESIAN_POINT('',(3.14159265359,0.));
#734 = VECTOR('',#735,1.);
#735 = DIRECTION('',(0.,1.));
#736 = ( GEOMETRIC_REPRESENTATION_CONTEXT(2) 
PARAMETRIC_REPRESENTATION_CONTEXT() REPRESENTATION_CONTEXT('2D SPACE',''
  ) );
#737 = PCURVE('',#738,#743);
#738 = PLANE('',#739);
#739 = AXIS2_PLACEMENT_3D('',#740,#741,#742);
#740 = CARTESIAN_POINT('',(-0.5,0.65,-0.65));
#741 = DIRECTION('',(0.,-8.340016711427E-17,1.));
#742 = DIRECTION('',(0.,-1.,-8.340016711427E-17));
#743 = DEFINITIONAL_REPRESENTATION('',(#744),#748);
#744 = LINE('',#745,#746);
#745 = CARTESIAN_POINT('',(1.25,0.));
#746 = VECTOR('',#747,1.);
#747 = DIRECTION('',(-0.,-1.));
#748 = ( GEOMETRIC_REPRESENTATION_CONTEXT(2) 
PARAMETRIC_REPRESENTATION_CONTEXT() REPRESENTATION_CONTEXT('2D SPACE',''
  ) );
#749 = ADVANCED_FACE('',(#750),#768,.T.);
#750 = FACE_BOUND('',#751,.T.);
#751 = EDGE_LOOP('',(#752,#835,#863,#937,#960,#1011,#1039,#1113,#1141));
#752 = ORIENTED_EDGE('',*,*,#753,.T.);
#753 = EDGE_CURVE('',#754,#756,#758,.T.);
#754 = VERTEX_POINT('',#755);
#755 = CARTESIAN_POINT('',(-0.592122327784,0.635355339059,
    -0.635355339059));
#756 = VERTEX_POINT('',#757);
#757 = CARTESIAN_POINT('',(-0.593503615555,0.63,-0.64));
#758 = SURFACE_CURVE('',#759,(#767,#801),.PCURVE_S1.);
#759 = B_SPLINE_CURVE_WITH_KNOTS('',3,(#760,#761,#762,#763,#764,#765,
    #766),.UNSPECIFIED.,.F.,.F.,(4,3,4),(1.19960326781E-04,
    1.201775598092E-04,1.271503097543E-04),.UNSPECIFIED.);
#760 = CARTESIAN_POINT('',(-0.592122327784,0.635355339059,
    -0.635355339059));
#761 = CARTESIAN_POINT('',(-0.592137376161,0.635304536699,
    -0.635406141419));
#762 = CARTESIAN_POINT('',(-0.592152395381,0.635253620401,
    -0.635456838722));
#763 = CARTESIAN_POINT('',(-0.592167385198,0.635202590807,
    -0.635507430215));
#764 = CARTESIAN_POINT('',(-0.592644045125,0.633579905066,
    -0.637116184828));
#765 = CARTESIAN_POINT('',(-0.593092015419,0.631838084295,
    -0.638621436778));
#766 = CARTESIAN_POINT('',(-0.593503615555,0.63,-0.64));
#767 = PCURVE('',#768,#773);
#768 = CYLINDRICAL_SURFACE('',#769,5.E-02);
#769 = AXIS2_PLACEMENT_3D('',#770,#771,#772);
#770 = CARTESIAN_POINT('',(-0.5,0.6,-0.6));
#771 = DIRECTION('',(-1.,0.,0.));
#772 = DIRECTION('',(0.,0.,1.));
#773 = DEFINITIONAL_REPRESENTATION('',(#774),#800);
#774 = B_SPLINE_CURVE_WITH_KNOTS('',3,(#775,#776,#777,#778,#779,#780,
    #781,#782,#783,#784,#785,#786,#787,#788,#789,#790,#791,#792,#793,
    #794,#795,#796,#797,#798,#799),.UNSPECIFIED.,.F.,.F.,(4,1,1,1,1,1,1,
    1,1,1,1,1,1,1,1,1,1,1,1,1,1,1,4),(1.19960326781E-04,
    1.202871441889E-04,1.206139615968E-04,1.209407790047E-04,
    1.212675964125E-04,1.215944138204E-04,1.219212312283E-04,
    1.222480486362E-04,1.225748660441E-04,1.229016834519E-04,
    1.232285008598E-04,1.235553182677E-04,1.238821356756E-04,
    1.242089530834E-04,1.245357704913E-04,1.248625878992E-04,
    1.251894053071E-04,1.25516222715E-04,1.258430401228E-04,
    1.261698575307E-04,1.264966749386E-04,1.268234923465E-04,
    1.271503097543E-04),.QUASI_UNIFORM_KNOTS.);
#775 = CARTESIAN_POINT('',(2.356194490192,9.212232778441E-02));
#776 = CARTESIAN_POINT('',(2.358360530409,9.214501151746E-02));
#777 = CARTESIAN_POINT('',(2.362667229884,9.218997736738E-02));
#778 = CARTESIAN_POINT('',(2.369086467609,9.225658756058E-02));
#779 = CARTESIAN_POINT('',(2.375520371974,9.232293619778E-02));
#780 = CARTESIAN_POINT('',(2.381953907515,9.238886264888E-02));
#781 = CARTESIAN_POINT('',(2.388390932271,9.245440393803E-02));
#782 = CARTESIAN_POINT('',(2.394830241352,9.251954412809E-02));
#783 = CARTESIAN_POINT('',(2.40127198617,9.258428147287E-02));
#784 = CARTESIAN_POINT('',(2.40771595454,9.26486104237E-02));
#785 = CARTESIAN_POINT('',(2.41416203165,9.27125264508E-02));
#786 = CARTESIAN_POINT('',(2.420610076672,9.277602475138E-02));
#787 = CARTESIAN_POINT('',(2.427059955951,9.283910059579E-02));
#788 = CARTESIAN_POINT('',(2.433511534238,9.290174923478E-02));
#789 = CARTESIAN_POINT('',(2.439964677167,9.296396592438E-02));
#790 = CARTESIAN_POINT('',(2.44641925072,9.302574591917E-02));
#791 = CARTESIAN_POINT('',(2.452875121493,9.308708447414E-02));
#792 = CARTESIAN_POINT('',(2.459332156759,9.314797684417E-02));
#793 = CARTESIAN_POINT('',(2.46579022457,9.320841828416E-02));
#794 = CARTESIAN_POINT('',(2.472249193864,9.326840404901E-02));
#795 = CARTESIAN_POINT('',(2.47870893455,9.332792939361E-02));
#796 = CARTESIAN_POINT('',(2.485169317654,9.338698957287E-02));
#797 = CARTESIAN_POINT('',(2.491630215246,9.344557984169E-02));
#798 = CARTESIAN_POINT('',(2.495937739203,9.348432358387E-02));
#799 = CARTESIAN_POINT('',(2.498091544797,9.350361555485E-02));
#800 = ( GEOMETRIC_REPRESENTATION_CONTEXT(2) 
PARAMETRIC_REPRESENTATION_CONTEXT() REPRESENTATION_CONTEXT('2D SPACE',''
  ) );
#801 = PCURVE('',#802,#807);
#802 = CYLINDRICAL_SURFACE('',#803,2.23704144294);
#803 = AXIS2_PLACEMENT_3D('',#804,#805,#806);
#804 = CARTESIAN_POINT('',(-2.73704144294,0.63,-6.546858026134E-15));
#805 = DIRECTION('',(-0.,1.,-1.036602379928E-14));
#806 = DIRECTION('',(0.,1.036602379928E-14,1.));
#807 = DEFINITIONAL_REPRESENTATION('',(#808),#834);
#808 = B_SPLINE_CURVE_WITH_KNOTS('',3,(#809,#810,#811,#812,#813,#814,
    #815,#816,#817,#818,#819,#820,#821,#822,#823,#824,#825,#826,#827,
    #828,#829,#830,#831,#832,#833),.UNSPECIFIED.,.F.,.F.,(4,1,1,1,1,1,1,
    1,1,1,1,1,1,1,1,1,1,1,1,1,1,1,4),(1.19960326781E-04,
    1.202871441889E-04,1.206139615968E-04,1.209407790047E-04,
    1.212675964125E-04,1.215944138204E-04,1.219212312283E-04,
    1.222480486362E-04,1.225748660441E-04,1.229016834519E-04,
    1.232285008598E-04,1.235553182677E-04,1.238821356756E-04,
    1.242089530834E-04,1.245357704913E-04,1.248625878992E-04,
    1.251894053071E-04,1.25516222715E-04,1.258430401228E-04,
    1.261698575307E-04,1.264966749386E-04,1.268234923465E-04,
    1.271503097543E-04),.QUASI_UNIFORM_KNOTS.);
#809 = CARTESIAN_POINT('',(1.858776232662,5.35533905933E-03));
#810 = CARTESIAN_POINT('',(1.858811935034,5.278755578051E-03));
#811 = CARTESIAN_POINT('',(1.858882695009,5.12599797229E-03));
#812 = CARTESIAN_POINT('',(1.858987477836,4.896848429262E-03));
#813 = CARTESIAN_POINT('',(1.859091812395,4.665731435596E-03));
#814 = CARTESIAN_POINT('',(1.859195446608,4.433188565168E-03));
#815 = CARTESIAN_POINT('',(1.859298439473,4.19909262011E-03));
#816 = CARTESIAN_POINT('',(1.859400766633,3.963495599402E-03));
#817 = CARTESIAN_POINT('',(1.859502426067,3.726401486374E-03));
#818 = CARTESIAN_POINT('',(1.859603409769,3.48782713011E-03));
#819 = CARTESIAN_POINT('',(1.859703711338,3.247785932328E-03));
#820 = CARTESIAN_POINT('',(1.85980332394,3.00629221846E-03));
#821 = CARTESIAN_POINT('',(1.859902240859,2.763360066435E-03));
#822 = CARTESIAN_POINT('',(1.860000455347,2.519003620498E-03));
#823 = CARTESIAN_POINT('',(1.860097960664,2.273237007123E-03));
#824 = CARTESIAN_POINT('',(1.860194750069,2.026074357548E-03));
#825 = CARTESIAN_POINT('',(1.860290816819,1.777529801733E-03));
#826 = CARTESIAN_POINT('',(1.860386154174,1.527617469982E-03));
#827 = CARTESIAN_POINT('',(1.860480755392,1.276351492506E-03));
#828 = CARTESIAN_POINT('',(1.860574613732,1.023745999541E-03));
#829 = CARTESIAN_POINT('',(1.860667722451,7.698151213161E-04));
#830 = CARTESIAN_POINT('',(1.860760074807,5.145729880622E-04));
#831 = CARTESIAN_POINT('',(1.860851664061,2.580337300096E-04));
#832 = CARTESIAN_POINT('',(1.860912210332,8.615222826287E-05));
#833 = CARTESIAN_POINT('',(1.860942354037,1.110223024625E-16));
#834 = ( GEOMETRIC_REPRESENTATION_CONTEXT(2) 
PARAMETRIC_REPRESENTATION_CONTEXT() REPRESENTATION_CONTEXT('2D SPACE',''
  ) );
#835 = ORIENTED_EDGE('',*,*,#836,.T.);
#836 = EDGE_CURVE('',#756,#837,#839,.T.);
#837 = VERTEX_POINT('',#838);
#838 = CARTESIAN_POINT('',(-0.590543267439,0.63,-0.64));
#839 = SURFACE_CURVE('',#840,(#844,#851),.PCURVE_S1.);
#840 = LINE('',#841,#842);
#841 = CARTESIAN_POINT('',(-0.5,0.63,-0.64));
#842 = VECTOR('',#843,1.);
#843 = DIRECTION('',(1.,-0.,-0.));
#844 = PCURVE('',#768,#845);
#845 = DEFINITIONAL_REPRESENTATION('',(#846),#850);
#846 = LINE('',#847,#848);
#847 = CARTESIAN_POINT('',(2.498091544797,0.));
#848 = VECTOR('',#849,1.);
#849 = DIRECTION('',(0.,-1.));
#850 = ( GEOMETRIC_REPRESENTATION_CONTEXT(2) 
PARAMETRIC_REPRESENTATION_CONTEXT() REPRESENTATION_CONTEXT('2D SPACE',''
  ) );
#851 = PCURVE('',#852,#857);
#852 = PLANE('',#853);
#853 = AXIS2_PLACEMENT_3D('',#854,#855,#856);
#854 = CARTESIAN_POINT('',(-2.73704144294,0.63,-6.546858026134E-15));
#855 = DIRECTION('',(0.,1.,-1.036602379928E-14));
#856 = DIRECTION('',(0.,1.036602379928E-14,1.));
#857 = DEFINITIONAL_REPRESENTATION('',(#858),#862);
#858 = LINE('',#859,#860);
#859 = CARTESIAN_POINT('',(-0.64,2.23704144294));
#860 = VECTOR('',#861,1.);
#861 = DIRECTION('',(0.,1.));
#862 = ( GEOMETRIC_REPRESENTATION_CONTEXT(2) 
PARAMETRIC_REPRESENTATION_CONTEXT() REPRESENTATION_CONTEXT('2D SPACE',''
  ) );
#863 = ORIENTED_EDGE('',*,*,#864,.T.);
#864 = EDGE_CURVE('',#837,#865,#867,.T.);
#865 = VERTEX_POINT('',#866);
#866 = CARTESIAN_POINT('',(-0.581965013337,0.6,-0.65));
#867 = SURFACE_CURVE('',#868,(#879,#908),.PCURVE_S1.);
#868 = B_SPLINE_CURVE_WITH_KNOTS('',3,(#869,#870,#871,#872,#873,#874,
    #875,#876,#877,#878),.UNSPECIFIED.,.F.,.F.,(4,3,3,4),(
    1.444253290206E-05,1.742066164679E-05,3.481023981894E-05,
    4.750387195159E-05),.UNSPECIFIED.);
#869 = CARTESIAN_POINT('',(-0.590543267439,0.63,-0.64));
#870 = CARTESIAN_POINT('',(-0.590314097592,0.629219186257,
    -0.640585610307));
#871 = CARTESIAN_POINT('',(-0.590080499403,0.628421705693,
    -0.641147969948));
#872 = CARTESIAN_POINT('',(-0.589843132624,0.627609618797,
    -0.641685836323));
#873 = CARTESIAN_POINT('',(-0.588469798421,0.62291112344,-0.644797772586
    ));
#874 = CARTESIAN_POINT('',(-0.586946895763,0.61764037647,-0.647117756918
    ));
#875 = CARTESIAN_POINT('',(-0.585404121074,0.61221830468,-0.648484152367
    ));
#876 = CARTESIAN_POINT('',(-0.584270790874,0.60823522293,-0.649487913473
    ));
#877 = CARTESIAN_POINT('',(-0.583107887035,0.604104966947,
    -0.650000000001));
#878 = CARTESIAN_POINT('',(-0.581965013337,0.6,-0.65));
#879 = PCURVE('',#768,#880);
#880 = DEFINITIONAL_REPRESENTATION('',(#881),#907);
#881 = B_SPLINE_CURVE_WITH_KNOTS('',3,(#882,#883,#884,#885,#886,#887,
    #888,#889,#890,#891,#892,#893,#894,#895,#896,#897,#898,#899,#900,
    #901,#902,#903,#904,#905,#906),.UNSPECIFIED.,.F.,.F.,(4,1,1,1,1,1,1,
    1,1,1,1,1,1,1,1,1,1,1,1,1,1,1,4),(1.444253290206E-05,
    1.594532104068E-05,1.744810917929E-05,1.895089731791E-05,
    2.045368545652E-05,2.195647359514E-05,2.345926173375E-05,
    2.496204987237E-05,2.646483801098E-05,2.79676261496E-05,
    2.947041428821E-05,3.097320242682E-05,3.247599056544E-05,
    3.397877870405E-05,3.548156684267E-05,3.698435498128E-05,
    3.84871431199E-05,3.998993125851E-05,4.149271939713E-05,
    4.299550753574E-05,4.449829567436E-05,4.600108381297E-05,
    4.750387195159E-05),.QUASI_UNIFORM_KNOTS.);
#882 = CARTESIAN_POINT('',(2.498091544797,9.054326743855E-02));
#883 = CARTESIAN_POINT('',(2.507918106962,9.042791373351E-02));
#884 = CARTESIAN_POINT('',(2.527628111232,9.019418087059E-02));
#885 = CARTESIAN_POINT('',(2.557208295304,8.983677540934E-02));
#886 = CARTESIAN_POINT('',(2.58634735112,8.947848871019E-02));
#887 = CARTESIAN_POINT('',(2.615641925964,8.911245412128E-02));
#888 = CARTESIAN_POINT('',(2.644921311943,8.874114837197E-02));
#889 = CARTESIAN_POINT('',(2.674219432175,8.83645445957E-02));
#890 = CARTESIAN_POINT('',(2.703514592113,8.798328692834E-02));
#891 = CARTESIAN_POINT('',(2.732799484462,8.759783909198E-02));
#892 = CARTESIAN_POINT('',(2.762062436713,8.72087154614E-02));
#893 = CARTESIAN_POINT('',(2.791293449453,8.68164082144E-02));
#894 = CARTESIAN_POINT('',(2.820479835927,8.642144766397E-02));
#895 = CARTESIAN_POINT('',(2.84961866454,8.602423377935E-02));
#896 = CARTESIAN_POINT('',(2.878672378833,8.562564976961E-02));
#897 = CARTESIAN_POINT('',(2.907734887189,8.52247762282E-02));
#898 = CARTESIAN_POINT('',(2.936976482714,8.481963681017E-02));
#899 = CARTESIAN_POINT('',(2.966204289316,8.44132606E-02));
#900 = CARTESIAN_POINT('',(2.995457978556,8.400546214304E-02));
#901 = CARTESIAN_POINT('',(3.024714473114,8.359691731792E-02));
#902 = CARTESIAN_POINT('',(3.053967279845,8.31880712093E-02));
#903 = CARTESIAN_POINT('',(3.083205462181,8.277943074444E-02));
#904 = CARTESIAN_POINT('',(3.112419431532,8.23714862742E-02));
#905 = CARTESIAN_POINT('',(3.131873025,8.21003171663E-02));
#906 = CARTESIAN_POINT('',(3.14159265359,8.196501333686E-02));
#907 = ( GEOMETRIC_REPRESENTATION_CONTEXT(2) 
PARAMETRIC_REPRESENTATION_CONTEXT() REPRESENTATION_CONTEXT('2D SPACE',''
  ) );
#908 = PCURVE('',#189,#909);
#909 = DEFINITIONAL_REPRESENTATION('',(#910),#936);
#910 = B_SPLINE_CURVE_WITH_KNOTS('',3,(#911,#912,#913,#914,#915,#916,
    #917,#918,#919,#920,#921,#922,#923,#924,#925,#926,#927,#928,#929,
    #930,#931,#932,#933,#934,#935),.UNSPECIFIED.,.F.,.F.,(4,1,1,1,1,1,1,
    1,1,1,1,1,1,1,1,1,1,1,1,1,1,1,4),(1.444253290206E-05,
    1.594532104068E-05,1.744810917929E-05,1.895089731791E-05,
    2.045368545652E-05,2.195647359514E-05,2.345926173375E-05,
    2.496204987237E-05,2.646483801098E-05,2.79676261496E-05,
    2.947041428821E-05,3.097320242682E-05,3.247599056544E-05,
    3.397877870405E-05,3.548156684267E-05,3.698435498128E-05,
    3.84871431199E-05,3.998993125851E-05,4.149271939713E-05,
    4.299550753574E-05,4.449829567436E-05,4.600108381297E-05,
    4.750387195159E-05),.QUASI_UNIFORM_KNOTS.);
#911 = CARTESIAN_POINT('',(1.285312256647,1.E-02));
#912 = CARTESIAN_POINT('',(1.285495357861,1.029484710824E-02));
#913 = CARTESIAN_POINT('',(1.285866706809,1.08744607489E-02));
#914 = CARTESIAN_POINT('',(1.286435632669,1.170866086426E-02));
#915 = CARTESIAN_POINT('',(1.287007107102,1.249429148254E-02));
#916 = CARTESIAN_POINT('',(1.287592134839,1.324730031857E-02));
#917 = CARTESIAN_POINT('',(1.288186800802,1.396262055363E-02));
#918 = CARTESIAN_POINT('',(1.288791187747,1.46408162346E-02));
#919 = CARTESIAN_POINT('',(1.289404306951,1.528094247948E-02));
#920 = CARTESIAN_POINT('',(1.290025457821,1.588245925625E-02));
#921 = CARTESIAN_POINT('',(1.290653858795,1.644471606177E-02));
#922 = CARTESIAN_POINT('',(1.291288764146,1.696709942748E-02));
#923 = CARTESIAN_POINT('',(1.291929365869,1.744895821756E-02));
#924 = CARTESIAN_POINT('',(1.292575069367,1.78897549307E-02));
#925 = CARTESIAN_POINT('',(1.293224488826,1.828853519477E-02));
#926 = CARTESIAN_POINT('',(1.293879190058,1.864589848645E-02));
#927 = CARTESIAN_POINT('',(1.294542430078,1.896355774995E-02));
#928 = CARTESIAN_POINT('',(1.295209264637,1.923911039883E-02));
#929 = CARTESIAN_POINT('',(1.29588000625,1.947294252867E-02));
#930 = CARTESIAN_POINT('',(1.296553558888,1.966469300988E-02));
#931 = CARTESIAN_POINT('',(1.297229203939,1.981420093157E-02));
#932 = CARTESIAN_POINT('',(1.297906121672,1.992125173313E-02));
#933 = CARTESIAN_POINT('',(1.298583519468,1.998564523425E-02));
#934 = CARTESIAN_POINT('',(1.299034904779,2.000000000009E-02));
#935 = CARTESIAN_POINT('',(1.29926041116,2.E-02));
#936 = ( GEOMETRIC_REPRESENTATION_CONTEXT(2) 
PARAMETRIC_REPRESENTATION_CONTEXT() REPRESENTATION_CONTEXT('2D SPACE',''
  ) );
#937 = ORIENTED_EDGE('',*,*,#938,.F.);
#938 = EDGE_CURVE('',#939,#865,#941,.T.);
#939 = VERTEX_POINT('',#940);
#940 = CARTESIAN_POINT('',(-0.95,0.6,-0.65));
#941 = SURFACE_CURVE('',#942,(#946,#953),.PCURVE_S1.);
#942 = LINE('',#943,#944);
#943 = CARTESIAN_POINT('',(-0.5,0.6,-0.65));
#944 = VECTOR('',#945,1.);
#945 = DIRECTION('',(1.,-0.,-0.));
#946 = PCURVE('',#768,#947);
#947 = DEFINITIONAL_REPRESENTATION('',(#948),#952);
#948 = LINE('',#949,#950);
#949 = CARTESIAN_POINT('',(3.14159265359,0.));
#950 = VECTOR('',#951,1.);
#951 = DIRECTION('',(0.,-1.));
#952 = ( GEOMETRIC_REPRESENTATION_CONTEXT(2) 
PARAMETRIC_REPRESENTATION_CONTEXT() REPRESENTATION_CONTEXT('2D SPACE',''
  ) );
#953 = PCURVE('',#738,#954);
#954 = DEFINITIONAL_REPRESENTATION('',(#955),#959);
#955 = LINE('',#956,#957);
#956 = CARTESIAN_POINT('',(5.E-02,0.));
#957 = VECTOR('',#958,1.);
#958 = DIRECTION('',(0.,1.));
#959 = ( GEOMETRIC_REPRESENTATION_CONTEXT(2) 
PARAMETRIC_REPRESENTATION_CONTEXT() REPRESENTATION_CONTEXT('2D SPACE',''
  ) );
#960 = ORIENTED_EDGE('',*,*,#961,.F.);
#961 = EDGE_CURVE('',#962,#939,#964,.T.);
#962 = VERTEX_POINT('',#963);
#963 = CARTESIAN_POINT('',(-0.95,0.65,-0.6));
#964 = SURFACE_CURVE('',#965,(#970,#977),.PCURVE_S1.);
#965 = CIRCLE('',#966,5.E-02);
#966 = AXIS2_PLACEMENT_3D('',#967,#968,#969);
#967 = CARTESIAN_POINT('',(-0.95,0.6,-0.6));
#968 = DIRECTION('',(-1.,0.,0.));
#969 = DIRECTION('',(0.,0.,1.));
#970 = PCURVE('',#768,#971);
#971 = DEFINITIONAL_REPRESENTATION('',(#972),#976);
#972 = LINE('',#973,#974);
#973 = CARTESIAN_POINT('',(0.,0.45));
#974 = VECTOR('',#975,1.);
#975 = DIRECTION('',(1.,0.));
#976 = ( GEOMETRIC_REPRESENTATION_CONTEXT(2) 
PARAMETRIC_REPRESENTATION_CONTEXT() REPRESENTATION_CONTEXT('2D SPACE',''
  ) );
#977 = PCURVE('',#978,#983);
#978 = SPHERICAL_SURFACE('',#979,5.E-02);
#979 = AXIS2_PLACEMENT_3D('',#980,#981,#982);
#980 = CARTESIAN_POINT('',(-0.95,0.6,-0.6));
#981 = DIRECTION('',(0.,1.,0.));
#982 = DIRECTION('',(1.,0.,0.));
#983 = DEFINITIONAL_REPRESENTATION('',(#984),#1010);
#984 = B_SPLINE_CURVE_WITH_KNOTS('',3,(#985,#986,#987,#988,#989,#990,
    #991,#992,#993,#994,#995,#996,#997,#998,#999,#1000,#1001,#1002,#1003
    ,#1004,#1005,#1006,#1007,#1008,#1009),.UNSPECIFIED.,.F.,.F.,(4,1,1,1
    ,1,1,1,1,1,1,1,1,1,1,1,1,1,1,1,1,1,1,4),(1.570796326795,
    1.642196159831,1.713595992867,1.784995825903,1.856395658939,
    1.927795491976,1.999195325012,2.070595158048,2.141994991084,
    2.21339482412,2.284794657156,2.356194490192,2.427594323228,
    2.498994156265,2.570393989301,2.641793822337,2.713193655373,
    2.784593488409,2.855993321445,2.927393154481,2.998792987518,
    3.070192820554,3.14159265359),.QUASI_UNIFORM_KNOTS.);
#985 = CARTESIAN_POINT('',(1.570796326795,1.570796326795));
#986 = CARTESIAN_POINT('',(1.570796326795,1.54699638245));
#987 = CARTESIAN_POINT('',(1.570796326795,1.499396493759));
#988 = CARTESIAN_POINT('',(1.570796326795,1.427996660723));
#989 = CARTESIAN_POINT('',(1.570796326795,1.356596827687));
#990 = CARTESIAN_POINT('',(1.570796326795,1.28519699465));
#991 = CARTESIAN_POINT('',(1.570796326795,1.213797161614));
#992 = CARTESIAN_POINT('',(1.570796326795,1.142397328578));
#993 = CARTESIAN_POINT('',(1.570796326795,1.070997495542));
#994 = CARTESIAN_POINT('',(1.570796326795,0.999597662506));
#995 = CARTESIAN_POINT('',(1.570796326795,0.92819782947));
#996 = CARTESIAN_POINT('',(1.570796326795,0.856797996434));
#997 = CARTESIAN_POINT('',(1.570796326795,0.785398163397));
#998 = CARTESIAN_POINT('',(1.570796326795,0.713998330361));
#999 = CARTESIAN_POINT('',(1.570796326795,0.642598497325));
#1000 = CARTESIAN_POINT('',(1.570796326795,0.571198664289));
#1001 = CARTESIAN_POINT('',(1.570796326795,0.499798831253));
#1002 = CARTESIAN_POINT('',(1.570796326795,0.428398998217));
#1003 = CARTESIAN_POINT('',(1.570796326795,0.356999165181));
#1004 = CARTESIAN_POINT('',(1.570796326795,0.285599332145));
#1005 = CARTESIAN_POINT('',(1.570796326795,0.214199499108));
#1006 = CARTESIAN_POINT('',(1.570796326795,0.142799666072));
#1007 = CARTESIAN_POINT('',(1.570796326795,7.139983303613E-02));
#1008 = CARTESIAN_POINT('',(1.570796326795,2.379994434538E-02));
#1009 = CARTESIAN_POINT('',(1.570796326795,0.));
#1010 = ( GEOMETRIC_REPRESENTATION_CONTEXT(2) 
PARAMETRIC_REPRESENTATION_CONTEXT() REPRESENTATION_CONTEXT('2D SPACE',''
  ) );
#1011 = ORIENTED_EDGE('',*,*,#1012,.F.);
#1012 = EDGE_CURVE('',#1013,#962,#1015,.T.);
#1013 = VERTEX_POINT('',#1014);
#1014 = CARTESIAN_POINT('',(-0.581965013337,0.65,-0.6));
#1015 = SURFACE_CURVE('',#1016,(#1020,#1027),.PCURVE_S1.);
#1016 = LINE('',#1017,#1018);
#1017 = CARTESIAN_POINT('',(-0.5,0.65,-0.6));
#1018 = VECTOR('',#1019,1.);
#1019 = DIRECTION('',(-1.,0.,0.));
#1020 = PCURVE('',#768,#1021);
#1021 = DEFINITIONAL_REPRESENTATION('',(#1022),#1026);
#1022 = LINE('',#1023,#1024);
#1023 = CARTESIAN_POINT('',(1.570796326795,0.));
#1024 = VECTOR('',#1025,1.);
#1025 = DIRECTION('',(0.,1.));
#1026 = ( GEOMETRIC_REPRESENTATION_CONTEXT(2) 
PARAMETRIC_REPRESENTATION_CONTEXT() REPRESENTATION_CONTEXT('2D SPACE',''
  ) );
#1027 = PCURVE('',#1028,#1033);
#1028 = PLANE('',#1029);
#1029 = AXIS2_PLACEMENT_3D('',#1030,#1031,#1032);
#1030 = CARTESIAN_POINT('',(-0.5,0.65,0.65));
#1031 = DIRECTION('',(0.,-1.,0.));
#1032 = DIRECTION('',(0.,-0.,-1.));
#1033 = DEFINITIONAL_REPRESENTATION('',(#1034),#1038);
#1034 = LINE('',#1035,#1036);
#1035 = CARTESIAN_POINT('',(1.25,0.));
#1036 = VECTOR('',#1037,1.);
#1037 = DIRECTION('',(-0.,-1.));
#1038 = ( GEOMETRIC_REPRESENTATION_CONTEXT(2) 
PARAMETRIC_REPRESENTATION_CONTEXT() REPRESENTATION_CONTEXT('2D SPACE',''
  ) );
#1039 = ORIENTED_EDGE('',*,*,#1040,.T.);
#1040 = EDGE_CURVE('',#1013,#1041,#1043,.T.);
#1041 = VERTEX_POINT('',#1042);
#1042 = CARTESIAN_POINT('',(-0.590543267439,0.64,-0.63));
#1043 = SURFACE_CURVE('',#1044,(#1055,#1084),.PCURVE_S1.);
#1044 = B_SPLINE_CURVE_WITH_KNOTS('',3,(#1045,#1046,#1047,#1048,#1049,
    #1050,#1051,#1052,#1053,#1054),.UNSPECIFIED.,.F.,.F.,(4,3,3,4),(
    7.95615017932E-05,8.408717516572E-05,1.021243317805E-04,
    1.127243764595E-04),.UNSPECIFIED.);
#1045 = CARTESIAN_POINT('',(-0.581965013337,0.65,-0.6));
#1046 = CARTESIAN_POINT('',(-0.582372620682,0.65,-0.601464041638));
#1047 = CARTESIAN_POINT('',(-0.582782089098,0.6499355915,-0.602928973333
    ));
#1048 = CARTESIAN_POINT('',(-0.583191208227,0.649807174989,
    -0.604386948781));
#1049 = CARTESIAN_POINT('',(-0.584808565779,0.64929951011,
    -0.610150716432));
#1050 = CARTESIAN_POINT('',(-0.586449400666,0.647757994888,
    -0.615904476749));
#1051 = CARTESIAN_POINT('',(-0.587971284433,0.645297254268,
    -0.621169760409));
#1052 = CARTESIAN_POINT('',(-0.58886748067,0.643848190593,
    -0.624270343715));
#1053 = CARTESIAN_POINT('',(-0.589734563832,0.642066524782,
    -0.627244633624));
#1054 = CARTESIAN_POINT('',(-0.590543267439,0.64,-0.63));
#1055 = PCURVE('',#768,#1056);
#1056 = DEFINITIONAL_REPRESENTATION('',(#1057),#1083);
#1057 = B_SPLINE_CURVE_WITH_KNOTS('',3,(#1058,#1059,#1060,#1061,#1062,
    #1063,#1064,#1065,#1066,#1067,#1068,#1069,#1070,#1071,#1072,#1073,
    #1074,#1075,#1076,#1077,#1078,#1079,#1080,#1081,#1082),
  .UNSPECIFIED.,.F.,.F.,(4,1,1,1,1,1,1,1,1,1,1,1,1,1,1,1,1,1,1,1,1,1,4),
  (7.95615017932E-05,8.106890518712E-05,8.257630858104E-05,
    8.408371197497E-05,8.559111536889E-05,8.709851876282E-05,
    8.860592215674E-05,9.011332555066E-05,9.162072894459E-05,
    9.312813233851E-05,9.463553573244E-05,9.614293912636E-05,
    9.765034252029E-05,9.915774591421E-05,1.006651493081E-04,
    1.021725527021E-04,1.03679956096E-04,1.051873594899E-04,
    1.066947628838E-04,1.082021662778E-04,1.097095696717E-04,
    1.112169730656E-04,1.127243764595E-04),.QUASI_UNIFORM_KNOTS.);
#1058 = CARTESIAN_POINT('',(1.570796326795,8.196501333685E-02));
#1059 = CARTESIAN_POINT('',(1.580549130045,8.210077848061E-02));
#1060 = CARTESIAN_POINT('',(1.600063411821,8.237278723972E-02));
#1061 = CARTESIAN_POINT('',(1.629308748388,8.278115593057E-02));
#1062 = CARTESIAN_POINT('',(1.658645081526,8.319115950727E-02));
#1063 = CARTESIAN_POINT('',(1.687597312847,8.359582011669E-02));
#1064 = CARTESIAN_POINT('',(1.716729323522,8.400265024595E-02));
#1065 = CARTESIAN_POINT('',(1.745879748064,8.440901669691E-02));
#1066 = CARTESIAN_POINT('',(1.775079858153,8.481499255512E-02));
#1067 = CARTESIAN_POINT('',(1.804308703232,8.521992583655E-02));
#1068 = CARTESIAN_POINT('',(1.833558902635,8.562335855181E-02));
#1069 = CARTESIAN_POINT('',(1.862819332991,8.602478180253E-02));
#1070 = CARTESIAN_POINT('',(1.89207959809,8.642369633159E-02));
#1071 = CARTESIAN_POINT('',(1.921330481047,8.68196152259E-02));
#1072 = CARTESIAN_POINT('',(1.950558684305,8.721199255498E-02));
#1073 = CARTESIAN_POINT('',(1.979768427555,8.760050611388E-02));
#1074 = CARTESIAN_POINT('',(2.008901310236,8.798399781292E-02));
#1075 = CARTESIAN_POINT('',(2.038147940369,8.836458271944E-02));
#1076 = CARTESIAN_POINT('',(2.067434424005,8.874094198221E-02));
#1077 = CARTESIAN_POINT('',(2.096766870478,8.911278867844E-02));
#1078 = CARTESIAN_POINT('',(2.126129735501,8.947955938045E-02));
#1079 = CARTESIAN_POINT('',(2.155513304232,8.984076475163E-02));
#1080 = CARTESIAN_POINT('',(2.184906490346,9.019589559593E-02));
#1081 = CARTESIAN_POINT('',(2.204501653224,9.042826390802E-02));
#1082 = CARTESIAN_POINT('',(2.214297435588,9.054326743855E-02));
#1083 = ( GEOMETRIC_REPRESENTATION_CONTEXT(2) 
PARAMETRIC_REPRESENTATION_CONTEXT() REPRESENTATION_CONTEXT('2D SPACE',''
  ) );
#1084 = PCURVE('',#124,#1085);
#1085 = DEFINITIONAL_REPRESENTATION('',(#1086),#1112);
#1086 = B_SPLINE_CURVE_WITH_KNOTS('',3,(#1087,#1088,#1089,#1090,#1091,
    #1092,#1093,#1094,#1095,#1096,#1097,#1098,#1099,#1100,#1101,#1102,
    #1103,#1104,#1105,#1106,#1107,#1108,#1109,#1110,#1111),
  .UNSPECIFIED.,.F.,.F.,(4,1,1,1,1,1,1,1,1,1,1,1,1,1,1,1,1,1,1,1,1,1,4),
  (7.95615017932E-05,8.106890518712E-05,8.257630858104E-05,
    8.408371197497E-05,8.559111536889E-05,8.709851876282E-05,
    8.860592215674E-05,9.011332555066E-05,9.162072894459E-05,
    9.312813233851E-05,9.463553573244E-05,9.614293912636E-05,
    9.765034252029E-05,9.915774591421E-05,1.006651493081E-04,
    1.021725527021E-04,1.03679956096E-04,1.051873594899E-04,
    1.066947628838E-04,1.082021662778E-04,1.097095696717E-04,
    1.112169730656E-04,1.127243764595E-04),.QUASI_UNIFORM_KNOTS.);
#1087 = CARTESIAN_POINT('',(1.84233224243,2.E-02));
#1088 = CARTESIAN_POINT('',(1.842558517669,2.E-02));
#1089 = CARTESIAN_POINT('',(1.843011311473,1.998569046798E-02));
#1090 = CARTESIAN_POINT('',(1.84368944564,1.992155222938E-02));
#1091 = CARTESIAN_POINT('',(1.844368652414,1.981433125847E-02));
#1092 = CARTESIAN_POINT('',(1.845037356131,1.966594082875E-02));
#1093 = CARTESIAN_POINT('',(1.845707996879,1.947405279086E-02));
#1094 = CARTESIAN_POINT('',(1.84637627114,1.92397961243E-02));
#1095 = CARTESIAN_POINT('',(1.84704234154,1.896337734226E-02));
#1096 = CARTESIAN_POINT('',(1.847705174104,1.864525001909E-02));
#1097 = CARTESIAN_POINT('',(1.84836405499,1.828580195084E-02));
#1098 = CARTESIAN_POINT('',(1.8490181863,1.788543698556E-02));
#1099 = CARTESIAN_POINT('',(1.849666786144,1.744456054157E-02));
#1100 = CARTESIAN_POINT('',(1.850309092589,1.696355570418E-02));
#1101 = CARTESIAN_POINT('',(1.850944247815,1.644289332045E-02));
#1102 = CARTESIAN_POINT('',(1.85157175756,1.588271552343E-02));
#1103 = CARTESIAN_POINT('',(1.852189769203,1.528439154044E-02));
#1104 = CARTESIAN_POINT('',(1.852801747039,1.464446457881E-02));
#1105 = CARTESIAN_POINT('',(1.853405662342,1.396537158483E-02));
#1106 = CARTESIAN_POINT('',(1.854001109185,1.324750413162E-02));
#1107 = CARTESIAN_POINT('',(1.854587246781,1.249180184937E-02));
#1108 = CARTESIAN_POINT('',(1.85516335084,1.169905751316E-02));
#1109 = CARTESIAN_POINT('',(1.855728665821,1.087010326134E-02));
#1110 = CARTESIAN_POINT('',(1.856097851655,1.029387484341E-02));
#1111 = CARTESIAN_POINT('',(1.856280396943,1.000000000001E-02));
#1112 = ( GEOMETRIC_REPRESENTATION_CONTEXT(2) 
PARAMETRIC_REPRESENTATION_CONTEXT() REPRESENTATION_CONTEXT('2D SPACE',''
  ) );
#1113 = ORIENTED_EDGE('',*,*,#1114,.T.);
#1114 = EDGE_CURVE('',#1041,#1115,#1117,.T.);
#1115 = VERTEX_POINT('',#1116);
#1116 = CARTESIAN_POINT('',(-0.593503615555,0.64,-0.63));
#1117 = SURFACE_CURVE('',#1118,(#1122,#1129),.PCURVE_S1.);
#1118 = LINE('',#1119,#1120);
#1119 = CARTESIAN_POINT('',(-0.5,0.64,-0.63));
#1120 = VECTOR('',#1121,1.);
#1121 = DIRECTION('',(-1.,0.,0.));
#1122 = PCURVE('',#768,#1123);
#1123 = DEFINITIONAL_REPRESENTATION('',(#1124),#1128);
#1124 = LINE('',#1125,#1126);
#1125 = CARTESIAN_POINT('',(2.214297435588,0.));
#1126 = VECTOR('',#1127,1.);
#1127 = DIRECTION('',(0.,1.));
#1128 = ( GEOMETRIC_REPRESENTATION_CONTEXT(2) 
PARAMETRIC_REPRESENTATION_CONTEXT() REPRESENTATION_CONTEXT('2D SPACE',''
  ) );
#1129 = PCURVE('',#1130,#1135);
#1130 = PLANE('',#1131);
#1131 = AXIS2_PLACEMENT_3D('',#1132,#1133,#1134);
#1132 = CARTESIAN_POINT('',(-0.9,0.63,-0.63));
#1133 = DIRECTION('',(0.,1.720955829342E-16,-1.));
#1134 = DIRECTION('',(0.,1.,1.720955829342E-16));
#1135 = DEFINITIONAL_REPRESENTATION('',(#1136),#1140);
#1136 = LINE('',#1137,#1138);
#1137 = CARTESIAN_POINT('',(1.E-02,0.4));
#1138 = VECTOR('',#1139,1.);
#1139 = DIRECTION('',(0.,-1.));
#1140 = ( GEOMETRIC_REPRESENTATION_CONTEXT(2) 
PARAMETRIC_REPRESENTATION_CONTEXT() REPRESENTATION_CONTEXT('2D SPACE',''
  ) );
#1141 = ORIENTED_EDGE('',*,*,#1142,.T.);
#1142 = EDGE_CURVE('',#1115,#754,#1143,.T.);
#1143 = SURFACE_CURVE('',#1144,(#1149,#1178),.PCURVE_S1.);
#1144 = B_SPLINE_CURVE_WITH_KNOTS('',3,(#1145,#1146,#1147,#1148),
  .UNSPECIFIED.,.F.,.F.,(4,4),(0.,7.186117161303E-06),
  .PIECEWISE_BEZIER_KNOTS.);
#1145 = CARTESIAN_POINT('',(-0.593503615555,0.64,-0.63));
#1146 = CARTESIAN_POINT('',(-0.593079103155,0.638578190018,
    -0.631895746642));
#1147 = CARTESIAN_POINT('',(-0.592615861507,0.637021477439,
    -0.63368920068));
#1148 = CARTESIAN_POINT('',(-0.592122327784,0.635355339059,
    -0.635355339059));
#1149 = PCURVE('',#768,#1150);
#1150 = DEFINITIONAL_REPRESENTATION('',(#1151),#1177);
#1151 = B_SPLINE_CURVE_WITH_KNOTS('',3,(#1152,#1153,#1154,#1155,#1156,
    #1157,#1158,#1159,#1160,#1161,#1162,#1163,#1164,#1165,#1166,#1167,
    #1168,#1169,#1170,#1171,#1172,#1173,#1174,#1175,#1176),
  .UNSPECIFIED.,.F.,.F.,(4,1,1,1,1,1,1,1,1,1,1,1,1,1,1,1,1,1,1,1,1,1,4),
  (0.,3.266416891501E-07,6.532833783003E-07,9.799250674504E-07,
    1.306566756601E-06,1.633208445751E-06,1.959850134901E-06,
    2.286491824051E-06,2.613133513201E-06,2.939775202351E-06,
    3.266416891501E-06,3.593058580651E-06,3.919700269802E-06,
    4.246341958952E-06,4.572983648102E-06,4.899625337252E-06,
    5.226267026402E-06,5.552908715552E-06,5.879550404702E-06,
    6.206192093853E-06,6.532833783003E-06,6.859475472153E-06,
    7.186117161303E-06),.QUASI_UNIFORM_KNOTS.);
#1152 = CARTESIAN_POINT('',(2.214297435588,9.350361555485E-02));
#1153 = CARTESIAN_POINT('',(2.21645169302,9.348431953666E-02));
#1154 = CARTESIAN_POINT('',(2.220760134565,9.344556746205E-02));
#1155 = CARTESIAN_POINT('',(2.22722245073,9.338696398974E-02));
#1156 = CARTESIAN_POINT('',(2.233684295074,9.332788991124E-02));
#1157 = CARTESIAN_POINT('',(2.240145540097,9.32683499808E-02));
#1158 = CARTESIAN_POINT('',(2.246606057225,9.320834895263E-02));
#1159 = CARTESIAN_POINT('',(2.253065716732,9.314789158098E-02));
#1160 = CARTESIAN_POINT('',(2.259524387887,9.308698262006E-02));
#1161 = CARTESIAN_POINT('',(2.265981939043,9.302562682412E-02));
#1162 = CARTESIAN_POINT('',(2.272438237738,9.296382894737E-02));
#1163 = CARTESIAN_POINT('',(2.278893150794,9.290159374405E-02));
#1164 = CARTESIAN_POINT('',(2.285346544419,9.28389259684E-02));
#1165 = CARTESIAN_POINT('',(2.291798284306,9.277583037463E-02));
#1166 = CARTESIAN_POINT('',(2.298248235733,9.271231171697E-02));
#1167 = CARTESIAN_POINT('',(2.304696263668,9.264837474967E-02));
#1168 = CARTESIAN_POINT('',(2.31114223286,9.258402422694E-02));
#1169 = CARTESIAN_POINT('',(2.317586007948,9.251926490302E-02));
#1170 = CARTESIAN_POINT('',(2.324027453557,9.245410153214E-02));
#1171 = CARTESIAN_POINT('',(2.330466434399,9.238853886853E-02));
#1172 = CARTESIAN_POINT('',(2.336902815369,9.232258166641E-02));
#1173 = CARTESIAN_POINT('',(2.343336461663,9.225623468002E-02));
#1174 = CARTESIAN_POINT('',(2.349767238805,9.218950266359E-02));
#1175 = CARTESIAN_POINT('',(2.354052421609,9.214476113542E-02));
#1176 = CARTESIAN_POINT('',(2.356194490192,9.212232778441E-02));
#1177 = ( GEOMETRIC_REPRESENTATION_CONTEXT(2) 
PARAMETRIC_REPRESENTATION_CONTEXT() REPRESENTATION_CONTEXT('2D SPACE',''
  ) );
#1178 = PCURVE('',#1179,#1184);
#1179 = CYLINDRICAL_SURFACE('',#1180,2.23704144294);
#1180 = AXIS2_PLACEMENT_3D('',#1181,#1182,#1183);
#1181 = CARTESIAN_POINT('',(-2.73704144294,5.20417042793E-17,-0.63));
#1182 = DIRECTION('',(-0.,1.084202172486E-16,-1.));
#1183 = DIRECTION('',(0.,1.,1.084202172486E-16));
#1184 = DEFINITIONAL_REPRESENTATION('',(#1185),#1211);
#1185 = B_SPLINE_CURVE_WITH_KNOTS('',3,(#1186,#1187,#1188,#1189,#1190,
    #1191,#1192,#1193,#1194,#1195,#1196,#1197,#1198,#1199,#1200,#1201,
    #1202,#1203,#1204,#1205,#1206,#1207,#1208,#1209,#1210),
  .UNSPECIFIED.,.F.,.F.,(4,1,1,1,1,1,1,1,1,1,1,1,1,1,1,1,1,1,1,1,1,1,4),
  (0.,3.266416891501E-07,6.532833783003E-07,9.799250674504E-07,
    1.306566756601E-06,1.633208445751E-06,1.959850134901E-06,
    2.286491824051E-06,2.613133513201E-06,2.939775202351E-06,
    3.266416891501E-06,3.593058580651E-06,3.919700269802E-06,
    4.246341958952E-06,4.572983648102E-06,4.899625337252E-06,
    5.226267026402E-06,5.552908715552E-06,5.879550404702E-06,
    6.206192093853E-06,6.532833783003E-06,6.859475472153E-06,
    7.186117161303E-06),.QUASI_UNIFORM_KNOTS.);
#1186 = CARTESIAN_POINT('',(1.280650299553,0.));
#1187 = CARTESIAN_POINT('',(1.280680449581,8.617030191722E-05));
#1188 = CARTESIAN_POINT('',(1.28074100888,2.580882090395E-04));
#1189 = CARTESIAN_POINT('',(1.280832618796,5.14682879443E-04));
#1190 = CARTESIAN_POINT('',(1.280924992924,7.699812594235E-04));
#1191 = CARTESIAN_POINT('',(1.281018124509,1.023969248837E-03));
#1192 = CARTESIAN_POINT('',(1.281112006793,1.276632747542E-03));
#1193 = CARTESIAN_POINT('',(1.281206633021,1.527957655394E-03));
#1194 = CARTESIAN_POINT('',(1.281301996436,1.77792987225E-03));
#1195 = CARTESIAN_POINT('',(1.281398090282,2.026535297967E-03));
#1196 = CARTESIAN_POINT('',(1.281494907803,2.273759832401E-03));
#1197 = CARTESIAN_POINT('',(1.281592442244,2.519589375411E-03));
#1198 = CARTESIAN_POINT('',(1.281690686848,2.764009826851E-03));
#1199 = CARTESIAN_POINT('',(1.281789634858,3.00700708658E-03));
#1200 = CARTESIAN_POINT('',(1.281889279521,3.248567054453E-03));
#1201 = CARTESIAN_POINT('',(1.281989614078,3.488675630329E-03));
#1202 = CARTESIAN_POINT('',(1.282090631775,3.727318714063E-03));
#1203 = CARTESIAN_POINT('',(1.282192325856,3.964482205512E-03));
#1204 = CARTESIAN_POINT('',(1.282294689564,4.200152004534E-03));
#1205 = CARTESIAN_POINT('',(1.282397716145,4.434314010984E-03));
#1206 = CARTESIAN_POINT('',(1.282501398843,4.66695412472E-03));
#1207 = CARTESIAN_POINT('',(1.282605730901,4.898058245599E-03));
#1208 = CARTESIAN_POINT('',(1.282710705565,5.127612273477E-03));
#1209 = CARTESIAN_POINT('',(1.282781112574,5.279605496634E-03));
#1210 = CARTESIAN_POINT('',(1.282816420928,5.35533905933E-03));
#1211 = ( GEOMETRIC_REPRESENTATION_CONTEXT(2) 
PARAMETRIC_REPRESENTATION_CONTEXT() REPRESENTATION_CONTEXT('2D SPACE',''
  ) );
#1212 = ADVANCED_FACE('',(#1213),#554,.T.);
#1213 = FACE_BOUND('',#1214,.T.);
#1214 = EDGE_LOOP('',(#1215,#1239,#1260));
#1215 = ORIENTED_EDGE('',*,*,#1216,.F.);
#1216 = EDGE_CURVE('',#1217,#466,#1219,.T.);
#1217 = VERTEX_POINT('',#1218);
#1218 = CARTESIAN_POINT('',(-0.590543267439,-0.63,-0.63));
#1219 = SURFACE_CURVE('',#1220,(#1225,#1232),.PCURVE_S1.);
#1220 = CIRCLE('',#1221,2.23704144294);
#1221 = AXIS2_PLACEMENT_3D('',#1222,#1223,#1224);
#1222 = CARTESIAN_POINT('',(-2.73704144294,5.20417042793E-17,-0.63));
#1223 = DIRECTION('',(-0.,1.084202172486E-16,-1.));
#1224 = DIRECTION('',(0.,1.,1.084202172486E-16));
#1225 = PCURVE('',#554,#1226);
#1226 = DEFINITIONAL_REPRESENTATION('',(#1227),#1231);
#1227 = CIRCLE('',#1228,2.23704144294);
#1228 = AXIS2_PLACEMENT_2D('',#1229,#1230);
#1229 = CARTESIAN_POINT('',(-0.63,-1.83704144294));
#1230 = DIRECTION('',(1.,0.));
#1231 = ( GEOMETRIC_REPRESENTATION_CONTEXT(2) 
PARAMETRIC_REPRESENTATION_CONTEXT() REPRESENTATION_CONTEXT('2D SPACE',''
  ) );
#1232 = PCURVE('',#504,#1233);
#1233 = DEFINITIONAL_REPRESENTATION('',(#1234),#1238);
#1234 = LINE('',#1235,#1236);
#1235 = CARTESIAN_POINT('',(0.,0.));
#1236 = VECTOR('',#1237,1.);
#1237 = DIRECTION('',(1.,0.));
#1238 = ( GEOMETRIC_REPRESENTATION_CONTEXT(2) 
PARAMETRIC_REPRESENTATION_CONTEXT() REPRESENTATION_CONTEXT('2D SPACE',''
  ) );
#1239 = ORIENTED_EDGE('',*,*,#1240,.T.);
#1240 = EDGE_CURVE('',#1217,#539,#1241,.T.);
#1241 = SURFACE_CURVE('',#1242,(#1246,#1253),.PCURVE_S1.);
#1242 = LINE('',#1243,#1244);
#1243 = CARTESIAN_POINT('',(-0.590543267439,-0.63,-0.63));
#1244 = VECTOR('',#1245,1.);
#1245 = DIRECTION('',(-0.,-1.,3.383061121595E-15));
#1246 = PCURVE('',#554,#1247);
#1247 = DEFINITIONAL_REPRESENTATION('',(#1248),#1252);
#1248 = LINE('',#1249,#1250);
#1249 = CARTESIAN_POINT('',(-1.26,0.309456732561));
#1250 = VECTOR('',#1251,1.);
#1251 = DIRECTION('',(-1.,0.));
#1252 = ( GEOMETRIC_REPRESENTATION_CONTEXT(2) 
PARAMETRIC_REPRESENTATION_CONTEXT() REPRESENTATION_CONTEXT('2D SPACE',''
  ) );
#1253 = PCURVE('',#611,#1254);
#1254 = DEFINITIONAL_REPRESENTATION('',(#1255),#1259);
#1255 = LINE('',#1256,#1257);
#1256 = CARTESIAN_POINT('',(1.285312256647,-2.22044604925E-15));
#1257 = VECTOR('',#1258,1.);
#1258 = DIRECTION('',(0.,1.));
#1259 = ( GEOMETRIC_REPRESENTATION_CONTEXT(2) 
PARAMETRIC_REPRESENTATION_CONTEXT() REPRESENTATION_CONTEXT('2D SPACE',''
  ) );
#1260 = ORIENTED_EDGE('',*,*,#538,.F.);
#1261 = ADVANCED_FACE('',(#1262),#1130,.T.);
#1262 = FACE_BOUND('',#1263,.T.);
#1263 = EDGE_LOOP('',(#1264,#1265,#1288));
#1264 = ORIENTED_EDGE('',*,*,#1114,.F.);
#1265 = ORIENTED_EDGE('',*,*,#1266,.T.);
#1266 = EDGE_CURVE('',#1041,#1267,#1269,.T.);
#1267 = VERTEX_POINT('',#1268);
#1268 = CARTESIAN_POINT('',(-0.590543267439,0.63,-0.63));
#1269 = SURFACE_CURVE('',#1270,(#1274,#1281),.PCURVE_S1.);
#1270 = LINE('',#1271,#1272);
#1271 = CARTESIAN_POINT('',(-0.590543267439,0.63,-0.63));
#1272 = VECTOR('',#1273,1.);
#1273 = DIRECTION('',(0.,-1.,1.036602379928E-14));
#1274 = PCURVE('',#1130,#1275);
#1275 = DEFINITIONAL_REPRESENTATION('',(#1276),#1280);
#1276 = LINE('',#1277,#1278);
#1277 = CARTESIAN_POINT('',(1.110223024625E-16,0.309456732561));
#1278 = VECTOR('',#1279,1.);
#1279 = DIRECTION('',(-1.,0.));
#1280 = ( GEOMETRIC_REPRESENTATION_CONTEXT(2) 
PARAMETRIC_REPRESENTATION_CONTEXT() REPRESENTATION_CONTEXT('2D SPACE',''
  ) );
#1281 = PCURVE('',#124,#1282);
#1282 = DEFINITIONAL_REPRESENTATION('',(#1283),#1287);
#1283 = LINE('',#1284,#1285);
#1284 = CARTESIAN_POINT('',(1.856280396943,6.661338147751E-15));
#1285 = VECTOR('',#1286,1.);
#1286 = DIRECTION('',(0.,-1.));
#1287 = ( GEOMETRIC_REPRESENTATION_CONTEXT(2) 
PARAMETRIC_REPRESENTATION_CONTEXT() REPRESENTATION_CONTEXT('2D SPACE',''
  ) );
#1288 = ORIENTED_EDGE('',*,*,#1289,.F.);
#1289 = EDGE_CURVE('',#1115,#1267,#1290,.T.);
#1290 = SURFACE_CURVE('',#1291,(#1296,#1303),.PCURVE_S1.);
#1291 = CIRCLE('',#1292,2.23704144294);
#1292 = AXIS2_PLACEMENT_3D('',#1293,#1294,#1295);
#1293 = CARTESIAN_POINT('',(-2.73704144294,5.20417042793E-17,-0.63));
#1294 = DIRECTION('',(-0.,1.084202172486E-16,-1.));
#1295 = DIRECTION('',(0.,1.,1.084202172486E-16));
#1296 = PCURVE('',#1130,#1297);
#1297 = DEFINITIONAL_REPRESENTATION('',(#1298),#1302);
#1298 = CIRCLE('',#1299,2.23704144294);
#1299 = AXIS2_PLACEMENT_2D('',#1300,#1301);
#1300 = CARTESIAN_POINT('',(-0.63,-1.83704144294));
#1301 = DIRECTION('',(1.,0.));
#1302 = ( GEOMETRIC_REPRESENTATION_CONTEXT(2) 
PARAMETRIC_REPRESENTATION_CONTEXT() REPRESENTATION_CONTEXT('2D SPACE',''
  ) );
#1303 = PCURVE('',#1179,#1304);
#1304 = DEFINITIONAL_REPRESENTATION('',(#1305),#1309);
#1305 = LINE('',#1306,#1307);
#1306 = CARTESIAN_POINT('',(0.,0.));
#1307 = VECTOR('',#1308,1.);
#1308 = DIRECTION('',(1.,0.));
#1309 = ( GEOMETRIC_REPRESENTATION_CONTEXT(2) 
PARAMETRIC_REPRESENTATION_CONTEXT() REPRESENTATION_CONTEXT('2D SPACE',''
  ) );
#1310 = ADVANCED_FACE('',(#1311),#1028,.F.);
#1311 = FACE_BOUND('',#1312,.T.);
#1312 = EDGE_LOOP('',(#1313,#1341,#1342,#1370));
#1313 = ORIENTED_EDGE('',*,*,#1314,.T.);
#1314 = EDGE_CURVE('',#1315,#1013,#1317,.T.);
#1315 = VERTEX_POINT('',#1316);
#1316 = CARTESIAN_POINT('',(-0.581965013337,0.65,0.6));
#1317 = SURFACE_CURVE('',#1318,(#1323,#1334),.PCURVE_S1.);
#1318 = CIRCLE('',#1319,2.23704144294);
#1319 = AXIS2_PLACEMENT_3D('',#1320,#1321,#1322);
#1320 = CARTESIAN_POINT('',(-2.73704144294,0.65,-6.75417850212E-15));
#1321 = DIRECTION('',(-0.,1.,-1.036602379928E-14));
#1322 = DIRECTION('',(0.,1.036602379928E-14,1.));
#1323 = PCURVE('',#1028,#1324);
#1324 = DEFINITIONAL_REPRESENTATION('',(#1325),#1333);
#1325 = ( BOUNDED_CURVE() B_SPLINE_CURVE(2,(#1326,#1327,#1328,#1329,
#1330,#1331,#1332),.UNSPECIFIED.,.T.,.F.) B_SPLINE_CURVE_WITH_KNOTS((1,2
    ,2,2,2,1),(-2.094395102393,0.,2.094395102393,4.188790204786,
6.28318530718,8.377580409573),.UNSPECIFIED.) CURVE() 
GEOMETRIC_REPRESENTATION_ITEM() RATIONAL_B_SPLINE_CURVE((1.,0.5,1.,0.5,
1.,0.5,1.)) REPRESENTATION_ITEM('') );
#1326 = CARTESIAN_POINT('',(-1.58704144294,-2.23704144294));
#1327 = CARTESIAN_POINT('',(-1.58704144294,1.637627994869));
#1328 = CARTESIAN_POINT('',(1.76852072147,-0.299706724035));
#1329 = CARTESIAN_POINT('',(5.12408288588,-2.23704144294));
#1330 = CARTESIAN_POINT('',(1.76852072147,-4.174376161844));
#1331 = CARTESIAN_POINT('',(-1.58704144294,-6.111710880749));
#1332 = CARTESIAN_POINT('',(-1.58704144294,-2.23704144294));
#1333 = ( GEOMETRIC_REPRESENTATION_CONTEXT(2) 
PARAMETRIC_REPRESENTATION_CONTEXT() REPRESENTATION_CONTEXT('2D SPACE',''
  ) );
#1334 = PCURVE('',#124,#1335);
#1335 = DEFINITIONAL_REPRESENTATION('',(#1336),#1340);
#1336 = LINE('',#1337,#1338);
#1337 = CARTESIAN_POINT('',(0.,2.E-02));
#1338 = VECTOR('',#1339,1.);
#1339 = DIRECTION('',(1.,0.));
#1340 = ( GEOMETRIC_REPRESENTATION_CONTEXT(2) 
PARAMETRIC_REPRESENTATION_CONTEXT() REPRESENTATION_CONTEXT('2D SPACE',''
  ) );
#1341 = ORIENTED_EDGE('',*,*,#1012,.T.);
#1342 = ORIENTED_EDGE('',*,*,#1343,.T.);
#1343 = EDGE_CURVE('',#962,#1344,#1346,.T.);
#1344 = VERTEX_POINT('',#1345);
#1345 = CARTESIAN_POINT('',(-0.95,0.65,0.6));
#1346 = SURFACE_CURVE('',#1347,(#1351,#1358),.PCURVE_S1.);
#1347 = LINE('',#1348,#1349);
#1348 = CARTESIAN_POINT('',(-0.95,0.65,0.65));
#1349 = VECTOR('',#1350,1.);
#1350 = DIRECTION('',(0.,0.,1.));
#1351 = PCURVE('',#1028,#1352);
#1352 = DEFINITIONAL_REPRESENTATION('',(#1353),#1357);
#1353 = LINE('',#1354,#1355);
#1354 = CARTESIAN_POINT('',(-0.,-0.45));
#1355 = VECTOR('',#1356,1.);
#1356 = DIRECTION('',(-1.,0.));
#1357 = ( GEOMETRIC_REPRESENTATION_CONTEXT(2) 
PARAMETRIC_REPRESENTATION_CONTEXT() REPRESENTATION_CONTEXT('2D SPACE',''
  ) );
#1358 = PCURVE('',#1359,#1364);
#1359 = CYLINDRICAL_SURFACE('',#1360,5.E-02);
#1360 = AXIS2_PLACEMENT_3D('',#1361,#1362,#1363);
#1361 = CARTESIAN_POINT('',(-0.95,0.6,0.65));
#1362 = DIRECTION('',(0.,0.,-1.));
#1363 = DIRECTION('',(-1.,0.,0.));
#1364 = DEFINITIONAL_REPRESENTATION('',(#1365),#1369);
#1365 = LINE('',#1366,#1367);
#1366 = CARTESIAN_POINT('',(1.570796326795,0.));
#1367 = VECTOR('',#1368,1.);
#1368 = DIRECTION('',(0.,-1.));
#1369 = ( GEOMETRIC_REPRESENTATION_CONTEXT(2) 
PARAMETRIC_REPRESENTATION_CONTEXT() REPRESENTATION_CONTEXT('2D SPACE',''
  ) );
#1370 = ORIENTED_EDGE('',*,*,#1371,.T.);
#1371 = EDGE_CURVE('',#1344,#1315,#1372,.T.);
#1372 = SURFACE_CURVE('',#1373,(#1377,#1384),.PCURVE_S1.);
#1373 = LINE('',#1374,#1375);
#1374 = CARTESIAN_POINT('',(-0.5,0.65,0.6));
#1375 = VECTOR('',#1376,1.);
#1376 = DIRECTION('',(1.,-0.,-0.));
#1377 = PCURVE('',#1028,#1378);
#1378 = DEFINITIONAL_REPRESENTATION('',(#1379),#1383);
#1379 = LINE('',#1380,#1381);
#1380 = CARTESIAN_POINT('',(5.E-02,0.));
#1381 = VECTOR('',#1382,1.);
#1382 = DIRECTION('',(0.,1.));
#1383 = ( GEOMETRIC_REPRESENTATION_CONTEXT(2) 
PARAMETRIC_REPRESENTATION_CONTEXT() REPRESENTATION_CONTEXT('2D SPACE',''
  ) );
#1384 = PCURVE('',#1385,#1390);
#1385 = CYLINDRICAL_SURFACE('',#1386,5.E-02);
#1386 = AXIS2_PLACEMENT_3D('',#1387,#1388,#1389);
#1387 = CARTESIAN_POINT('',(-0.5,0.6,0.6));
#1388 = DIRECTION('',(-1.,0.,0.));
#1389 = DIRECTION('',(0.,0.,1.));
#1390 = DEFINITIONAL_REPRESENTATION('',(#1391),#1395);
#1391 = LINE('',#1392,#1393);
#1392 = CARTESIAN_POINT('',(1.570796326795,0.));
#1393 = VECTOR('',#1394,1.);
#1394 = DIRECTION('',(0.,-1.));
#1395 = ( GEOMETRIC_REPRESENTATION_CONTEXT(2) 
PARAMETRIC_REPRESENTATION_CONTEXT() REPRESENTATION_CONTEXT('2D SPACE',''
  ) );
#1396 = ADVANCED_FACE('',(#1397),#1412,.F.);
#1397 = FACE_BOUND('',#1398,.T.);
#1398 = EDGE_LOOP('',(#1399,#1439,#1462,#1490));
#1399 = ORIENTED_EDGE('',*,*,#1400,.T.);
#1400 = EDGE_CURVE('',#1401,#1403,#1405,.T.);
#1401 = VERTEX_POINT('',#1402);
#1402 = CARTESIAN_POINT('',(-0.581965013337,-0.6,0.65));
#1403 = VERTEX_POINT('',#1404);
#1404 = CARTESIAN_POINT('',(-0.581965013337,0.6,0.65));
#1405 = SURFACE_CURVE('',#1406,(#1411,#1427),.PCURVE_S1.);
#1406 = CIRCLE('',#1407,2.23704144294);
#1407 = AXIS2_PLACEMENT_3D('',#1408,#1409,#1410);
#1408 = CARTESIAN_POINT('',(-2.73704144294,-5.421010862428E-17,0.65));
#1409 = DIRECTION('',(0.,-1.084202172486E-16,1.));
#1410 = DIRECTION('',(0.,-1.,-1.084202172486E-16));
#1411 = PCURVE('',#1412,#1417);
#1412 = PLANE('',#1413);
#1413 = AXIS2_PLACEMENT_3D('',#1414,#1415,#1416);
#1414 = CARTESIAN_POINT('',(-0.5,0.65,0.65));
#1415 = DIRECTION('',(-0.,0.,-1.));
#1416 = DIRECTION('',(-1.,0.,0.));
#1417 = DEFINITIONAL_REPRESENTATION('',(#1418),#1426);
#1418 = ( BOUNDED_CURVE() B_SPLINE_CURVE(2,(#1419,#1420,#1421,#1422,
#1423,#1424,#1425),.UNSPECIFIED.,.T.,.F.) B_SPLINE_CURVE_WITH_KNOTS((1,2
    ,2,2,2,1),(-2.094395102393,0.,2.094395102393,4.188790204786,
6.28318530718,8.377580409573),.UNSPECIFIED.) CURVE() 
GEOMETRIC_REPRESENTATION_ITEM() RATIONAL_B_SPLINE_CURVE((1.,0.5,1.,0.5,
1.,0.5,1.)) REPRESENTATION_ITEM('') );
#1419 = CARTESIAN_POINT('',(2.23704144294,-2.88704144294));
#1420 = CARTESIAN_POINT('',(-1.637627994869,-2.88704144294));
#1421 = CARTESIAN_POINT('',(0.299706724035,0.46852072147));
#1422 = CARTESIAN_POINT('',(2.23704144294,3.82408288588));
#1423 = CARTESIAN_POINT('',(4.174376161844,0.46852072147));
#1424 = CARTESIAN_POINT('',(6.111710880749,-2.88704144294));
#1425 = CARTESIAN_POINT('',(2.23704144294,-2.88704144294));
#1426 = ( GEOMETRIC_REPRESENTATION_CONTEXT(2) 
PARAMETRIC_REPRESENTATION_CONTEXT() REPRESENTATION_CONTEXT('2D SPACE',''
  ) );
#1427 = PCURVE('',#1428,#1433);
#1428 = CYLINDRICAL_SURFACE('',#1429,2.23704144294);
#1429 = AXIS2_PLACEMENT_3D('',#1430,#1431,#1432);
#1430 = CARTESIAN_POINT('',(-2.73704144294,-5.20417042793E-17,0.63));
#1431 = DIRECTION('',(-0.,-1.084202172486E-16,1.));
#1432 = DIRECTION('',(0.,-1.,-1.084202172486E-16));
#1433 = DEFINITIONAL_REPRESENTATION('',(#1434),#1438);
#1434 = LINE('',#1435,#1436);
#1435 = CARTESIAN_POINT('',(0.,2.E-02));
#1436 = VECTOR('',#1437,1.);
#1437 = DIRECTION('',(1.,0.));
#1438 = ( GEOMETRIC_REPRESENTATION_CONTEXT(2) 
PARAMETRIC_REPRESENTATION_CONTEXT() REPRESENTATION_CONTEXT('2D SPACE',''
  ) );
#1439 = ORIENTED_EDGE('',*,*,#1440,.T.);
#1440 = EDGE_CURVE('',#1403,#1441,#1443,.T.);
#1441 = VERTEX_POINT('',#1442);
#1442 = CARTESIAN_POINT('',(-0.95,0.6,0.65));
#1443 = SURFACE_CURVE('',#1444,(#1448,#1455),.PCURVE_S1.);
#1444 = LINE('',#1445,#1446);
#1445 = CARTESIAN_POINT('',(-0.5,0.6,0.65));
#1446 = VECTOR('',#1447,1.);
#1447 = DIRECTION('',(-1.,0.,0.));
#1448 = PCURVE('',#1412,#1449);
#1449 = DEFINITIONAL_REPRESENTATION('',(#1450),#1454);
#1450 = LINE('',#1451,#1452);
#1451 = CARTESIAN_POINT('',(0.,-5.E-02));
#1452 = VECTOR('',#1453,1.);
#1453 = DIRECTION('',(1.,0.));
#1454 = ( GEOMETRIC_REPRESENTATION_CONTEXT(2) 
PARAMETRIC_REPRESENTATION_CONTEXT() REPRESENTATION_CONTEXT('2D SPACE',''
  ) );
#1455 = PCURVE('',#1385,#1456);
#1456 = DEFINITIONAL_REPRESENTATION('',(#1457),#1461);
#1457 = LINE('',#1458,#1459);
#1458 = CARTESIAN_POINT('',(0.,0.));
#1459 = VECTOR('',#1460,1.);
#1460 = DIRECTION('',(0.,1.));
#1461 = ( GEOMETRIC_REPRESENTATION_CONTEXT(2) 
PARAMETRIC_REPRESENTATION_CONTEXT() REPRESENTATION_CONTEXT('2D SPACE',''
  ) );
#1462 = ORIENTED_EDGE('',*,*,#1463,.T.);
#1463 = EDGE_CURVE('',#1441,#1464,#1466,.T.);
#1464 = VERTEX_POINT('',#1465);
#1465 = CARTESIAN_POINT('',(-0.95,-0.6,0.65));
#1466 = SURFACE_CURVE('',#1467,(#1471,#1478),.PCURVE_S1.);
#1467 = LINE('',#1468,#1469);
#1468 = CARTESIAN_POINT('',(-0.95,-0.65,0.65));
#1469 = VECTOR('',#1470,1.);
#1470 = DIRECTION('',(0.,-1.,0.));
#1471 = PCURVE('',#1412,#1472);
#1472 = DEFINITIONAL_REPRESENTATION('',(#1473),#1477);
#1473 = LINE('',#1474,#1475);
#1474 = CARTESIAN_POINT('',(0.45,-1.3));
#1475 = VECTOR('',#1476,1.);
#1476 = DIRECTION('',(0.,-1.));
#1477 = ( GEOMETRIC_REPRESENTATION_CONTEXT(2) 
PARAMETRIC_REPRESENTATION_CONTEXT() REPRESENTATION_CONTEXT('2D SPACE',''
  ) );
#1478 = PCURVE('',#1479,#1484);
#1479 = CYLINDRICAL_SURFACE('',#1480,5.E-02);
#1480 = AXIS2_PLACEMENT_3D('',#1481,#1482,#1483);
#1481 = CARTESIAN_POINT('',(-0.95,0.65,0.6));
#1482 = DIRECTION('',(0.,1.,0.));
#1483 = DIRECTION('',(0.,-0.,1.));
#1484 = DEFINITIONAL_REPRESENTATION('',(#1485),#1489);
#1485 = LINE('',#1486,#1487);
#1486 = CARTESIAN_POINT('',(6.28318530718,-1.3));
#1487 = VECTOR('',#1488,1.);
#1488 = DIRECTION('',(0.,-1.));
#1489 = ( GEOMETRIC_REPRESENTATION_CONTEXT(2) 
PARAMETRIC_REPRESENTATION_CONTEXT() REPRESENTATION_CONTEXT('2D SPACE',''
  ) );
#1490 = ORIENTED_EDGE('',*,*,#1491,.T.);
#1491 = EDGE_CURVE('',#1464,#1401,#1492,.T.);
#1492 = SURFACE_CURVE('',#1493,(#1497,#1504),.PCURVE_S1.);
#1493 = LINE('',#1494,#1495);
#1494 = CARTESIAN_POINT('',(-0.5,-0.6,0.65));
#1495 = VECTOR('',#1496,1.);
#1496 = DIRECTION('',(1.,-0.,-0.));
#1497 = PCURVE('',#1412,#1498);
#1498 = DEFINITIONAL_REPRESENTATION('',(#1499),#1503);
#1499 = LINE('',#1500,#1501);
#1500 = CARTESIAN_POINT('',(0.,-1.25));
#1501 = VECTOR('',#1502,1.);
#1502 = DIRECTION('',(-1.,0.));
#1503 = ( GEOMETRIC_REPRESENTATION_CONTEXT(2) 
PARAMETRIC_REPRESENTATION_CONTEXT() REPRESENTATION_CONTEXT('2D SPACE',''
  ) );
#1504 = PCURVE('',#1505,#1510);
#1505 = CYLINDRICAL_SURFACE('',#1506,5.E-02);
#1506 = AXIS2_PLACEMENT_3D('',#1507,#1508,#1509);
#1507 = CARTESIAN_POINT('',(-0.5,-0.6,0.6));
#1508 = DIRECTION('',(-1.,0.,0.));
#1509 = DIRECTION('',(0.,0.,1.));
#1510 = DEFINITIONAL_REPRESENTATION('',(#1511),#1515);
#1511 = LINE('',#1512,#1513);
#1512 = CARTESIAN_POINT('',(6.28318530718,0.));
#1513 = VECTOR('',#1514,1.);
#1514 = DIRECTION('',(0.,-1.));
#1515 = ( GEOMETRIC_REPRESENTATION_CONTEXT(2) 
PARAMETRIC_REPRESENTATION_CONTEXT() REPRESENTATION_CONTEXT('2D SPACE',''
  ) );
#1516 = ADVANCED_FACE('',(#1517),#661,.F.);
#1517 = FACE_BOUND('',#1518,.T.);
#1518 = EDGE_LOOP('',(#1519,#1547,#1570,#1596));
#1519 = ORIENTED_EDGE('',*,*,#1520,.T.);
#1520 = EDGE_CURVE('',#567,#1521,#1523,.T.);
#1521 = VERTEX_POINT('',#1522);
#1522 = CARTESIAN_POINT('',(-0.581965013337,-0.65,0.6));
#1523 = SURFACE_CURVE('',#1524,(#1529,#1540),.PCURVE_S1.);
#1524 = CIRCLE('',#1525,2.23704144294);
#1525 = AXIS2_PLACEMENT_3D('',#1526,#1527,#1528);
#1526 = CARTESIAN_POINT('',(-2.73704144294,-0.65,2.215252761624E-15));
#1527 = DIRECTION('',(0.,-1.,3.383061121595E-15));
#1528 = DIRECTION('',(0.,-3.383061121595E-15,-1.));
#1529 = PCURVE('',#661,#1530);
#1530 = DEFINITIONAL_REPRESENTATION('',(#1531),#1539);
#1531 = ( BOUNDED_CURVE() B_SPLINE_CURVE(2,(#1532,#1533,#1534,#1535,
#1536,#1537,#1538),.UNSPECIFIED.,.T.,.F.) B_SPLINE_CURVE_WITH_KNOTS((1,2
    ,2,2,2,1),(-2.094395102393,0.,2.094395102393,4.188790204786,
6.28318530718,8.377580409573),.UNSPECIFIED.) CURVE() 
GEOMETRIC_REPRESENTATION_ITEM() RATIONAL_B_SPLINE_CURVE((1.,0.5,1.,0.5,
1.,0.5,1.)) REPRESENTATION_ITEM('') );
#1532 = CARTESIAN_POINT('',(-2.88704144294,-2.23704144294));
#1533 = CARTESIAN_POINT('',(-2.88704144294,1.637627994869));
#1534 = CARTESIAN_POINT('',(0.46852072147,-0.299706724035));
#1535 = CARTESIAN_POINT('',(3.82408288588,-2.23704144294));
#1536 = CARTESIAN_POINT('',(0.46852072147,-4.174376161844));
#1537 = CARTESIAN_POINT('',(-2.88704144294,-6.111710880749));
#1538 = CARTESIAN_POINT('',(-2.88704144294,-2.23704144294));
#1539 = ( GEOMETRIC_REPRESENTATION_CONTEXT(2) 
PARAMETRIC_REPRESENTATION_CONTEXT() REPRESENTATION_CONTEXT('2D SPACE',''
  ) );
#1540 = PCURVE('',#611,#1541);
#1541 = DEFINITIONAL_REPRESENTATION('',(#1542),#1546);
#1542 = LINE('',#1543,#1544);
#1543 = CARTESIAN_POINT('',(0.,2.E-02));
#1544 = VECTOR('',#1545,1.);
#1545 = DIRECTION('',(1.,0.));
#1546 = ( GEOMETRIC_REPRESENTATION_CONTEXT(2) 
PARAMETRIC_REPRESENTATION_CONTEXT() REPRESENTATION_CONTEXT('2D SPACE',''
  ) );
#1547 = ORIENTED_EDGE('',*,*,#1548,.T.);
#1548 = EDGE_CURVE('',#1521,#1549,#1551,.T.);
#1549 = VERTEX_POINT('',#1550);
#1550 = CARTESIAN_POINT('',(-0.95,-0.65,0.6));
#1551 = SURFACE_CURVE('',#1552,(#1556,#1563),.PCURVE_S1.);
#1552 = LINE('',#1553,#1554);
#1553 = CARTESIAN_POINT('',(-0.5,-0.65,0.6));
#1554 = VECTOR('',#1555,1.);
#1555 = DIRECTION('',(-1.,0.,0.));
#1556 = PCURVE('',#661,#1557);
#1557 = DEFINITIONAL_REPRESENTATION('',(#1558),#1562);
#1558 = LINE('',#1559,#1560);
#1559 = CARTESIAN_POINT('',(-5.E-02,0.));
#1560 = VECTOR('',#1561,1.);
#1561 = DIRECTION('',(0.,-1.));
#1562 = ( GEOMETRIC_REPRESENTATION_CONTEXT(2) 
PARAMETRIC_REPRESENTATION_CONTEXT() REPRESENTATION_CONTEXT('2D SPACE',''
  ) );
#1563 = PCURVE('',#1505,#1564);
#1564 = DEFINITIONAL_REPRESENTATION('',(#1565),#1569);
#1565 = LINE('',#1566,#1567);
#1566 = CARTESIAN_POINT('',(4.712388980385,0.));
#1567 = VECTOR('',#1568,1.);
#1568 = DIRECTION('',(0.,1.));
#1569 = ( GEOMETRIC_REPRESENTATION_CONTEXT(2) 
PARAMETRIC_REPRESENTATION_CONTEXT() REPRESENTATION_CONTEXT('2D SPACE',''
  ) );
#1570 = ORIENTED_EDGE('',*,*,#1571,.T.);
#1571 = EDGE_CURVE('',#1549,#646,#1572,.T.);
#1572 = SURFACE_CURVE('',#1573,(#1577,#1584),.PCURVE_S1.);
#1573 = LINE('',#1574,#1575);
#1574 = CARTESIAN_POINT('',(-0.95,-0.65,-0.65));
#1575 = VECTOR('',#1576,1.);
#1576 = DIRECTION('',(0.,0.,-1.));
#1577 = PCURVE('',#661,#1578);
#1578 = DEFINITIONAL_REPRESENTATION('',(#1579),#1583);
#1579 = LINE('',#1580,#1581);
#1580 = CARTESIAN_POINT('',(-1.3,-0.45));
#1581 = VECTOR('',#1582,1.);
#1582 = DIRECTION('',(-1.,0.));
#1583 = ( GEOMETRIC_REPRESENTATION_CONTEXT(2) 
PARAMETRIC_REPRESENTATION_CONTEXT() REPRESENTATION_CONTEXT('2D SPACE',''
  ) );
#1584 = PCURVE('',#1585,#1590);
#1585 = CYLINDRICAL_SURFACE('',#1586,5.E-02);
#1586 = AXIS2_PLACEMENT_3D('',#1587,#1588,#1589);
#1587 = CARTESIAN_POINT('',(-0.95,-0.6,0.65));
#1588 = DIRECTION('',(0.,-0.,1.));
#1589 = DIRECTION('',(1.,0.,0.));
#1590 = DEFINITIONAL_REPRESENTATION('',(#1591),#1595);
#1591 = LINE('',#1592,#1593);
#1592 = CARTESIAN_POINT('',(4.712388980385,-1.3));
#1593 = VECTOR('',#1594,1.);
#1594 = DIRECTION('',(0.,-1.));
#1595 = ( GEOMETRIC_REPRESENTATION_CONTEXT(2) 
PARAMETRIC_REPRESENTATION_CONTEXT() REPRESENTATION_CONTEXT('2D SPACE',''
  ) );
#1596 = ORIENTED_EDGE('',*,*,#645,.T.);
#1597 = ADVANCED_FACE('',(#1598),#1505,.T.);
#1598 = FACE_BOUND('',#1599,.T.);
#1599 = EDGE_LOOP('',(#1600,#1630,#1702,#1703,#1752,#1753,#1824,#1852,
    #1928));
#1600 = ORIENTED_EDGE('',*,*,#1601,.T.);
#1601 = EDGE_CURVE('',#1602,#1604,#1606,.T.);
#1602 = VERTEX_POINT('',#1603);
#1603 = CARTESIAN_POINT('',(-0.593503615555,-0.63,0.64));
#1604 = VERTEX_POINT('',#1605);
#1605 = CARTESIAN_POINT('',(-0.590543267439,-0.63,0.64));
#1606 = SURFACE_CURVE('',#1607,(#1611,#1618),.PCURVE_S1.);
#1607 = LINE('',#1608,#1609);
#1608 = CARTESIAN_POINT('',(-0.5,-0.63,0.64));
#1609 = VECTOR('',#1610,1.);
#1610 = DIRECTION('',(1.,-0.,-0.));
#1611 = PCURVE('',#1505,#1612);
#1612 = DEFINITIONAL_REPRESENTATION('',(#1613),#1617);
#1613 = LINE('',#1614,#1615);
#1614 = CARTESIAN_POINT('',(5.639684198386,0.));
#1615 = VECTOR('',#1616,1.);
#1616 = DIRECTION('',(0.,-1.));
#1617 = ( GEOMETRIC_REPRESENTATION_CONTEXT(2) 
PARAMETRIC_REPRESENTATION_CONTEXT() REPRESENTATION_CONTEXT('2D SPACE',''
  ) );
#1618 = PCURVE('',#1619,#1624);
#1619 = PLANE('',#1620);
#1620 = AXIS2_PLACEMENT_3D('',#1621,#1622,#1623);
#1621 = CARTESIAN_POINT('',(-2.73704144294,-0.63,2.147591539192E-15));
#1622 = DIRECTION('',(0.,-1.,3.383061121595E-15));
#1623 = DIRECTION('',(0.,-3.383061121595E-15,-1.));
#1624 = DEFINITIONAL_REPRESENTATION('',(#1625),#1629);
#1625 = LINE('',#1626,#1627);
#1626 = CARTESIAN_POINT('',(-0.64,2.23704144294));
#1627 = VECTOR('',#1628,1.);
#1628 = DIRECTION('',(0.,1.));
#1629 = ( GEOMETRIC_REPRESENTATION_CONTEXT(2) 
PARAMETRIC_REPRESENTATION_CONTEXT() REPRESENTATION_CONTEXT('2D SPACE',''
  ) );
#1630 = ORIENTED_EDGE('',*,*,#1631,.T.);
#1631 = EDGE_CURVE('',#1604,#1401,#1632,.T.);
#1632 = SURFACE_CURVE('',#1633,(#1644,#1673),.PCURVE_S1.);
#1633 = B_SPLINE_CURVE_WITH_KNOTS('',3,(#1634,#1635,#1636,#1637,#1638,
    #1639,#1640,#1641,#1642,#1643),.UNSPECIFIED.,.F.,.F.,(4,3,3,4),(
    2.854244239832E-04,2.899013542051E-04,3.072093215005E-04,
    3.184718092448E-04),.UNSPECIFIED.);
#1634 = CARTESIAN_POINT('',(-0.590543267439,-0.63,0.64));
#1635 = CARTESIAN_POINT('',(-0.590199245668,-0.628827869679,
    0.640879097741));
#1636 = CARTESIAN_POINT('',(-0.589845131953,-0.627617790283,
    0.641706015053));
#1637 = CARTESIAN_POINT('',(-0.589483162911,-0.626376764662,
    0.642476655777));
#1638 = CARTESIAN_POINT('',(-0.588094158057,-0.621614504881,
    0.645433880238));
#1639 = CARTESIAN_POINT('',(-0.586564725724,-0.616308521846,
    0.647592099041));
#1640 = CARTESIAN_POINT('',(-0.58502269677,-0.610876201503,
    0.648802748292));
#1641 = CARTESIAN_POINT('',(-0.58401153622,-0.607314045287,
    0.649596611961));
#1642 = CARTESIAN_POINT('',(-0.582980738842,-0.603648276824,0.65));
#1643 = CARTESIAN_POINT('',(-0.581965013337,-0.6,0.65));
#1644 = PCURVE('',#1505,#1645);
#1645 = DEFINITIONAL_REPRESENTATION('',(#1646),#1672);
#1646 = B_SPLINE_CURVE_WITH_KNOTS('',3,(#1647,#1648,#1649,#1650,#1651,
    #1652,#1653,#1654,#1655,#1656,#1657,#1658,#1659,#1660,#1661,#1662,
    #1663,#1664,#1665,#1666,#1667,#1668,#1669,#1670,#1671),
  .UNSPECIFIED.,.F.,.F.,(4,1,1,1,1,1,1,1,1,1,1,1,1,1,1,1,1,1,1,1,1,1,4),
  (2.854244239832E-04,2.869265778587E-04,2.884287317342E-04,
    2.899308856098E-04,2.914330394853E-04,2.929351933608E-04,
    2.944373472363E-04,2.959395011119E-04,2.974416549874E-04,
    2.989438088629E-04,3.004459627385E-04,3.01948116614E-04,
    3.034502704895E-04,3.04952424365E-04,3.064545782406E-04,
    3.079567321161E-04,3.094588859916E-04,3.109610398672E-04,
    3.124631937427E-04,3.139653476182E-04,3.154675014937E-04,
    3.169696553693E-04,3.184718092448E-04),.QUASI_UNIFORM_KNOTS.);
#1647 = CARTESIAN_POINT('',(5.639684198386,9.054326743855E-02));
#1648 = CARTESIAN_POINT('',(5.649515890684,9.042784296682E-02));
#1649 = CARTESIAN_POINT('',(5.669180547424,9.019465396589E-02));
#1650 = CARTESIAN_POINT('',(5.698629456352,8.983886082607E-02));
#1651 = CARTESIAN_POINT('',(5.728124282837,8.947626587753E-02));
#1652 = CARTESIAN_POINT('',(5.757248418353,8.911238641505E-02));
#1653 = CARTESIAN_POINT('',(5.786510312658,8.874131789472E-02));
#1654 = CARTESIAN_POINT('',(5.815762942587,8.836527821044E-02));
#1655 = CARTESIAN_POINT('',(5.845033961609,8.798430878386E-02));
#1656 = CARTESIAN_POINT('',(5.874303445489,8.75990344878E-02));
#1657 = CARTESIAN_POINT('',(5.903563749466,8.720992286266E-02));
#1658 = CARTESIAN_POINT('',(5.932803344867,8.681748732731E-02));
#1659 = CARTESIAN_POINT('',(5.962012640903,8.642221511925E-02));
#1660 = CARTESIAN_POINT('',(5.991177892889,8.602465232291E-02));
#1661 = CARTESIAN_POINT('',(6.020300778096,8.562513581635E-02));
#1662 = CARTESIAN_POINT('',(6.04932720506,8.522478045629E-02));
#1663 = CARTESIAN_POINT('',(6.078413504022,8.48217983911E-02));
#1664 = CARTESIAN_POINT('',(6.107682860105,8.44148481496E-02));
#1665 = CARTESIAN_POINT('',(6.136932087473,8.400710945393E-02));
#1666 = CARTESIAN_POINT('',(6.166203407508,8.359835681518E-02));
#1667 = CARTESIAN_POINT('',(6.195472959582,8.318927716961E-02));
#1668 = CARTESIAN_POINT('',(6.22473449232,8.278031296386E-02));
#1669 = CARTESIAN_POINT('',(6.253977102319,8.237197217785E-02));
#1670 = CARTESIAN_POINT('',(6.2734534371,8.210048749124E-02));
#1671 = CARTESIAN_POINT('',(6.28318530718,8.196501333686E-02));
#1672 = ( GEOMETRIC_REPRESENTATION_CONTEXT(2) 
PARAMETRIC_REPRESENTATION_CONTEXT() REPRESENTATION_CONTEXT('2D SPACE',''
  ) );
#1673 = PCURVE('',#1428,#1674);
#1674 = DEFINITIONAL_REPRESENTATION('',(#1675),#1701);
#1675 = B_SPLINE_CURVE_WITH_KNOTS('',3,(#1676,#1677,#1678,#1679,#1680,
    #1681,#1682,#1683,#1684,#1685,#1686,#1687,#1688,#1689,#1690,#1691,
    #1692,#1693,#1694,#1695,#1696,#1697,#1698,#1699,#1700),
  .UNSPECIFIED.,.F.,.F.,(4,1,1,1,1,1,1,1,1,1,1,1,1,1,1,1,1,1,1,1,1,1,4),
  (2.854244239832E-04,2.869265778587E-04,2.884287317342E-04,
    2.899308856098E-04,2.914330394853E-04,2.929351933608E-04,
    2.944373472363E-04,2.959395011119E-04,2.974416549874E-04,
    2.989438088629E-04,3.004459627385E-04,3.01948116614E-04,
    3.034502704895E-04,3.04952424365E-04,3.064545782406E-04,
    3.079567321161E-04,3.094588859916E-04,3.109610398672E-04,
    3.124631937427E-04,3.139653476182E-04,3.154675014937E-04,
    3.169696553693E-04,3.184718092448E-04),.QUASI_UNIFORM_KNOTS.);
#1676 = CARTESIAN_POINT('',(1.285312256647,1.E-02));
#1677 = CARTESIAN_POINT('',(1.285495470043,1.02949529983E-02));
#1678 = CARTESIAN_POINT('',(1.285865955772,1.087325614335E-02));
#1679 = CARTESIAN_POINT('',(1.286432315456,1.170388288144E-02));
#1680 = CARTESIAN_POINT('',(1.28701062779,1.249957535165E-02));
#1681 = CARTESIAN_POINT('',(1.287592178845,1.324853128784E-02));
#1682 = CARTESIAN_POINT('',(1.28818645617,1.396362624982E-02));
#1683 = CARTESIAN_POINT('',(1.288789947448,1.464067135426E-02));
#1684 = CARTESIAN_POINT('',(1.289402623789,1.528005017677E-02));
#1685 = CARTESIAN_POINT('',(1.290023522495,1.588092090042E-02));
#1686 = CARTESIAN_POINT('',(1.290651932728,1.644277081952E-02));
#1687 = CARTESIAN_POINT('',(1.291287070077,1.696499617589E-02));
#1688 = CARTESIAN_POINT('',(1.291928192641,1.744702831016E-02));
#1689 = CARTESIAN_POINT('',(1.292574462159,1.788824922014E-02));
#1690 = CARTESIAN_POINT('',(1.29322538341,1.828820317608E-02));
#1691 = CARTESIAN_POINT('',(1.293879185517,1.864583470136E-02));
#1692 = CARTESIAN_POINT('',(1.294538857346,1.89623250344E-02));
#1693 = CARTESIAN_POINT('',(1.295206612049,1.923867309044E-02));
#1694 = CARTESIAN_POINT('',(1.29587724844,1.947263204121E-02));
#1695 = CARTESIAN_POINT('',(1.296551144031,1.966457084511E-02));
#1696 = CARTESIAN_POINT('',(1.297227181525,1.981415756136E-02));
#1697 = CARTESIAN_POINT('',(1.297904644171,1.992124805919E-02));
#1698 = CARTESIAN_POINT('',(1.298582707865,1.9985647867E-02));
#1699 = CARTESIAN_POINT('',(1.299034620904,2.E-02));
#1700 = CARTESIAN_POINT('',(1.29926041116,2.E-02));
#1701 = ( GEOMETRIC_REPRESENTATION_CONTEXT(2) 
PARAMETRIC_REPRESENTATION_CONTEXT() REPRESENTATION_CONTEXT('2D SPACE',''
  ) );
#1702 = ORIENTED_EDGE('',*,*,#1491,.F.);
#1703 = ORIENTED_EDGE('',*,*,#1704,.F.);
#1704 = EDGE_CURVE('',#1549,#1464,#1705,.T.);
#1705 = SURFACE_CURVE('',#1706,(#1711,#1718),.PCURVE_S1.);
#1706 = CIRCLE('',#1707,5.E-02);
#1707 = AXIS2_PLACEMENT_3D('',#1708,#1709,#1710);
#1708 = CARTESIAN_POINT('',(-0.95,-0.6,0.6));
#1709 = DIRECTION('',(-1.,0.,0.));
#1710 = DIRECTION('',(0.,0.,1.));
#1711 = PCURVE('',#1505,#1712);
#1712 = DEFINITIONAL_REPRESENTATION('',(#1713),#1717);
#1713 = LINE('',#1714,#1715);
#1714 = CARTESIAN_POINT('',(0.,0.45));
#1715 = VECTOR('',#1716,1.);
#1716 = DIRECTION('',(1.,0.));
#1717 = ( GEOMETRIC_REPRESENTATION_CONTEXT(2) 
PARAMETRIC_REPRESENTATION_CONTEXT() REPRESENTATION_CONTEXT('2D SPACE',''
  ) );
#1718 = PCURVE('',#1719,#1724);
#1719 = SPHERICAL_SURFACE('',#1720,5.E-02);
#1720 = AXIS2_PLACEMENT_3D('',#1721,#1722,#1723);
#1721 = CARTESIAN_POINT('',(-0.95,-0.6,0.6));
#1722 = DIRECTION('',(0.,1.,0.));
#1723 = DIRECTION('',(1.,0.,0.));
#1724 = DEFINITIONAL_REPRESENTATION('',(#1725),#1751);
#1725 = B_SPLINE_CURVE_WITH_KNOTS('',3,(#1726,#1727,#1728,#1729,#1730,
    #1731,#1732,#1733,#1734,#1735,#1736,#1737,#1738,#1739,#1740,#1741,
    #1742,#1743,#1744,#1745,#1746,#1747,#1748,#1749,#1750),
  .UNSPECIFIED.,.F.,.F.,(4,1,1,1,1,1,1,1,1,1,1,1,1,1,1,1,1,1,1,1,1,1,4),
  (4.712388980385,4.783788813421,4.855188646457,4.926588479493,
    4.997988312529,5.069388145565,5.140787978601,5.212187811638,
    5.283587644674,5.35498747771,5.426387310746,5.497787143782,
    5.569186976818,5.640586809854,5.711986642891,5.783386475927,
    5.854786308963,5.926186141999,5.997585975035,6.068985808071,
    6.140385641107,6.211785474143,6.28318530718),.QUASI_UNIFORM_KNOTS.);
#1726 = CARTESIAN_POINT('',(4.712388980385,-1.570796326795));
#1727 = CARTESIAN_POINT('',(4.712388980385,-1.54699638245));
#1728 = CARTESIAN_POINT('',(4.712388980385,-1.499396493759));
#1729 = CARTESIAN_POINT('',(4.712388980385,-1.427996660723));
#1730 = CARTESIAN_POINT('',(4.712388980385,-1.356596827687));
#1731 = CARTESIAN_POINT('',(4.712388980385,-1.28519699465));
#1732 = CARTESIAN_POINT('',(4.712388980385,-1.213797161614));
#1733 = CARTESIAN_POINT('',(4.712388980385,-1.142397328578));
#1734 = CARTESIAN_POINT('',(4.712388980385,-1.070997495542));
#1735 = CARTESIAN_POINT('',(4.712388980385,-0.999597662506));
#1736 = CARTESIAN_POINT('',(4.712388980385,-0.92819782947));
#1737 = CARTESIAN_POINT('',(4.712388980385,-0.856797996434));
#1738 = CARTESIAN_POINT('',(4.712388980385,-0.785398163397));
#1739 = CARTESIAN_POINT('',(4.712388980385,-0.713998330361));
#1740 = CARTESIAN_POINT('',(4.712388980385,-0.642598497325));
#1741 = CARTESIAN_POINT('',(4.712388980385,-0.571198664289));
#1742 = CARTESIAN_POINT('',(4.712388980385,-0.499798831253));
#1743 = CARTESIAN_POINT('',(4.712388980385,-0.428398998217));
#1744 = CARTESIAN_POINT('',(4.712388980385,-0.356999165181));
#1745 = CARTESIAN_POINT('',(4.712388980385,-0.285599332145));
#1746 = CARTESIAN_POINT('',(4.712388980385,-0.214199499108));
#1747 = CARTESIAN_POINT('',(4.712388980385,-0.142799666072));
#1748 = CARTESIAN_POINT('',(4.712388980385,-7.139983303613E-02));
#1749 = CARTESIAN_POINT('',(4.712388980385,-2.379994434538E-02));
#1750 = CARTESIAN_POINT('',(4.712388980385,0.));
#1751 = ( GEOMETRIC_REPRESENTATION_CONTEXT(2) 
PARAMETRIC_REPRESENTATION_CONTEXT() REPRESENTATION_CONTEXT('2D SPACE',''
  ) );
#1752 = ORIENTED_EDGE('',*,*,#1548,.F.);
#1753 = ORIENTED_EDGE('',*,*,#1754,.T.);
#1754 = EDGE_CURVE('',#1521,#1755,#1757,.T.);
#1755 = VERTEX_POINT('',#1756);
#1756 = CARTESIAN_POINT('',(-0.590543267439,-0.64,0.63));
#1757 = SURFACE_CURVE('',#1758,(#1766,#1795),.PCURVE_S1.);
#1758 = B_SPLINE_CURVE_WITH_KNOTS('',3,(#1759,#1760,#1761,#1762,#1763,
    #1764,#1765),.UNSPECIFIED.,.F.,.F.,(4,3,4),(2.389045853799E-04,
    2.557808603354E-04,2.720926564886E-04),.UNSPECIFIED.);
#1759 = CARTESIAN_POINT('',(-0.581965013337,-0.65,0.6));
#1760 = CARTESIAN_POINT('',(-0.583473221011,-0.65,0.605417171349));
#1761 = CARTESIAN_POINT('',(-0.585021118574,-0.649099613538,
    0.610894043586));
#1762 = CARTESIAN_POINT('',(-0.586493599667,-0.647359241718,
    0.616034407501));
#1763 = CARTESIAN_POINT('',(-0.587916109671,-0.645677932303,
    0.621000324637));
#1764 = CARTESIAN_POINT('',(-0.589301511514,-0.643173127174,
    0.625769163768));
#1765 = CARTESIAN_POINT('',(-0.590543267439,-0.64,0.63));
#1766 = PCURVE('',#1505,#1767);
#1767 = DEFINITIONAL_REPRESENTATION('',(#1768),#1794);
#1768 = B_SPLINE_CURVE_WITH_KNOTS('',3,(#1769,#1770,#1771,#1772,#1773,
    #1774,#1775,#1776,#1777,#1778,#1779,#1780,#1781,#1782,#1783,#1784,
    #1785,#1786,#1787,#1788,#1789,#1790,#1791,#1792,#1793),
  .UNSPECIFIED.,.F.,.F.,(4,1,1,1,1,1,1,1,1,1,1,1,1,1,1,1,1,1,1,1,1,1,4),
  (2.389045853799E-04,2.404131340667E-04,2.419216827534E-04,
    2.434302314402E-04,2.449387801269E-04,2.464473288137E-04,
    2.479558775005E-04,2.494644261872E-04,2.50972974874E-04,
    2.524815235607E-04,2.539900722475E-04,2.554986209343E-04,
    2.57007169621E-04,2.585157183078E-04,2.600242669945E-04,
    2.615328156813E-04,2.630413643681E-04,2.645499130548E-04,
    2.660584617416E-04,2.675670104283E-04,2.690755591151E-04,
    2.705841078019E-04,2.720926564886E-04),.QUASI_UNIFORM_KNOTS.);
#1769 = CARTESIAN_POINT('',(4.712388980385,8.196501333685E-02));
#1770 = CARTESIAN_POINT('',(4.722073602776,8.209983009661E-02));
#1771 = CARTESIAN_POINT('',(4.741462154422,8.237009788782E-02));
#1772 = CARTESIAN_POINT('',(4.770593947119,8.277690910405E-02));
#1773 = CARTESIAN_POINT('',(4.799765987583,8.318463656275E-02));
#1774 = CARTESIAN_POINT('',(4.82896872567,8.359278698142E-02));
#1775 = CARTESIAN_POINT('',(4.858192269218,8.4000867061E-02));
#1776 = CARTESIAN_POINT('',(4.887426467774,8.44083835643E-02));
#1777 = CARTESIAN_POINT('',(4.916661082052,8.481484302322E-02));
#1778 = CARTESIAN_POINT('',(4.9458860295,8.521975283135E-02));
#1779 = CARTESIAN_POINT('',(4.975091244173,8.562261716652E-02));
#1780 = CARTESIAN_POINT('',(5.004267999916,8.602295220787E-02));
#1781 = CARTESIAN_POINT('',(5.033404755016,8.642022934502E-02));
#1782 = CARTESIAN_POINT('',(5.062503429472,8.681408712438E-02));
#1783 = CARTESIAN_POINT('',(5.091697944471,8.720595266906E-02));
#1784 = CARTESIAN_POINT('',(5.120947890639,8.759491069113E-02));
#1785 = CARTESIAN_POINT('',(5.150250881653,8.798056533606E-02));
#1786 = CARTESIAN_POINT('',(5.179593867105,8.836238156756E-02));
#1787 = CARTESIAN_POINT('',(5.208966399383,8.873986164298E-02));
#1788 = CARTESIAN_POINT('',(5.238357305576,8.911249782688E-02));
#1789 = CARTESIAN_POINT('',(5.267755798208,8.947978506137E-02));
#1790 = CARTESIAN_POINT('',(5.297151430025,8.984121757109E-02));
#1791 = CARTESIAN_POINT('',(5.326534229563,9.019628977302E-02));
#1792 = CARTESIAN_POINT('',(5.346108247832,9.042842727923E-02));
#1793 = CARTESIAN_POINT('',(5.355890089178,9.054326743855E-02));
#1794 = ( GEOMETRIC_REPRESENTATION_CONTEXT(2) 
PARAMETRIC_REPRESENTATION_CONTEXT() REPRESENTATION_CONTEXT('2D SPACE',''
  ) );
#1795 = PCURVE('',#611,#1796);
#1796 = DEFINITIONAL_REPRESENTATION('',(#1797),#1823);
#1797 = B_SPLINE_CURVE_WITH_KNOTS('',3,(#1798,#1799,#1800,#1801,#1802,
    #1803,#1804,#1805,#1806,#1807,#1808,#1809,#1810,#1811,#1812,#1813,
    #1814,#1815,#1816,#1817,#1818,#1819,#1820,#1821,#1822),
  .UNSPECIFIED.,.F.,.F.,(4,1,1,1,1,1,1,1,1,1,1,1,1,1,1,1,1,1,1,1,1,1,4),
  (2.389045853799E-04,2.404131340667E-04,2.419216827534E-04,
    2.434302314402E-04,2.449387801269E-04,2.464473288137E-04,
    2.479558775005E-04,2.494644261872E-04,2.50972974874E-04,
    2.524815235607E-04,2.539900722475E-04,2.554986209343E-04,
    2.57007169621E-04,2.585157183078E-04,2.600242669945E-04,
    2.615328156813E-04,2.630413643681E-04,2.645499130548E-04,
    2.660584617416E-04,2.675670104283E-04,2.690755591151E-04,
    2.705841078019E-04,2.720926564886E-04),.QUASI_UNIFORM_KNOTS.);
#1798 = CARTESIAN_POINT('',(1.84233224243,2.E-02));
#1799 = CARTESIAN_POINT('',(1.842556937027,2.E-02));
#1800 = CARTESIAN_POINT('',(1.843006813134,1.998561120491E-02));
#1801 = CARTESIAN_POINT('',(1.843682297991,1.992112047429E-02));
#1802 = CARTESIAN_POINT('',(1.844357663517,1.981398105473E-02));
#1803 = CARTESIAN_POINT('',(1.845032119661,1.966445178903E-02));
#1804 = CARTESIAN_POINT('',(1.84570487633,1.947279154328E-02));
#1805 = CARTESIAN_POINT('',(1.846375143517,1.923925909663E-02));
#1806 = CARTESIAN_POINT('',(1.847042130831,1.896411355267E-02));
#1807 = CARTESIAN_POINT('',(1.847705049276,1.864761280421E-02));
#1808 = CARTESIAN_POINT('',(1.848363104616,1.829001926274E-02));
#1809 = CARTESIAN_POINT('',(1.849015522176,1.789157847574E-02));
#1810 = CARTESIAN_POINT('',(1.849661454276,1.745259892817E-02));
#1811 = CARTESIAN_POINT('',(1.85030032571,1.697315421899E-02));
#1812 = CARTESIAN_POINT('',(1.850934527358,1.645165832334E-02));
#1813 = CARTESIAN_POINT('',(1.851562634477,1.588934222163E-02));
#1814 = CARTESIAN_POINT('',(1.852184068566,1.528680985192E-02));
#1815 = CARTESIAN_POINT('',(1.852798024341,1.464483316777E-02));
#1816 = CARTESIAN_POINT('',(1.853403757251,1.396413910313E-02));
#1817 = CARTESIAN_POINT('',(1.854000506449,1.324546665492E-02));
#1818 = CARTESIAN_POINT('',(1.85458751543,1.248955158778E-02));
#1819 = CARTESIAN_POINT('',(1.855164026508,1.169713053246E-02));
#1820 = CARTESIAN_POINT('',(1.855729282297,1.086893988757E-02));
#1821 = CARTESIAN_POINT('',(1.856098110975,1.029345737199E-02));
#1822 = CARTESIAN_POINT('',(1.856280396943,1.E-02));
#1823 = ( GEOMETRIC_REPRESENTATION_CONTEXT(2) 
PARAMETRIC_REPRESENTATION_CONTEXT() REPRESENTATION_CONTEXT('2D SPACE',''
  ) );
#1824 = ORIENTED_EDGE('',*,*,#1825,.T.);
#1825 = EDGE_CURVE('',#1755,#1826,#1828,.T.);
#1826 = VERTEX_POINT('',#1827);
#1827 = CARTESIAN_POINT('',(-0.593503615555,-0.64,0.63));
#1828 = SURFACE_CURVE('',#1829,(#1833,#1840),.PCURVE_S1.);
#1829 = LINE('',#1830,#1831);
#1830 = CARTESIAN_POINT('',(-0.5,-0.64,0.63));
#1831 = VECTOR('',#1832,1.);
#1832 = DIRECTION('',(-1.,0.,0.));
#1833 = PCURVE('',#1505,#1834);
#1834 = DEFINITIONAL_REPRESENTATION('',(#1835),#1839);
#1835 = LINE('',#1836,#1837);
#1836 = CARTESIAN_POINT('',(5.355890089178,0.));
#1837 = VECTOR('',#1838,1.);
#1838 = DIRECTION('',(0.,1.));
#1839 = ( GEOMETRIC_REPRESENTATION_CONTEXT(2) 
PARAMETRIC_REPRESENTATION_CONTEXT() REPRESENTATION_CONTEXT('2D SPACE',''
  ) );
#1840 = PCURVE('',#1841,#1846);
#1841 = PLANE('',#1842);
#1842 = AXIS2_PLACEMENT_3D('',#1843,#1844,#1845);
#1843 = CARTESIAN_POINT('',(-2.73704144294,-5.20417042793E-17,0.63));
#1844 = DIRECTION('',(0.,-1.084202172486E-16,1.));
#1845 = DIRECTION('',(0.,-1.,-1.084202172486E-16));
#1846 = DEFINITIONAL_REPRESENTATION('',(#1847),#1851);
#1847 = LINE('',#1848,#1849);
#1848 = CARTESIAN_POINT('',(0.64,2.23704144294));
#1849 = VECTOR('',#1850,1.);
#1850 = DIRECTION('',(-0.,-1.));
#1851 = ( GEOMETRIC_REPRESENTATION_CONTEXT(2) 
PARAMETRIC_REPRESENTATION_CONTEXT() REPRESENTATION_CONTEXT('2D SPACE',''
  ) );
#1852 = ORIENTED_EDGE('',*,*,#1853,.T.);
#1853 = EDGE_CURVE('',#1826,#1854,#1856,.T.);
#1854 = VERTEX_POINT('',#1855);
#1855 = CARTESIAN_POINT('',(-0.592122327784,-0.635355339059,
    0.635355339059));
#1856 = SURFACE_CURVE('',#1857,(#1865,#1894),.PCURVE_S1.);
#1857 = B_SPLINE_CURVE_WITH_KNOTS('',3,(#1858,#1859,#1860,#1861,#1862,
    #1863,#1864),.UNSPECIFIED.,.F.,.F.,(4,3,4),(2.710123887068E-04,
    2.732789857347E-04,2.781729122113E-04),.UNSPECIFIED.);
#1858 = CARTESIAN_POINT('',(-0.593503615555,-0.64,0.63));
#1859 = CARTESIAN_POINT('',(-0.593368861194,-0.639548670202,
    0.630601773064));
#1860 = CARTESIAN_POINT('',(-0.593230292264,-0.639084044181,
    0.631192968438));
#1861 = CARTESIAN_POINT('',(-0.593088170241,-0.638606907193,
    0.631772735434));
#1862 = CARTESIAN_POINT('',(-0.592782323603,-0.637580108244,
    0.633020394196));
#1863 = CARTESIAN_POINT('',(-0.592459468817,-0.63649350569,
    0.634217172429));
#1864 = CARTESIAN_POINT('',(-0.592122327784,-0.635355339059,
    0.635355339059));
#1865 = PCURVE('',#1505,#1866);
#1866 = DEFINITIONAL_REPRESENTATION('',(#1867),#1893);
#1867 = B_SPLINE_CURVE_WITH_KNOTS('',3,(#1868,#1869,#1870,#1871,#1872,
    #1873,#1874,#1875,#1876,#1877,#1878,#1879,#1880,#1881,#1882,#1883,
    #1884,#1885,#1886,#1887,#1888,#1889,#1890,#1891,#1892),
  .UNSPECIFIED.,.F.,.F.,(4,1,1,1,1,1,1,1,1,1,1,1,1,1,1,1,1,1,1,1,1,1,4),
  (2.710123887068E-04,2.713378670479E-04,2.71663345389E-04,
    2.719888237301E-04,2.723143020712E-04,2.726397804124E-04,
    2.729652587535E-04,2.732907370946E-04,2.736162154357E-04,
    2.739416937768E-04,2.742671721179E-04,2.745926504591E-04,
    2.749181288002E-04,2.752436071413E-04,2.755690854824E-04,
    2.758945638235E-04,2.762200421646E-04,2.765455205058E-04,
    2.768709988469E-04,2.77196477188E-04,2.775219555291E-04,
    2.778474338702E-04,2.781729122113E-04),.QUASI_UNIFORM_KNOTS.);
#1868 = CARTESIAN_POINT('',(5.355890089178,9.350361555485E-02));
#1869 = CARTESIAN_POINT('',(5.358050421287,9.348426512539E-02));
#1870 = CARTESIAN_POINT('',(5.362370688141,9.344540693232E-02));
#1871 = CARTESIAN_POINT('',(5.368849740829,9.338665245514E-02));
#1872 = CARTESIAN_POINT('',(5.375327361918,9.332743492768E-02));
#1873 = CARTESIAN_POINT('',(5.381803217137,9.326776085848E-02));
#1874 = CARTESIAN_POINT('',(5.388277898333,9.320762794867E-02));
#1875 = CARTESIAN_POINT('',(5.39474854031,9.314706675778E-02));
#1876 = CARTESIAN_POINT('',(5.401225177708,9.308598521918E-02));
#1877 = CARTESIAN_POINT('',(5.407665065425,9.302479279474E-02));
#1878 = CARTESIAN_POINT('',(5.414113803982,9.296306278551E-02));
#1879 = CARTESIAN_POINT('',(5.420559013648,9.290091561657E-02));
#1880 = CARTESIAN_POINT('',(5.42700384922,9.283832511154E-02));
#1881 = CARTESIAN_POINT('',(5.433447301922,9.277530437578E-02));
#1882 = CARTESIAN_POINT('',(5.439889477623,9.271185598917E-02));
#1883 = CARTESIAN_POINT('',(5.446330182666,9.264798535185E-02));
#1884 = CARTESIAN_POINT('',(5.452769302917,9.258369710829E-02));
#1885 = CARTESIAN_POINT('',(5.459206702326,9.251899610544E-02));
#1886 = CARTESIAN_POINT('',(5.465642250233,9.245388713598E-02));
#1887 = CARTESIAN_POINT('',(5.472075814173,9.238837500716E-02));
#1888 = CARTESIAN_POINT('',(5.478507261934,9.23224645223E-02));
#1889 = CARTESIAN_POINT('',(5.484936461129,9.225616048578E-02));
#1890 = CARTESIAN_POINT('',(5.491363279418,9.218946770171E-02));
#1891 = CARTESIAN_POINT('',(5.495646149578,9.214474988341E-02));
#1892 = CARTESIAN_POINT('',(5.497787143784,9.212232778439E-02));
#1893 = ( GEOMETRIC_REPRESENTATION_CONTEXT(2) 
PARAMETRIC_REPRESENTATION_CONTEXT() REPRESENTATION_CONTEXT('2D SPACE',''
  ) );
#1894 = PCURVE('',#1895,#1900);
#1895 = CYLINDRICAL_SURFACE('',#1896,2.23704144294);
#1896 = AXIS2_PLACEMENT_3D('',#1897,#1898,#1899);
#1897 = CARTESIAN_POINT('',(-2.73704144294,-5.20417042793E-17,0.63));
#1898 = DIRECTION('',(-0.,-1.084202172486E-16,1.));
#1899 = DIRECTION('',(0.,-1.,-1.084202172486E-16));
#1900 = DEFINITIONAL_REPRESENTATION('',(#1901),#1927);
#1901 = B_SPLINE_CURVE_WITH_KNOTS('',3,(#1902,#1903,#1904,#1905,#1906,
    #1907,#1908,#1909,#1910,#1911,#1912,#1913,#1914,#1915,#1916,#1917,
    #1918,#1919,#1920,#1921,#1922,#1923,#1924,#1925,#1926),
  .UNSPECIFIED.,.F.,.F.,(4,1,1,1,1,1,1,1,1,1,1,1,1,1,1,1,1,1,1,1,1,1,4),
  (2.710123887068E-04,2.713378670479E-04,2.71663345389E-04,
    2.719888237301E-04,2.723143020712E-04,2.726397804124E-04,
    2.729652587535E-04,2.732907370946E-04,2.736162154357E-04,
    2.739416937768E-04,2.742671721179E-04,2.745926504591E-04,
    2.749181288002E-04,2.752436071413E-04,2.755690854824E-04,
    2.758945638235E-04,2.762200421646E-04,2.765455205058E-04,
    2.768709988469E-04,2.77196477188E-04,2.775219555291E-04,
    2.778474338702E-04,2.781729122113E-04),.QUASI_UNIFORM_KNOTS.);
#1902 = CARTESIAN_POINT('',(1.280650299553,0.));
#1903 = CARTESIAN_POINT('',(1.280680534599,8.641328654086E-05));
#1904 = CARTESIAN_POINT('',(1.280741259714,2.588037049869E-04));
#1905 = CARTESIAN_POINT('',(1.280833105624,5.160650694961E-04));
#1906 = CARTESIAN_POINT('',(1.280925703995,7.719891145685E-04));
#1907 = CARTESIAN_POINT('',(1.281019045343,1.026553183512E-03));
#1908 = CARTESIAN_POINT('',(1.281113133973,1.279770278313E-03));
#1909 = CARTESIAN_POINT('',(1.281207922732,1.531520366667E-03));
#1910 = CARTESIAN_POINT('',(1.281303556517,1.782179894751E-03));
#1911 = CARTESIAN_POINT('',(1.281399394759,2.030093478378E-03));
#1912 = CARTESIAN_POINT('',(1.281496106233,2.277016446247E-03));
#1913 = CARTESIAN_POINT('',(1.281593503066,2.522461157829E-03));
#1914 = CARTESIAN_POINT('',(1.281691626923,2.76654097439E-03));
#1915 = CARTESIAN_POINT('',(1.281790457963,3.009208219248E-03));
#1916 = CARTESIAN_POINT('',(1.281889992827,3.250458365711E-03));
#1917 = CARTESIAN_POINT('',(1.281990223739,3.490275325082E-03));
#1918 = CARTESIAN_POINT('',(1.282091144108,3.728646106693E-03));
#1919 = CARTESIAN_POINT('',(1.282192747023,3.965556889762E-03));
#1920 = CARTESIAN_POINT('',(1.28229502566,4.200994075935E-03));
#1921 = CARTESIAN_POINT('',(1.282397973174,4.43494400726E-03));
#1922 = CARTESIAN_POINT('',(1.282501582721,4.667393041752E-03));
#1923 = CARTESIAN_POINT('',(1.282605847461,4.898327533149E-03));
#1924 = CARTESIAN_POINT('',(1.282710760552,5.127733836337E-03));
#1925 = CARTESIAN_POINT('',(1.282781130284,5.279643482706E-03));
#1926 = CARTESIAN_POINT('',(1.282816420928,5.355339059394E-03));
#1927 = ( GEOMETRIC_REPRESENTATION_CONTEXT(2) 
PARAMETRIC_REPRESENTATION_CONTEXT() REPRESENTATION_CONTEXT('2D SPACE',''
  ) );
#1928 = ORIENTED_EDGE('',*,*,#1929,.T.);
#1929 = EDGE_CURVE('',#1854,#1602,#1930,.T.);
#1930 = SURFACE_CURVE('',#1931,(#1936,#1965),.PCURVE_S1.);
#1931 = B_SPLINE_CURVE_WITH_KNOTS('',3,(#1932,#1933,#1934,#1935),
  .UNSPECIFIED.,.F.,.F.,(4,4),(2.793055812979E-04,2.86537312081E-04),
  .PIECEWISE_BEZIER_KNOTS.);
#1932 = CARTESIAN_POINT('',(-0.592122327784,-0.635355339059,
    0.635355339059));
#1933 = CARTESIAN_POINT('',(-0.592615861507,-0.63368920068,
    0.637021477439));
#1934 = CARTESIAN_POINT('',(-0.593079103155,-0.631895746642,
    0.638578190018));
#1935 = CARTESIAN_POINT('',(-0.593503615555,-0.63,0.64));
#1936 = PCURVE('',#1505,#1937);
#1937 = DEFINITIONAL_REPRESENTATION('',(#1938),#1964);
#1938 = B_SPLINE_CURVE_WITH_KNOTS('',3,(#1939,#1940,#1941,#1942,#1943,
    #1944,#1945,#1946,#1947,#1948,#1949,#1950,#1951,#1952,#1953,#1954,
    #1955,#1956,#1957,#1958,#1959,#1960,#1961,#1962,#1963),
  .UNSPECIFIED.,.F.,.F.,(4,1,1,1,1,1,1,1,1,1,1,1,1,1,1,1,1,1,1,1,1,1,4),
  (2.793055812979E-04,2.796342963335E-04,2.799630113691E-04,
    2.802917264047E-04,2.806204414403E-04,2.809491564759E-04,
    2.812778715115E-04,2.816065865471E-04,2.819353015827E-04,
    2.822640166183E-04,2.825927316539E-04,2.829214466895E-04,
    2.832501617251E-04,2.835788767606E-04,2.839075917962E-04,
    2.842363068318E-04,2.845650218674E-04,2.84893736903E-04,
    2.852224519386E-04,2.855511669742E-04,2.858798820098E-04,
    2.862085970454E-04,2.86537312081E-04),.QUASI_UNIFORM_KNOTS.);
#1939 = CARTESIAN_POINT('',(5.497787143784,9.212232778439E-02));
#1940 = CARTESIAN_POINT('',(5.499929212367,9.21447611354E-02));
#1941 = CARTESIAN_POINT('',(5.504214395171,9.218950266357E-02));
#1942 = CARTESIAN_POINT('',(5.510645172313,9.225623468001E-02));
#1943 = CARTESIAN_POINT('',(5.517078818607,9.23225816664E-02));
#1944 = CARTESIAN_POINT('',(5.523515199577,9.238853886852E-02));
#1945 = CARTESIAN_POINT('',(5.529954180419,9.245410153214E-02));
#1946 = CARTESIAN_POINT('',(5.536395626028,9.251926490302E-02));
#1947 = CARTESIAN_POINT('',(5.542839401116,9.258402422694E-02));
#1948 = CARTESIAN_POINT('',(5.549285370308,9.264837474967E-02));
#1949 = CARTESIAN_POINT('',(5.555733398242,9.271231171698E-02));
#1950 = CARTESIAN_POINT('',(5.56218334967,9.277583037463E-02));
#1951 = CARTESIAN_POINT('',(5.568635089557,9.28389259684E-02));
#1952 = CARTESIAN_POINT('',(5.575088483181,9.290159374406E-02));
#1953 = CARTESIAN_POINT('',(5.581543396237,9.296382894738E-02));
#1954 = CARTESIAN_POINT('',(5.587999694932,9.302562682412E-02));
#1955 = CARTESIAN_POINT('',(5.594457246088,9.308698262007E-02));
#1956 = CARTESIAN_POINT('',(5.600915917243,9.314789158098E-02));
#1957 = CARTESIAN_POINT('',(5.60737557675,9.320834895264E-02));
#1958 = CARTESIAN_POINT('',(5.613836093878,9.32683499808E-02));
#1959 = CARTESIAN_POINT('',(5.620297338901,9.332788991125E-02));
#1960 = CARTESIAN_POINT('',(5.626759183245,9.338696398974E-02));
#1961 = CARTESIAN_POINT('',(5.63322149941,9.344556746205E-02));
#1962 = CARTESIAN_POINT('',(5.637529940954,9.348431953666E-02));
#1963 = CARTESIAN_POINT('',(5.639684198386,9.350361555485E-02));
#1964 = ( GEOMETRIC_REPRESENTATION_CONTEXT(2) 
PARAMETRIC_REPRESENTATION_CONTEXT() REPRESENTATION_CONTEXT('2D SPACE',''
  ) );
#1965 = PCURVE('',#1966,#1971);
#1966 = CYLINDRICAL_SURFACE('',#1967,2.23704144294);
#1967 = AXIS2_PLACEMENT_3D('',#1968,#1969,#1970);
#1968 = CARTESIAN_POINT('',(-2.73704144294,-0.63,2.147591539192E-15));
#1969 = DIRECTION('',(-0.,-1.,3.383061121595E-15));
#1970 = DIRECTION('',(0.,-3.383061121595E-15,-1.));
#1971 = DEFINITIONAL_REPRESENTATION('',(#1972),#1998);
#1972 = B_SPLINE_CURVE_WITH_KNOTS('',3,(#1973,#1974,#1975,#1976,#1977,
    #1978,#1979,#1980,#1981,#1982,#1983,#1984,#1985,#1986,#1987,#1988,
    #1989,#1990,#1991,#1992,#1993,#1994,#1995,#1996,#1997),
  .UNSPECIFIED.,.F.,.F.,(4,1,1,1,1,1,1,1,1,1,1,1,1,1,1,1,1,1,1,1,1,1,4),
  (2.793055812979E-04,2.796342963335E-04,2.799630113691E-04,
    2.802917264047E-04,2.806204414403E-04,2.809491564759E-04,
    2.812778715115E-04,2.816065865471E-04,2.819353015827E-04,
    2.822640166183E-04,2.825927316539E-04,2.829214466895E-04,
    2.832501617251E-04,2.835788767606E-04,2.839075917962E-04,
    2.842363068318E-04,2.845650218674E-04,2.84893736903E-04,
    2.852224519386E-04,2.855511669742E-04,2.858798820098E-04,
    2.862085970454E-04,2.86537312081E-04),.QUASI_UNIFORM_KNOTS.);
#1973 = CARTESIAN_POINT('',(1.858776232662,5.355339059263E-03));
#1974 = CARTESIAN_POINT('',(1.858811541016,5.279605496567E-03));
#1975 = CARTESIAN_POINT('',(1.858881948025,5.127612273413E-03));
#1976 = CARTESIAN_POINT('',(1.858986922689,4.898058245537E-03));
#1977 = CARTESIAN_POINT('',(1.859091254747,4.666954124661E-03));
#1978 = CARTESIAN_POINT('',(1.859194937445,4.434314010929E-03));
#1979 = CARTESIAN_POINT('',(1.859297964026,4.200152004481E-03));
#1980 = CARTESIAN_POINT('',(1.859400327734,3.964482205463E-03));
#1981 = CARTESIAN_POINT('',(1.859502021815,3.727318714016E-03));
#1982 = CARTESIAN_POINT('',(1.859603039512,3.488675630286E-03));
#1983 = CARTESIAN_POINT('',(1.859703374069,3.248567054413E-03));
#1984 = CARTESIAN_POINT('',(1.859803018731,3.007007086543E-03));
#1985 = CARTESIAN_POINT('',(1.859901966742,2.764009826817E-03));
#1986 = CARTESIAN_POINT('',(1.860000211346,2.51958937538E-03));
#1987 = CARTESIAN_POINT('',(1.860097745786,2.273759832373E-03));
#1988 = CARTESIAN_POINT('',(1.860194563308,2.026535297942E-03));
#1989 = CARTESIAN_POINT('',(1.860290657154,1.777929872228E-03));
#1990 = CARTESIAN_POINT('',(1.860386020569,1.527957655375E-03));
#1991 = CARTESIAN_POINT('',(1.860480646797,1.276632747526E-03));
#1992 = CARTESIAN_POINT('',(1.860574529081,1.023969248825E-03));
#1993 = CARTESIAN_POINT('',(1.860667660665,7.699812594137E-04));
#1994 = CARTESIAN_POINT('',(1.860760034794,5.146828794366E-04));
#1995 = CARTESIAN_POINT('',(1.86085164471,2.580882090364E-04));
#1996 = CARTESIAN_POINT('',(1.860912204008,8.617030191629E-05));
#1997 = CARTESIAN_POINT('',(1.860942354037,1.110223024625E-16));
#1998 = ( GEOMETRIC_REPRESENTATION_CONTEXT(2) 
PARAMETRIC_REPRESENTATION_CONTEXT() REPRESENTATION_CONTEXT('2D SPACE',''
  ) );
#1999 = ADVANCED_FACE('',(#2000),#1385,.T.);
#2000 = FACE_BOUND('',#2001,.T.);
#2001 = EDGE_LOOP('',(#2002,#2032,#2104,#2105,#2154,#2155,#2226,#2254,
    #2330));
#2002 = ORIENTED_EDGE('',*,*,#2003,.T.);
#2003 = EDGE_CURVE('',#2004,#2006,#2008,.T.);
#2004 = VERTEX_POINT('',#2005);
#2005 = CARTESIAN_POINT('',(-0.593503615555,0.64,0.63));
#2006 = VERTEX_POINT('',#2007);
#2007 = CARTESIAN_POINT('',(-0.590543267439,0.64,0.63));
#2008 = SURFACE_CURVE('',#2009,(#2013,#2020),.PCURVE_S1.);
#2009 = LINE('',#2010,#2011);
#2010 = CARTESIAN_POINT('',(-0.5,0.64,0.63));
#2011 = VECTOR('',#2012,1.);
#2012 = DIRECTION('',(1.,-0.,-0.));
#2013 = PCURVE('',#1385,#2014);
#2014 = DEFINITIONAL_REPRESENTATION('',(#2015),#2019);
#2015 = LINE('',#2016,#2017);
#2016 = CARTESIAN_POINT('',(0.927295218002,0.));
#2017 = VECTOR('',#2018,1.);
#2018 = DIRECTION('',(0.,-1.));
#2019 = ( GEOMETRIC_REPRESENTATION_CONTEXT(2) 
PARAMETRIC_REPRESENTATION_CONTEXT() REPRESENTATION_CONTEXT('2D SPACE',''
  ) );
#2020 = PCURVE('',#2021,#2026);
#2021 = PLANE('',#2022);
#2022 = AXIS2_PLACEMENT_3D('',#2023,#2024,#2025);
#2023 = CARTESIAN_POINT('',(-2.73704144294,-5.20417042793E-17,0.63));
#2024 = DIRECTION('',(0.,-1.084202172486E-16,1.));
#2025 = DIRECTION('',(0.,-1.,-1.084202172486E-16));
#2026 = DEFINITIONAL_REPRESENTATION('',(#2027),#2031);
#2027 = LINE('',#2028,#2029);
#2028 = CARTESIAN_POINT('',(-0.64,2.23704144294));
#2029 = VECTOR('',#2030,1.);
#2030 = DIRECTION('',(0.,1.));
#2031 = ( GEOMETRIC_REPRESENTATION_CONTEXT(2) 
PARAMETRIC_REPRESENTATION_CONTEXT() REPRESENTATION_CONTEXT('2D SPACE',''
  ) );
#2032 = ORIENTED_EDGE('',*,*,#2033,.T.);
#2033 = EDGE_CURVE('',#2006,#1315,#2034,.T.);
#2034 = SURFACE_CURVE('',#2035,(#2046,#2075),.PCURVE_S1.);
#2035 = B_SPLINE_CURVE_WITH_KNOTS('',3,(#2036,#2037,#2038,#2039,#2040,
    #2041,#2042,#2043,#2044,#2045),.UNSPECIFIED.,.F.,.F.,(4,3,3,4),(
    4.663409906927E-05,4.906704897819E-05,6.630514804273E-05,
    7.978738755369E-05),.UNSPECIFIED.);
#2036 = CARTESIAN_POINT('',(-0.590543267439,0.64,0.63));
#2037 = CARTESIAN_POINT('',(-0.590355985931,0.640478570732,
    0.629361905691));
#2038 = CARTESIAN_POINT('',(-0.590165759026,0.640941588668,
    0.628712722081));
#2039 = CARTESIAN_POINT('',(-0.589972946505,0.641388369253,
    0.628053571797));
#2040 = CARTESIAN_POINT('',(-0.588620293295,0.644522705074,0.62342938172
    ));
#2041 = CARTESIAN_POINT('',(-0.587118172026,0.646884650144,0.61823567132
    ));
#2042 = CARTESIAN_POINT('',(-0.585592807135,0.648312301517,
    0.612881052834));
#2043 = CARTESIAN_POINT('',(-0.584399626733,0.649429047844,
    0.608692529896));
#2044 = CARTESIAN_POINT('',(-0.583170906976,0.65,0.604331321596));
#2045 = CARTESIAN_POINT('',(-0.581965013337,0.65,0.6));
#2046 = PCURVE('',#1385,#2047);
#2047 = DEFINITIONAL_REPRESENTATION('',(#2048),#2074);
#2048 = B_SPLINE_CURVE_WITH_KNOTS('',3,(#2049,#2050,#2051,#2052,#2053,
    #2054,#2055,#2056,#2057,#2058,#2059,#2060,#2061,#2062,#2063,#2064,
    #2065,#2066,#2067,#2068,#2069,#2070,#2071,#2072,#2073),
  .UNSPECIFIED.,.F.,.F.,(4,1,1,1,1,1,1,1,1,1,1,1,1,1,1,1,1,1,1,1,1,1,4),
  (4.663409906927E-05,4.814106672766E-05,4.964803438604E-05,
    5.115500204442E-05,5.26619697028E-05,5.416893736119E-05,
    5.567590501957E-05,5.718287267795E-05,5.868984033633E-05,
    6.019680799472E-05,6.17037756531E-05,6.321074331148E-05,
    6.471771096986E-05,6.622467862825E-05,6.773164628663E-05,
    6.923861394501E-05,7.07455816034E-05,7.225254926178E-05,
    7.375951692016E-05,7.526648457854E-05,7.677345223693E-05,
    7.828041989531E-05,7.978738755369E-05),.QUASI_UNIFORM_KNOTS.);
#2049 = CARTESIAN_POINT('',(0.927295218002,9.054326743856E-02));
#2050 = CARTESIAN_POINT('',(0.937192764,9.042706522566E-02));
#2051 = CARTESIAN_POINT('',(0.956945058277,9.019282843479E-02));
#2052 = CARTESIAN_POINT('',(0.986455435247,8.983624304156E-02));
#2053 = CARTESIAN_POINT('',(1.015729336332,8.947624502933E-02));
#2054 = CARTESIAN_POINT('',(1.045098940645,8.910922453738E-02));
#2055 = CARTESIAN_POINT('',(1.074463859564,8.873679039555E-02));
#2056 = CARTESIAN_POINT('',(1.103838701696,8.835915306022E-02));
#2057 = CARTESIAN_POINT('',(1.133206557929,8.797689779104E-02));
#2058 = CARTESIAN_POINT('',(1.162558517711,8.759050900812E-02));
#2059 = CARTESIAN_POINT('',(1.191883159798,8.720049968638E-02));
#2060 = CARTESIAN_POINT('',(1.221170125649,8.680736942106E-02));
#2061 = CARTESIAN_POINT('',(1.25040739125,8.641164277135E-02));
#2062 = CARTESIAN_POINT('',(1.279589657615,8.601375782025E-02));
#2063 = CARTESIAN_POINT('',(1.308688554868,8.561447359165E-02));
#2064 = CARTESIAN_POINT('',(1.337764452198,8.521335182203E-02));
#2065 = CARTESIAN_POINT('',(1.36688854469,8.48097993811E-02));
#2066 = CARTESIAN_POINT('',(1.396030218525,8.440459631783E-02));
#2067 = CARTESIAN_POINT('',(1.425185623827,8.399815368027E-02));
#2068 = CARTESIAN_POINT('',(1.454343358059,8.359098138998E-02));
#2069 = CARTESIAN_POINT('',(1.483493866415,8.318356287538E-02));
#2070 = CARTESIAN_POINT('',(1.512627150254,8.277638866391E-02));
#2071 = CARTESIAN_POINT('',(1.541733530406,8.236994738015E-02));
#2072 = CARTESIAN_POINT('',(1.561113763123,8.209980123405E-02));
#2073 = CARTESIAN_POINT('',(1.570796326795,8.196501333686E-02));
#2074 = ( GEOMETRIC_REPRESENTATION_CONTEXT(2) 
PARAMETRIC_REPRESENTATION_CONTEXT() REPRESENTATION_CONTEXT('2D SPACE',''
  ) );
#2075 = PCURVE('',#124,#2076);
#2076 = DEFINITIONAL_REPRESENTATION('',(#2077),#2103);
#2077 = B_SPLINE_CURVE_WITH_KNOTS('',3,(#2078,#2079,#2080,#2081,#2082,
    #2083,#2084,#2085,#2086,#2087,#2088,#2089,#2090,#2091,#2092,#2093,
    #2094,#2095,#2096,#2097,#2098,#2099,#2100,#2101,#2102),
  .UNSPECIFIED.,.F.,.F.,(4,1,1,1,1,1,1,1,1,1,1,1,1,1,1,1,1,1,1,1,1,1,4),
  (4.663409906927E-05,4.814106672766E-05,4.964803438604E-05,
    5.115500204442E-05,5.26619697028E-05,5.416893736119E-05,
    5.567590501957E-05,5.718287267795E-05,5.868984033633E-05,
    6.019680799472E-05,6.17037756531E-05,6.321074331148E-05,
    6.471771096986E-05,6.622467862825E-05,6.773164628663E-05,
    6.923861394501E-05,7.07455816034E-05,7.225254926178E-05,
    7.375951692016E-05,7.526648457854E-05,7.677345223693E-05,
    7.828041989531E-05,7.978738755369E-05),.QUASI_UNIFORM_KNOTS.);
#2078 = CARTESIAN_POINT('',(1.285312256647,9.999999999993E-03));
#2079 = CARTESIAN_POINT('',(1.285496707086,1.029689502825E-02));
#2080 = CARTESIAN_POINT('',(1.285868856774,1.087774377818E-02));
#2081 = CARTESIAN_POINT('',(1.286436481863,1.170984911707E-02));
#2082 = CARTESIAN_POINT('',(1.287010709055,1.249873449266E-02));
#2083 = CARTESIAN_POINT('',(1.287597323914,1.325332681626E-02));
#2084 = CARTESIAN_POINT('',(1.288193804895,1.39704112135E-02));
#2085 = CARTESIAN_POINT('',(1.288799856395,1.465002622593E-02));
#2086 = CARTESIAN_POINT('',(1.289414586206,1.529133851705E-02));
#2087 = CARTESIAN_POINT('',(1.290037262663,1.589374884669E-02));
#2088 = CARTESIAN_POINT('',(1.290667108611,1.645659346739E-02));
#2089 = CARTESIAN_POINT('',(1.291303368404,1.697923256454E-02));
#2090 = CARTESIAN_POINT('',(1.291945245966,1.746099509942E-02));
#2091 = CARTESIAN_POINT('',(1.292592085567,1.790131099684E-02));
#2092 = CARTESIAN_POINT('',(1.293242710674,1.829923755171E-02));
#2093 = CARTESIAN_POINT('',(1.293897887798,1.865522161494E-02));
#2094 = CARTESIAN_POINT('',(1.294558581102,1.897037171615E-02));
#2095 = CARTESIAN_POINT('',(1.295223529697,1.924412353583E-02));
#2096 = CARTESIAN_POINT('',(1.29589207066,1.947636101021E-02));
#2097 = CARTESIAN_POINT('',(1.296563380842,1.966684796576E-02));
#2098 = CARTESIAN_POINT('',(1.297236680033,1.981538041231E-02));
#2099 = CARTESIAN_POINT('',(1.297911176524,1.992174573598E-02));
#2100 = CARTESIAN_POINT('',(1.298586081703,1.998573363438E-02));
#2101 = CARTESIAN_POINT('',(1.299035764666,2.E-02));
#2102 = CARTESIAN_POINT('',(1.29926041116,2.E-02));
#2103 = ( GEOMETRIC_REPRESENTATION_CONTEXT(2) 
PARAMETRIC_REPRESENTATION_CONTEXT() REPRESENTATION_CONTEXT('2D SPACE',''
  ) );
#2104 = ORIENTED_EDGE('',*,*,#1371,.F.);
#2105 = ORIENTED_EDGE('',*,*,#2106,.F.);
#2106 = EDGE_CURVE('',#1441,#1344,#2107,.T.);
#2107 = SURFACE_CURVE('',#2108,(#2113,#2120),.PCURVE_S1.);
#2108 = CIRCLE('',#2109,5.E-02);
#2109 = AXIS2_PLACEMENT_3D('',#2110,#2111,#2112);
#2110 = CARTESIAN_POINT('',(-0.95,0.6,0.6));
#2111 = DIRECTION('',(-1.,0.,0.));
#2112 = DIRECTION('',(0.,0.,1.));
#2113 = PCURVE('',#1385,#2114);
#2114 = DEFINITIONAL_REPRESENTATION('',(#2115),#2119);
#2115 = LINE('',#2116,#2117);
#2116 = CARTESIAN_POINT('',(0.,0.45));
#2117 = VECTOR('',#2118,1.);
#2118 = DIRECTION('',(1.,0.));
#2119 = ( GEOMETRIC_REPRESENTATION_CONTEXT(2) 
PARAMETRIC_REPRESENTATION_CONTEXT() REPRESENTATION_CONTEXT('2D SPACE',''
  ) );
#2120 = PCURVE('',#2121,#2126);
#2121 = SPHERICAL_SURFACE('',#2122,5.E-02);
#2122 = AXIS2_PLACEMENT_3D('',#2123,#2124,#2125);
#2123 = CARTESIAN_POINT('',(-0.95,0.6,0.6));
#2124 = DIRECTION('',(0.,1.,0.));
#2125 = DIRECTION('',(1.,0.,0.));
#2126 = DEFINITIONAL_REPRESENTATION('',(#2127),#2153);
#2127 = B_SPLINE_CURVE_WITH_KNOTS('',3,(#2128,#2129,#2130,#2131,#2132,
    #2133,#2134,#2135,#2136,#2137,#2138,#2139,#2140,#2141,#2142,#2143,
    #2144,#2145,#2146,#2147,#2148,#2149,#2150,#2151,#2152),
  .UNSPECIFIED.,.F.,.F.,(4,1,1,1,1,1,1,1,1,1,1,1,1,1,1,1,1,1,1,1,1,1,4),
  (0.,7.139983303613E-02,0.142799666072,0.214199499108,0.285599332145,
    0.356999165181,0.428398998217,0.499798831253,0.571198664289,
    0.642598497325,0.713998330361,0.785398163397,0.856797996434,
    0.92819782947,0.999597662506,1.070997495542,1.142397328578,
    1.213797161614,1.28519699465,1.356596827687,1.427996660723,
    1.499396493759,1.570796326795),.QUASI_UNIFORM_KNOTS.);
#2128 = CARTESIAN_POINT('',(4.712388980385,0.));
#2129 = CARTESIAN_POINT('',(4.712388980385,2.379994434538E-02));
#2130 = CARTESIAN_POINT('',(4.712388980385,7.139983303613E-02));
#2131 = CARTESIAN_POINT('',(4.712388980385,0.142799666072));
#2132 = CARTESIAN_POINT('',(4.712388980385,0.214199499108));
#2133 = CARTESIAN_POINT('',(4.712388980385,0.285599332145));
#2134 = CARTESIAN_POINT('',(4.712388980385,0.356999165181));
#2135 = CARTESIAN_POINT('',(4.712388980385,0.428398998217));
#2136 = CARTESIAN_POINT('',(4.712388980385,0.499798831253));
#2137 = CARTESIAN_POINT('',(4.712388980385,0.571198664289));
#2138 = CARTESIAN_POINT('',(4.712388980385,0.642598497325));
#2139 = CARTESIAN_POINT('',(4.712388980385,0.713998330361));
#2140 = CARTESIAN_POINT('',(4.712388980385,0.785398163397));
#2141 = CARTESIAN_POINT('',(4.712388980385,0.856797996434));
#2142 = CARTESIAN_POINT('',(4.712388980385,0.92819782947));
#2143 = CARTESIAN_POINT('',(4.712388980385,0.999597662506));
#2144 = CARTESIAN_POINT('',(4.712388980385,1.070997495542));
#2145 = CARTESIAN_POINT('',(4.712388980385,1.142397328578));
#2146 = CARTESIAN_POINT('',(4.712388980385,1.213797161614));
#2147 = CARTESIAN_POINT('',(4.712388980385,1.28519699465));
#2148 = CARTESIAN_POINT('',(4.712388980385,1.356596827687));
#2149 = CARTESIAN_POINT('',(4.712388980385,1.427996660723));
#2150 = CARTESIAN_POINT('',(4.712388980385,1.499396493759));
#2151 = CARTESIAN_POINT('',(4.712388980385,1.54699638245));
#2152 = CARTESIAN_POINT('',(4.712388980385,1.570796326795));
#2153 = ( GEOMETRIC_REPRESENTATION_CONTEXT(2) 
PARAMETRIC_REPRESENTATION_CONTEXT() REPRESENTATION_CONTEXT('2D SPACE',''
  ) );
#2154 = ORIENTED_EDGE('',*,*,#1440,.F.);
#2155 = ORIENTED_EDGE('',*,*,#2156,.T.);
#2156 = EDGE_CURVE('',#1403,#2157,#2159,.T.);
#2157 = VERTEX_POINT('',#2158);
#2158 = CARTESIAN_POINT('',(-0.590543267439,0.63,0.64));
#2159 = SURFACE_CURVE('',#2160,(#2168,#2197),.PCURVE_S1.);
#2160 = B_SPLINE_CURVE_WITH_KNOTS('',3,(#2161,#2162,#2163,#2164,#2165,
    #2166,#2167),.UNSPECIFIED.,.F.,.F.,(4,3,4),(1.084202172486E-19,
    1.800509807348E-05,3.316468134987E-05),.UNSPECIFIED.);
#2161 = CARTESIAN_POINT('',(-0.581965013337,0.6,0.65));
#2162 = CARTESIAN_POINT('',(-0.583574737478,0.60578179759,0.65));
#2163 = CARTESIAN_POINT('',(-0.585231213598,0.611636538617,
    0.648971101019));
#2164 = CARTESIAN_POINT('',(-0.586794104878,0.617082492531,
    0.646991365685));
#2165 = CARTESIAN_POINT('',(-0.588109953242,0.621667616037,
    0.645324562924));
#2166 = CARTESIAN_POINT('',(-0.589388224775,0.626064607985,
    0.642951544011));
#2167 = CARTESIAN_POINT('',(-0.590543267439,0.63,0.64));
#2168 = PCURVE('',#1385,#2169);
#2169 = DEFINITIONAL_REPRESENTATION('',(#2170),#2196);
#2170 = B_SPLINE_CURVE_WITH_KNOTS('',3,(#2171,#2172,#2173,#2174,#2175,
    #2176,#2177,#2178,#2179,#2180,#2181,#2182,#2183,#2184,#2185,#2186,
    #2187,#2188,#2189,#2190,#2191,#2192,#2193,#2194,#2195),
  .UNSPECIFIED.,.F.,.F.,(4,1,1,1,1,1,1,1,1,1,1,1,1,1,1,1,1,1,1,1,1,1,4),
  (1.084202172486E-19,1.507485515903E-06,3.014971031807E-06,
    4.52245654771E-06,6.029942063614E-06,7.537427579517E-06,
    9.04491309542E-06,1.055239861132E-05,1.205988412723E-05,
    1.356736964313E-05,1.507485515903E-05,1.658234067494E-05,
    1.808982619084E-05,1.959731170674E-05,2.110479722265E-05,
    2.261228273855E-05,2.411976825445E-05,2.562725377036E-05,
    2.713473928626E-05,2.864222480216E-05,3.014971031807E-05,
    3.165719583397E-05,3.316468134987E-05),.QUASI_UNIFORM_KNOTS.);
#2171 = CARTESIAN_POINT('',(0.,8.196501333686E-02));
#2172 = CARTESIAN_POINT('',(9.681612633511E-03,8.209978826654E-02));
#2173 = CARTESIAN_POINT('',(2.9065535165E-02,8.236999358467E-02));
#2174 = CARTESIAN_POINT('',(5.819470583416E-02,8.277677374517E-02));
#2175 = CARTESIAN_POINT('',(8.736861988912E-02,8.318453189924E-02));
#2176 = CARTESIAN_POINT('',(0.11657781882,8.359277384586E-02));
#2177 = CARTESIAN_POINT('',(0.145812451932,8.400100542589E-02));
#2178 = CARTESIAN_POINT('',(0.175062331543,8.440873232394E-02));
#2179 = CARTESIAN_POINT('',(0.204317181478,8.481546080781E-02));
#2180 = CARTESIAN_POINT('',(0.233566595032,8.522069496877E-02));
#2181 = CARTESIAN_POINT('',(0.262800969218,8.562394702098E-02));
#2182 = CARTESIAN_POINT('',(0.292008823965,8.602469886359E-02));
#2183 = CARTESIAN_POINT('',(0.321187596982,8.642254553291E-02));
#2184 = CARTESIAN_POINT('',(0.350304135258,8.68166598316E-02));
#2185 = CARTESIAN_POINT('',(0.379443767196,8.720780205257E-02));
#2186 = CARTESIAN_POINT('',(0.408663853837,8.759637241801E-02));
#2187 = CARTESIAN_POINT('',(0.437936074654,8.798162293892E-02));
#2188 = CARTESIAN_POINT('',(0.467254512702,8.836311328857E-02));
#2189 = CARTESIAN_POINT('',(0.496606912941,8.874032070236E-02));
#2190 = CARTESIAN_POINT('',(0.525982609224,8.911274450487E-02));
#2191 = CARTESIAN_POINT('',(0.555370619488,8.947987810187E-02));
#2192 = CARTESIAN_POINT('',(0.584760407101,8.984121648513E-02));
#2193 = CARTESIAN_POINT('',(0.614141808468,9.01962542213E-02));
#2194 = CARTESIAN_POINT('',(0.633717682863,9.042840873476E-02));
#2195 = CARTESIAN_POINT('',(0.643501108793,9.054326743856E-02));
#2196 = ( GEOMETRIC_REPRESENTATION_CONTEXT(2) 
PARAMETRIC_REPRESENTATION_CONTEXT() REPRESENTATION_CONTEXT('2D SPACE',''
  ) );
#2197 = PCURVE('',#1428,#2198);
#2198 = DEFINITIONAL_REPRESENTATION('',(#2199),#2225);
#2199 = B_SPLINE_CURVE_WITH_KNOTS('',3,(#2200,#2201,#2202,#2203,#2204,
    #2205,#2206,#2207,#2208,#2209,#2210,#2211,#2212,#2213,#2214,#2215,
    #2216,#2217,#2218,#2219,#2220,#2221,#2222,#2223,#2224),
  .UNSPECIFIED.,.F.,.F.,(4,1,1,1,1,1,1,1,1,1,1,1,1,1,1,1,1,1,1,1,1,1,4),
  (1.084202172486E-19,1.507485515903E-06,3.014971031807E-06,
    4.52245654771E-06,6.029942063614E-06,7.537427579517E-06,
    9.04491309542E-06,1.055239861132E-05,1.205988412723E-05,
    1.356736964313E-05,1.507485515903E-05,1.658234067494E-05,
    1.808982619084E-05,1.959731170674E-05,2.110479722265E-05,
    2.261228273855E-05,2.411976825445E-05,2.562725377036E-05,
    2.713473928626E-05,2.864222480216E-05,3.014971031807E-05,
    3.165719583397E-05,3.316468134987E-05),.QUASI_UNIFORM_KNOTS.);
#2200 = CARTESIAN_POINT('',(1.84233224243,2.E-02));
#2201 = CARTESIAN_POINT('',(1.842556867311,2.E-02));
#2202 = CARTESIAN_POINT('',(1.843006636066,1.998557492602E-02));
#2203 = CARTESIAN_POINT('',(1.843682056702,1.992093698933E-02));
#2204 = CARTESIAN_POINT('',(1.84435745538,1.981357361962E-02));
#2205 = CARTESIAN_POINT('',(1.845032042586,1.966375972197E-02));
#2206 = CARTESIAN_POINT('',(1.845705028859,1.947177015537E-02));
#2207 = CARTESIAN_POINT('',(1.846375624465,1.923787995088E-02));
#2208 = CARTESIAN_POINT('',(1.847043040618,1.896236349731E-02));
#2209 = CARTESIAN_POINT('',(1.847706484946,1.864549758042E-02));
#2210 = CARTESIAN_POINT('',(1.848365178424,1.828755004043E-02));
#2211 = CARTESIAN_POINT('',(1.849018292195,1.788882210279E-02));
#2212 = CARTESIAN_POINT('',(1.849665183381,1.744949039748E-02));
#2213 = CARTESIAN_POINT('',(1.850304515039,1.697019655124E-02));
#2214 = CARTESIAN_POINT('',(1.850937559826,1.644983446938E-02));
#2215 = CARTESIAN_POINT('',(1.8515650503,1.588815576503E-02));
#2216 = CARTESIAN_POINT('',(1.852185832448,1.528618223044E-02));
#2217 = CARTESIAN_POINT('',(1.852799257727,1.464459531443E-02));
#2218 = CARTESIAN_POINT('',(1.853404542122,1.396416766055E-02));
#2219 = CARTESIAN_POINT('',(1.854000937891,1.324564747678E-02));
#2220 = CARTESIAN_POINT('',(1.854587687546,1.248978951861E-02));
#2221 = CARTESIAN_POINT('',(1.855164036191,1.169734678711E-02));
#2222 = CARTESIAN_POINT('',(1.85572922822,1.086907275359E-02));
#2223 = CARTESIAN_POINT('',(1.856098081539,1.029350475969E-02));
#2224 = CARTESIAN_POINT('',(1.856280396943,9.999999999995E-03));
#2225 = ( GEOMETRIC_REPRESENTATION_CONTEXT(2) 
PARAMETRIC_REPRESENTATION_CONTEXT() REPRESENTATION_CONTEXT('2D SPACE',''
  ) );
#2226 = ORIENTED_EDGE('',*,*,#2227,.T.);
#2227 = EDGE_CURVE('',#2157,#2228,#2230,.T.);
#2228 = VERTEX_POINT('',#2229);
#2229 = CARTESIAN_POINT('',(-0.593503615555,0.63,0.64));
#2230 = SURFACE_CURVE('',#2231,(#2235,#2242),.PCURVE_S1.);
#2231 = LINE('',#2232,#2233);
#2232 = CARTESIAN_POINT('',(-0.5,0.63,0.64));
#2233 = VECTOR('',#2234,1.);
#2234 = DIRECTION('',(-1.,0.,0.));
#2235 = PCURVE('',#1385,#2236);
#2236 = DEFINITIONAL_REPRESENTATION('',(#2237),#2241);
#2237 = LINE('',#2238,#2239);
#2238 = CARTESIAN_POINT('',(0.643501108793,0.));
#2239 = VECTOR('',#2240,1.);
#2240 = DIRECTION('',(0.,1.));
#2241 = ( GEOMETRIC_REPRESENTATION_CONTEXT(2) 
PARAMETRIC_REPRESENTATION_CONTEXT() REPRESENTATION_CONTEXT('2D SPACE',''
  ) );
#2242 = PCURVE('',#2243,#2248);
#2243 = PLANE('',#2244);
#2244 = AXIS2_PLACEMENT_3D('',#2245,#2246,#2247);
#2245 = CARTESIAN_POINT('',(-2.73704144294,0.63,-6.546858026134E-15));
#2246 = DIRECTION('',(0.,1.,-1.036602379928E-14));
#2247 = DIRECTION('',(0.,1.036602379928E-14,1.));
#2248 = DEFINITIONAL_REPRESENTATION('',(#2249),#2253);
#2249 = LINE('',#2250,#2251);
#2250 = CARTESIAN_POINT('',(0.64,2.23704144294));
#2251 = VECTOR('',#2252,1.);
#2252 = DIRECTION('',(0.,-1.));
#2253 = ( GEOMETRIC_REPRESENTATION_CONTEXT(2) 
PARAMETRIC_REPRESENTATION_CONTEXT() REPRESENTATION_CONTEXT('2D SPACE',''
  ) );
#2254 = ORIENTED_EDGE('',*,*,#2255,.T.);
#2255 = EDGE_CURVE('',#2228,#2256,#2258,.T.);
#2256 = VERTEX_POINT('',#2257);
#2257 = CARTESIAN_POINT('',(-0.592122327784,0.635355339059,
    0.635355339059));
#2258 = SURFACE_CURVE('',#2259,(#2267,#2296),.PCURVE_S1.);
#2259 = B_SPLINE_CURVE_WITH_KNOTS('',3,(#2260,#2261,#2262,#2263,#2264,
    #2265,#2266),.UNSPECIFIED.,.F.,.F.,(4,3,4),(3.220127505034E-05,
    3.250815658801E-05,3.938387802707E-05),.UNSPECIFIED.);
#2260 = CARTESIAN_POINT('',(-0.593503615555,0.63,0.64));
#2261 = CARTESIAN_POINT('',(-0.593485330705,0.630081654724,
    0.639938758957));
#2262 = CARTESIAN_POINT('',(-0.593466976206,0.630163112343,
    0.639877275065));
#2263 = CARTESIAN_POINT('',(-0.593448552701,0.630244370681,
    0.639815550255));
#2264 = CARTESIAN_POINT('',(-0.593039199854,0.632049854092,
    0.638444083348));
#2265 = CARTESIAN_POINT('',(-0.592594655493,0.63376079083,0.636949887289
    ));
#2266 = CARTESIAN_POINT('',(-0.592122327784,0.635355339059,
    0.635355339059));
#2267 = PCURVE('',#1385,#2268);
#2268 = DEFINITIONAL_REPRESENTATION('',(#2269),#2295);
#2269 = B_SPLINE_CURVE_WITH_KNOTS('',3,(#2270,#2271,#2272,#2273,#2274,
    #2275,#2276,#2277,#2278,#2279,#2280,#2281,#2282,#2283,#2284,#2285,
    #2286,#2287,#2288,#2289,#2290,#2291,#2292,#2293,#2294),
  .UNSPECIFIED.,.F.,.F.,(4,1,1,1,1,1,1,1,1,1,1,1,1,1,1,1,1,1,1,1,1,1,4),
  (3.220127505034E-05,3.252775700383E-05,3.285423895732E-05,
    3.318072091081E-05,3.350720286429E-05,3.383368481778E-05,
    3.416016677127E-05,3.448664872476E-05,3.481313067825E-05,
    3.513961263173E-05,3.546609458522E-05,3.579257653871E-05,
    3.61190584922E-05,3.644554044568E-05,3.677202239917E-05,
    3.709850435266E-05,3.742498630615E-05,3.775146825963E-05,
    3.807795021312E-05,3.840443216661E-05,3.87309141201E-05,
    3.905739607359E-05,3.938387802707E-05),.QUASI_UNIFORM_KNOTS.);
#2270 = CARTESIAN_POINT('',(0.643501108793,9.350361555485E-02));
#2271 = CARTESIAN_POINT('',(0.645685837646,9.348404545247E-02));
#2272 = CARTESIAN_POINT('',(0.650021618838,9.34450469055E-02));
#2273 = CARTESIAN_POINT('',(0.656469230497,9.338657397104E-02));
#2274 = CARTESIAN_POINT('',(0.662931368545,9.332749585646E-02));
#2275 = CARTESIAN_POINT('',(0.669388959603,9.326798742121E-02));
#2276 = CARTESIAN_POINT('',(0.675846952971,9.320800784558E-02));
#2277 = CARTESIAN_POINT('',(0.682303859597,9.314757410091E-02));
#2278 = CARTESIAN_POINT('',(0.68875991421,9.308668767348E-02));
#2279 = CARTESIAN_POINT('',(0.695214888411,9.302535419879E-02));
#2280 = CARTESIAN_POINT('',(0.701668676779,9.296357820054E-02));
#2281 = CARTESIAN_POINT('',(0.708121139951,9.290136450035E-02));
#2282 = CARTESIAN_POINT('',(0.714572146793,9.283871784001E-02));
#2283 = CARTESIAN_POINT('',(0.72102156323,9.27756429827E-02));
#2284 = CARTESIAN_POINT('',(0.727469255364,9.271214468586E-02));
#2285 = CARTESIAN_POINT('',(0.733915088765,9.264822770849E-02));
#2286 = CARTESIAN_POINT('',(0.740358928788,9.258389680914E-02));
#2287 = CARTESIAN_POINT('',(0.746800640616,9.251915674651E-02));
#2288 = CARTESIAN_POINT('',(0.753240089374,9.245401227925E-02));
#2289 = CARTESIAN_POINT('',(0.759677140225,9.238846816601E-02));
#2290 = CARTESIAN_POINT('',(0.766111658468,9.232252916546E-02));
#2291 = CARTESIAN_POINT('',(0.772543509653,9.225620003626E-02));
#2292 = CARTESIAN_POINT('',(0.778972559614,9.218948553706E-02));
#2293 = CARTESIAN_POINT('',(0.783256636412,9.214475546336E-02));
#2294 = CARTESIAN_POINT('',(0.785398163398,9.212232778441E-02));
#2295 = ( GEOMETRIC_REPRESENTATION_CONTEXT(2) 
PARAMETRIC_REPRESENTATION_CONTEXT() REPRESENTATION_CONTEXT('2D SPACE',''
  ) );
#2296 = PCURVE('',#2297,#2302);
#2297 = CYLINDRICAL_SURFACE('',#2298,2.23704144294);
#2298 = AXIS2_PLACEMENT_3D('',#2299,#2300,#2301);
#2299 = CARTESIAN_POINT('',(-2.73704144294,0.63,-6.546858026134E-15));
#2300 = DIRECTION('',(-0.,1.,-1.036602379928E-14));
#2301 = DIRECTION('',(0.,1.036602379928E-14,1.));
#2302 = DEFINITIONAL_REPRESENTATION('',(#2303),#2329);
#2303 = B_SPLINE_CURVE_WITH_KNOTS('',3,(#2304,#2305,#2306,#2307,#2308,
    #2309,#2310,#2311,#2312,#2313,#2314,#2315,#2316,#2317,#2318,#2319,
    #2320,#2321,#2322,#2323,#2324,#2325,#2326,#2327,#2328),
  .UNSPECIFIED.,.F.,.F.,(4,1,1,1,1,1,1,1,1,1,1,1,1,1,1,1,1,1,1,1,1,1,4),
  (3.220127505034E-05,3.252775700383E-05,3.285423895732E-05,
    3.318072091081E-05,3.350720286429E-05,3.383368481778E-05,
    3.416016677127E-05,3.448664872476E-05,3.481313067825E-05,
    3.513961263173E-05,3.546609458522E-05,3.579257653871E-05,
    3.61190584922E-05,3.644554044568E-05,3.677202239917E-05,
    3.709850435266E-05,3.742498630615E-05,3.775146825963E-05,
    3.807795021312E-05,3.840443216661E-05,3.87309141201E-05,
    3.905739607359E-05,3.938387802707E-05),.QUASI_UNIFORM_KNOTS.);
#2304 = CARTESIAN_POINT('',(1.280650299553,0.));
#2305 = CARTESIAN_POINT('',(1.280680877903,8.738615104788E-05));
#2306 = CARTESIAN_POINT('',(1.280741822403,2.603934869277E-04));
#2307 = CARTESIAN_POINT('',(1.280833228418,5.163969086356E-04));
#2308 = CARTESIAN_POINT('',(1.280925608936,7.717033461818E-04));
#2309 = CARTESIAN_POINT('',(1.281018691386,1.025541912566E-03));
#2310 = CARTESIAN_POINT('',(1.281112540226,1.27810137679E-03));
#2311 = CARTESIAN_POINT('',(1.281207129608,1.529313368803E-03));
#2312 = CARTESIAN_POINT('',(1.281302457881,1.779178418756E-03));
#2313 = CARTESIAN_POINT('',(1.28139851691,2.027678595049E-03));
#2314 = CARTESIAN_POINT('',(1.281495300298,2.27480091289E-03));
#2315 = CARTESIAN_POINT('',(1.281592801182,2.520531061996E-03));
#2316 = CARTESIAN_POINT('',(1.281691012825,2.764855087247E-03));
#2317 = CARTESIAN_POINT('',(1.281789928454,3.007758938358E-03));
#2318 = CARTESIAN_POINT('',(1.281889541308,3.249228590543E-03));
#2319 = CARTESIAN_POINT('',(1.281989844621,3.489250012184E-03));
#2320 = CARTESIAN_POINT('',(1.282090831631,3.727809173494E-03));
#2321 = CARTESIAN_POINT('',(1.282192495572,3.964892044194E-03));
#2322 = CARTESIAN_POINT('',(1.28229482968,4.200484594137E-03));
#2323 = CARTESIAN_POINT('',(1.282397827192,4.434572793142E-03));
#2324 = CARTESIAN_POINT('',(1.282501481344,4.667142611037E-03));
#2325 = CARTESIAN_POINT('',(1.282605785371,4.898180017646E-03));
#2326 = CARTESIAN_POINT('',(1.28271073251,5.127670982795E-03));
#2327 = CARTESIAN_POINT('',(1.282781121502,5.279624645138E-03));
#2328 = CARTESIAN_POINT('',(1.282816420928,5.355339059342E-03));
#2329 = ( GEOMETRIC_REPRESENTATION_CONTEXT(2) 
PARAMETRIC_REPRESENTATION_CONTEXT() REPRESENTATION_CONTEXT('2D SPACE',''
  ) );
#2330 = ORIENTED_EDGE('',*,*,#2331,.T.);
#2331 = EDGE_CURVE('',#2256,#2004,#2332,.T.);
#2332 = SURFACE_CURVE('',#2333,(#2338,#2367),.PCURVE_S1.);
#2333 = B_SPLINE_CURVE_WITH_KNOTS('',3,(#2334,#2335,#2336,#2337),
  .UNSPECIFIED.,.F.,.F.,(4,4),(4.036768940512E-05,4.759407420575E-05),
  .PIECEWISE_BEZIER_KNOTS.);
#2334 = CARTESIAN_POINT('',(-0.592122327784,0.635355339059,
    0.635355339059));
#2335 = CARTESIAN_POINT('',(-0.592615861507,0.637021477439,0.63368920068
    ));
#2336 = CARTESIAN_POINT('',(-0.593079103155,0.638578190018,
    0.631895746642));
#2337 = CARTESIAN_POINT('',(-0.593503615555,0.64,0.63));
#2338 = PCURVE('',#1385,#2339);
#2339 = DEFINITIONAL_REPRESENTATION('',(#2340),#2366);
#2340 = B_SPLINE_CURVE_WITH_KNOTS('',3,(#2341,#2342,#2343,#2344,#2345,
    #2346,#2347,#2348,#2349,#2350,#2351,#2352,#2353,#2354,#2355,#2356,
    #2357,#2358,#2359,#2360,#2361,#2362,#2363,#2364,#2365),
  .UNSPECIFIED.,.F.,.F.,(4,1,1,1,1,1,1,1,1,1,1,1,1,1,1,1,1,1,1,1,1,1,4),
  (4.036768940512E-05,4.069616144151E-05,4.10246334779E-05,
    4.13531055143E-05,4.168157755069E-05,4.201004958708E-05,
    4.233852162347E-05,4.266699365986E-05,4.299546569626E-05,
    4.332393773265E-05,4.365240976904E-05,4.398088180543E-05,
    4.430935384183E-05,4.463782587822E-05,4.496629791461E-05,
    4.5294769951E-05,4.562324198739E-05,4.595171402379E-05,
    4.628018606018E-05,4.660865809657E-05,4.693713013296E-05,
    4.726560216936E-05,4.759407420575E-05),.QUASI_UNIFORM_KNOTS.);
#2341 = CARTESIAN_POINT('',(0.785398163398,9.212232778441E-02));
#2342 = CARTESIAN_POINT('',(0.787540231981,9.214476113542E-02));
#2343 = CARTESIAN_POINT('',(0.791825414785,9.218950266359E-02));
#2344 = CARTESIAN_POINT('',(0.798256191927,9.225623468002E-02));
#2345 = CARTESIAN_POINT('',(0.804689838221,9.232258166641E-02));
#2346 = CARTESIAN_POINT('',(0.811126219191,9.238853886853E-02));
#2347 = CARTESIAN_POINT('',(0.817565200033,9.245410153214E-02));
#2348 = CARTESIAN_POINT('',(0.824006645643,9.251926490303E-02));
#2349 = CARTESIAN_POINT('',(0.830450420731,9.258402422694E-02));
#2350 = CARTESIAN_POINT('',(0.836896389923,9.264837474967E-02));
#2351 = CARTESIAN_POINT('',(0.843344417857,9.271231171698E-02));
#2352 = CARTESIAN_POINT('',(0.849794369285,9.277583037463E-02));
#2353 = CARTESIAN_POINT('',(0.856246109171,9.28389259684E-02));
#2354 = CARTESIAN_POINT('',(0.862699502796,9.290159374406E-02));
#2355 = CARTESIAN_POINT('',(0.869154415852,9.296382894737E-02));
#2356 = CARTESIAN_POINT('',(0.875610714547,9.302562682412E-02));
#2357 = CARTESIAN_POINT('',(0.882068265703,9.308698262007E-02));
#2358 = CARTESIAN_POINT('',(0.888526936858,9.314789158098E-02));
#2359 = CARTESIAN_POINT('',(0.894986596365,9.320834895264E-02));
#2360 = CARTESIAN_POINT('',(0.901447113493,9.32683499808E-02));
#2361 = CARTESIAN_POINT('',(0.907908358516,9.332788991124E-02));
#2362 = CARTESIAN_POINT('',(0.91437020286,9.338696398974E-02));
#2363 = CARTESIAN_POINT('',(0.920832519025,9.344556746205E-02));
#2364 = CARTESIAN_POINT('',(0.92514096057,9.348431953666E-02));
#2365 = CARTESIAN_POINT('',(0.927295218002,9.350361555485E-02));
#2366 = ( GEOMETRIC_REPRESENTATION_CONTEXT(2) 
PARAMETRIC_REPRESENTATION_CONTEXT() REPRESENTATION_CONTEXT('2D SPACE',''
  ) );
#2367 = PCURVE('',#2368,#2373);
#2368 = CYLINDRICAL_SURFACE('',#2369,2.23704144294);
#2369 = AXIS2_PLACEMENT_3D('',#2370,#2371,#2372);
#2370 = CARTESIAN_POINT('',(-2.73704144294,-5.20417042793E-17,0.63));
#2371 = DIRECTION('',(-0.,-1.084202172486E-16,1.));
#2372 = DIRECTION('',(0.,-1.,-1.084202172486E-16));
#2373 = DEFINITIONAL_REPRESENTATION('',(#2374),#2400);
#2374 = B_SPLINE_CURVE_WITH_KNOTS('',3,(#2375,#2376,#2377,#2378,#2379,
    #2380,#2381,#2382,#2383,#2384,#2385,#2386,#2387,#2388,#2389,#2390,
    #2391,#2392,#2393,#2394,#2395,#2396,#2397,#2398,#2399),
  .UNSPECIFIED.,.F.,.F.,(4,1,1,1,1,1,1,1,1,1,1,1,1,1,1,1,1,1,1,1,1,1,4),
  (4.036768940512E-05,4.069616144151E-05,4.10246334779E-05,
    4.13531055143E-05,4.168157755069E-05,4.201004958708E-05,
    4.233852162347E-05,4.266699365986E-05,4.299546569626E-05,
    4.332393773265E-05,4.365240976904E-05,4.398088180543E-05,
    4.430935384183E-05,4.463782587822E-05,4.496629791461E-05,
    4.5294769951E-05,4.562324198739E-05,4.595171402379E-05,
    4.628018606018E-05,4.660865809657E-05,4.693713013296E-05,
    4.726560216936E-05,4.759407420575E-05),.QUASI_UNIFORM_KNOTS.);
#2375 = CARTESIAN_POINT('',(1.858776232662,5.355339059307E-03));
#2376 = CARTESIAN_POINT('',(1.858811541016,5.27960549661E-03));
#2377 = CARTESIAN_POINT('',(1.858881948025,5.127612273455E-03));
#2378 = CARTESIAN_POINT('',(1.858986922689,4.898058245578E-03));
#2379 = CARTESIAN_POINT('',(1.859091254747,4.6669541247E-03));
#2380 = CARTESIAN_POINT('',(1.859194937445,4.434314010964E-03));
#2381 = CARTESIAN_POINT('',(1.859297964026,4.200152004515E-03));
#2382 = CARTESIAN_POINT('',(1.859400327734,3.964482205495E-03));
#2383 = CARTESIAN_POINT('',(1.859502021815,3.727318714047E-03));
#2384 = CARTESIAN_POINT('',(1.859603039512,3.488675630314E-03));
#2385 = CARTESIAN_POINT('',(1.859703374069,3.248567054439E-03));
#2386 = CARTESIAN_POINT('',(1.859803018731,3.007007086567E-03));
#2387 = CARTESIAN_POINT('',(1.859901966742,2.764009826839E-03));
#2388 = CARTESIAN_POINT('',(1.860000211346,2.5195893754E-03));
#2389 = CARTESIAN_POINT('',(1.860097745786,2.273759832392E-03));
#2390 = CARTESIAN_POINT('',(1.860194563308,2.026535297958E-03));
#2391 = CARTESIAN_POINT('',(1.860290657154,1.777929872242E-03));
#2392 = CARTESIAN_POINT('',(1.860386020569,1.527957655387E-03));
#2393 = CARTESIAN_POINT('',(1.860480646797,1.276632747536E-03));
#2394 = CARTESIAN_POINT('',(1.860574529081,1.023969248833E-03));
#2395 = CARTESIAN_POINT('',(1.860667660665,7.699812594201E-04));
#2396 = CARTESIAN_POINT('',(1.860760034794,5.146828794409E-04));
#2397 = CARTESIAN_POINT('',(1.86085164471,2.580882090382E-04));
#2398 = CARTESIAN_POINT('',(1.860912204008,8.617030191674E-05));
#2399 = CARTESIAN_POINT('',(1.860942354037,0.));
#2400 = ( GEOMETRIC_REPRESENTATION_CONTEXT(2) 
PARAMETRIC_REPRESENTATION_CONTEXT() REPRESENTATION_CONTEXT('2D SPACE',''
  ) );
#2401 = ADVANCED_FACE('',(#2402),#189,.T.);
#2402 = FACE_BOUND('',#2403,.T.);
#2403 = EDGE_LOOP('',(#2404,#2405,#2426,#2448,#2520,#2521,#2595,#2615,
    #2636,#2637));
#2404 = ORIENTED_EDGE('',*,*,#864,.F.);
#2405 = ORIENTED_EDGE('',*,*,#2406,.T.);
#2406 = EDGE_CURVE('',#837,#1267,#2407,.T.);
#2407 = SURFACE_CURVE('',#2408,(#2412,#2419),.PCURVE_S1.);
#2408 = LINE('',#2409,#2410);
#2409 = CARTESIAN_POINT('',(-0.590543267439,0.63,-0.63));
#2410 = VECTOR('',#2411,1.);
#2411 = DIRECTION('',(0.,-1.084202172486E-16,1.));
#2412 = PCURVE('',#189,#2413);
#2413 = DEFINITIONAL_REPRESENTATION('',(#2414),#2418);
#2414 = LINE('',#2415,#2416);
#2415 = CARTESIAN_POINT('',(1.285312256647,6.661338147751E-15));
#2416 = VECTOR('',#2417,1.);
#2417 = DIRECTION('',(0.,-1.));
#2418 = ( GEOMETRIC_REPRESENTATION_CONTEXT(2) 
PARAMETRIC_REPRESENTATION_CONTEXT() REPRESENTATION_CONTEXT('2D SPACE',''
  ) );
#2419 = PCURVE('',#852,#2420);
#2420 = DEFINITIONAL_REPRESENTATION('',(#2421),#2425);
#2421 = LINE('',#2422,#2423);
#2422 = CARTESIAN_POINT('',(-0.63,2.146498175501));
#2423 = VECTOR('',#2424,1.);
#2424 = DIRECTION('',(1.,0.));
#2425 = ( GEOMETRIC_REPRESENTATION_CONTEXT(2) 
PARAMETRIC_REPRESENTATION_CONTEXT() REPRESENTATION_CONTEXT('2D SPACE',''
  ) );
#2426 = ORIENTED_EDGE('',*,*,#2427,.T.);
#2427 = EDGE_CURVE('',#1267,#2428,#2430,.T.);
#2428 = VERTEX_POINT('',#2429);
#2429 = CARTESIAN_POINT('',(-0.586299193361,0.615355339059,
    -0.615355339059));
#2430 = SURFACE_CURVE('',#2431,(#2436,#2442),.PCURVE_S1.);
#2431 = ( BOUNDED_CURVE() B_SPLINE_CURVE(3,(#2432,#2433,#2434,#2435),
.UNSPECIFIED.,.F.,.F.) B_SPLINE_CURVE_WITH_KNOTS((4,4),(1.285312256647,
1.292128074613),.PIECEWISE_BEZIER_KNOTS.) CURVE() 
GEOMETRIC_REPRESENTATION_ITEM() RATIONAL_B_SPLINE_CURVE((1.,
0.999996128723,0.999996128723,1.)) REPRESENTATION_ITEM('') );
#2432 = CARTESIAN_POINT('',(-0.590543267439,0.63,-0.63));
#2433 = CARTESIAN_POINT('',(-0.589111942895,0.625123276951,
    -0.625123276951));
#2434 = CARTESIAN_POINT('',(-0.587697246059,0.620241704406,
    -0.620241704406));
#2435 = CARTESIAN_POINT('',(-0.586299193361,0.615355339059,
    -0.615355339059));
#2436 = PCURVE('',#189,#2437);
#2437 = DEFINITIONAL_REPRESENTATION('',(#2438),#2441);
#2438 = B_SPLINE_CURVE_WITH_KNOTS('',1,(#2439,#2440),.UNSPECIFIED.,.F.,
  .F.,(2,2),(1.285312256647,1.292128074613),.PIECEWISE_BEZIER_KNOTS.);
#2439 = CARTESIAN_POINT('',(1.285312256647,0.));
#2440 = CARTESIAN_POINT('',(1.292128074613,-1.464466094067E-02));
#2441 = ( GEOMETRIC_REPRESENTATION_CONTEXT(2) 
PARAMETRIC_REPRESENTATION_CONTEXT() REPRESENTATION_CONTEXT('2D SPACE',''
  ) );
#2442 = PCURVE('',#124,#2443);
#2443 = DEFINITIONAL_REPRESENTATION('',(#2444),#2447);
#2444 = B_SPLINE_CURVE_WITH_KNOTS('',1,(#2445,#2446),.UNSPECIFIED.,.F.,
  .F.,(2,2),(1.285312256647,1.292128074613),.PIECEWISE_BEZIER_KNOTS.);
#2445 = CARTESIAN_POINT('',(1.856280396943,1.110223024625E-16));
#2446 = CARTESIAN_POINT('',(1.849464578977,-1.464466094067E-02));
#2447 = ( GEOMETRIC_REPRESENTATION_CONTEXT(2) 
PARAMETRIC_REPRESENTATION_CONTEXT() REPRESENTATION_CONTEXT('2D SPACE',''
  ) );
#2448 = ORIENTED_EDGE('',*,*,#2449,.T.);
#2449 = EDGE_CURVE('',#2428,#166,#2450,.T.);
#2450 = SURFACE_CURVE('',#2451,(#2462,#2491),.PCURVE_S1.);
#2451 = B_SPLINE_CURVE_WITH_KNOTS('',3,(#2452,#2453,#2454,#2455,#2456,
    #2457,#2458,#2459,#2460,#2461),.UNSPECIFIED.,.F.,.F.,(4,3,3,4),(0.,
    1.76141599392E-05,3.520508539565E-05,4.023997191161E-05),
  .UNSPECIFIED.);
#2452 = CARTESIAN_POINT('',(-0.586299193361,0.615355339059,
    -0.615355339059));
#2453 = CARTESIAN_POINT('',(-0.585134926708,0.611286084563,
    -0.619424593556));
#2454 = CARTESIAN_POINT('',(-0.58376937041,0.606467131209,
    -0.622800689038));
#2455 = CARTESIAN_POINT('',(-0.582332302368,0.601317667267,
    -0.625227835039));
#2456 = CARTESIAN_POINT('',(-0.580896422566,0.596172461159,
    -0.627652974153));
#2457 = CARTESIAN_POINT('',(-0.579350170527,0.590556429118,
    -0.629200064187));
#2458 = CARTESIAN_POINT('',(-0.577823185047,0.584919594657,
    -0.629757387275));
#2459 = CARTESIAN_POINT('',(-0.577380599639,0.583285800026,
    -0.629918923235));
#2460 = CARTESIAN_POINT('',(-0.576937364484,0.581642225884,-0.63));
#2461 = CARTESIAN_POINT('',(-0.576496507644,0.58,-0.63));
#2462 = PCURVE('',#189,#2463);
#2463 = DEFINITIONAL_REPRESENTATION('',(#2464),#2490);
#2464 = B_SPLINE_CURVE_WITH_KNOTS('',3,(#2465,#2466,#2467,#2468,#2469,
    #2470,#2471,#2472,#2473,#2474,#2475,#2476,#2477,#2478,#2479,#2480,
    #2481,#2482,#2483,#2484,#2485,#2486,#2487,#2488,#2489),
  .UNSPECIFIED.,.F.,.F.,(4,1,1,1,1,1,1,1,1,1,1,1,1,1,1,1,1,1,1,1,1,1,4),
  (0.,1.829089632346E-06,3.658179264691E-06,5.487268897037E-06,
    7.316358529383E-06,9.145448161729E-06,1.097453779407E-05,
    1.280362742642E-05,1.463271705877E-05,1.646180669111E-05,
    1.829089632346E-05,2.01199859558E-05,2.194907558815E-05,
    2.377816522049E-05,2.560725485284E-05,2.743634448519E-05,
    2.926543411753E-05,3.109452374988E-05,3.292361338222E-05,
    3.475270301457E-05,3.658179264691E-05,3.841088227926E-05,
    4.023997191161E-05),.QUASI_UNIFORM_KNOTS.);
#2465 = CARTESIAN_POINT('',(1.292128074613,-1.464466094067E-02));
#2466 = CARTESIAN_POINT('',(1.292324546105,-1.422210140696E-02));
#2467 = CARTESIAN_POINT('',(1.292724971574,-1.339193122761E-02));
#2468 = CARTESIAN_POINT('',(1.293346739905,-1.219324117E-02));
#2469 = CARTESIAN_POINT('',(1.29398832111,-1.104283476504E-02));
#2470 = CARTESIAN_POINT('',(1.294648397662,-9.942430824808E-03));
#2471 = CARTESIAN_POINT('',(1.295325653231,-8.893746783882E-03));
#2472 = CARTESIAN_POINT('',(1.296018767166,-7.898505216062E-03));
#2473 = CARTESIAN_POINT('',(1.296726435133,-6.958409515735E-03));
#2474 = CARTESIAN_POINT('',(1.297447292114,-6.075234655712E-03));
#2475 = CARTESIAN_POINT('',(1.29818019981,-5.250488474534E-03));
#2476 = CARTESIAN_POINT('',(1.298923174081,-4.48667576939E-03));
#2477 = CARTESIAN_POINT('',(1.299679942083,-3.779882318616E-03));
#2478 = CARTESIAN_POINT('',(1.30044870573,-3.131138764155E-03));
#2479 = CARTESIAN_POINT('',(1.301228155542,-2.541124720481E-03));
#2480 = CARTESIAN_POINT('',(1.302016858149,-2.010612395113E-03));
#2481 = CARTESIAN_POINT('',(1.302813387173,-1.540354650856E-03));
#2482 = CARTESIAN_POINT('',(1.30361641224,-1.131089136327E-03));
#2483 = CARTESIAN_POINT('',(1.304424212095,-7.836337016065E-04));
#2484 = CARTESIAN_POINT('',(1.305236533194,-4.985006051105E-04));
#2485 = CARTESIAN_POINT('',(1.306047642276,-2.773442704507E-04));
#2486 = CARTESIAN_POINT('',(1.306872257539,-1.175560521187E-04));
#2487 = CARTESIAN_POINT('',(1.307700317819,-2.141603841566E-05));
#2488 = CARTESIAN_POINT('',(1.308253140786,5.893604547E-08));
#2489 = CARTESIAN_POINT('',(1.308528998522,0.));
#2490 = ( GEOMETRIC_REPRESENTATION_CONTEXT(2) 
PARAMETRIC_REPRESENTATION_CONTEXT() REPRESENTATION_CONTEXT('2D SPACE',''
  ) );
#2491 = PCURVE('',#95,#2492);
#2492 = DEFINITIONAL_REPRESENTATION('',(#2493),#2519);
#2493 = B_SPLINE_CURVE_WITH_KNOTS('',3,(#2494,#2495,#2496,#2497,#2498,
    #2499,#2500,#2501,#2502,#2503,#2504,#2505,#2506,#2507,#2508,#2509,
    #2510,#2511,#2512,#2513,#2514,#2515,#2516,#2517,#2518),
  .UNSPECIFIED.,.F.,.F.,(4,1,1,1,1,1,1,1,1,1,1,1,1,1,1,1,1,1,1,1,1,1,4),
  (0.,1.829089632346E-06,3.658179264691E-06,5.487268897037E-06,
    7.316358529383E-06,9.145448161729E-06,1.097453779407E-05,
    1.280362742642E-05,1.463271705877E-05,1.646180669111E-05,
    1.829089632346E-05,2.01199859558E-05,2.194907558815E-05,
    2.377816522049E-05,2.560725485284E-05,2.743634448519E-05,
    2.926543411753E-05,3.109452374988E-05,3.292361338222E-05,
    3.475270301457E-05,3.658179264691E-05,3.841088227926E-05,
    4.023997191161E-05),.QUASI_UNIFORM_KNOTS.);
#2494 = CARTESIAN_POINT('',(0.785398163397,0.313700806639));
#2495 = CARTESIAN_POINT('',(0.773446547599,0.313821706419));
#2496 = CARTESIAN_POINT('',(0.749525403571,0.314067847058));
#2497 = CARTESIAN_POINT('',(0.713607803399,0.314449209331));
#2498 = CARTESIAN_POINT('',(0.677671462994,0.314841851051));
#2499 = CARTESIAN_POINT('',(0.641736008689,0.315244900158));
#2500 = CARTESIAN_POINT('',(0.605822015674,0.315657485299));
#2501 = CARTESIAN_POINT('',(0.569951043589,0.316078732496));
#2502 = CARTESIAN_POINT('',(0.534144053375,0.316507777561));
#2503 = CARTESIAN_POINT('',(0.498424697429,0.31694371977));
#2504 = CARTESIAN_POINT('',(0.462804740085,0.317385794749));
#2505 = CARTESIAN_POINT('',(0.427336125701,0.317832729266));
#2506 = CARTESIAN_POINT('',(0.391791831901,0.318286679141));
#2507 = CARTESIAN_POINT('',(0.356204331261,0.318746543116));
#2508 = CARTESIAN_POINT('',(0.320585784953,0.319211506671));
#2509 = CARTESIAN_POINT('',(0.284955160471,0.319680682564));
#2510 = CARTESIAN_POINT('',(0.249331842121,0.3201531877));
#2511 = CARTESIAN_POINT('',(0.213731381113,0.320628195118));
#2512 = CARTESIAN_POINT('',(0.178186148424,0.321104649182));
#2513 = CARTESIAN_POINT('',(0.142664221828,0.32158235281));
#2514 = CARTESIAN_POINT('',(0.107370450276,0.322057903391));
#2515 = CARTESIAN_POINT('',(7.162062256955E-02,0.322539861866));
#2516 = CARTESIAN_POINT('',(3.580540656994E-02,0.323022361011));
#2517 = CARTESIAN_POINT('',(1.191999984005E-02,0.323343496122));
#2518 = CARTESIAN_POINT('',(0.,0.323503492356));
#2519 = ( GEOMETRIC_REPRESENTATION_CONTEXT(2) 
PARAMETRIC_REPRESENTATION_CONTEXT() REPRESENTATION_CONTEXT('2D SPACE',''
  ) );
#2520 = ORIENTED_EDGE('',*,*,#165,.T.);
#2521 = ORIENTED_EDGE('',*,*,#2522,.T.);
#2522 = EDGE_CURVE('',#168,#2523,#2525,.T.);
#2523 = VERTEX_POINT('',#2524);
#2524 = CARTESIAN_POINT('',(-0.586299193361,-0.615355339059,
    -0.615355339059));
#2525 = SURFACE_CURVE('',#2526,(#2537,#2566),.PCURVE_S1.);
#2526 = B_SPLINE_CURVE_WITH_KNOTS('',3,(#2527,#2528,#2529,#2530,#2531,
    #2532,#2533,#2534,#2535,#2536),.UNSPECIFIED.,.F.,.F.,(4,3,3,4),(0.,
    1.792079663272E-05,3.585628441639E-05,4.025475725146E-05),
  .UNSPECIFIED.);
#2527 = CARTESIAN_POINT('',(-0.576496507644,-0.58,-0.63));
#2528 = CARTESIAN_POINT('',(-0.578045288674,-0.585769329326,-0.63));
#2529 = CARTESIAN_POINT('',(-0.579639807504,-0.591611697374,
    -0.628975373964));
#2530 = CARTESIAN_POINT('',(-0.58114483665,-0.597046263215,
    -0.627004520106));
#2531 = CARTESIAN_POINT('',(-0.582650526697,-0.602483215527,
    -0.625032800791));
#2532 = CARTESIAN_POINT('',(-0.584108797485,-0.607665261563,
    -0.622056260437));
#2533 = CARTESIAN_POINT('',(-0.585381389618,-0.612138409487,
    -0.618303036899));
#2534 = CARTESIAN_POINT('',(-0.585697871311,-0.6132508393,
    -0.617369645509));
#2535 = CARTESIAN_POINT('',(-0.586004481332,-0.614325284435,
    -0.616385393684));
#2536 = CARTESIAN_POINT('',(-0.586299193361,-0.615355339059,
    -0.615355339059));
#2537 = PCURVE('',#189,#2538);
#2538 = DEFINITIONAL_REPRESENTATION('',(#2539),#2565);
#2539 = B_SPLINE_CURVE_WITH_KNOTS('',3,(#2540,#2541,#2542,#2543,#2544,
    #2545,#2546,#2547,#2548,#2549,#2550,#2551,#2552,#2553,#2554,#2555,
    #2556,#2557,#2558,#2559,#2560,#2561,#2562,#2563,#2564),
  .UNSPECIFIED.,.F.,.F.,(4,1,1,1,1,1,1,1,1,1,1,1,1,1,1,1,1,1,1,1,1,1,4),
  (0.,1.829761693248E-06,3.659523386497E-06,5.489285079745E-06,
    7.319046772993E-06,9.148808466241E-06,1.097857015949E-05,
    1.280833185274E-05,1.463809354599E-05,1.646785523923E-05,
    1.829761693248E-05,2.012737862573E-05,2.195714031898E-05,
    2.378690201223E-05,2.561666370548E-05,2.744642539872E-05,
    2.927618709197E-05,3.110594878522E-05,3.293571047847E-05,
    3.476547217172E-05,3.659523386497E-05,3.842499555821E-05,
    4.025475725146E-05),.QUASI_UNIFORM_KNOTS.);
#2540 = CARTESIAN_POINT('',(1.833063655067,0.));
#2541 = CARTESIAN_POINT('',(1.833336301136,-6.171254680457E-18));
#2542 = CARTESIAN_POINT('',(1.833882361284,-2.136337588541E-05));
#2543 = CARTESIAN_POINT('',(1.834702330153,-1.169978508523E-04));
#2544 = CARTESIAN_POINT('',(1.835521752441,-2.757211257765E-04));
#2545 = CARTESIAN_POINT('',(1.836339202367,-4.970322208009E-04));
#2546 = CARTESIAN_POINT('',(1.837153255925,-7.80431525438E-04));
#2547 = CARTESIAN_POINT('',(1.837962482348,-1.125414320392E-03));
#2548 = CARTESIAN_POINT('',(1.838765475983,-1.531494952235E-03));
#2549 = CARTESIAN_POINT('',(1.839560737377,-1.998116612874E-03));
#2550 = CARTESIAN_POINT('',(1.840347117124,-2.524988047009E-03));
#2551 = CARTESIAN_POINT('',(1.84112215944,-3.11082694283E-03));
#2552 = CARTESIAN_POINT('',(1.841888487493,-3.758210841679E-03));
#2553 = CARTESIAN_POINT('',(1.842646304239,-4.466832802642E-03));
#2554 = CARTESIAN_POINT('',(1.843393842274,-5.234931448404E-03));
#2555 = CARTESIAN_POINT('',(1.844129864038,-6.061138679294E-03));
#2556 = CARTESIAN_POINT('',(1.844852982585,-6.943967721464E-03));
#2557 = CARTESIAN_POINT('',(1.845561878346,-7.882013220131E-03));
#2558 = CARTESIAN_POINT('',(1.846255111347,-8.873662818439E-03));
#2559 = CARTESIAN_POINT('',(1.846931655639,-9.91805074874E-03));
#2560 = CARTESIAN_POINT('',(1.847588949373,-1.101153188864E-02));
#2561 = CARTESIAN_POINT('',(1.848230160118,-1.216083194552E-02));
#2562 = CARTESIAN_POINT('',(1.848859875462,-1.337521272261E-02));
#2563 = CARTESIAN_POINT('',(1.849265893728,-1.421714203716E-02));
#2564 = CARTESIAN_POINT('',(1.849464578977,-1.464466094067E-02));
#2565 = ( GEOMETRIC_REPRESENTATION_CONTEXT(2) 
PARAMETRIC_REPRESENTATION_CONTEXT() REPRESENTATION_CONTEXT('2D SPACE',''
  ) );
#2566 = PCURVE('',#271,#2567);
#2567 = DEFINITIONAL_REPRESENTATION('',(#2568),#2594);
#2568 = B_SPLINE_CURVE_WITH_KNOTS('',3,(#2569,#2570,#2571,#2572,#2573,
    #2574,#2575,#2576,#2577,#2578,#2579,#2580,#2581,#2582,#2583,#2584,
    #2585,#2586,#2587,#2588,#2589,#2590,#2591,#2592,#2593),
  .UNSPECIFIED.,.F.,.F.,(4,1,1,1,1,1,1,1,1,1,1,1,1,1,1,1,1,1,1,1,1,1,4),
  (0.,1.829761693248E-06,3.659523386497E-06,5.489285079745E-06,
    7.319046772993E-06,9.148808466241E-06,1.097857015949E-05,
    1.280833185274E-05,1.463809354599E-05,1.646785523923E-05,
    1.829761693248E-05,2.012737862573E-05,2.195714031898E-05,
    2.378690201223E-05,2.561666370548E-05,2.744642539872E-05,
    2.927618709197E-05,3.110594878522E-05,3.293571047847E-05,
    3.476547217172E-05,3.659523386497E-05,3.842499555821E-05,
    4.025475725146E-05),.QUASI_UNIFORM_KNOTS.);
#2569 = CARTESIAN_POINT('',(6.28318530718,0.323503492356));
#2570 = CARTESIAN_POINT('',(6.271404157619,0.323345357633));
#2571 = CARTESIAN_POINT('',(6.247810887751,0.323028134557));
#2572 = CARTESIAN_POINT('',(6.212344622135,0.322550302697));
#2573 = CARTESIAN_POINT('',(6.176818016442,0.322071337162));
#2574 = CARTESIAN_POINT('',(6.141248948841,0.321592101806));
#2575 = CARTESIAN_POINT('',(6.105655862123,0.321113459421));
#2576 = CARTESIAN_POINT('',(6.070057903893,0.320636276771));
#2577 = CARTESIAN_POINT('',(6.034472958185,0.320161405785));
#2578 = CARTESIAN_POINT('',(5.998922650749,0.319689753766));
#2579 = CARTESIAN_POINT('',(5.963411572069,0.319222021357));
#2580 = CARTESIAN_POINT('',(5.928002690733,0.318759680466));
#2581 = CARTESIAN_POINT('',(5.89252449182,0.318301205967));
#2582 = CARTESIAN_POINT('',(5.856923468955,0.317846560905));
#2583 = CARTESIAN_POINT('',(5.821237704692,0.317396872278));
#2584 = CARTESIAN_POINT('',(5.785482059781,0.316952953998));
#2585 = CARTESIAN_POINT('',(5.749678864006,0.316515708376));
#2586 = CARTESIAN_POINT('',(5.713847126877,0.31608599721));
#2587 = CARTESIAN_POINT('',(5.678012110104,0.315664755946));
#2588 = CARTESIAN_POINT('',(5.642174910534,0.315252665961));
#2589 = CARTESIAN_POINT('',(5.606421652486,0.314851351252));
#2590 = CARTESIAN_POINT('',(5.57051427951,0.314458919411));
#2591 = CARTESIAN_POINT('',(5.53413362605,0.314072657828));
#2592 = CARTESIAN_POINT('',(5.509876241259,0.31382307002));
#2593 = CARTESIAN_POINT('',(5.497787143782,0.313700806639));
#2594 = ( GEOMETRIC_REPRESENTATION_CONTEXT(2) 
PARAMETRIC_REPRESENTATION_CONTEXT() REPRESENTATION_CONTEXT('2D SPACE',''
  ) );
#2595 = ORIENTED_EDGE('',*,*,#2596,.F.);
#2596 = EDGE_CURVE('',#1217,#2523,#2597,.T.);
#2597 = SURFACE_CURVE('',#2598,(#2603,#2609),.PCURVE_S1.);
#2598 = ( BOUNDED_CURVE() B_SPLINE_CURVE(3,(#2599,#2600,#2601,#2602),
.UNSPECIFIED.,.F.,.F.) B_SPLINE_CURVE_WITH_KNOTS((4,4),(1.285312256647,
1.292128074613),.PIECEWISE_BEZIER_KNOTS.) CURVE() 
GEOMETRIC_REPRESENTATION_ITEM() RATIONAL_B_SPLINE_CURVE((1.,
0.999996128723,0.999996128723,1.)) REPRESENTATION_ITEM('') );
#2599 = CARTESIAN_POINT('',(-0.590543267439,-0.63,-0.63));
#2600 = CARTESIAN_POINT('',(-0.589111942895,-0.625123276951,
    -0.625123276951));
#2601 = CARTESIAN_POINT('',(-0.587697246059,-0.620241704406,
    -0.620241704406));
#2602 = CARTESIAN_POINT('',(-0.586299193361,-0.615355339059,
    -0.615355339059));
#2603 = PCURVE('',#189,#2604);
#2604 = DEFINITIONAL_REPRESENTATION('',(#2605),#2608);
#2605 = B_SPLINE_CURVE_WITH_KNOTS('',1,(#2606,#2607),.UNSPECIFIED.,.F.,
  .F.,(2,2),(1.285312256647,1.292128074613),.PIECEWISE_BEZIER_KNOTS.);
#2606 = CARTESIAN_POINT('',(1.856280396943,0.));
#2607 = CARTESIAN_POINT('',(1.849464578977,-1.464466094067E-02));
#2608 = ( GEOMETRIC_REPRESENTATION_CONTEXT(2) 
PARAMETRIC_REPRESENTATION_CONTEXT() REPRESENTATION_CONTEXT('2D SPACE',''
  ) );
#2609 = PCURVE('',#611,#2610);
#2610 = DEFINITIONAL_REPRESENTATION('',(#2611),#2614);
#2611 = B_SPLINE_CURVE_WITH_KNOTS('',1,(#2612,#2613),.UNSPECIFIED.,.F.,
  .F.,(2,2),(1.285312256647,1.292128074613),.PIECEWISE_BEZIER_KNOTS.);
#2612 = CARTESIAN_POINT('',(1.285312256647,1.110223024625E-16));
#2613 = CARTESIAN_POINT('',(1.292128074613,-1.464466094067E-02));
#2614 = ( GEOMETRIC_REPRESENTATION_CONTEXT(2) 
PARAMETRIC_REPRESENTATION_CONTEXT() REPRESENTATION_CONTEXT('2D SPACE',''
  ) );
#2615 = ORIENTED_EDGE('',*,*,#2616,.T.);
#2616 = EDGE_CURVE('',#1217,#289,#2617,.T.);
#2617 = SURFACE_CURVE('',#2618,(#2622,#2629),.PCURVE_S1.);
#2618 = LINE('',#2619,#2620);
#2619 = CARTESIAN_POINT('',(-0.590543267439,-0.63,-0.63));
#2620 = VECTOR('',#2621,1.);
#2621 = DIRECTION('',(-0.,1.084202172486E-16,-1.));
#2622 = PCURVE('',#189,#2623);
#2623 = DEFINITIONAL_REPRESENTATION('',(#2624),#2628);
#2624 = LINE('',#2625,#2626);
#2625 = CARTESIAN_POINT('',(1.856280396943,-2.22044604925E-15));
#2626 = VECTOR('',#2627,1.);
#2627 = DIRECTION('',(0.,1.));
#2628 = ( GEOMETRIC_REPRESENTATION_CONTEXT(2) 
PARAMETRIC_REPRESENTATION_CONTEXT() REPRESENTATION_CONTEXT('2D SPACE',''
  ) );
#2629 = PCURVE('',#380,#2630);
#2630 = DEFINITIONAL_REPRESENTATION('',(#2631),#2635);
#2631 = LINE('',#2632,#2633);
#2632 = CARTESIAN_POINT('',(0.63,2.146498175501));
#2633 = VECTOR('',#2634,1.);
#2634 = DIRECTION('',(1.,0.));
#2635 = ( GEOMETRIC_REPRESENTATION_CONTEXT(2) 
PARAMETRIC_REPRESENTATION_CONTEXT() REPRESENTATION_CONTEXT('2D SPACE',''
  ) );
#2636 = ORIENTED_EDGE('',*,*,#286,.F.);
#2637 = ORIENTED_EDGE('',*,*,#2638,.F.);
#2638 = EDGE_CURVE('',#865,#287,#2639,.T.);
#2639 = SURFACE_CURVE('',#2640,(#2645,#2652),.PCURVE_S1.);
#2640 = CIRCLE('',#2641,2.23704144294);
#2641 = AXIS2_PLACEMENT_3D('',#2642,#2643,#2644);
#2642 = CARTESIAN_POINT('',(-2.73704144294,5.421010862428E-17,-0.65));
#2643 = DIRECTION('',(-0.,1.084202172486E-16,-1.));
#2644 = DIRECTION('',(0.,1.,1.084202172486E-16));
#2645 = PCURVE('',#189,#2646);
#2646 = DEFINITIONAL_REPRESENTATION('',(#2647),#2651);
#2647 = LINE('',#2648,#2649);
#2648 = CARTESIAN_POINT('',(0.,2.E-02));
#2649 = VECTOR('',#2650,1.);
#2650 = DIRECTION('',(1.,0.));
#2651 = ( GEOMETRIC_REPRESENTATION_CONTEXT(2) 
PARAMETRIC_REPRESENTATION_CONTEXT() REPRESENTATION_CONTEXT('2D SPACE',''
  ) );
#2652 = PCURVE('',#738,#2653);
#2653 = DEFINITIONAL_REPRESENTATION('',(#2654),#2662);
#2654 = ( BOUNDED_CURVE() B_SPLINE_CURVE(2,(#2655,#2656,#2657,#2658,
#2659,#2660,#2661),.UNSPECIFIED.,.T.,.F.) B_SPLINE_CURVE_WITH_KNOTS((1,2
    ,2,2,2,1),(-2.094395102393,0.,2.094395102393,4.188790204786,
6.28318530718,8.377580409573),.UNSPECIFIED.) CURVE() 
GEOMETRIC_REPRESENTATION_ITEM() RATIONAL_B_SPLINE_CURVE((1.,0.5,1.,0.5,
1.,0.5,1.)) REPRESENTATION_ITEM('') );
#2655 = CARTESIAN_POINT('',(-1.58704144294,-2.23704144294));
#2656 = CARTESIAN_POINT('',(-1.58704144294,1.637627994869));
#2657 = CARTESIAN_POINT('',(1.76852072147,-0.299706724035));
#2658 = CARTESIAN_POINT('',(5.12408288588,-2.23704144294));
#2659 = CARTESIAN_POINT('',(1.76852072147,-4.174376161844));
#2660 = CARTESIAN_POINT('',(-1.58704144294,-6.111710880749));
#2661 = CARTESIAN_POINT('',(-1.58704144294,-2.23704144294));
#2662 = ( GEOMETRIC_REPRESENTATION_CONTEXT(2) 
PARAMETRIC_REPRESENTATION_CONTEXT() REPRESENTATION_CONTEXT('2D SPACE',''
  ) );
#2663 = ADVANCED_FACE('',(#2664),#1179,.T.);
#2664 = FACE_BOUND('',#2665,.T.);
#2665 = EDGE_LOOP('',(#2666,#2667,#2687));
#2666 = ORIENTED_EDGE('',*,*,#1289,.T.);
#2667 = ORIENTED_EDGE('',*,*,#2668,.T.);
#2668 = EDGE_CURVE('',#1267,#754,#2669,.T.);
#2669 = SURFACE_CURVE('',#2670,(#2675,#2681),.PCURVE_S1.);
#2670 = ( BOUNDED_CURVE() B_SPLINE_CURVE(3,(#2671,#2672,#2673,#2674),
.UNSPECIFIED.,.F.,.F.) B_SPLINE_CURVE_WITH_KNOTS((4,4),(4.997873050533,
5.000368886252),.PIECEWISE_BEZIER_KNOTS.) CURVE() 
GEOMETRIC_REPRESENTATION_ITEM() RATIONAL_B_SPLINE_CURVE((1.,0.9999994809
,0.9999994809,1.)) REPRESENTATION_ITEM('') );
#2671 = CARTESIAN_POINT('',(-0.590543267439,0.63,-0.63));
#2672 = CARTESIAN_POINT('',(-0.591067393076,0.631785769402,
    -0.631785769402));
#2673 = CARTESIAN_POINT('',(-0.591593746797,0.633570883349,
    -0.633570883349));
#2674 = CARTESIAN_POINT('',(-0.592122327784,0.635355339059,
    -0.635355339059));
#2675 = PCURVE('',#1179,#2676);
#2676 = DEFINITIONAL_REPRESENTATION('',(#2677),#2680);
#2677 = B_SPLINE_CURVE_WITH_KNOTS('',1,(#2678,#2679),.UNSPECIFIED.,.F.,
  .F.,(2,2),(4.997873050533,5.000368886252),.PIECEWISE_BEZIER_KNOTS.);
#2678 = CARTESIAN_POINT('',(1.285312256647,0.));
#2679 = CARTESIAN_POINT('',(1.282816420928,5.35533905933E-03));
#2680 = ( GEOMETRIC_REPRESENTATION_CONTEXT(2) 
PARAMETRIC_REPRESENTATION_CONTEXT() REPRESENTATION_CONTEXT('2D SPACE',''
  ) );
#2681 = PCURVE('',#802,#2682);
#2682 = DEFINITIONAL_REPRESENTATION('',(#2683),#2686);
#2683 = B_SPLINE_CURVE_WITH_KNOTS('',1,(#2684,#2685),.UNSPECIFIED.,.F.,
  .F.,(2,2),(4.997873050533,5.000368886252),.PIECEWISE_BEZIER_KNOTS.);
#2684 = CARTESIAN_POINT('',(1.856280396943,1.110223024625E-16));
#2685 = CARTESIAN_POINT('',(1.858776232662,5.35533905933E-03));
#2686 = ( GEOMETRIC_REPRESENTATION_CONTEXT(2) 
PARAMETRIC_REPRESENTATION_CONTEXT() REPRESENTATION_CONTEXT('2D SPACE',''
  ) );
#2687 = ORIENTED_EDGE('',*,*,#1142,.F.);
#2688 = ADVANCED_FACE('',(#2689),#504,.T.);
#2689 = FACE_BOUND('',#2690,.T.);
#2690 = EDGE_LOOP('',(#2691,#2692,#2712));
#2691 = ORIENTED_EDGE('',*,*,#465,.F.);
#2692 = ORIENTED_EDGE('',*,*,#2693,.T.);
#2693 = EDGE_CURVE('',#393,#1217,#2694,.T.);
#2694 = SURFACE_CURVE('',#2695,(#2700,#2706),.PCURVE_S1.);
#2695 = ( BOUNDED_CURVE() B_SPLINE_CURVE(3,(#2696,#2697,#2698,#2699),
.UNSPECIFIED.,.F.,.F.) B_SPLINE_CURVE_WITH_KNOTS((4,4),(1.282816420928,
1.285312256647),.PIECEWISE_BEZIER_KNOTS.) CURVE() 
GEOMETRIC_REPRESENTATION_ITEM() RATIONAL_B_SPLINE_CURVE((1.,0.9999994809
,0.9999994809,1.)) REPRESENTATION_ITEM('') );
#2696 = CARTESIAN_POINT('',(-0.592122327784,-0.635355339059,
    -0.635355339059));
#2697 = CARTESIAN_POINT('',(-0.591593746797,-0.633570883349,
    -0.633570883349));
#2698 = CARTESIAN_POINT('',(-0.591067393076,-0.631785769402,
    -0.631785769402));
#2699 = CARTESIAN_POINT('',(-0.590543267439,-0.63,-0.63));
#2700 = PCURVE('',#504,#2701);
#2701 = DEFINITIONAL_REPRESENTATION('',(#2702),#2705);
#2702 = B_SPLINE_CURVE_WITH_KNOTS('',1,(#2703,#2704),.UNSPECIFIED.,.F.,
  .F.,(2,2),(1.282816420928,1.285312256647),.PIECEWISE_BEZIER_KNOTS.);
#2703 = CARTESIAN_POINT('',(1.858776232662,5.355339059325E-03));
#2704 = CARTESIAN_POINT('',(1.856280396943,0.));
#2705 = ( GEOMETRIC_REPRESENTATION_CONTEXT(2) 
PARAMETRIC_REPRESENTATION_CONTEXT() REPRESENTATION_CONTEXT('2D SPACE',''
  ) );
#2706 = PCURVE('',#431,#2707);
#2707 = DEFINITIONAL_REPRESENTATION('',(#2708),#2711);
#2708 = B_SPLINE_CURVE_WITH_KNOTS('',1,(#2709,#2710),.UNSPECIFIED.,.F.,
  .F.,(2,2),(1.282816420928,1.285312256647),.PIECEWISE_BEZIER_KNOTS.);
#2709 = CARTESIAN_POINT('',(1.282816420928,5.355339059326E-03));
#2710 = CARTESIAN_POINT('',(1.285312256647,1.110223024625E-16));
#2711 = ( GEOMETRIC_REPRESENTATION_CONTEXT(2) 
PARAMETRIC_REPRESENTATION_CONTEXT() REPRESENTATION_CONTEXT('2D SPACE',''
  ) );
#2712 = ORIENTED_EDGE('',*,*,#1216,.T.);
#2713 = ADVANCED_FACE('',(#2714),#738,.F.);
#2714 = FACE_BOUND('',#2715,.T.);
#2715 = EDGE_LOOP('',(#2716,#2717,#2718,#2744));
#2716 = ORIENTED_EDGE('',*,*,#2638,.T.);
#2717 = ORIENTED_EDGE('',*,*,#724,.T.);
#2718 = ORIENTED_EDGE('',*,*,#2719,.T.);
#2719 = EDGE_CURVE('',#674,#939,#2720,.T.);
#2720 = SURFACE_CURVE('',#2721,(#2725,#2732),.PCURVE_S1.);
#2721 = LINE('',#2722,#2723);
#2722 = CARTESIAN_POINT('',(-0.95,0.65,-0.65));
#2723 = VECTOR('',#2724,1.);
#2724 = DIRECTION('',(0.,1.,8.340016711427E-17));
#2725 = PCURVE('',#738,#2726);
#2726 = DEFINITIONAL_REPRESENTATION('',(#2727),#2731);
#2727 = LINE('',#2728,#2729);
#2728 = CARTESIAN_POINT('',(-0.,-0.45));
#2729 = VECTOR('',#2730,1.);
#2730 = DIRECTION('',(-1.,0.));
#2731 = ( GEOMETRIC_REPRESENTATION_CONTEXT(2) 
PARAMETRIC_REPRESENTATION_CONTEXT() REPRESENTATION_CONTEXT('2D SPACE',''
  ) );
#2732 = PCURVE('',#2733,#2738);
#2733 = CYLINDRICAL_SURFACE('',#2734,5.E-02);
#2734 = AXIS2_PLACEMENT_3D('',#2735,#2736,#2737);
#2735 = CARTESIAN_POINT('',(-0.95,0.65,-0.6));
#2736 = DIRECTION('',(0.,-1.,-8.340016711427E-17));
#2737 = DIRECTION('',(0.,8.340016711427E-17,-1.));
#2738 = DEFINITIONAL_REPRESENTATION('',(#2739),#2743);
#2739 = LINE('',#2740,#2741);
#2740 = CARTESIAN_POINT('',(6.28318530718,0.));
#2741 = VECTOR('',#2742,1.);
#2742 = DIRECTION('',(0.,-1.));
#2743 = ( GEOMETRIC_REPRESENTATION_CONTEXT(2) 
PARAMETRIC_REPRESENTATION_CONTEXT() REPRESENTATION_CONTEXT('2D SPACE',''
  ) );
#2744 = ORIENTED_EDGE('',*,*,#938,.T.);
#2745 = ADVANCED_FACE('',(#2746),#2761,.T.);
#2746 = FACE_BOUND('',#2747,.T.);
#2747 = EDGE_LOOP('',(#2748,#2788,#2816,#2840));
#2748 = ORIENTED_EDGE('',*,*,#2749,.T.);
#2749 = EDGE_CURVE('',#2750,#2752,#2754,.T.);
#2750 = VERTEX_POINT('',#2751);
#2751 = CARTESIAN_POINT('',(0.576496507644,-0.63,-0.58));
#2752 = VERTEX_POINT('',#2753);
#2753 = CARTESIAN_POINT('',(0.576496507644,-0.63,0.58));
#2754 = SURFACE_CURVE('',#2755,(#2760,#2776),.PCURVE_S1.);
#2755 = CIRCLE('',#2756,2.23704144294);
#2756 = AXIS2_PLACEMENT_3D('',#2757,#2758,#2759);
#2757 = CARTESIAN_POINT('',(2.73704144294,-0.63,2.147591539192E-15));
#2758 = DIRECTION('',(0.,1.,-3.383061121595E-15));
#2759 = DIRECTION('',(0.,-3.383061121595E-15,-1.));
#2760 = PCURVE('',#2761,#2766);
#2761 = PLANE('',#2762);
#2762 = AXIS2_PLACEMENT_3D('',#2763,#2764,#2765);
#2763 = CARTESIAN_POINT('',(-0.9,-0.63,0.63));
#2764 = DIRECTION('',(0.,-1.,0.));
#2765 = DIRECTION('',(0.,-0.,-1.));
#2766 = DEFINITIONAL_REPRESENTATION('',(#2767),#2775);
#2767 = ( BOUNDED_CURVE() B_SPLINE_CURVE(2,(#2768,#2769,#2770,#2771,
#2772,#2773,#2774),.UNSPECIFIED.,.T.,.F.) B_SPLINE_CURVE_WITH_KNOTS((1,2
    ,2,2,2,1),(-2.094395102393,0.,2.094395102393,4.188790204786,
6.28318530718,8.377580409573),.UNSPECIFIED.) CURVE() 
GEOMETRIC_REPRESENTATION_ITEM() RATIONAL_B_SPLINE_CURVE((1.,0.5,1.,0.5,
1.,0.5,1.)) REPRESENTATION_ITEM('') );
#2768 = CARTESIAN_POINT('',(2.86704144294,3.63704144294));
#2769 = CARTESIAN_POINT('',(2.86704144294,-0.237627994869));
#2770 = CARTESIAN_POINT('',(-0.48852072147,1.699706724035));
#2771 = CARTESIAN_POINT('',(-3.84408288588,3.63704144294));
#2772 = CARTESIAN_POINT('',(-0.48852072147,5.574376161844));
#2773 = CARTESIAN_POINT('',(2.86704144294,7.511710880749));
#2774 = CARTESIAN_POINT('',(2.86704144294,3.63704144294));
#2775 = ( GEOMETRIC_REPRESENTATION_CONTEXT(2) 
PARAMETRIC_REPRESENTATION_CONTEXT() REPRESENTATION_CONTEXT('2D SPACE',''
  ) );
#2776 = PCURVE('',#2777,#2782);
#2777 = CYLINDRICAL_SURFACE('',#2778,2.23704144294);
#2778 = AXIS2_PLACEMENT_3D('',#2779,#2780,#2781);
#2779 = CARTESIAN_POINT('',(2.73704144294,-0.63,2.147591539192E-15));
#2780 = DIRECTION('',(-0.,-1.,3.383061121595E-15));
#2781 = DIRECTION('',(0.,-3.383061121595E-15,-1.));
#2782 = DEFINITIONAL_REPRESENTATION('',(#2783),#2787);
#2783 = LINE('',#2784,#2785);
#2784 = CARTESIAN_POINT('',(6.28318530718,0.));
#2785 = VECTOR('',#2786,1.);
#2786 = DIRECTION('',(-1.,0.));
#2787 = ( GEOMETRIC_REPRESENTATION_CONTEXT(2) 
PARAMETRIC_REPRESENTATION_CONTEXT() REPRESENTATION_CONTEXT('2D SPACE',''
  ) );
#2788 = ORIENTED_EDGE('',*,*,#2789,.T.);
#2789 = EDGE_CURVE('',#2752,#2790,#2792,.T.);
#2790 = VERTEX_POINT('',#2791);
#2791 = CARTESIAN_POINT('',(-0.576496507644,-0.63,0.58));
#2792 = SURFACE_CURVE('',#2793,(#2797,#2804),.PCURVE_S1.);
#2793 = LINE('',#2794,#2795);
#2794 = CARTESIAN_POINT('',(-0.9,-0.63,0.58));
#2795 = VECTOR('',#2796,1.);
#2796 = DIRECTION('',(-1.,-0.,-0.));
#2797 = PCURVE('',#2761,#2798);
#2798 = DEFINITIONAL_REPRESENTATION('',(#2799),#2803);
#2799 = LINE('',#2800,#2801);
#2800 = CARTESIAN_POINT('',(5.E-02,0.));
#2801 = VECTOR('',#2802,1.);
#2802 = DIRECTION('',(0.,-1.));
#2803 = ( GEOMETRIC_REPRESENTATION_CONTEXT(2) 
PARAMETRIC_REPRESENTATION_CONTEXT() REPRESENTATION_CONTEXT('2D SPACE',''
  ) );
#2804 = PCURVE('',#2805,#2810);
#2805 = CYLINDRICAL_SURFACE('',#2806,5.E-02);
#2806 = AXIS2_PLACEMENT_3D('',#2807,#2808,#2809);
#2807 = CARTESIAN_POINT('',(-0.9,-0.58,0.58));
#2808 = DIRECTION('',(1.,0.,0.));
#2809 = DIRECTION('',(0.,0.,-1.));
#2810 = DEFINITIONAL_REPRESENTATION('',(#2811),#2815);
#2811 = LINE('',#2812,#2813);
#2812 = CARTESIAN_POINT('',(4.712388980385,0.));
#2813 = VECTOR('',#2814,1.);
#2814 = DIRECTION('',(0.,-1.));
#2815 = ( GEOMETRIC_REPRESENTATION_CONTEXT(2) 
PARAMETRIC_REPRESENTATION_CONTEXT() REPRESENTATION_CONTEXT('2D SPACE',''
  ) );
#2816 = ORIENTED_EDGE('',*,*,#2817,.F.);
#2817 = EDGE_CURVE('',#2818,#2790,#2820,.T.);
#2818 = VERTEX_POINT('',#2819);
#2819 = CARTESIAN_POINT('',(-0.576496507644,-0.63,-0.58));
#2820 = SURFACE_CURVE('',#2821,(#2826,#2833),.PCURVE_S1.);
#2821 = CIRCLE('',#2822,2.23704144294);
#2822 = AXIS2_PLACEMENT_3D('',#2823,#2824,#2825);
#2823 = CARTESIAN_POINT('',(-2.73704144294,-0.63,2.147591539192E-15));
#2824 = DIRECTION('',(0.,-1.,3.383061121595E-15));
#2825 = DIRECTION('',(0.,-3.383061121595E-15,-1.));
#2826 = PCURVE('',#2761,#2827);
#2827 = DEFINITIONAL_REPRESENTATION('',(#2828),#2832);
#2828 = CIRCLE('',#2829,2.23704144294);
#2829 = AXIS2_PLACEMENT_2D('',#2830,#2831);
#2830 = CARTESIAN_POINT('',(0.63,-1.83704144294));
#2831 = DIRECTION('',(1.,0.));
#2832 = ( GEOMETRIC_REPRESENTATION_CONTEXT(2) 
PARAMETRIC_REPRESENTATION_CONTEXT() REPRESENTATION_CONTEXT('2D SPACE',''
  ) );
#2833 = PCURVE('',#611,#2834);
#2834 = DEFINITIONAL_REPRESENTATION('',(#2835),#2839);
#2835 = LINE('',#2836,#2837);
#2836 = CARTESIAN_POINT('',(0.,0.));
#2837 = VECTOR('',#2838,1.);
#2838 = DIRECTION('',(1.,0.));
#2839 = ( GEOMETRIC_REPRESENTATION_CONTEXT(2) 
PARAMETRIC_REPRESENTATION_CONTEXT() REPRESENTATION_CONTEXT('2D SPACE',''
  ) );
#2840 = ORIENTED_EDGE('',*,*,#2841,.T.);
#2841 = EDGE_CURVE('',#2818,#2750,#2842,.T.);
#2842 = SURFACE_CURVE('',#2843,(#2847,#2854),.PCURVE_S1.);
#2843 = LINE('',#2844,#2845);
#2844 = CARTESIAN_POINT('',(-0.9,-0.63,-0.58));
#2845 = VECTOR('',#2846,1.);
#2846 = DIRECTION('',(1.,0.,0.));
#2847 = PCURVE('',#2761,#2848);
#2848 = DEFINITIONAL_REPRESENTATION('',(#2849),#2853);
#2849 = LINE('',#2850,#2851);
#2850 = CARTESIAN_POINT('',(1.21,0.));
#2851 = VECTOR('',#2852,1.);
#2852 = DIRECTION('',(0.,1.));
#2853 = ( GEOMETRIC_REPRESENTATION_CONTEXT(2) 
PARAMETRIC_REPRESENTATION_CONTEXT() REPRESENTATION_CONTEXT('2D SPACE',''
  ) );
#2854 = PCURVE('',#271,#2855);
#2855 = DEFINITIONAL_REPRESENTATION('',(#2856),#2860);
#2856 = LINE('',#2857,#2858);
#2857 = CARTESIAN_POINT('',(4.712388980385,0.));
#2858 = VECTOR('',#2859,1.);
#2859 = DIRECTION('',(0.,1.));
#2860 = ( GEOMETRIC_REPRESENTATION_CONTEXT(2) 
PARAMETRIC_REPRESENTATION_CONTEXT() REPRESENTATION_CONTEXT('2D SPACE',''
  ) );
#2861 = ADVANCED_FACE('',(#2862),#2877,.T.);
#2862 = FACE_BOUND('',#2863,.T.);
#2863 = EDGE_LOOP('',(#2864,#2895,#2918,#2951));
#2864 = ORIENTED_EDGE('',*,*,#2865,.F.);
#2865 = EDGE_CURVE('',#2866,#2868,#2870,.T.);
#2866 = VERTEX_POINT('',#2867);
#2867 = CARTESIAN_POINT('',(-0.576496507644,-0.58,0.63));
#2868 = VERTEX_POINT('',#2869);
#2869 = CARTESIAN_POINT('',(-0.576496507644,0.58,0.63));
#2870 = SURFACE_CURVE('',#2871,(#2876,#2888),.PCURVE_S1.);
#2871 = CIRCLE('',#2872,2.23704144294);
#2872 = AXIS2_PLACEMENT_3D('',#2873,#2874,#2875);
#2873 = CARTESIAN_POINT('',(-2.73704144294,-5.20417042793E-17,0.63));
#2874 = DIRECTION('',(0.,-1.084202172486E-16,1.));
#2875 = DIRECTION('',(0.,-1.,-1.084202172486E-16));
#2876 = PCURVE('',#2877,#2882);
#2877 = PLANE('',#2878);
#2878 = AXIS2_PLACEMENT_3D('',#2879,#2880,#2881);
#2879 = CARTESIAN_POINT('',(-0.9,0.63,0.63));
#2880 = DIRECTION('',(0.,-8.60477914671E-17,1.));
#2881 = DIRECTION('',(0.,-1.,-8.60477914671E-17));
#2882 = DEFINITIONAL_REPRESENTATION('',(#2883),#2887);
#2883 = CIRCLE('',#2884,2.23704144294);
#2884 = AXIS2_PLACEMENT_2D('',#2885,#2886);
#2885 = CARTESIAN_POINT('',(0.63,-1.83704144294));
#2886 = DIRECTION('',(1.,0.));
#2887 = ( GEOMETRIC_REPRESENTATION_CONTEXT(2) 
PARAMETRIC_REPRESENTATION_CONTEXT() REPRESENTATION_CONTEXT('2D SPACE',''
  ) );
#2888 = PCURVE('',#1428,#2889);
#2889 = DEFINITIONAL_REPRESENTATION('',(#2890),#2894);
#2890 = LINE('',#2891,#2892);
#2891 = CARTESIAN_POINT('',(0.,0.));
#2892 = VECTOR('',#2893,1.);
#2893 = DIRECTION('',(1.,0.));
#2894 = ( GEOMETRIC_REPRESENTATION_CONTEXT(2) 
PARAMETRIC_REPRESENTATION_CONTEXT() REPRESENTATION_CONTEXT('2D SPACE',''
  ) );
#2895 = ORIENTED_EDGE('',*,*,#2896,.T.);
#2896 = EDGE_CURVE('',#2866,#2897,#2899,.T.);
#2897 = VERTEX_POINT('',#2898);
#2898 = CARTESIAN_POINT('',(0.576496507644,-0.58,0.63));
#2899 = SURFACE_CURVE('',#2900,(#2904,#2911),.PCURVE_S1.);
#2900 = LINE('',#2901,#2902);
#2901 = CARTESIAN_POINT('',(-0.9,-0.58,0.63));
#2902 = VECTOR('',#2903,1.);
#2903 = DIRECTION('',(1.,0.,0.));
#2904 = PCURVE('',#2877,#2905);
#2905 = DEFINITIONAL_REPRESENTATION('',(#2906),#2910);
#2906 = LINE('',#2907,#2908);
#2907 = CARTESIAN_POINT('',(1.21,0.));
#2908 = VECTOR('',#2909,1.);
#2909 = DIRECTION('',(0.,1.));
#2910 = ( GEOMETRIC_REPRESENTATION_CONTEXT(2) 
PARAMETRIC_REPRESENTATION_CONTEXT() REPRESENTATION_CONTEXT('2D SPACE',''
  ) );
#2911 = PCURVE('',#2805,#2912);
#2912 = DEFINITIONAL_REPRESENTATION('',(#2913),#2917);
#2913 = LINE('',#2914,#2915);
#2914 = CARTESIAN_POINT('',(3.14159265359,0.));
#2915 = VECTOR('',#2916,1.);
#2916 = DIRECTION('',(0.,1.));
#2917 = ( GEOMETRIC_REPRESENTATION_CONTEXT(2) 
PARAMETRIC_REPRESENTATION_CONTEXT() REPRESENTATION_CONTEXT('2D SPACE',''
  ) );
#2918 = ORIENTED_EDGE('',*,*,#2919,.T.);
#2919 = EDGE_CURVE('',#2897,#2920,#2922,.T.);
#2920 = VERTEX_POINT('',#2921);
#2921 = CARTESIAN_POINT('',(0.576496507644,0.58,0.63));
#2922 = SURFACE_CURVE('',#2923,(#2928,#2939),.PCURVE_S1.);
#2923 = CIRCLE('',#2924,2.23704144294);
#2924 = AXIS2_PLACEMENT_3D('',#2925,#2926,#2927);
#2925 = CARTESIAN_POINT('',(2.73704144294,-5.20417042793E-17,0.63));
#2926 = DIRECTION('',(0.,1.084202172486E-16,-1.));
#2927 = DIRECTION('',(0.,-1.,-1.084202172486E-16));
#2928 = PCURVE('',#2877,#2929);
#2929 = DEFINITIONAL_REPRESENTATION('',(#2930),#2938);
#2930 = ( BOUNDED_CURVE() B_SPLINE_CURVE(2,(#2931,#2932,#2933,#2934,
#2935,#2936,#2937),.UNSPECIFIED.,.T.,.F.) B_SPLINE_CURVE_WITH_KNOTS((1,2
    ,2,2,2,1),(-2.094395102393,0.,2.094395102393,4.188790204786,
6.28318530718,8.377580409573),.UNSPECIFIED.) CURVE() 
GEOMETRIC_REPRESENTATION_ITEM() RATIONAL_B_SPLINE_CURVE((1.,0.5,1.,0.5,
1.,0.5,1.)) REPRESENTATION_ITEM('') );
#2931 = CARTESIAN_POINT('',(2.86704144294,3.63704144294));
#2932 = CARTESIAN_POINT('',(2.86704144294,-0.237627994869));
#2933 = CARTESIAN_POINT('',(-0.48852072147,1.699706724035));
#2934 = CARTESIAN_POINT('',(-3.84408288588,3.63704144294));
#2935 = CARTESIAN_POINT('',(-0.48852072147,5.574376161844));
#2936 = CARTESIAN_POINT('',(2.86704144294,7.511710880749));
#2937 = CARTESIAN_POINT('',(2.86704144294,3.63704144294));
#2938 = ( GEOMETRIC_REPRESENTATION_CONTEXT(2) 
PARAMETRIC_REPRESENTATION_CONTEXT() REPRESENTATION_CONTEXT('2D SPACE',''
  ) );
#2939 = PCURVE('',#2940,#2945);
#2940 = CYLINDRICAL_SURFACE('',#2941,2.23704144294);
#2941 = AXIS2_PLACEMENT_3D('',#2942,#2943,#2944);
#2942 = CARTESIAN_POINT('',(2.73704144294,-5.20417042793E-17,0.63));
#2943 = DIRECTION('',(-0.,-1.084202172486E-16,1.));
#2944 = DIRECTION('',(0.,-1.,-1.084202172486E-16));
#2945 = DEFINITIONAL_REPRESENTATION('',(#2946),#2950);
#2946 = LINE('',#2947,#2948);
#2947 = CARTESIAN_POINT('',(6.28318530718,0.));
#2948 = VECTOR('',#2949,1.);
#2949 = DIRECTION('',(-1.,0.));
#2950 = ( GEOMETRIC_REPRESENTATION_CONTEXT(2) 
PARAMETRIC_REPRESENTATION_CONTEXT() REPRESENTATION_CONTEXT('2D SPACE',''
  ) );
#2951 = ORIENTED_EDGE('',*,*,#2952,.T.);
#2952 = EDGE_CURVE('',#2920,#2868,#2953,.T.);
#2953 = SURFACE_CURVE('',#2954,(#2958,#2965),.PCURVE_S1.);
#2954 = LINE('',#2955,#2956);
#2955 = CARTESIAN_POINT('',(-0.9,0.58,0.63));
#2956 = VECTOR('',#2957,1.);
#2957 = DIRECTION('',(-1.,-0.,-0.));
#2958 = PCURVE('',#2877,#2959);
#2959 = DEFINITIONAL_REPRESENTATION('',(#2960),#2964);
#2960 = LINE('',#2961,#2962);
#2961 = CARTESIAN_POINT('',(5.E-02,0.));
#2962 = VECTOR('',#2963,1.);
#2963 = DIRECTION('',(0.,-1.));
#2964 = ( GEOMETRIC_REPRESENTATION_CONTEXT(2) 
PARAMETRIC_REPRESENTATION_CONTEXT() REPRESENTATION_CONTEXT('2D SPACE',''
  ) );
#2965 = PCURVE('',#150,#2966);
#2966 = DEFINITIONAL_REPRESENTATION('',(#2967),#2971);
#2967 = LINE('',#2968,#2969);
#2968 = CARTESIAN_POINT('',(3.14159265359,0.));
#2969 = VECTOR('',#2970,1.);
#2970 = DIRECTION('',(0.,-1.));
#2971 = ( GEOMETRIC_REPRESENTATION_CONTEXT(2) 
PARAMETRIC_REPRESENTATION_CONTEXT() REPRESENTATION_CONTEXT('2D SPACE',''
  ) );
#2972 = ADVANCED_FACE('',(#2973),#2988,.T.);
#2973 = FACE_BOUND('',#2974,.T.);
#2974 = EDGE_LOOP('',(#2975,#3010,#3038,#3066));
#2975 = ORIENTED_EDGE('',*,*,#2976,.F.);
#2976 = EDGE_CURVE('',#2977,#2979,#2981,.T.);
#2977 = VERTEX_POINT('',#2978);
#2978 = CARTESIAN_POINT('',(0.581965013337,-0.65,-0.6));
#2979 = VERTEX_POINT('',#2980);
#2980 = CARTESIAN_POINT('',(0.581965013337,-0.65,0.6));
#2981 = SURFACE_CURVE('',#2982,(#2987,#3003),.PCURVE_S1.);
#2982 = CIRCLE('',#2983,2.23704144294);
#2983 = AXIS2_PLACEMENT_3D('',#2984,#2985,#2986);
#2984 = CARTESIAN_POINT('',(2.73704144294,-0.65,2.215252761624E-15));
#2985 = DIRECTION('',(0.,1.,-3.383061121595E-15));
#2986 = DIRECTION('',(0.,-3.383061121595E-15,-1.));
#2987 = PCURVE('',#2988,#2993);
#2988 = PLANE('',#2989);
#2989 = AXIS2_PLACEMENT_3D('',#2990,#2991,#2992);
#2990 = CARTESIAN_POINT('',(0.5,-0.65,0.65));
#2991 = DIRECTION('',(0.,-1.,0.));
#2992 = DIRECTION('',(0.,-0.,-1.));
#2993 = DEFINITIONAL_REPRESENTATION('',(#2994),#3002);
#2994 = ( BOUNDED_CURVE() B_SPLINE_CURVE(2,(#2995,#2996,#2997,#2998,
#2999,#3000,#3001),.UNSPECIFIED.,.T.,.F.) B_SPLINE_CURVE_WITH_KNOTS((1,2
    ,2,2,2,1),(-2.094395102393,0.,2.094395102393,4.188790204786,
6.28318530718,8.377580409573),.UNSPECIFIED.) CURVE() 
GEOMETRIC_REPRESENTATION_ITEM() RATIONAL_B_SPLINE_CURVE((1.,0.5,1.,0.5,
1.,0.5,1.)) REPRESENTATION_ITEM('') );
#2995 = CARTESIAN_POINT('',(2.88704144294,2.23704144294));
#2996 = CARTESIAN_POINT('',(2.88704144294,-1.637627994869));
#2997 = CARTESIAN_POINT('',(-0.46852072147,0.299706724035));
#2998 = CARTESIAN_POINT('',(-3.82408288588,2.23704144294));
#2999 = CARTESIAN_POINT('',(-0.46852072147,4.174376161844));
#3000 = CARTESIAN_POINT('',(2.88704144294,6.111710880749));
#3001 = CARTESIAN_POINT('',(2.88704144294,2.23704144294));
#3002 = ( GEOMETRIC_REPRESENTATION_CONTEXT(2) 
PARAMETRIC_REPRESENTATION_CONTEXT() REPRESENTATION_CONTEXT('2D SPACE',''
  ) );
#3003 = PCURVE('',#2777,#3004);
#3004 = DEFINITIONAL_REPRESENTATION('',(#3005),#3009);
#3005 = LINE('',#3006,#3007);
#3006 = CARTESIAN_POINT('',(6.28318530718,2.E-02));
#3007 = VECTOR('',#3008,1.);
#3008 = DIRECTION('',(-1.,0.));
#3009 = ( GEOMETRIC_REPRESENTATION_CONTEXT(2) 
PARAMETRIC_REPRESENTATION_CONTEXT() REPRESENTATION_CONTEXT('2D SPACE',''
  ) );
#3010 = ORIENTED_EDGE('',*,*,#3011,.T.);
#3011 = EDGE_CURVE('',#2977,#3012,#3014,.T.);
#3012 = VERTEX_POINT('',#3013);
#3013 = CARTESIAN_POINT('',(0.95,-0.65,-0.6));
#3014 = SURFACE_CURVE('',#3015,(#3019,#3026),.PCURVE_S1.);
#3015 = LINE('',#3016,#3017);
#3016 = CARTESIAN_POINT('',(0.5,-0.65,-0.6));
#3017 = VECTOR('',#3018,1.);
#3018 = DIRECTION('',(1.,0.,0.));
#3019 = PCURVE('',#2988,#3020);
#3020 = DEFINITIONAL_REPRESENTATION('',(#3021),#3025);
#3021 = LINE('',#3022,#3023);
#3022 = CARTESIAN_POINT('',(1.25,0.));
#3023 = VECTOR('',#3024,1.);
#3024 = DIRECTION('',(0.,1.));
#3025 = ( GEOMETRIC_REPRESENTATION_CONTEXT(2) 
PARAMETRIC_REPRESENTATION_CONTEXT() REPRESENTATION_CONTEXT('2D SPACE',''
  ) );
#3026 = PCURVE('',#3027,#3032);
#3027 = CYLINDRICAL_SURFACE('',#3028,5.E-02);
#3028 = AXIS2_PLACEMENT_3D('',#3029,#3030,#3031);
#3029 = CARTESIAN_POINT('',(0.5,-0.6,-0.6));
#3030 = DIRECTION('',(1.,0.,0.));
#3031 = DIRECTION('',(0.,0.,-1.));
#3032 = DEFINITIONAL_REPRESENTATION('',(#3033),#3037);
#3033 = LINE('',#3034,#3035);
#3034 = CARTESIAN_POINT('',(4.712388980385,0.));
#3035 = VECTOR('',#3036,1.);
#3036 = DIRECTION('',(0.,1.));
#3037 = ( GEOMETRIC_REPRESENTATION_CONTEXT(2) 
PARAMETRIC_REPRESENTATION_CONTEXT() REPRESENTATION_CONTEXT('2D SPACE',''
  ) );
#3038 = ORIENTED_EDGE('',*,*,#3039,.T.);
#3039 = EDGE_CURVE('',#3012,#3040,#3042,.T.);
#3040 = VERTEX_POINT('',#3041);
#3041 = CARTESIAN_POINT('',(0.95,-0.65,0.6));
#3042 = SURFACE_CURVE('',#3043,(#3047,#3054),.PCURVE_S1.);
#3043 = LINE('',#3044,#3045);
#3044 = CARTESIAN_POINT('',(0.95,-0.65,0.65));
#3045 = VECTOR('',#3046,1.);
#3046 = DIRECTION('',(-0.,-0.,1.));
#3047 = PCURVE('',#2988,#3048);
#3048 = DEFINITIONAL_REPRESENTATION('',(#3049),#3053);
#3049 = LINE('',#3050,#3051);
#3050 = CARTESIAN_POINT('',(0.,0.45));
#3051 = VECTOR('',#3052,1.);
#3052 = DIRECTION('',(-1.,0.));
#3053 = ( GEOMETRIC_REPRESENTATION_CONTEXT(2) 
PARAMETRIC_REPRESENTATION_CONTEXT() REPRESENTATION_CONTEXT('2D SPACE',''
  ) );
#3054 = PCURVE('',#3055,#3060);
#3055 = CYLINDRICAL_SURFACE('',#3056,5.E-02);
#3056 = AXIS2_PLACEMENT_3D('',#3057,#3058,#3059);
#3057 = CARTESIAN_POINT('',(0.95,-0.6,0.));
#3058 = DIRECTION('',(0.,0.,-1.));
#3059 = DIRECTION('',(-1.,0.,0.));
#3060 = DEFINITIONAL_REPRESENTATION('',(#3061),#3065);
#3061 = LINE('',#3062,#3063);
#3062 = CARTESIAN_POINT('',(4.712388980385,-0.65));
#3063 = VECTOR('',#3064,1.);
#3064 = DIRECTION('',(0.,-1.));
#3065 = ( GEOMETRIC_REPRESENTATION_CONTEXT(2) 
PARAMETRIC_REPRESENTATION_CONTEXT() REPRESENTATION_CONTEXT('2D SPACE',''
  ) );
#3066 = ORIENTED_EDGE('',*,*,#3067,.T.);
#3067 = EDGE_CURVE('',#3040,#2979,#3068,.T.);
#3068 = SURFACE_CURVE('',#3069,(#3073,#3080),.PCURVE_S1.);
#3069 = LINE('',#3070,#3071);
#3070 = CARTESIAN_POINT('',(0.5,-0.65,0.6));
#3071 = VECTOR('',#3072,1.);
#3072 = DIRECTION('',(-1.,-0.,-0.));
#3073 = PCURVE('',#2988,#3074);
#3074 = DEFINITIONAL_REPRESENTATION('',(#3075),#3079);
#3075 = LINE('',#3076,#3077);
#3076 = CARTESIAN_POINT('',(5.E-02,0.));
#3077 = VECTOR('',#3078,1.);
#3078 = DIRECTION('',(0.,-1.));
#3079 = ( GEOMETRIC_REPRESENTATION_CONTEXT(2) 
PARAMETRIC_REPRESENTATION_CONTEXT() REPRESENTATION_CONTEXT('2D SPACE',''
  ) );
#3080 = PCURVE('',#3081,#3086);
#3081 = CYLINDRICAL_SURFACE('',#3082,5.E-02);
#3082 = AXIS2_PLACEMENT_3D('',#3083,#3084,#3085);
#3083 = CARTESIAN_POINT('',(0.5,-0.6,0.6));
#3084 = DIRECTION('',(1.,0.,0.));
#3085 = DIRECTION('',(0.,0.,-1.));
#3086 = DEFINITIONAL_REPRESENTATION('',(#3087),#3091);
#3087 = LINE('',#3088,#3089);
#3088 = CARTESIAN_POINT('',(4.712388980385,0.));
#3089 = VECTOR('',#3090,1.);
#3090 = DIRECTION('',(0.,-1.));
#3091 = ( GEOMETRIC_REPRESENTATION_CONTEXT(2) 
PARAMETRIC_REPRESENTATION_CONTEXT() REPRESENTATION_CONTEXT('2D SPACE',''
  ) );
#3092 = ADVANCED_FACE('',(#3093),#3108,.T.);
#3093 = FACE_BOUND('',#3094,.T.);
#3094 = EDGE_LOOP('',(#3095,#3130,#3153,#3181));
#3095 = ORIENTED_EDGE('',*,*,#3096,.F.);
#3096 = EDGE_CURVE('',#3097,#3099,#3101,.T.);
#3097 = VERTEX_POINT('',#3098);
#3098 = CARTESIAN_POINT('',(0.581965013337,-0.6,0.65));
#3099 = VERTEX_POINT('',#3100);
#3100 = CARTESIAN_POINT('',(0.581965013337,0.6,0.65));
#3101 = SURFACE_CURVE('',#3102,(#3107,#3123),.PCURVE_S1.);
#3102 = CIRCLE('',#3103,2.23704144294);
#3103 = AXIS2_PLACEMENT_3D('',#3104,#3105,#3106);
#3104 = CARTESIAN_POINT('',(2.73704144294,-5.421010862428E-17,0.65));
#3105 = DIRECTION('',(0.,1.084202172486E-16,-1.));
#3106 = DIRECTION('',(0.,-1.,-1.084202172486E-16));
#3107 = PCURVE('',#3108,#3113);
#3108 = PLANE('',#3109);
#3109 = AXIS2_PLACEMENT_3D('',#3110,#3111,#3112);
#3110 = CARTESIAN_POINT('',(0.5,0.65,0.65));
#3111 = DIRECTION('',(-0.,0.,1.));
#3112 = DIRECTION('',(1.,0.,0.));
#3113 = DEFINITIONAL_REPRESENTATION('',(#3114),#3122);
#3114 = ( BOUNDED_CURVE() B_SPLINE_CURVE(2,(#3115,#3116,#3117,#3118,
#3119,#3120,#3121),.UNSPECIFIED.,.T.,.F.) B_SPLINE_CURVE_WITH_KNOTS((1,2
    ,2,2,2,1),(-2.094395102393,0.,2.094395102393,4.188790204786,
6.28318530718,8.377580409573),.UNSPECIFIED.) CURVE() 
GEOMETRIC_REPRESENTATION_ITEM() RATIONAL_B_SPLINE_CURVE((1.,0.5,1.,0.5,
1.,0.5,1.)) REPRESENTATION_ITEM('') );
#3115 = CARTESIAN_POINT('',(2.23704144294,-2.88704144294));
#3116 = CARTESIAN_POINT('',(-1.637627994869,-2.88704144294));
#3117 = CARTESIAN_POINT('',(0.299706724035,0.46852072147));
#3118 = CARTESIAN_POINT('',(2.23704144294,3.82408288588));
#3119 = CARTESIAN_POINT('',(4.174376161844,0.46852072147));
#3120 = CARTESIAN_POINT('',(6.111710880749,-2.88704144294));
#3121 = CARTESIAN_POINT('',(2.23704144294,-2.88704144294));
#3122 = ( GEOMETRIC_REPRESENTATION_CONTEXT(2) 
PARAMETRIC_REPRESENTATION_CONTEXT() REPRESENTATION_CONTEXT('2D SPACE',''
  ) );
#3123 = PCURVE('',#2940,#3124);
#3124 = DEFINITIONAL_REPRESENTATION('',(#3125),#3129);
#3125 = LINE('',#3126,#3127);
#3126 = CARTESIAN_POINT('',(6.28318530718,2.E-02));
#3127 = VECTOR('',#3128,1.);
#3128 = DIRECTION('',(-1.,0.));
#3129 = ( GEOMETRIC_REPRESENTATION_CONTEXT(2) 
PARAMETRIC_REPRESENTATION_CONTEXT() REPRESENTATION_CONTEXT('2D SPACE',''
  ) );
#3130 = ORIENTED_EDGE('',*,*,#3131,.T.);
#3131 = EDGE_CURVE('',#3097,#3132,#3134,.T.);
#3132 = VERTEX_POINT('',#3133);
#3133 = CARTESIAN_POINT('',(0.95,-0.6,0.65));
#3134 = SURFACE_CURVE('',#3135,(#3139,#3146),.PCURVE_S1.);
#3135 = LINE('',#3136,#3137);
#3136 = CARTESIAN_POINT('',(0.5,-0.6,0.65));
#3137 = VECTOR('',#3138,1.);
#3138 = DIRECTION('',(1.,0.,0.));
#3139 = PCURVE('',#3108,#3140);
#3140 = DEFINITIONAL_REPRESENTATION('',(#3141),#3145);
#3141 = LINE('',#3142,#3143);
#3142 = CARTESIAN_POINT('',(0.,-1.25));
#3143 = VECTOR('',#3144,1.);
#3144 = DIRECTION('',(1.,0.));
#3145 = ( GEOMETRIC_REPRESENTATION_CONTEXT(2) 
PARAMETRIC_REPRESENTATION_CONTEXT() REPRESENTATION_CONTEXT('2D SPACE',''
  ) );
#3146 = PCURVE('',#3081,#3147);
#3147 = DEFINITIONAL_REPRESENTATION('',(#3148),#3152);
#3148 = LINE('',#3149,#3150);
#3149 = CARTESIAN_POINT('',(3.14159265359,0.));
#3150 = VECTOR('',#3151,1.);
#3151 = DIRECTION('',(0.,1.));
#3152 = ( GEOMETRIC_REPRESENTATION_CONTEXT(2) 
PARAMETRIC_REPRESENTATION_CONTEXT() REPRESENTATION_CONTEXT('2D SPACE',''
  ) );
#3153 = ORIENTED_EDGE('',*,*,#3154,.T.);
#3154 = EDGE_CURVE('',#3132,#3155,#3157,.T.);
#3155 = VERTEX_POINT('',#3156);
#3156 = CARTESIAN_POINT('',(0.95,0.6,0.65));
#3157 = SURFACE_CURVE('',#3158,(#3162,#3169),.PCURVE_S1.);
#3158 = LINE('',#3159,#3160);
#3159 = CARTESIAN_POINT('',(0.95,0.65,0.65));
#3160 = VECTOR('',#3161,1.);
#3161 = DIRECTION('',(-0.,1.,-0.));
#3162 = PCURVE('',#3108,#3163);
#3163 = DEFINITIONAL_REPRESENTATION('',(#3164),#3168);
#3164 = LINE('',#3165,#3166);
#3165 = CARTESIAN_POINT('',(0.45,0.));
#3166 = VECTOR('',#3167,1.);
#3167 = DIRECTION('',(0.,1.));
#3168 = ( GEOMETRIC_REPRESENTATION_CONTEXT(2) 
PARAMETRIC_REPRESENTATION_CONTEXT() REPRESENTATION_CONTEXT('2D SPACE',''
  ) );
#3169 = PCURVE('',#3170,#3175);
#3170 = CYLINDRICAL_SURFACE('',#3171,5.E-02);
#3171 = AXIS2_PLACEMENT_3D('',#3172,#3173,#3174);
#3172 = CARTESIAN_POINT('',(0.95,0.,0.6));
#3173 = DIRECTION('',(0.,-1.,0.));
#3174 = DIRECTION('',(0.,0.,-1.));
#3175 = DEFINITIONAL_REPRESENTATION('',(#3176),#3180);
#3176 = LINE('',#3177,#3178);
#3177 = CARTESIAN_POINT('',(3.14159265359,-0.65));
#3178 = VECTOR('',#3179,1.);
#3179 = DIRECTION('',(0.,-1.));
#3180 = ( GEOMETRIC_REPRESENTATION_CONTEXT(2) 
PARAMETRIC_REPRESENTATION_CONTEXT() REPRESENTATION_CONTEXT('2D SPACE',''
  ) );
#3181 = ORIENTED_EDGE('',*,*,#3182,.T.);
#3182 = EDGE_CURVE('',#3155,#3099,#3183,.T.);
#3183 = SURFACE_CURVE('',#3184,(#3188,#3195),.PCURVE_S1.);
#3184 = LINE('',#3185,#3186);
#3185 = CARTESIAN_POINT('',(0.5,0.6,0.65));
#3186 = VECTOR('',#3187,1.);
#3187 = DIRECTION('',(-1.,-0.,-0.));
#3188 = PCURVE('',#3108,#3189);
#3189 = DEFINITIONAL_REPRESENTATION('',(#3190),#3194);
#3190 = LINE('',#3191,#3192);
#3191 = CARTESIAN_POINT('',(0.,-5.E-02));
#3192 = VECTOR('',#3193,1.);
#3193 = DIRECTION('',(-1.,0.));
#3194 = ( GEOMETRIC_REPRESENTATION_CONTEXT(2) 
PARAMETRIC_REPRESENTATION_CONTEXT() REPRESENTATION_CONTEXT('2D SPACE',''
  ) );
#3195 = PCURVE('',#3196,#3201);
#3196 = CYLINDRICAL_SURFACE('',#3197,5.E-02);
#3197 = AXIS2_PLACEMENT_3D('',#3198,#3199,#3200);
#3198 = CARTESIAN_POINT('',(0.5,0.6,0.6));
#3199 = DIRECTION('',(1.,0.,0.));
#3200 = DIRECTION('',(0.,0.,-1.));
#3201 = DEFINITIONAL_REPRESENTATION('',(#3202),#3206);
#3202 = LINE('',#3203,#3204);
#3203 = CARTESIAN_POINT('',(3.14159265359,0.));
#3204 = VECTOR('',#3205,1.);
#3205 = DIRECTION('',(0.,-1.));
#3206 = ( GEOMETRIC_REPRESENTATION_CONTEXT(2) 
PARAMETRIC_REPRESENTATION_CONTEXT() REPRESENTATION_CONTEXT('2D SPACE',''
  ) );
#3207 = ADVANCED_FACE('',(#3208),#3223,.T.);
#3208 = FACE_BOUND('',#3209,.T.);
#3209 = EDGE_LOOP('',(#3210,#3245,#3268,#3296));
#3210 = ORIENTED_EDGE('',*,*,#3211,.F.);
#3211 = EDGE_CURVE('',#3212,#3214,#3216,.T.);
#3212 = VERTEX_POINT('',#3213);
#3213 = CARTESIAN_POINT('',(0.581965013337,0.65,0.6));
#3214 = VERTEX_POINT('',#3215);
#3215 = CARTESIAN_POINT('',(0.581965013337,0.65,-0.6));
#3216 = SURFACE_CURVE('',#3217,(#3222,#3238),.PCURVE_S1.);
#3217 = CIRCLE('',#3218,2.23704144294);
#3218 = AXIS2_PLACEMENT_3D('',#3219,#3220,#3221);
#3219 = CARTESIAN_POINT('',(2.73704144294,0.65,-6.75417850212E-15));
#3220 = DIRECTION('',(0.,-1.,1.036602379928E-14));
#3221 = DIRECTION('',(0.,1.036602379928E-14,1.));
#3222 = PCURVE('',#3223,#3228);
#3223 = PLANE('',#3224);
#3224 = AXIS2_PLACEMENT_3D('',#3225,#3226,#3227);
#3225 = CARTESIAN_POINT('',(0.5,0.65,0.65));
#3226 = DIRECTION('',(-0.,1.,0.));
#3227 = DIRECTION('',(0.,0.,1.));
#3228 = DEFINITIONAL_REPRESENTATION('',(#3229),#3237);
#3229 = ( BOUNDED_CURVE() B_SPLINE_CURVE(2,(#3230,#3231,#3232,#3233,
#3234,#3235,#3236),.UNSPECIFIED.,.T.,.F.) B_SPLINE_CURVE_WITH_KNOTS((1,2
    ,2,2,2,1),(-2.094395102393,0.,2.094395102393,4.188790204786,
6.28318530718,8.377580409573),.UNSPECIFIED.) CURVE() 
GEOMETRIC_REPRESENTATION_ITEM() RATIONAL_B_SPLINE_CURVE((1.,0.5,1.,0.5,
1.,0.5,1.)) REPRESENTATION_ITEM('') );
#3230 = CARTESIAN_POINT('',(1.58704144294,2.23704144294));
#3231 = CARTESIAN_POINT('',(1.58704144294,-1.637627994869));
#3232 = CARTESIAN_POINT('',(-1.76852072147,0.299706724035));
#3233 = CARTESIAN_POINT('',(-5.12408288588,2.23704144294));
#3234 = CARTESIAN_POINT('',(-1.76852072147,4.174376161844));
#3235 = CARTESIAN_POINT('',(1.58704144294,6.111710880749));
#3236 = CARTESIAN_POINT('',(1.58704144294,2.23704144294));
#3237 = ( GEOMETRIC_REPRESENTATION_CONTEXT(2) 
PARAMETRIC_REPRESENTATION_CONTEXT() REPRESENTATION_CONTEXT('2D SPACE',''
  ) );
#3238 = PCURVE('',#67,#3239);
#3239 = DEFINITIONAL_REPRESENTATION('',(#3240),#3244);
#3240 = LINE('',#3241,#3242);
#3241 = CARTESIAN_POINT('',(6.28318530718,2.E-02));
#3242 = VECTOR('',#3243,1.);
#3243 = DIRECTION('',(-1.,0.));
#3244 = ( GEOMETRIC_REPRESENTATION_CONTEXT(2) 
PARAMETRIC_REPRESENTATION_CONTEXT() REPRESENTATION_CONTEXT('2D SPACE',''
  ) );
#3245 = ORIENTED_EDGE('',*,*,#3246,.T.);
#3246 = EDGE_CURVE('',#3212,#3247,#3249,.T.);
#3247 = VERTEX_POINT('',#3248);
#3248 = CARTESIAN_POINT('',(0.95,0.65,0.6));
#3249 = SURFACE_CURVE('',#3250,(#3254,#3261),.PCURVE_S1.);
#3250 = LINE('',#3251,#3252);
#3251 = CARTESIAN_POINT('',(0.5,0.65,0.6));
#3252 = VECTOR('',#3253,1.);
#3253 = DIRECTION('',(1.,0.,0.));
#3254 = PCURVE('',#3223,#3255);
#3255 = DEFINITIONAL_REPRESENTATION('',(#3256),#3260);
#3256 = LINE('',#3257,#3258);
#3257 = CARTESIAN_POINT('',(-5.E-02,0.));
#3258 = VECTOR('',#3259,1.);
#3259 = DIRECTION('',(0.,1.));
#3260 = ( GEOMETRIC_REPRESENTATION_CONTEXT(2) 
PARAMETRIC_REPRESENTATION_CONTEXT() REPRESENTATION_CONTEXT('2D SPACE',''
  ) );
#3261 = PCURVE('',#3196,#3262);
#3262 = DEFINITIONAL_REPRESENTATION('',(#3263),#3267);
#3263 = LINE('',#3264,#3265);
#3264 = CARTESIAN_POINT('',(1.570796326795,0.));
#3265 = VECTOR('',#3266,1.);
#3266 = DIRECTION('',(0.,1.));
#3267 = ( GEOMETRIC_REPRESENTATION_CONTEXT(2) 
PARAMETRIC_REPRESENTATION_CONTEXT() REPRESENTATION_CONTEXT('2D SPACE',''
  ) );
#3268 = ORIENTED_EDGE('',*,*,#3269,.T.);
#3269 = EDGE_CURVE('',#3247,#3270,#3272,.T.);
#3270 = VERTEX_POINT('',#3271);
#3271 = CARTESIAN_POINT('',(0.95,0.65,-0.6));
#3272 = SURFACE_CURVE('',#3273,(#3277,#3284),.PCURVE_S1.);
#3273 = LINE('',#3274,#3275);
#3274 = CARTESIAN_POINT('',(0.95,0.65,0.65));
#3275 = VECTOR('',#3276,1.);
#3276 = DIRECTION('',(-0.,-0.,-1.));
#3277 = PCURVE('',#3223,#3278);
#3278 = DEFINITIONAL_REPRESENTATION('',(#3279),#3283);
#3279 = LINE('',#3280,#3281);
#3280 = CARTESIAN_POINT('',(0.,0.45));
#3281 = VECTOR('',#3282,1.);
#3282 = DIRECTION('',(-1.,0.));
#3283 = ( GEOMETRIC_REPRESENTATION_CONTEXT(2) 
PARAMETRIC_REPRESENTATION_CONTEXT() REPRESENTATION_CONTEXT('2D SPACE',''
  ) );
#3284 = PCURVE('',#3285,#3290);
#3285 = CYLINDRICAL_SURFACE('',#3286,5.E-02);
#3286 = AXIS2_PLACEMENT_3D('',#3287,#3288,#3289);
#3287 = CARTESIAN_POINT('',(0.95,0.6,0.));
#3288 = DIRECTION('',(0.,-0.,1.));
#3289 = DIRECTION('',(1.,0.,0.));
#3290 = DEFINITIONAL_REPRESENTATION('',(#3291),#3295);
#3291 = LINE('',#3292,#3293);
#3292 = CARTESIAN_POINT('',(1.570796326795,0.65));
#3293 = VECTOR('',#3294,1.);
#3294 = DIRECTION('',(0.,-1.));
#3295 = ( GEOMETRIC_REPRESENTATION_CONTEXT(2) 
PARAMETRIC_REPRESENTATION_CONTEXT() REPRESENTATION_CONTEXT('2D SPACE',''
  ) );
#3296 = ORIENTED_EDGE('',*,*,#3297,.T.);
#3297 = EDGE_CURVE('',#3270,#3214,#3298,.T.);
#3298 = SURFACE_CURVE('',#3299,(#3303,#3310),.PCURVE_S1.);
#3299 = LINE('',#3300,#3301);
#3300 = CARTESIAN_POINT('',(0.5,0.65,-0.6));
#3301 = VECTOR('',#3302,1.);
#3302 = DIRECTION('',(-1.,-0.,-0.));
#3303 = PCURVE('',#3223,#3304);
#3304 = DEFINITIONAL_REPRESENTATION('',(#3305),#3309);
#3305 = LINE('',#3306,#3307);
#3306 = CARTESIAN_POINT('',(-1.25,0.));
#3307 = VECTOR('',#3308,1.);
#3308 = DIRECTION('',(-0.,-1.));
#3309 = ( GEOMETRIC_REPRESENTATION_CONTEXT(2) 
PARAMETRIC_REPRESENTATION_CONTEXT() REPRESENTATION_CONTEXT('2D SPACE',''
  ) );
#3310 = PCURVE('',#3311,#3316);
#3311 = CYLINDRICAL_SURFACE('',#3312,5.E-02);
#3312 = AXIS2_PLACEMENT_3D('',#3313,#3314,#3315);
#3313 = CARTESIAN_POINT('',(0.5,0.6,-0.6));
#3314 = DIRECTION('',(1.,0.,0.));
#3315 = DIRECTION('',(0.,0.,-1.));
#3316 = DEFINITIONAL_REPRESENTATION('',(#3317),#3321);
#3317 = LINE('',#3318,#3319);
#3318 = CARTESIAN_POINT('',(1.570796326795,0.));
#3319 = VECTOR('',#3320,1.);
#3320 = DIRECTION('',(0.,-1.));
#3321 = ( GEOMETRIC_REPRESENTATION_CONTEXT(2) 
PARAMETRIC_REPRESENTATION_CONTEXT() REPRESENTATION_CONTEXT('2D SPACE',''
  ) );
#3322 = ADVANCED_FACE('',(#3323),#3337,.T.);
#3323 = FACE_BOUND('',#3324,.T.);
#3324 = EDGE_LOOP('',(#3325,#3355,#3388));
#3325 = ORIENTED_EDGE('',*,*,#3326,.F.);
#3326 = EDGE_CURVE('',#3327,#3329,#3331,.T.);
#3327 = VERTEX_POINT('',#3328);
#3328 = CARTESIAN_POINT('',(0.590543267439,-0.63,-0.63));
#3329 = VERTEX_POINT('',#3330);
#3330 = CARTESIAN_POINT('',(0.590543267439,-0.64,-0.63));
#3331 = SURFACE_CURVE('',#3332,(#3336,#3348),.PCURVE_S1.);
#3332 = LINE('',#3333,#3334);
#3333 = CARTESIAN_POINT('',(0.590543267439,-0.63,-0.63));
#3334 = VECTOR('',#3335,1.);
#3335 = DIRECTION('',(-0.,-1.,3.383061121595E-15));
#3336 = PCURVE('',#3337,#3342);
#3337 = PLANE('',#3338);
#3338 = AXIS2_PLACEMENT_3D('',#3339,#3340,#3341);
#3339 = CARTESIAN_POINT('',(-0.9,0.63,-0.63));
#3340 = DIRECTION('',(0.,1.720955829342E-16,-1.));
#3341 = DIRECTION('',(0.,1.,1.720955829342E-16));
#3342 = DEFINITIONAL_REPRESENTATION('',(#3343),#3347);
#3343 = LINE('',#3344,#3345);
#3344 = CARTESIAN_POINT('',(-1.26,1.490543267439));
#3345 = VECTOR('',#3346,1.);
#3346 = DIRECTION('',(-1.,0.));
#3347 = ( GEOMETRIC_REPRESENTATION_CONTEXT(2) 
PARAMETRIC_REPRESENTATION_CONTEXT() REPRESENTATION_CONTEXT('2D SPACE',''
  ) );
#3348 = PCURVE('',#2777,#3349);
#3349 = DEFINITIONAL_REPRESENTATION('',(#3350),#3354);
#3350 = LINE('',#3351,#3352);
#3351 = CARTESIAN_POINT('',(4.997873050533,-2.22044604925E-15));
#3352 = VECTOR('',#3353,1.);
#3353 = DIRECTION('',(0.,1.));
#3354 = ( GEOMETRIC_REPRESENTATION_CONTEXT(2) 
PARAMETRIC_REPRESENTATION_CONTEXT() REPRESENTATION_CONTEXT('2D SPACE',''
  ) );
#3355 = ORIENTED_EDGE('',*,*,#3356,.T.);
#3356 = EDGE_CURVE('',#3327,#3357,#3359,.T.);
#3357 = VERTEX_POINT('',#3358);
#3358 = CARTESIAN_POINT('',(0.593503615555,-0.64,-0.63));
#3359 = SURFACE_CURVE('',#3360,(#3365,#3376),.PCURVE_S1.);
#3360 = CIRCLE('',#3361,2.23704144294);
#3361 = AXIS2_PLACEMENT_3D('',#3362,#3363,#3364);
#3362 = CARTESIAN_POINT('',(2.73704144294,5.20417042793E-17,-0.63));
#3363 = DIRECTION('',(0.,-1.084202172486E-16,1.));
#3364 = DIRECTION('',(0.,1.,1.084202172486E-16));
#3365 = PCURVE('',#3337,#3366);
#3366 = DEFINITIONAL_REPRESENTATION('',(#3367),#3375);
#3367 = ( BOUNDED_CURVE() B_SPLINE_CURVE(2,(#3368,#3369,#3370,#3371,
#3372,#3373,#3374),.UNSPECIFIED.,.T.,.F.) B_SPLINE_CURVE_WITH_KNOTS((1,2
    ,2,2,2,1),(-2.094395102393,0.,2.094395102393,4.188790204786,
6.28318530718,8.377580409573),.UNSPECIFIED.) CURVE() 
GEOMETRIC_REPRESENTATION_ITEM() RATIONAL_B_SPLINE_CURVE((1.,0.5,1.,0.5,
1.,0.5,1.)) REPRESENTATION_ITEM('') );
#3368 = CARTESIAN_POINT('',(1.60704144294,3.63704144294));
#3369 = CARTESIAN_POINT('',(1.60704144294,-0.237627994869));
#3370 = CARTESIAN_POINT('',(-1.74852072147,1.699706724035));
#3371 = CARTESIAN_POINT('',(-5.10408288588,3.63704144294));
#3372 = CARTESIAN_POINT('',(-1.74852072147,5.574376161844));
#3373 = CARTESIAN_POINT('',(1.60704144294,7.511710880749));
#3374 = CARTESIAN_POINT('',(1.60704144294,3.63704144294));
#3375 = ( GEOMETRIC_REPRESENTATION_CONTEXT(2) 
PARAMETRIC_REPRESENTATION_CONTEXT() REPRESENTATION_CONTEXT('2D SPACE',''
  ) );
#3376 = PCURVE('',#3377,#3382);
#3377 = CYLINDRICAL_SURFACE('',#3378,2.23704144294);
#3378 = AXIS2_PLACEMENT_3D('',#3379,#3380,#3381);
#3379 = CARTESIAN_POINT('',(2.73704144294,5.20417042793E-17,-0.63));
#3380 = DIRECTION('',(-0.,1.084202172486E-16,-1.));
#3381 = DIRECTION('',(0.,1.,1.084202172486E-16));
#3382 = DEFINITIONAL_REPRESENTATION('',(#3383),#3387);
#3383 = LINE('',#3384,#3385);
#3384 = CARTESIAN_POINT('',(6.28318530718,0.));
#3385 = VECTOR('',#3386,1.);
#3386 = DIRECTION('',(-1.,0.));
#3387 = ( GEOMETRIC_REPRESENTATION_CONTEXT(2) 
PARAMETRIC_REPRESENTATION_CONTEXT() REPRESENTATION_CONTEXT('2D SPACE',''
  ) );
#3388 = ORIENTED_EDGE('',*,*,#3389,.F.);
#3389 = EDGE_CURVE('',#3329,#3357,#3390,.T.);
#3390 = SURFACE_CURVE('',#3391,(#3395,#3402),.PCURVE_S1.);
#3391 = LINE('',#3392,#3393);
#3392 = CARTESIAN_POINT('',(0.5,-0.64,-0.63));
#3393 = VECTOR('',#3394,1.);
#3394 = DIRECTION('',(1.,0.,0.));
#3395 = PCURVE('',#3337,#3396);
#3396 = DEFINITIONAL_REPRESENTATION('',(#3397),#3401);
#3397 = LINE('',#3398,#3399);
#3398 = CARTESIAN_POINT('',(-1.27,1.4));
#3399 = VECTOR('',#3400,1.);
#3400 = DIRECTION('',(0.,1.));
#3401 = ( GEOMETRIC_REPRESENTATION_CONTEXT(2) 
PARAMETRIC_REPRESENTATION_CONTEXT() REPRESENTATION_CONTEXT('2D SPACE',''
  ) );
#3402 = PCURVE('',#3027,#3403);
#3403 = DEFINITIONAL_REPRESENTATION('',(#3404),#3408);
#3404 = LINE('',#3405,#3406);
#3405 = CARTESIAN_POINT('',(5.355890089178,0.));
#3406 = VECTOR('',#3407,1.);
#3407 = DIRECTION('',(0.,1.));
#3408 = ( GEOMETRIC_REPRESENTATION_CONTEXT(2) 
PARAMETRIC_REPRESENTATION_CONTEXT() REPRESENTATION_CONTEXT('2D SPACE',''
  ) );
#3409 = ADVANCED_FACE('',(#3410),#245,.T.);
#3410 = FACE_BOUND('',#3411,.T.);
#3411 = EDGE_LOOP('',(#3412,#3440,#3462,#3534,#3535,#3609,#3631,#3659,
    #3733,#3766));
#3412 = ORIENTED_EDGE('',*,*,#3413,.F.);
#3413 = EDGE_CURVE('',#3327,#3414,#3416,.T.);
#3414 = VERTEX_POINT('',#3415);
#3415 = CARTESIAN_POINT('',(0.590543267439,-0.63,-0.64));
#3416 = SURFACE_CURVE('',#3417,(#3421,#3428),.PCURVE_S1.);
#3417 = LINE('',#3418,#3419);
#3418 = CARTESIAN_POINT('',(0.590543267439,-0.63,-0.63));
#3419 = VECTOR('',#3420,1.);
#3420 = DIRECTION('',(-0.,1.084202172486E-16,-1.));
#3421 = PCURVE('',#245,#3422);
#3422 = DEFINITIONAL_REPRESENTATION('',(#3423),#3427);
#3423 = LINE('',#3424,#3425);
#3424 = CARTESIAN_POINT('',(4.426904910237,-2.22044604925E-15));
#3425 = VECTOR('',#3426,1.);
#3426 = DIRECTION('',(0.,1.));
#3427 = ( GEOMETRIC_REPRESENTATION_CONTEXT(2) 
PARAMETRIC_REPRESENTATION_CONTEXT() REPRESENTATION_CONTEXT('2D SPACE',''
  ) );
#3428 = PCURVE('',#3429,#3434);
#3429 = PLANE('',#3430);
#3430 = AXIS2_PLACEMENT_3D('',#3431,#3432,#3433);
#3431 = CARTESIAN_POINT('',(2.73704144294,-0.63,2.147591539192E-15));
#3432 = DIRECTION('',(0.,-1.,3.383061121595E-15));
#3433 = DIRECTION('',(0.,-3.383061121595E-15,-1.));
#3434 = DEFINITIONAL_REPRESENTATION('',(#3435),#3439);
#3435 = LINE('',#3436,#3437);
#3436 = CARTESIAN_POINT('',(0.63,-2.146498175501));
#3437 = VECTOR('',#3438,1.);
#3438 = DIRECTION('',(1.,0.));
#3439 = ( GEOMETRIC_REPRESENTATION_CONTEXT(2) 
PARAMETRIC_REPRESENTATION_CONTEXT() REPRESENTATION_CONTEXT('2D SPACE',''
  ) );
#3440 = ORIENTED_EDGE('',*,*,#3441,.T.);
#3441 = EDGE_CURVE('',#3327,#3442,#3444,.T.);
#3442 = VERTEX_POINT('',#3443);
#3443 = CARTESIAN_POINT('',(0.586299193361,-0.615355339059,
    -0.615355339059));
#3444 = SURFACE_CURVE('',#3445,(#3450,#3456),.PCURVE_S1.);
#3445 = ( BOUNDED_CURVE() B_SPLINE_CURVE(3,(#3446,#3447,#3448,#3449),
.UNSPECIFIED.,.F.,.F.) B_SPLINE_CURVE_WITH_KNOTS((4,4),(1.285312256647,
1.292128074613),.PIECEWISE_BEZIER_KNOTS.) CURVE() 
GEOMETRIC_REPRESENTATION_ITEM() RATIONAL_B_SPLINE_CURVE((1.,
0.999996128723,0.999996128723,1.)) REPRESENTATION_ITEM('') );
#3446 = CARTESIAN_POINT('',(0.590543267439,-0.63,-0.63));
#3447 = CARTESIAN_POINT('',(0.589111942895,-0.625123276951,
    -0.625123276951));
#3448 = CARTESIAN_POINT('',(0.587697246059,-0.620241704406,
    -0.620241704406));
#3449 = CARTESIAN_POINT('',(0.586299193361,-0.615355339059,
    -0.615355339059));
#3450 = PCURVE('',#245,#3451);
#3451 = DEFINITIONAL_REPRESENTATION('',(#3452),#3455);
#3452 = B_SPLINE_CURVE_WITH_KNOTS('',1,(#3453,#3454),.UNSPECIFIED.,.F.,
  .F.,(2,2),(1.285312256647,1.292128074613),.PIECEWISE_BEZIER_KNOTS.);
#3453 = CARTESIAN_POINT('',(4.426904910237,2.109423746788E-15));
#3454 = CARTESIAN_POINT('',(4.433720728203,-1.464466094067E-02));
#3455 = ( GEOMETRIC_REPRESENTATION_CONTEXT(2) 
PARAMETRIC_REPRESENTATION_CONTEXT() REPRESENTATION_CONTEXT('2D SPACE',''
  ) );
#3456 = PCURVE('',#2777,#3457);
#3457 = DEFINITIONAL_REPRESENTATION('',(#3458),#3461);
#3458 = B_SPLINE_CURVE_WITH_KNOTS('',1,(#3459,#3460),.UNSPECIFIED.,.F.,
  .F.,(2,2),(1.285312256647,1.292128074613),.PIECEWISE_BEZIER_KNOTS.);
#3459 = CARTESIAN_POINT('',(4.997873050533,-2.22044604925E-15));
#3460 = CARTESIAN_POINT('',(4.991057232567,-1.464466094067E-02));
#3461 = ( GEOMETRIC_REPRESENTATION_CONTEXT(2) 
PARAMETRIC_REPRESENTATION_CONTEXT() REPRESENTATION_CONTEXT('2D SPACE',''
  ) );
#3462 = ORIENTED_EDGE('',*,*,#3463,.T.);
#3463 = EDGE_CURVE('',#3442,#225,#3464,.T.);
#3464 = SURFACE_CURVE('',#3465,(#3476,#3505),.PCURVE_S1.);
#3465 = B_SPLINE_CURVE_WITH_KNOTS('',3,(#3466,#3467,#3468,#3469,#3470,
    #3471,#3472,#3473,#3474,#3475),.UNSPECIFIED.,.F.,.F.,(4,3,3,4),(0.,
    1.76141599392E-05,3.520508539565E-05,4.023997191161E-05),
  .UNSPECIFIED.);
#3466 = CARTESIAN_POINT('',(0.586299193361,-0.615355339059,
    -0.615355339059));
#3467 = CARTESIAN_POINT('',(0.585134926708,-0.611286084563,
    -0.619424593556));
#3468 = CARTESIAN_POINT('',(0.58376937041,-0.606467131209,
    -0.622800689038));
#3469 = CARTESIAN_POINT('',(0.582332302368,-0.601317667267,
    -0.625227835039));
#3470 = CARTESIAN_POINT('',(0.580896422566,-0.596172461159,
    -0.627652974153));
#3471 = CARTESIAN_POINT('',(0.579350170527,-0.590556429118,
    -0.629200064187));
#3472 = CARTESIAN_POINT('',(0.577823185047,-0.584919594657,
    -0.629757387275));
#3473 = CARTESIAN_POINT('',(0.577380599639,-0.583285800026,
    -0.629918923235));
#3474 = CARTESIAN_POINT('',(0.576937364484,-0.581642225884,-0.63));
#3475 = CARTESIAN_POINT('',(0.576496507644,-0.58,-0.63));
#3476 = PCURVE('',#245,#3477);
#3477 = DEFINITIONAL_REPRESENTATION('',(#3478),#3504);
#3478 = B_SPLINE_CURVE_WITH_KNOTS('',3,(#3479,#3480,#3481,#3482,#3483,
    #3484,#3485,#3486,#3487,#3488,#3489,#3490,#3491,#3492,#3493,#3494,
    #3495,#3496,#3497,#3498,#3499,#3500,#3501,#3502,#3503),
  .UNSPECIFIED.,.F.,.F.,(4,1,1,1,1,1,1,1,1,1,1,1,1,1,1,1,1,1,1,1,1,1,4),
  (0.,1.829089632346E-06,3.658179264692E-06,5.487268897038E-06,
    7.316358529384E-06,9.14544816173E-06,1.097453779408E-05,
    1.280362742642E-05,1.463271705877E-05,1.646180669111E-05,
    1.829089632346E-05,2.011998595581E-05,2.194907558815E-05,
    2.37781652205E-05,2.560725485284E-05,2.743634448519E-05,
    2.926543411754E-05,3.109452374988E-05,3.292361338223E-05,
    3.475270301457E-05,3.658179264692E-05,3.841088227926E-05,
    4.023997191161E-05),.QUASI_UNIFORM_KNOTS.);
#3479 = CARTESIAN_POINT('',(4.433720728203,-1.464466094067E-02));
#3480 = CARTESIAN_POINT('',(4.433917199695,-1.422210140696E-02));
#3481 = CARTESIAN_POINT('',(4.434317625164,-1.339193122761E-02));
#3482 = CARTESIAN_POINT('',(4.434939393494,-1.219324117E-02));
#3483 = CARTESIAN_POINT('',(4.4355809747,-1.104283476504E-02));
#3484 = CARTESIAN_POINT('',(4.436241051251,-9.942430824811E-03));
#3485 = CARTESIAN_POINT('',(4.436918306821,-8.893746783885E-03));
#3486 = CARTESIAN_POINT('',(4.437611420756,-7.898505216064E-03));
#3487 = CARTESIAN_POINT('',(4.438319088722,-6.958409515737E-03));
#3488 = CARTESIAN_POINT('',(4.439039945704,-6.075234655714E-03));
#3489 = CARTESIAN_POINT('',(4.4397728534,-5.250488474536E-03));
#3490 = CARTESIAN_POINT('',(4.440515827671,-4.486675769391E-03));
#3491 = CARTESIAN_POINT('',(4.441272595673,-3.779882318617E-03));
#3492 = CARTESIAN_POINT('',(4.44204135932,-3.131138764156E-03));
#3493 = CARTESIAN_POINT('',(4.442820809132,-2.541124720482E-03));
#3494 = CARTESIAN_POINT('',(4.443609511739,-2.010612395114E-03));
#3495 = CARTESIAN_POINT('',(4.444406040763,-1.540354650856E-03));
#3496 = CARTESIAN_POINT('',(4.44520906583,-1.131089136327E-03));
#3497 = CARTESIAN_POINT('',(4.446016865685,-7.83633701607E-04));
#3498 = CARTESIAN_POINT('',(4.446829186784,-4.985006051101E-04));
#3499 = CARTESIAN_POINT('',(4.447640295866,-2.773442704512E-04));
#3500 = CARTESIAN_POINT('',(4.448464911129,-1.175560521185E-04));
#3501 = CARTESIAN_POINT('',(4.449292971409,-2.141603841599E-05));
#3502 = CARTESIAN_POINT('',(4.449845794376,5.89360452233E-08));
#3503 = CARTESIAN_POINT('',(4.450121652112,0.));
#3504 = ( GEOMETRIC_REPRESENTATION_CONTEXT(2) 
PARAMETRIC_REPRESENTATION_CONTEXT() REPRESENTATION_CONTEXT('2D SPACE',''
  ) );
#3505 = PCURVE('',#271,#3506);
#3506 = DEFINITIONAL_REPRESENTATION('',(#3507),#3533);
#3507 = B_SPLINE_CURVE_WITH_KNOTS('',3,(#3508,#3509,#3510,#3511,#3512,
    #3513,#3514,#3515,#3516,#3517,#3518,#3519,#3520,#3521,#3522,#3523,
    #3524,#3525,#3526,#3527,#3528,#3529,#3530,#3531,#3532),
  .UNSPECIFIED.,.F.,.F.,(4,1,1,1,1,1,1,1,1,1,1,1,1,1,1,1,1,1,1,1,1,1,4),
  (0.,1.829089632346E-06,3.658179264692E-06,5.487268897038E-06,
    7.316358529384E-06,9.14544816173E-06,1.097453779408E-05,
    1.280362742642E-05,1.463271705877E-05,1.646180669111E-05,
    1.829089632346E-05,2.011998595581E-05,2.194907558815E-05,
    2.37781652205E-05,2.560725485284E-05,2.743634448519E-05,
    2.926543411754E-05,3.109452374988E-05,3.292361338223E-05,
    3.475270301457E-05,3.658179264692E-05,3.841088227926E-05,
    4.023997191161E-05),.QUASI_UNIFORM_KNOTS.);
#3508 = CARTESIAN_POINT('',(5.497787143782,1.486299193361));
#3509 = CARTESIAN_POINT('',(5.509738759581,1.486178293581));
#3510 = CARTESIAN_POINT('',(5.533659903609,1.485932152942));
#3511 = CARTESIAN_POINT('',(5.56957750378,1.485550790669));
#3512 = CARTESIAN_POINT('',(5.605513844185,1.485158148949));
#3513 = CARTESIAN_POINT('',(5.64144929849,1.484755099842));
#3514 = CARTESIAN_POINT('',(5.677363291505,1.484342514701));
#3515 = CARTESIAN_POINT('',(5.71323426359,1.483921267504));
#3516 = CARTESIAN_POINT('',(5.749041253804,1.483492222439));
#3517 = CARTESIAN_POINT('',(5.784760609751,1.48305628023));
#3518 = CARTESIAN_POINT('',(5.820380567095,1.482614205251));
#3519 = CARTESIAN_POINT('',(5.855849181478,1.482167270734));
#3520 = CARTESIAN_POINT('',(5.891393475278,1.481713320859));
#3521 = CARTESIAN_POINT('',(5.926980975919,1.481253456884));
#3522 = CARTESIAN_POINT('',(5.962599522227,1.480788493329));
#3523 = CARTESIAN_POINT('',(5.998230146708,1.480319317436));
#3524 = CARTESIAN_POINT('',(6.033853465058,1.4798468123));
#3525 = CARTESIAN_POINT('',(6.069453926067,1.479371804882));
#3526 = CARTESIAN_POINT('',(6.104999158756,1.478895350818));
#3527 = CARTESIAN_POINT('',(6.140521085351,1.47841764719));
#3528 = CARTESIAN_POINT('',(6.175814856904,1.477942096609));
#3529 = CARTESIAN_POINT('',(6.21156468461,1.477460138134));
#3530 = CARTESIAN_POINT('',(6.24737990061,1.476977638989));
#3531 = CARTESIAN_POINT('',(6.27126530734,1.476656503878));
#3532 = CARTESIAN_POINT('',(6.28318530718,1.476496507644));
#3533 = ( GEOMETRIC_REPRESENTATION_CONTEXT(2) 
PARAMETRIC_REPRESENTATION_CONTEXT() REPRESENTATION_CONTEXT('2D SPACE',''
  ) );
#3534 = ORIENTED_EDGE('',*,*,#224,.F.);
#3535 = ORIENTED_EDGE('',*,*,#3536,.T.);
#3536 = EDGE_CURVE('',#202,#3537,#3539,.T.);
#3537 = VERTEX_POINT('',#3538);
#3538 = CARTESIAN_POINT('',(0.586299193361,0.615355339059,
    -0.615355339059));
#3539 = SURFACE_CURVE('',#3540,(#3551,#3580),.PCURVE_S1.);
#3540 = B_SPLINE_CURVE_WITH_KNOTS('',3,(#3541,#3542,#3543,#3544,#3545,
    #3546,#3547,#3548,#3549,#3550),.UNSPECIFIED.,.F.,.F.,(4,3,3,4),(0.,
    1.792079663272E-05,3.585628441639E-05,4.025475725146E-05),
  .UNSPECIFIED.);
#3541 = CARTESIAN_POINT('',(0.576496507644,0.58,-0.63));
#3542 = CARTESIAN_POINT('',(0.578045288674,0.585769329326,-0.63));
#3543 = CARTESIAN_POINT('',(0.579639807504,0.591611697374,
    -0.628975373964));
#3544 = CARTESIAN_POINT('',(0.58114483665,0.597046263215,-0.627004520106
    ));
#3545 = CARTESIAN_POINT('',(0.582650526697,0.602483215527,
    -0.625032800791));
#3546 = CARTESIAN_POINT('',(0.584108797485,0.607665261563,
    -0.622056260437));
#3547 = CARTESIAN_POINT('',(0.585381389618,0.612138409487,
    -0.618303036899));
#3548 = CARTESIAN_POINT('',(0.585697871311,0.6132508393,-0.617369645509)
  );
#3549 = CARTESIAN_POINT('',(0.586004481332,0.614325284435,
    -0.616385393684));
#3550 = CARTESIAN_POINT('',(0.586299193361,0.615355339059,
    -0.615355339059));
#3551 = PCURVE('',#245,#3552);
#3552 = DEFINITIONAL_REPRESENTATION('',(#3553),#3579);
#3553 = B_SPLINE_CURVE_WITH_KNOTS('',3,(#3554,#3555,#3556,#3557,#3558,
    #3559,#3560,#3561,#3562,#3563,#3564,#3565,#3566,#3567,#3568,#3569,
    #3570,#3571,#3572,#3573,#3574,#3575,#3576,#3577,#3578),
  .UNSPECIFIED.,.F.,.F.,(4,1,1,1,1,1,1,1,1,1,1,1,1,1,1,1,1,1,1,1,1,1,4),
  (0.,1.829761693248E-06,3.659523386496E-06,5.489285079744E-06,
    7.319046772992E-06,9.14880846624E-06,1.097857015949E-05,
    1.280833185274E-05,1.463809354598E-05,1.646785523923E-05,
    1.829761693248E-05,2.012737862573E-05,2.195714031898E-05,
    2.378690201222E-05,2.561666370547E-05,2.744642539872E-05,
    2.927618709197E-05,3.110594878522E-05,3.293571047846E-05,
    3.476547217171E-05,3.659523386496E-05,3.842499555821E-05,
    4.025475725146E-05),.QUASI_UNIFORM_KNOTS.);
#3554 = CARTESIAN_POINT('',(4.974656308657,0.));
#3555 = CARTESIAN_POINT('',(4.974928954726,-1.171975002272E-16));
#3556 = CARTESIAN_POINT('',(4.975475014874,-2.136337588548E-05));
#3557 = CARTESIAN_POINT('',(4.976294983743,-1.169978508519E-04));
#3558 = CARTESIAN_POINT('',(4.977114406031,-2.757211257767E-04));
#3559 = CARTESIAN_POINT('',(4.977931855957,-4.970322208007E-04));
#3560 = CARTESIAN_POINT('',(4.978745909515,-7.804315254376E-04));
#3561 = CARTESIAN_POINT('',(4.979555135938,-1.125414320392E-03));
#3562 = CARTESIAN_POINT('',(4.980358129573,-1.531494952234E-03));
#3563 = CARTESIAN_POINT('',(4.981153390967,-1.998116612873E-03));
#3564 = CARTESIAN_POINT('',(4.981939770714,-2.524988047009E-03));
#3565 = CARTESIAN_POINT('',(4.98271481303,-3.110826942828E-03));
#3566 = CARTESIAN_POINT('',(4.983481141083,-3.758210841678E-03));
#3567 = CARTESIAN_POINT('',(4.984238957829,-4.466832802641E-03));
#3568 = CARTESIAN_POINT('',(4.984986495864,-5.234931448402E-03));
#3569 = CARTESIAN_POINT('',(4.985722517628,-6.061138679292E-03));
#3570 = CARTESIAN_POINT('',(4.986445636174,-6.943967721463E-03));
#3571 = CARTESIAN_POINT('',(4.987154531936,-7.882013220128E-03));
#3572 = CARTESIAN_POINT('',(4.987847764937,-8.873662818436E-03));
#3573 = CARTESIAN_POINT('',(4.988524309229,-9.918050748737E-03));
#3574 = CARTESIAN_POINT('',(4.989181602963,-1.101153188864E-02));
#3575 = CARTESIAN_POINT('',(4.989822813708,-1.216083194552E-02));
#3576 = CARTESIAN_POINT('',(4.990452529051,-1.337521272261E-02));
#3577 = CARTESIAN_POINT('',(4.990858547318,-1.421714203716E-02));
#3578 = CARTESIAN_POINT('',(4.991057232567,-1.464466094067E-02));
#3579 = ( GEOMETRIC_REPRESENTATION_CONTEXT(2) 
PARAMETRIC_REPRESENTATION_CONTEXT() REPRESENTATION_CONTEXT('2D SPACE',''
  ) );
#3580 = PCURVE('',#95,#3581);
#3581 = DEFINITIONAL_REPRESENTATION('',(#3582),#3608);
#3582 = B_SPLINE_CURVE_WITH_KNOTS('',3,(#3583,#3584,#3585,#3586,#3587,
    #3588,#3589,#3590,#3591,#3592,#3593,#3594,#3595,#3596,#3597,#3598,
    #3599,#3600,#3601,#3602,#3603,#3604,#3605,#3606,#3607),
  .UNSPECIFIED.,.F.,.F.,(4,1,1,1,1,1,1,1,1,1,1,1,1,1,1,1,1,1,1,1,1,1,4),
  (0.,1.829761693248E-06,3.659523386496E-06,5.489285079744E-06,
    7.319046772992E-06,9.14880846624E-06,1.097857015949E-05,
    1.280833185274E-05,1.463809354598E-05,1.646785523923E-05,
    1.829761693248E-05,2.012737862573E-05,2.195714031898E-05,
    2.378690201222E-05,2.561666370547E-05,2.744642539872E-05,
    2.927618709197E-05,3.110594878522E-05,3.293571047846E-05,
    3.476547217171E-05,3.659523386496E-05,3.842499555821E-05,
    4.025475725146E-05),.QUASI_UNIFORM_KNOTS.);
#3583 = CARTESIAN_POINT('',(0.,1.476496507644));
#3584 = CARTESIAN_POINT('',(1.178114956023E-02,1.476654642367));
#3585 = CARTESIAN_POINT('',(3.537441942862E-02,1.476971865443));
#3586 = CARTESIAN_POINT('',(7.084068504421E-02,1.477449697303));
#3587 = CARTESIAN_POINT('',(0.106367290738,1.477928662838));
#3588 = CARTESIAN_POINT('',(0.141936358339,1.478407898194));
#3589 = CARTESIAN_POINT('',(0.177529445056,1.478886540579));
#3590 = CARTESIAN_POINT('',(0.213127403287,1.479363723229));
#3591 = CARTESIAN_POINT('',(0.248712348995,1.479838594215));
#3592 = CARTESIAN_POINT('',(0.28426265643,1.480310246234));
#3593 = CARTESIAN_POINT('',(0.31977373511,1.480777978643));
#3594 = CARTESIAN_POINT('',(0.355182616446,1.481240319534));
#3595 = CARTESIAN_POINT('',(0.390660815359,1.481698794033));
#3596 = CARTESIAN_POINT('',(0.426261838224,1.482153439095));
#3597 = CARTESIAN_POINT('',(0.461947602488,1.482603127722));
#3598 = CARTESIAN_POINT('',(0.497703247398,1.483047046002));
#3599 = CARTESIAN_POINT('',(0.533506443173,1.483484291624));
#3600 = CARTESIAN_POINT('',(0.569338180303,1.48391400279));
#3601 = CARTESIAN_POINT('',(0.605173197075,1.484335244054));
#3602 = CARTESIAN_POINT('',(0.641010396646,1.484747334039));
#3603 = CARTESIAN_POINT('',(0.676763654694,1.485148648748));
#3604 = CARTESIAN_POINT('',(0.71267102767,1.485541080589));
#3605 = CARTESIAN_POINT('',(0.749051681129,1.485927342172));
#3606 = CARTESIAN_POINT('',(0.77330906592,1.48617692998));
#3607 = CARTESIAN_POINT('',(0.785398163397,1.486299193361));
#3608 = ( GEOMETRIC_REPRESENTATION_CONTEXT(2) 
PARAMETRIC_REPRESENTATION_CONTEXT() REPRESENTATION_CONTEXT('2D SPACE',''
  ) );
#3609 = ORIENTED_EDGE('',*,*,#3610,.F.);
#3610 = EDGE_CURVE('',#3611,#3537,#3613,.T.);
#3611 = VERTEX_POINT('',#3612);
#3612 = CARTESIAN_POINT('',(0.590543267439,0.63,-0.63));
#3613 = SURFACE_CURVE('',#3614,(#3619,#3625),.PCURVE_S1.);
#3614 = ( BOUNDED_CURVE() B_SPLINE_CURVE(3,(#3615,#3616,#3617,#3618),
.UNSPECIFIED.,.F.,.F.) B_SPLINE_CURVE_WITH_KNOTS((4,4),(1.285312256647,
1.292128074613),.PIECEWISE_BEZIER_KNOTS.) CURVE() 
GEOMETRIC_REPRESENTATION_ITEM() RATIONAL_B_SPLINE_CURVE((1.,
0.999996128723,0.999996128723,1.)) REPRESENTATION_ITEM('') );
#3615 = CARTESIAN_POINT('',(0.590543267439,0.63,-0.63));
#3616 = CARTESIAN_POINT('',(0.589111942895,0.625123276951,
    -0.625123276951));
#3617 = CARTESIAN_POINT('',(0.587697246059,0.620241704406,
    -0.620241704406));
#3618 = CARTESIAN_POINT('',(0.586299193361,0.615355339059,
    -0.615355339059));
#3619 = PCURVE('',#245,#3620);
#3620 = DEFINITIONAL_REPRESENTATION('',(#3621),#3624);
#3621 = B_SPLINE_CURVE_WITH_KNOTS('',1,(#3622,#3623),.UNSPECIFIED.,.F.,
  .F.,(2,2),(1.285312256647,1.292128074613),.PIECEWISE_BEZIER_KNOTS.);
#3622 = CARTESIAN_POINT('',(4.997873050533,3.552713678801E-15));
#3623 = CARTESIAN_POINT('',(4.991057232567,-1.464466094067E-02));
#3624 = ( GEOMETRIC_REPRESENTATION_CONTEXT(2) 
PARAMETRIC_REPRESENTATION_CONTEXT() REPRESENTATION_CONTEXT('2D SPACE',''
  ) );
#3625 = PCURVE('',#67,#3626);
#3626 = DEFINITIONAL_REPRESENTATION('',(#3627),#3630);
#3627 = B_SPLINE_CURVE_WITH_KNOTS('',1,(#3628,#3629),.UNSPECIFIED.,.F.,
  .F.,(2,2),(1.285312256647,1.292128074613),.PIECEWISE_BEZIER_KNOTS.);
#3628 = CARTESIAN_POINT('',(4.426904910237,6.661338147751E-15));
#3629 = CARTESIAN_POINT('',(4.433720728203,-1.464466094067E-02));
#3630 = ( GEOMETRIC_REPRESENTATION_CONTEXT(2) 
PARAMETRIC_REPRESENTATION_CONTEXT() REPRESENTATION_CONTEXT('2D SPACE',''
  ) );
#3631 = ORIENTED_EDGE('',*,*,#3632,.F.);
#3632 = EDGE_CURVE('',#3633,#3611,#3635,.T.);
#3633 = VERTEX_POINT('',#3634);
#3634 = CARTESIAN_POINT('',(0.590543267439,0.63,-0.64));
#3635 = SURFACE_CURVE('',#3636,(#3640,#3647),.PCURVE_S1.);
#3636 = LINE('',#3637,#3638);
#3637 = CARTESIAN_POINT('',(0.590543267439,0.63,-0.63));
#3638 = VECTOR('',#3639,1.);
#3639 = DIRECTION('',(0.,-1.084202172486E-16,1.));
#3640 = PCURVE('',#245,#3641);
#3641 = DEFINITIONAL_REPRESENTATION('',(#3642),#3646);
#3642 = LINE('',#3643,#3644);
#3643 = CARTESIAN_POINT('',(4.997873050533,6.661338147751E-15));
#3644 = VECTOR('',#3645,1.);
#3645 = DIRECTION('',(0.,-1.));
#3646 = ( GEOMETRIC_REPRESENTATION_CONTEXT(2) 
PARAMETRIC_REPRESENTATION_CONTEXT() REPRESENTATION_CONTEXT('2D SPACE',''
  ) );
#3647 = PCURVE('',#3648,#3653);
#3648 = PLANE('',#3649);
#3649 = AXIS2_PLACEMENT_3D('',#3650,#3651,#3652);
#3650 = CARTESIAN_POINT('',(2.73704144294,0.63,-6.546858026134E-15));
#3651 = DIRECTION('',(0.,1.,-1.036602379928E-14));
#3652 = DIRECTION('',(0.,1.036602379928E-14,1.));
#3653 = DEFINITIONAL_REPRESENTATION('',(#3654),#3658);
#3654 = LINE('',#3655,#3656);
#3655 = CARTESIAN_POINT('',(-0.63,-2.146498175501));
#3656 = VECTOR('',#3657,1.);
#3657 = DIRECTION('',(1.,0.));
#3658 = ( GEOMETRIC_REPRESENTATION_CONTEXT(2) 
PARAMETRIC_REPRESENTATION_CONTEXT() REPRESENTATION_CONTEXT('2D SPACE',''
  ) );
#3659 = ORIENTED_EDGE('',*,*,#3660,.T.);
#3660 = EDGE_CURVE('',#3633,#3661,#3663,.T.);
#3661 = VERTEX_POINT('',#3662);
#3662 = CARTESIAN_POINT('',(0.581965013337,0.6,-0.65));
#3663 = SURFACE_CURVE('',#3664,(#3675,#3704),.PCURVE_S1.);
#3664 = B_SPLINE_CURVE_WITH_KNOTS('',3,(#3665,#3666,#3667,#3668,#3669,
    #3670,#3671,#3672,#3673,#3674),.UNSPECIFIED.,.F.,.F.,(4,3,3,4),(
    1.444253290206E-05,1.742066164679E-05,3.481023981894E-05,
    4.750387195159E-05),.UNSPECIFIED.);
#3665 = CARTESIAN_POINT('',(0.590543267439,0.63,-0.64));
#3666 = CARTESIAN_POINT('',(0.590314097592,0.629219186257,
    -0.640585610307));
#3667 = CARTESIAN_POINT('',(0.590080499403,0.628421705693,
    -0.641147969948));
#3668 = CARTESIAN_POINT('',(0.589843132624,0.627609618797,
    -0.641685836323));
#3669 = CARTESIAN_POINT('',(0.588469798421,0.62291112344,-0.644797772586
    ));
#3670 = CARTESIAN_POINT('',(0.586946895763,0.61764037647,-0.647117756918
    ));
#3671 = CARTESIAN_POINT('',(0.585404121074,0.61221830468,-0.648484152367
    ));
#3672 = CARTESIAN_POINT('',(0.584270790874,0.60823522293,-0.649487913473
    ));
#3673 = CARTESIAN_POINT('',(0.583107887035,0.604104966947,
    -0.650000000001));
#3674 = CARTESIAN_POINT('',(0.581965013337,0.6,-0.65));
#3675 = PCURVE('',#245,#3676);
#3676 = DEFINITIONAL_REPRESENTATION('',(#3677),#3703);
#3677 = B_SPLINE_CURVE_WITH_KNOTS('',3,(#3678,#3679,#3680,#3681,#3682,
    #3683,#3684,#3685,#3686,#3687,#3688,#3689,#3690,#3691,#3692,#3693,
    #3694,#3695,#3696,#3697,#3698,#3699,#3700,#3701,#3702),
  .UNSPECIFIED.,.F.,.F.,(4,1,1,1,1,1,1,1,1,1,1,1,1,1,1,1,1,1,1,1,1,1,4),
  (1.444253290206E-05,1.594532104068E-05,1.744810917929E-05,
    1.895089731791E-05,2.045368545652E-05,2.195647359514E-05,
    2.345926173375E-05,2.496204987237E-05,2.646483801098E-05,
    2.79676261496E-05,2.947041428821E-05,3.097320242683E-05,
    3.247599056544E-05,3.397877870405E-05,3.548156684267E-05,
    3.698435498128E-05,3.84871431199E-05,3.998993125851E-05,
    4.149271939713E-05,4.299550753574E-05,4.449829567436E-05,
    4.600108381297E-05,4.750387195159E-05),.QUASI_UNIFORM_KNOTS.);
#3678 = CARTESIAN_POINT('',(4.997873050533,1.000000000001E-02));
#3679 = CARTESIAN_POINT('',(4.997689949319,1.029484710824E-02));
#3680 = CARTESIAN_POINT('',(4.997318600371,1.08744607489E-02));
#3681 = CARTESIAN_POINT('',(4.99674967451,1.170866086426E-02));
#3682 = CARTESIAN_POINT('',(4.996178200077,1.249429148254E-02));
#3683 = CARTESIAN_POINT('',(4.995593172341,1.324730031857E-02));
#3684 = CARTESIAN_POINT('',(4.994998506378,1.396262055363E-02));
#3685 = CARTESIAN_POINT('',(4.994394119433,1.46408162346E-02));
#3686 = CARTESIAN_POINT('',(4.993781000229,1.528094247948E-02));
#3687 = CARTESIAN_POINT('',(4.993159849358,1.588245925625E-02));
#3688 = CARTESIAN_POINT('',(4.992531448385,1.644471606177E-02));
#3689 = CARTESIAN_POINT('',(4.991896543033,1.696709942748E-02));
#3690 = CARTESIAN_POINT('',(4.991255941311,1.744895821756E-02));
#3691 = CARTESIAN_POINT('',(4.990610237812,1.78897549307E-02));
#3692 = CARTESIAN_POINT('',(4.989960818354,1.828853519477E-02));
#3693 = CARTESIAN_POINT('',(4.989306117122,1.864589848645E-02));
#3694 = CARTESIAN_POINT('',(4.988642877102,1.896355774995E-02));
#3695 = CARTESIAN_POINT('',(4.987976042543,1.923911039883E-02));
#3696 = CARTESIAN_POINT('',(4.987305300929,1.947294252867E-02));
#3697 = CARTESIAN_POINT('',(4.986631748292,1.966469300988E-02));
#3698 = CARTESIAN_POINT('',(4.98595610324,1.981420093157E-02));
#3699 = CARTESIAN_POINT('',(4.985279185508,1.992125173313E-02));
#3700 = CARTESIAN_POINT('',(4.984601787711,1.998564523425E-02));
#3701 = CARTESIAN_POINT('',(4.984150402401,2.000000000009E-02));
#3702 = CARTESIAN_POINT('',(4.98392489602,2.E-02));
#3703 = ( GEOMETRIC_REPRESENTATION_CONTEXT(2) 
PARAMETRIC_REPRESENTATION_CONTEXT() REPRESENTATION_CONTEXT('2D SPACE',''
  ) );
#3704 = PCURVE('',#3311,#3705);
#3705 = DEFINITIONAL_REPRESENTATION('',(#3706),#3732);
#3706 = B_SPLINE_CURVE_WITH_KNOTS('',3,(#3707,#3708,#3709,#3710,#3711,
    #3712,#3713,#3714,#3715,#3716,#3717,#3718,#3719,#3720,#3721,#3722,
    #3723,#3724,#3725,#3726,#3727,#3728,#3729,#3730,#3731),
  .UNSPECIFIED.,.F.,.F.,(4,1,1,1,1,1,1,1,1,1,1,1,1,1,1,1,1,1,1,1,1,1,4),
  (1.444253290206E-05,1.594532104068E-05,1.744810917929E-05,
    1.895089731791E-05,2.045368545652E-05,2.195647359514E-05,
    2.345926173375E-05,2.496204987237E-05,2.646483801098E-05,
    2.79676261496E-05,2.947041428821E-05,3.097320242683E-05,
    3.247599056544E-05,3.397877870405E-05,3.548156684267E-05,
    3.698435498128E-05,3.84871431199E-05,3.998993125851E-05,
    4.149271939713E-05,4.299550753574E-05,4.449829567436E-05,
    4.600108381297E-05,4.750387195159E-05),.QUASI_UNIFORM_KNOTS.);
#3707 = CARTESIAN_POINT('',(0.643501108793,9.054326743855E-02));
#3708 = CARTESIAN_POINT('',(0.633674546628,9.042791373351E-02));
#3709 = CARTESIAN_POINT('',(0.613964542358,9.019418087059E-02));
#3710 = CARTESIAN_POINT('',(0.584384358286,8.983677540934E-02));
#3711 = CARTESIAN_POINT('',(0.555245302469,8.947848871019E-02));
#3712 = CARTESIAN_POINT('',(0.525950727626,8.911245412128E-02));
#3713 = CARTESIAN_POINT('',(0.496671341647,8.874114837197E-02));
#3714 = CARTESIAN_POINT('',(0.467373221415,8.83645445957E-02));
#3715 = CARTESIAN_POINT('',(0.438078061477,8.798328692834E-02));
#3716 = CARTESIAN_POINT('',(0.408793169128,8.759783909198E-02));
#3717 = CARTESIAN_POINT('',(0.379530216877,8.72087154614E-02));
#3718 = CARTESIAN_POINT('',(0.350299204137,8.68164082144E-02));
#3719 = CARTESIAN_POINT('',(0.321112817663,8.642144766397E-02));
#3720 = CARTESIAN_POINT('',(0.29197398905,8.602423377935E-02));
#3721 = CARTESIAN_POINT('',(0.262920274757,8.562564976961E-02));
#3722 = CARTESIAN_POINT('',(0.233857766401,8.52247762282E-02));
#3723 = CARTESIAN_POINT('',(0.204616170875,8.481963681017E-02));
#3724 = CARTESIAN_POINT('',(0.175388364273,8.44132606E-02));
#3725 = CARTESIAN_POINT('',(0.146134675034,8.400546214304E-02));
#3726 = CARTESIAN_POINT('',(0.116878180475,8.359691731792E-02));
#3727 = CARTESIAN_POINT('',(8.762537374466E-02,8.31880712093E-02));
#3728 = CARTESIAN_POINT('',(5.838719140898E-02,8.277943074444E-02));
#3729 = CARTESIAN_POINT('',(2.917322205763E-02,8.23714862742E-02));
#3730 = CARTESIAN_POINT('',(9.719628589808E-03,8.21003171663E-02));
#3731 = CARTESIAN_POINT('',(0.,8.196501333686E-02));
#3732 = ( GEOMETRIC_REPRESENTATION_CONTEXT(2) 
PARAMETRIC_REPRESENTATION_CONTEXT() REPRESENTATION_CONTEXT('2D SPACE',''
  ) );
#3733 = ORIENTED_EDGE('',*,*,#3734,.T.);
#3734 = EDGE_CURVE('',#3661,#3735,#3737,.T.);
#3735 = VERTEX_POINT('',#3736);
#3736 = CARTESIAN_POINT('',(0.581965013337,-0.6,-0.65));
#3737 = SURFACE_CURVE('',#3738,(#3743,#3750),.PCURVE_S1.);
#3738 = CIRCLE('',#3739,2.23704144294);
#3739 = AXIS2_PLACEMENT_3D('',#3740,#3741,#3742);
#3740 = CARTESIAN_POINT('',(2.73704144294,5.421010862428E-17,-0.65));
#3741 = DIRECTION('',(0.,-1.084202172486E-16,1.));
#3742 = DIRECTION('',(0.,1.,1.084202172486E-16));
#3743 = PCURVE('',#245,#3744);
#3744 = DEFINITIONAL_REPRESENTATION('',(#3745),#3749);
#3745 = LINE('',#3746,#3747);
#3746 = CARTESIAN_POINT('',(6.28318530718,2.E-02));
#3747 = VECTOR('',#3748,1.);
#3748 = DIRECTION('',(-1.,0.));
#3749 = ( GEOMETRIC_REPRESENTATION_CONTEXT(2) 
PARAMETRIC_REPRESENTATION_CONTEXT() REPRESENTATION_CONTEXT('2D SPACE',''
  ) );
#3750 = PCURVE('',#3751,#3756);
#3751 = PLANE('',#3752);
#3752 = AXIS2_PLACEMENT_3D('',#3753,#3754,#3755);
#3753 = CARTESIAN_POINT('',(0.5,0.65,-0.65));
#3754 = DIRECTION('',(0.,8.340016711427E-17,-1.));
#3755 = DIRECTION('',(0.,1.,8.340016711427E-17));
#3756 = DEFINITIONAL_REPRESENTATION('',(#3757),#3765);
#3757 = ( BOUNDED_CURVE() B_SPLINE_CURVE(2,(#3758,#3759,#3760,#3761,
#3762,#3763,#3764),.UNSPECIFIED.,.T.,.F.) B_SPLINE_CURVE_WITH_KNOTS((1,2
    ,2,2,2,1),(-2.094395102393,0.,2.094395102393,4.188790204786,
6.28318530718,8.377580409573),.UNSPECIFIED.) CURVE() 
GEOMETRIC_REPRESENTATION_ITEM() RATIONAL_B_SPLINE_CURVE((1.,0.5,1.,0.5,
1.,0.5,1.)) REPRESENTATION_ITEM('') );
#3758 = CARTESIAN_POINT('',(1.58704144294,2.23704144294));
#3759 = CARTESIAN_POINT('',(1.58704144294,-1.637627994869));
#3760 = CARTESIAN_POINT('',(-1.76852072147,0.299706724035));
#3761 = CARTESIAN_POINT('',(-5.12408288588,2.23704144294));
#3762 = CARTESIAN_POINT('',(-1.76852072147,4.174376161844));
#3763 = CARTESIAN_POINT('',(1.58704144294,6.111710880749));
#3764 = CARTESIAN_POINT('',(1.58704144294,2.23704144294));
#3765 = ( GEOMETRIC_REPRESENTATION_CONTEXT(2) 
PARAMETRIC_REPRESENTATION_CONTEXT() REPRESENTATION_CONTEXT('2D SPACE',''
  ) );
#3766 = ORIENTED_EDGE('',*,*,#3767,.T.);
#3767 = EDGE_CURVE('',#3735,#3414,#3768,.T.);
#3768 = SURFACE_CURVE('',#3769,(#3777,#3806),.PCURVE_S1.);
#3769 = B_SPLINE_CURVE_WITH_KNOTS('',3,(#3770,#3771,#3772,#3773,#3774,
    #3775,#3776),.UNSPECIFIED.,.F.,.F.,(4,3,4),(1.084202172486E-19,
    1.800509807348E-05,3.316468134987E-05),.UNSPECIFIED.);
#3770 = CARTESIAN_POINT('',(0.581965013337,-0.6,-0.65));
#3771 = CARTESIAN_POINT('',(0.583574737478,-0.60578179759,-0.65));
#3772 = CARTESIAN_POINT('',(0.585231213598,-0.611636538617,
    -0.648971101019));
#3773 = CARTESIAN_POINT('',(0.586794104878,-0.617082492531,
    -0.646991365685));
#3774 = CARTESIAN_POINT('',(0.588109953242,-0.621667616037,
    -0.645324562924));
#3775 = CARTESIAN_POINT('',(0.589388224775,-0.626064607985,
    -0.642951544011));
#3776 = CARTESIAN_POINT('',(0.590543267439,-0.63,-0.64));
#3777 = PCURVE('',#245,#3778);
#3778 = DEFINITIONAL_REPRESENTATION('',(#3779),#3805);
#3779 = B_SPLINE_CURVE_WITH_KNOTS('',3,(#3780,#3781,#3782,#3783,#3784,
    #3785,#3786,#3787,#3788,#3789,#3790,#3791,#3792,#3793,#3794,#3795,
    #3796,#3797,#3798,#3799,#3800,#3801,#3802,#3803,#3804),
  .UNSPECIFIED.,.F.,.F.,(4,1,1,1,1,1,1,1,1,1,1,1,1,1,1,1,1,1,1,1,1,1,4),
  (1.084202172486E-19,1.507485515903E-06,3.014971031806E-06,
    4.52245654771E-06,6.029942063613E-06,7.537427579516E-06,
    9.044913095419E-06,1.055239861132E-05,1.205988412723E-05,
    1.356736964313E-05,1.507485515903E-05,1.658234067493E-05,
    1.808982619084E-05,1.959731170674E-05,2.110479722264E-05,
    2.261228273855E-05,2.411976825445E-05,2.562725377035E-05,
    2.713473928626E-05,2.864222480216E-05,3.014971031806E-05,
    3.165719583397E-05,3.316468134987E-05),.QUASI_UNIFORM_KNOTS.);
#3780 = CARTESIAN_POINT('',(4.44085306475,2.E-02));
#3781 = CARTESIAN_POINT('',(4.440628439869,2.E-02));
#3782 = CARTESIAN_POINT('',(4.440178671114,1.998557492602E-02));
#3783 = CARTESIAN_POINT('',(4.439503250477,1.992093698933E-02));
#3784 = CARTESIAN_POINT('',(4.4388278518,1.981357361962E-02));
#3785 = CARTESIAN_POINT('',(4.438153264594,1.966375972197E-02));
#3786 = CARTESIAN_POINT('',(4.437480278321,1.947177015537E-02));
#3787 = CARTESIAN_POINT('',(4.436809682715,1.923787995088E-02));
#3788 = CARTESIAN_POINT('',(4.436142266562,1.896236349731E-02));
#3789 = CARTESIAN_POINT('',(4.435478822234,1.864549758042E-02));
#3790 = CARTESIAN_POINT('',(4.434820128756,1.828755004043E-02));
#3791 = CARTESIAN_POINT('',(4.434167014984,1.788882210279E-02));
#3792 = CARTESIAN_POINT('',(4.433520123799,1.744949039748E-02));
#3793 = CARTESIAN_POINT('',(4.432880792141,1.697019655124E-02));
#3794 = CARTESIAN_POINT('',(4.432247747353,1.644983446939E-02));
#3795 = CARTESIAN_POINT('',(4.43162025688,1.588815576503E-02));
#3796 = CARTESIAN_POINT('',(4.430999474732,1.528618223045E-02));
#3797 = CARTESIAN_POINT('',(4.430386049453,1.464459531443E-02));
#3798 = CARTESIAN_POINT('',(4.429780765057,1.396416766055E-02));
#3799 = CARTESIAN_POINT('',(4.429184369289,1.324564747678E-02));
#3800 = CARTESIAN_POINT('',(4.428597619634,1.248978951862E-02));
#3801 = CARTESIAN_POINT('',(4.428021270988,1.169734678712E-02));
#3802 = CARTESIAN_POINT('',(4.427456078959,1.086907275359E-02));
#3803 = CARTESIAN_POINT('',(4.42708722564,1.029350475969E-02));
#3804 = CARTESIAN_POINT('',(4.426904910237,9.999999999998E-03));
#3805 = ( GEOMETRIC_REPRESENTATION_CONTEXT(2) 
PARAMETRIC_REPRESENTATION_CONTEXT() REPRESENTATION_CONTEXT('2D SPACE',''
  ) );
#3806 = PCURVE('',#3027,#3807);
#3807 = DEFINITIONAL_REPRESENTATION('',(#3808),#3834);
#3808 = B_SPLINE_CURVE_WITH_KNOTS('',3,(#3809,#3810,#3811,#3812,#3813,
    #3814,#3815,#3816,#3817,#3818,#3819,#3820,#3821,#3822,#3823,#3824,
    #3825,#3826,#3827,#3828,#3829,#3830,#3831,#3832,#3833),
  .UNSPECIFIED.,.F.,.F.,(4,1,1,1,1,1,1,1,1,1,1,1,1,1,1,1,1,1,1,1,1,1,4),
  (1.084202172486E-19,1.507485515903E-06,3.014971031806E-06,
    4.52245654771E-06,6.029942063613E-06,7.537427579516E-06,
    9.044913095419E-06,1.055239861132E-05,1.205988412723E-05,
    1.356736964313E-05,1.507485515903E-05,1.658234067493E-05,
    1.808982619084E-05,1.959731170674E-05,2.110479722264E-05,
    2.261228273855E-05,2.411976825445E-05,2.562725377035E-05,
    2.713473928626E-05,2.864222480216E-05,3.014971031806E-05,
    3.165719583397E-05,3.316468134987E-05),.QUASI_UNIFORM_KNOTS.);
#3809 = CARTESIAN_POINT('',(6.28318530718,8.196501333686E-02));
#3810 = CARTESIAN_POINT('',(6.273503694546,8.209978826654E-02));
#3811 = CARTESIAN_POINT('',(6.254119772015,8.236999358467E-02));
#3812 = CARTESIAN_POINT('',(6.224990601345,8.277677374517E-02));
#3813 = CARTESIAN_POINT('',(6.19581668729,8.318453189924E-02));
#3814 = CARTESIAN_POINT('',(6.16660748836,8.359277384586E-02));
#3815 = CARTESIAN_POINT('',(6.137372855247,8.400100542589E-02));
#3816 = CARTESIAN_POINT('',(6.108122975637,8.440873232394E-02));
#3817 = CARTESIAN_POINT('',(6.078868125702,8.481546080781E-02));
#3818 = CARTESIAN_POINT('',(6.049618712148,8.522069496877E-02));
#3819 = CARTESIAN_POINT('',(6.020384337962,8.562394702098E-02));
#3820 = CARTESIAN_POINT('',(5.991176483215,8.602469886359E-02));
#3821 = CARTESIAN_POINT('',(5.961997710198,8.642254553291E-02));
#3822 = CARTESIAN_POINT('',(5.932881171922,8.68166598316E-02));
#3823 = CARTESIAN_POINT('',(5.903741539984,8.720780205257E-02));
#3824 = CARTESIAN_POINT('',(5.874521453343,8.759637241801E-02));
#3825 = CARTESIAN_POINT('',(5.845249232526,8.798162293892E-02));
#3826 = CARTESIAN_POINT('',(5.815930794478,8.836311328857E-02));
#3827 = CARTESIAN_POINT('',(5.786578394239,8.874032070236E-02));
#3828 = CARTESIAN_POINT('',(5.757202697956,8.911274450486E-02));
#3829 = CARTESIAN_POINT('',(5.727814687692,8.947987810187E-02));
#3830 = CARTESIAN_POINT('',(5.698424900079,8.984121648513E-02));
#3831 = CARTESIAN_POINT('',(5.669043498712,9.01962542213E-02));
#3832 = CARTESIAN_POINT('',(5.649467624316,9.042840873476E-02));
#3833 = CARTESIAN_POINT('',(5.639684198386,9.054326743856E-02));
#3834 = ( GEOMETRIC_REPRESENTATION_CONTEXT(2) 
PARAMETRIC_REPRESENTATION_CONTEXT() REPRESENTATION_CONTEXT('2D SPACE',''
  ) );
#3835 = ADVANCED_FACE('',(#3836),#3377,.T.);
#3836 = FACE_BOUND('',#3837,.T.);
#3837 = EDGE_LOOP('',(#3838,#3839,#3866));
#3838 = ORIENTED_EDGE('',*,*,#3356,.F.);
#3839 = ORIENTED_EDGE('',*,*,#3840,.T.);
#3840 = EDGE_CURVE('',#3327,#3841,#3843,.T.);
#3841 = VERTEX_POINT('',#3842);
#3842 = CARTESIAN_POINT('',(0.592122327784,-0.635355339059,
    -0.635355339059));
#3843 = SURFACE_CURVE('',#3844,(#3849,#3855),.PCURVE_S1.);
#3844 = ( BOUNDED_CURVE() B_SPLINE_CURVE(3,(#3845,#3846,#3847,#3848),
.UNSPECIFIED.,.F.,.F.) B_SPLINE_CURVE_WITH_KNOTS((4,4),(4.997873050533,
5.000368886252),.PIECEWISE_BEZIER_KNOTS.) CURVE() 
GEOMETRIC_REPRESENTATION_ITEM() RATIONAL_B_SPLINE_CURVE((1.,0.9999994809
,0.9999994809,1.)) REPRESENTATION_ITEM('') );
#3845 = CARTESIAN_POINT('',(0.590543267439,-0.63,-0.63));
#3846 = CARTESIAN_POINT('',(0.591067393076,-0.631785769402,
    -0.631785769402));
#3847 = CARTESIAN_POINT('',(0.591593746797,-0.633570883349,
    -0.633570883349));
#3848 = CARTESIAN_POINT('',(0.592122327784,-0.635355339059,
    -0.635355339059));
#3849 = PCURVE('',#3377,#3850);
#3850 = DEFINITIONAL_REPRESENTATION('',(#3851),#3854);
#3851 = B_SPLINE_CURVE_WITH_KNOTS('',1,(#3852,#3853),.UNSPECIFIED.,.F.,
  .F.,(2,2),(4.997873050533,5.000368886252),.PIECEWISE_BEZIER_KNOTS.);
#3852 = CARTESIAN_POINT('',(4.426904910237,2.109423746788E-15));
#3853 = CARTESIAN_POINT('',(4.424409074518,5.355339059326E-03));
#3854 = ( GEOMETRIC_REPRESENTATION_CONTEXT(2) 
PARAMETRIC_REPRESENTATION_CONTEXT() REPRESENTATION_CONTEXT('2D SPACE',''
  ) );
#3855 = PCURVE('',#3856,#3861);
#3856 = CYLINDRICAL_SURFACE('',#3857,2.23704144294);
#3857 = AXIS2_PLACEMENT_3D('',#3858,#3859,#3860);
#3858 = CARTESIAN_POINT('',(2.73704144294,-0.63,2.147591539192E-15));
#3859 = DIRECTION('',(-0.,-1.,3.383061121595E-15));
#3860 = DIRECTION('',(0.,-3.383061121595E-15,-1.));
#3861 = DEFINITIONAL_REPRESENTATION('',(#3862),#3865);
#3862 = B_SPLINE_CURVE_WITH_KNOTS('',1,(#3863,#3864),.UNSPECIFIED.,.F.,
  .F.,(2,2),(4.997873050533,5.000368886252),.PIECEWISE_BEZIER_KNOTS.);
#3863 = CARTESIAN_POINT('',(4.997873050533,-2.22044604925E-15));
#3864 = CARTESIAN_POINT('',(5.000368886252,5.355339059327E-03));
#3865 = ( GEOMETRIC_REPRESENTATION_CONTEXT(2) 
PARAMETRIC_REPRESENTATION_CONTEXT() REPRESENTATION_CONTEXT('2D SPACE',''
  ) );
#3866 = ORIENTED_EDGE('',*,*,#3867,.T.);
#3867 = EDGE_CURVE('',#3841,#3357,#3868,.T.);
#3868 = SURFACE_CURVE('',#3869,(#3874,#3903),.PCURVE_S1.);
#3869 = B_SPLINE_CURVE_WITH_KNOTS('',3,(#3870,#3871,#3872,#3873),
  .UNSPECIFIED.,.F.,.F.,(4,4),(4.035621895953E-05,4.751327345034E-05),
  .PIECEWISE_BEZIER_KNOTS.);
#3870 = CARTESIAN_POINT('',(0.592122327784,-0.635355339059,
    -0.635355339059));
#3871 = CARTESIAN_POINT('',(0.592615861507,-0.637021477439,
    -0.63368920068));
#3872 = CARTESIAN_POINT('',(0.593079103155,-0.638578190019,
    -0.631895746643));
#3873 = CARTESIAN_POINT('',(0.593503615555,-0.64,-0.63));
#3874 = PCURVE('',#3377,#3875);
#3875 = DEFINITIONAL_REPRESENTATION('',(#3876),#3902);
#3876 = B_SPLINE_CURVE_WITH_KNOTS('',3,(#3877,#3878,#3879,#3880,#3881,
    #3882,#3883,#3884,#3885,#3886,#3887,#3888,#3889,#3890,#3891,#3892,
    #3893,#3894,#3895,#3896,#3897,#3898,#3899,#3900,#3901),
  .UNSPECIFIED.,.F.,.F.,(4,1,1,1,1,1,1,1,1,1,1,1,1,1,1,1,1,1,1,1,1,1,4),
  (4.035621895953E-05,4.068153961821E-05,4.100686027688E-05,
    4.133218093555E-05,4.165750159423E-05,4.19828222529E-05,
    4.230814291157E-05,4.263346357025E-05,4.295878422892E-05,
    4.328410488759E-05,4.360942554627E-05,4.393474620494E-05,
    4.426006686361E-05,4.458538752229E-05,4.491070818096E-05,
    4.523602883963E-05,4.55613494983E-05,4.588667015698E-05,
    4.621199081565E-05,4.653731147432E-05,4.6862632133E-05,
    4.718795279167E-05,4.751327345034E-05),.QUASI_UNIFORM_KNOTS.);
#3877 = CARTESIAN_POINT('',(4.424409074518,5.355339059326E-03));
#3878 = CARTESIAN_POINT('',(4.424373766164,5.27960549663E-03));
#3879 = CARTESIAN_POINT('',(4.424303359155,5.127612273478E-03));
#3880 = CARTESIAN_POINT('',(4.424198384491,4.898058245611E-03));
#3881 = CARTESIAN_POINT('',(4.424094052432,4.666954124748E-03));
#3882 = CARTESIAN_POINT('',(4.423990369735,4.434314011031E-03));
#3883 = CARTESIAN_POINT('',(4.423887343154,4.200152004602E-03));
#3884 = CARTESIAN_POINT('',(4.423784979445,3.964482205604E-03));
#3885 = CARTESIAN_POINT('',(4.423683285365,3.727318714178E-03));
#3886 = CARTESIAN_POINT('',(4.423582267668,3.488675630468E-03));
#3887 = CARTESIAN_POINT('',(4.42348193311,3.248567054616E-03));
#3888 = CARTESIAN_POINT('',(4.423382288448,3.007007086764E-03));
#3889 = CARTESIAN_POINT('',(4.423283340437,2.764009827053E-03));
#3890 = CARTESIAN_POINT('',(4.423185095834,2.519589375629E-03));
#3891 = CARTESIAN_POINT('',(4.423087561393,2.27375983263E-03));
#3892 = CARTESIAN_POINT('',(4.422990743872,2.026535298202E-03));
#3893 = CARTESIAN_POINT('',(4.422894650025,1.777929872485E-03));
#3894 = CARTESIAN_POINT('',(4.42279928661,1.527957655623E-03));
#3895 = CARTESIAN_POINT('',(4.422704660383,1.276632747757E-03));
#3896 = CARTESIAN_POINT('',(4.422610778099,1.02396924903E-03));
#3897 = CARTESIAN_POINT('',(4.422517646514,7.699812595841E-04));
#3898 = CARTESIAN_POINT('',(4.422425272386,5.146828795621E-04));
#3899 = CARTESIAN_POINT('',(4.42233366247,2.580882091059E-04));
#3900 = CARTESIAN_POINT('',(4.422273103171,8.617030194077E-05));
#3901 = CARTESIAN_POINT('',(4.422242953143,0.));
#3902 = ( GEOMETRIC_REPRESENTATION_CONTEXT(2) 
PARAMETRIC_REPRESENTATION_CONTEXT() REPRESENTATION_CONTEXT('2D SPACE',''
  ) );
#3903 = PCURVE('',#3027,#3904);
#3904 = DEFINITIONAL_REPRESENTATION('',(#3905),#3931);
#3905 = B_SPLINE_CURVE_WITH_KNOTS('',3,(#3906,#3907,#3908,#3909,#3910,
    #3911,#3912,#3913,#3914,#3915,#3916,#3917,#3918,#3919,#3920,#3921,
    #3922,#3923,#3924,#3925,#3926,#3927,#3928,#3929,#3930),
  .UNSPECIFIED.,.F.,.F.,(4,1,1,1,1,1,1,1,1,1,1,1,1,1,1,1,1,1,1,1,1,1,4),
  (4.035621895953E-05,4.068153961821E-05,4.100686027688E-05,
    4.133218093555E-05,4.165750159423E-05,4.19828222529E-05,
    4.230814291157E-05,4.263346357025E-05,4.295878422892E-05,
    4.328410488759E-05,4.360942554627E-05,4.393474620494E-05,
    4.426006686361E-05,4.458538752229E-05,4.491070818096E-05,
    4.523602883963E-05,4.55613494983E-05,4.588667015698E-05,
    4.621199081565E-05,4.653731147432E-05,4.6862632133E-05,
    4.718795279167E-05,4.751327345034E-05),.QUASI_UNIFORM_KNOTS.);
#3906 = CARTESIAN_POINT('',(5.497787143782,9.212232778441E-02));
#3907 = CARTESIAN_POINT('',(5.495645075199,9.214476113542E-02));
#3908 = CARTESIAN_POINT('',(5.491359892395,9.218950266359E-02));
#3909 = CARTESIAN_POINT('',(5.484929115253,9.225623468002E-02));
#3910 = CARTESIAN_POINT('',(5.478495468959,9.232258166641E-02));
#3911 = CARTESIAN_POINT('',(5.472059087989,9.238853886853E-02));
#3912 = CARTESIAN_POINT('',(5.465620107147,9.245410153214E-02));
#3913 = CARTESIAN_POINT('',(5.459178661538,9.251926490303E-02));
#3914 = CARTESIAN_POINT('',(5.45273488645,9.258402422695E-02));
#3915 = CARTESIAN_POINT('',(5.446288917258,9.264837474967E-02));
#3916 = CARTESIAN_POINT('',(5.439840889324,9.271231171698E-02));
#3917 = CARTESIAN_POINT('',(5.433390937896,9.277583037463E-02));
#3918 = CARTESIAN_POINT('',(5.426939198009,9.28389259684E-02));
#3919 = CARTESIAN_POINT('',(5.420485804385,9.290159374406E-02));
#3920 = CARTESIAN_POINT('',(5.414030891329,9.296382894738E-02));
#3921 = CARTESIAN_POINT('',(5.407574592634,9.302562682413E-02));
#3922 = CARTESIAN_POINT('',(5.401117041478,9.308698262008E-02));
#3923 = CARTESIAN_POINT('',(5.394658370322,9.314789158099E-02));
#3924 = CARTESIAN_POINT('',(5.388198710816,9.320834895264E-02));
#3925 = CARTESIAN_POINT('',(5.381738193688,9.326834998081E-02));
#3926 = CARTESIAN_POINT('',(5.375276948665,9.332788991125E-02));
#3927 = CARTESIAN_POINT('',(5.36881510432,9.338696398974E-02));
#3928 = CARTESIAN_POINT('',(5.362352788155,9.344556746206E-02));
#3929 = CARTESIAN_POINT('',(5.35804434661,9.348431953666E-02));
#3930 = CARTESIAN_POINT('',(5.355890089178,9.350361555485E-02));
#3931 = ( GEOMETRIC_REPRESENTATION_CONTEXT(2) 
PARAMETRIC_REPRESENTATION_CONTEXT() REPRESENTATION_CONTEXT('2D SPACE',''
  ) );
#3932 = ADVANCED_FACE('',(#3933),#3751,.T.);
#3933 = FACE_BOUND('',#3934,.T.);
#3934 = EDGE_LOOP('',(#3935,#3936,#3959,#3987));
#3935 = ORIENTED_EDGE('',*,*,#3734,.F.);
#3936 = ORIENTED_EDGE('',*,*,#3937,.T.);
#3937 = EDGE_CURVE('',#3661,#3938,#3940,.T.);
#3938 = VERTEX_POINT('',#3939);
#3939 = CARTESIAN_POINT('',(0.95,0.6,-0.65));
#3940 = SURFACE_CURVE('',#3941,(#3945,#3952),.PCURVE_S1.);
#3941 = LINE('',#3942,#3943);
#3942 = CARTESIAN_POINT('',(0.5,0.6,-0.65));
#3943 = VECTOR('',#3944,1.);
#3944 = DIRECTION('',(1.,0.,0.));
#3945 = PCURVE('',#3751,#3946);
#3946 = DEFINITIONAL_REPRESENTATION('',(#3947),#3951);
#3947 = LINE('',#3948,#3949);
#3948 = CARTESIAN_POINT('',(-5.E-02,0.));
#3949 = VECTOR('',#3950,1.);
#3950 = DIRECTION('',(0.,1.));
#3951 = ( GEOMETRIC_REPRESENTATION_CONTEXT(2) 
PARAMETRIC_REPRESENTATION_CONTEXT() REPRESENTATION_CONTEXT('2D SPACE',''
  ) );
#3952 = PCURVE('',#3311,#3953);
#3953 = DEFINITIONAL_REPRESENTATION('',(#3954),#3958);
#3954 = LINE('',#3955,#3956);
#3955 = CARTESIAN_POINT('',(0.,0.));
#3956 = VECTOR('',#3957,1.);
#3957 = DIRECTION('',(0.,1.));
#3958 = ( GEOMETRIC_REPRESENTATION_CONTEXT(2) 
PARAMETRIC_REPRESENTATION_CONTEXT() REPRESENTATION_CONTEXT('2D SPACE',''
  ) );
#3959 = ORIENTED_EDGE('',*,*,#3960,.T.);
#3960 = EDGE_CURVE('',#3938,#3961,#3963,.T.);
#3961 = VERTEX_POINT('',#3962);
#3962 = CARTESIAN_POINT('',(0.95,-0.6,-0.65));
#3963 = SURFACE_CURVE('',#3964,(#3968,#3975),.PCURVE_S1.);
#3964 = LINE('',#3965,#3966);
#3965 = CARTESIAN_POINT('',(0.95,0.65,-0.65));
#3966 = VECTOR('',#3967,1.);
#3967 = DIRECTION('',(-0.,-1.,-8.340016711427E-17));
#3968 = PCURVE('',#3751,#3969);
#3969 = DEFINITIONAL_REPRESENTATION('',(#3970),#3974);
#3970 = LINE('',#3971,#3972);
#3971 = CARTESIAN_POINT('',(0.,0.45));
#3972 = VECTOR('',#3973,1.);
#3973 = DIRECTION('',(-1.,0.));
#3974 = ( GEOMETRIC_REPRESENTATION_CONTEXT(2) 
PARAMETRIC_REPRESENTATION_CONTEXT() REPRESENTATION_CONTEXT('2D SPACE',''
  ) );
#3975 = PCURVE('',#3976,#3981);
#3976 = CYLINDRICAL_SURFACE('',#3977,5.E-02);
#3977 = AXIS2_PLACEMENT_3D('',#3978,#3979,#3980);
#3978 = CARTESIAN_POINT('',(0.95,5.004010026856E-17,-0.6));
#3979 = DIRECTION('',(-0.,1.,8.340016711427E-17));
#3980 = DIRECTION('',(0.,-8.340016711427E-17,1.));
#3981 = DEFINITIONAL_REPRESENTATION('',(#3982),#3986);
#3982 = LINE('',#3983,#3984);
#3983 = CARTESIAN_POINT('',(3.14159265359,0.65));
#3984 = VECTOR('',#3985,1.);
#3985 = DIRECTION('',(0.,-1.));
#3986 = ( GEOMETRIC_REPRESENTATION_CONTEXT(2) 
PARAMETRIC_REPRESENTATION_CONTEXT() REPRESENTATION_CONTEXT('2D SPACE',''
  ) );
#3987 = ORIENTED_EDGE('',*,*,#3988,.T.);
#3988 = EDGE_CURVE('',#3961,#3735,#3989,.T.);
#3989 = SURFACE_CURVE('',#3990,(#3994,#4001),.PCURVE_S1.);
#3990 = LINE('',#3991,#3992);
#3991 = CARTESIAN_POINT('',(0.5,-0.6,-0.65));
#3992 = VECTOR('',#3993,1.);
#3993 = DIRECTION('',(-1.,-0.,-0.));
#3994 = PCURVE('',#3751,#3995);
#3995 = DEFINITIONAL_REPRESENTATION('',(#3996),#4000);
#3996 = LINE('',#3997,#3998);
#3997 = CARTESIAN_POINT('',(-1.25,0.));
#3998 = VECTOR('',#3999,1.);
#3999 = DIRECTION('',(0.,-1.));
#4000 = ( GEOMETRIC_REPRESENTATION_CONTEXT(2) 
PARAMETRIC_REPRESENTATION_CONTEXT() REPRESENTATION_CONTEXT('2D SPACE',''
  ) );
#4001 = PCURVE('',#3027,#4002);
#4002 = DEFINITIONAL_REPRESENTATION('',(#4003),#4007);
#4003 = LINE('',#4004,#4005);
#4004 = CARTESIAN_POINT('',(6.28318530718,0.));
#4005 = VECTOR('',#4006,1.);
#4006 = DIRECTION('',(0.,-1.));
#4007 = ( GEOMETRIC_REPRESENTATION_CONTEXT(2) 
PARAMETRIC_REPRESENTATION_CONTEXT() REPRESENTATION_CONTEXT('2D SPACE',''
  ) );
#4008 = ADVANCED_FACE('',(#4009),#4023,.T.);
#4009 = FACE_BOUND('',#4010,.T.);
#4010 = EDGE_LOOP('',(#4011,#4041,#4064,#4087));
#4011 = ORIENTED_EDGE('',*,*,#4012,.T.);
#4012 = EDGE_CURVE('',#4013,#4015,#4017,.T.);
#4013 = VERTEX_POINT('',#4014);
#4014 = CARTESIAN_POINT('',(1.,0.6,0.6));
#4015 = VERTEX_POINT('',#4016);
#4016 = CARTESIAN_POINT('',(1.,-0.6,0.6));
#4017 = SURFACE_CURVE('',#4018,(#4022,#4034),.PCURVE_S1.);
#4018 = LINE('',#4019,#4020);
#4019 = CARTESIAN_POINT('',(1.,0.,0.6));
#4020 = VECTOR('',#4021,1.);
#4021 = DIRECTION('',(0.,-1.,0.));
#4022 = PCURVE('',#4023,#4028);
#4023 = PLANE('',#4024);
#4024 = AXIS2_PLACEMENT_3D('',#4025,#4026,#4027);
#4025 = CARTESIAN_POINT('',(1.,0.,0.));
#4026 = DIRECTION('',(1.,0.,0.));
#4027 = DIRECTION('',(0.,0.,-1.));
#4028 = DEFINITIONAL_REPRESENTATION('',(#4029),#4033);
#4029 = LINE('',#4030,#4031);
#4030 = CARTESIAN_POINT('',(-0.6,0.));
#4031 = VECTOR('',#4032,1.);
#4032 = DIRECTION('',(0.,-1.));
#4033 = ( GEOMETRIC_REPRESENTATION_CONTEXT(2) 
PARAMETRIC_REPRESENTATION_CONTEXT() REPRESENTATION_CONTEXT('2D SPACE',''
  ) );
#4034 = PCURVE('',#3170,#4035);
#4035 = DEFINITIONAL_REPRESENTATION('',(#4036),#4040);
#4036 = LINE('',#4037,#4038);
#4037 = CARTESIAN_POINT('',(1.570796326795,0.));
#4038 = VECTOR('',#4039,1.);
#4039 = DIRECTION('',(0.,1.));
#4040 = ( GEOMETRIC_REPRESENTATION_CONTEXT(2) 
PARAMETRIC_REPRESENTATION_CONTEXT() REPRESENTATION_CONTEXT('2D SPACE',''
  ) );
#4041 = ORIENTED_EDGE('',*,*,#4042,.T.);
#4042 = EDGE_CURVE('',#4015,#4043,#4045,.T.);
#4043 = VERTEX_POINT('',#4044);
#4044 = CARTESIAN_POINT('',(1.,-0.6,-0.6));
#4045 = SURFACE_CURVE('',#4046,(#4050,#4057),.PCURVE_S1.);
#4046 = LINE('',#4047,#4048);
#4047 = CARTESIAN_POINT('',(1.,-0.6,0.));
#4048 = VECTOR('',#4049,1.);
#4049 = DIRECTION('',(0.,0.,-1.));
#4050 = PCURVE('',#4023,#4051);
#4051 = DEFINITIONAL_REPRESENTATION('',(#4052),#4056);
#4052 = LINE('',#4053,#4054);
#4053 = CARTESIAN_POINT('',(0.,-0.6));
#4054 = VECTOR('',#4055,1.);
#4055 = DIRECTION('',(1.,0.));
#4056 = ( GEOMETRIC_REPRESENTATION_CONTEXT(2) 
PARAMETRIC_REPRESENTATION_CONTEXT() REPRESENTATION_CONTEXT('2D SPACE',''
  ) );
#4057 = PCURVE('',#3055,#4058);
#4058 = DEFINITIONAL_REPRESENTATION('',(#4059),#4063);
#4059 = LINE('',#4060,#4061);
#4060 = CARTESIAN_POINT('',(3.14159265359,0.));
#4061 = VECTOR('',#4062,1.);
#4062 = DIRECTION('',(0.,1.));
#4063 = ( GEOMETRIC_REPRESENTATION_CONTEXT(2) 
PARAMETRIC_REPRESENTATION_CONTEXT() REPRESENTATION_CONTEXT('2D SPACE',''
  ) );
#4064 = ORIENTED_EDGE('',*,*,#4065,.T.);
#4065 = EDGE_CURVE('',#4043,#4066,#4068,.T.);
#4066 = VERTEX_POINT('',#4067);
#4067 = CARTESIAN_POINT('',(1.,0.6,-0.6));
#4068 = SURFACE_CURVE('',#4069,(#4073,#4080),.PCURVE_S1.);
#4069 = LINE('',#4070,#4071);
#4070 = CARTESIAN_POINT('',(1.,5.004010026856E-17,-0.6));
#4071 = VECTOR('',#4072,1.);
#4072 = DIRECTION('',(-0.,1.,8.340016711427E-17));
#4073 = PCURVE('',#4023,#4074);
#4074 = DEFINITIONAL_REPRESENTATION('',(#4075),#4079);
#4075 = LINE('',#4076,#4077);
#4076 = CARTESIAN_POINT('',(0.6,5.004010026856E-17));
#4077 = VECTOR('',#4078,1.);
#4078 = DIRECTION('',(-8.340016711427E-17,1.));
#4079 = ( GEOMETRIC_REPRESENTATION_CONTEXT(2) 
PARAMETRIC_REPRESENTATION_CONTEXT() REPRESENTATION_CONTEXT('2D SPACE',''
  ) );
#4080 = PCURVE('',#3976,#4081);
#4081 = DEFINITIONAL_REPRESENTATION('',(#4082),#4086);
#4082 = LINE('',#4083,#4084);
#4083 = CARTESIAN_POINT('',(1.570796326795,0.));
#4084 = VECTOR('',#4085,1.);
#4085 = DIRECTION('',(0.,1.));
#4086 = ( GEOMETRIC_REPRESENTATION_CONTEXT(2) 
PARAMETRIC_REPRESENTATION_CONTEXT() REPRESENTATION_CONTEXT('2D SPACE',''
  ) );
#4087 = ORIENTED_EDGE('',*,*,#4088,.T.);
#4088 = EDGE_CURVE('',#4066,#4013,#4089,.T.);
#4089 = SURFACE_CURVE('',#4090,(#4094,#4101),.PCURVE_S1.);
#4090 = LINE('',#4091,#4092);
#4091 = CARTESIAN_POINT('',(1.,0.6,0.));
#4092 = VECTOR('',#4093,1.);
#4093 = DIRECTION('',(0.,-0.,1.));
#4094 = PCURVE('',#4023,#4095);
#4095 = DEFINITIONAL_REPRESENTATION('',(#4096),#4100);
#4096 = LINE('',#4097,#4098);
#4097 = CARTESIAN_POINT('',(0.,0.6));
#4098 = VECTOR('',#4099,1.);
#4099 = DIRECTION('',(-1.,0.));
#4100 = ( GEOMETRIC_REPRESENTATION_CONTEXT(2) 
PARAMETRIC_REPRESENTATION_CONTEXT() REPRESENTATION_CONTEXT('2D SPACE',''
  ) );
#4101 = PCURVE('',#3285,#4102);
#4102 = DEFINITIONAL_REPRESENTATION('',(#4103),#4107);
#4103 = LINE('',#4104,#4105);
#4104 = CARTESIAN_POINT('',(0.,0.));
#4105 = VECTOR('',#4106,1.);
#4106 = DIRECTION('',(0.,1.));
#4107 = ( GEOMETRIC_REPRESENTATION_CONTEXT(2) 
PARAMETRIC_REPRESENTATION_CONTEXT() REPRESENTATION_CONTEXT('2D SPACE',''
  ) );
#4108 = ADVANCED_FACE('',(#4109),#4121,.T.);
#4109 = FACE_BOUND('',#4110,.T.);
#4110 = EDGE_LOOP('',(#4111,#4139,#4162));
#4111 = ORIENTED_EDGE('',*,*,#4112,.F.);
#4112 = EDGE_CURVE('',#4113,#3611,#4115,.T.);
#4113 = VERTEX_POINT('',#4114);
#4114 = CARTESIAN_POINT('',(0.590543267439,0.64,-0.63));
#4115 = SURFACE_CURVE('',#4116,(#4120,#4132),.PCURVE_S1.);
#4116 = LINE('',#4117,#4118);
#4117 = CARTESIAN_POINT('',(0.590543267439,0.63,-0.63));
#4118 = VECTOR('',#4119,1.);
#4119 = DIRECTION('',(0.,-1.,1.036602379928E-14));
#4120 = PCURVE('',#4121,#4126);
#4121 = PLANE('',#4122);
#4122 = AXIS2_PLACEMENT_3D('',#4123,#4124,#4125);
#4123 = CARTESIAN_POINT('',(-0.9,0.63,-0.63));
#4124 = DIRECTION('',(0.,1.720955829342E-16,-1.));
#4125 = DIRECTION('',(0.,1.,1.720955829342E-16));
#4126 = DEFINITIONAL_REPRESENTATION('',(#4127),#4131);
#4127 = LINE('',#4128,#4129);
#4128 = CARTESIAN_POINT('',(1.110223024625E-16,1.490543267439));
#4129 = VECTOR('',#4130,1.);
#4130 = DIRECTION('',(-1.,0.));
#4131 = ( GEOMETRIC_REPRESENTATION_CONTEXT(2) 
PARAMETRIC_REPRESENTATION_CONTEXT() REPRESENTATION_CONTEXT('2D SPACE',''
  ) );
#4132 = PCURVE('',#67,#4133);
#4133 = DEFINITIONAL_REPRESENTATION('',(#4134),#4138);
#4134 = LINE('',#4135,#4136);
#4135 = CARTESIAN_POINT('',(4.426904910237,6.661338147751E-15));
#4136 = VECTOR('',#4137,1.);
#4137 = DIRECTION('',(0.,-1.));
#4138 = ( GEOMETRIC_REPRESENTATION_CONTEXT(2) 
PARAMETRIC_REPRESENTATION_CONTEXT() REPRESENTATION_CONTEXT('2D SPACE',''
  ) );
#4139 = ORIENTED_EDGE('',*,*,#4140,.F.);
#4140 = EDGE_CURVE('',#4141,#4113,#4143,.T.);
#4141 = VERTEX_POINT('',#4142);
#4142 = CARTESIAN_POINT('',(0.593503615555,0.64,-0.63));
#4143 = SURFACE_CURVE('',#4144,(#4148,#4155),.PCURVE_S1.);
#4144 = LINE('',#4145,#4146);
#4145 = CARTESIAN_POINT('',(0.5,0.64,-0.63));
#4146 = VECTOR('',#4147,1.);
#4147 = DIRECTION('',(-1.,-0.,-0.));
#4148 = PCURVE('',#4121,#4149);
#4149 = DEFINITIONAL_REPRESENTATION('',(#4150),#4154);
#4150 = LINE('',#4151,#4152);
#4151 = CARTESIAN_POINT('',(1.E-02,1.4));
#4152 = VECTOR('',#4153,1.);
#4153 = DIRECTION('',(0.,-1.));
#4154 = ( GEOMETRIC_REPRESENTATION_CONTEXT(2) 
PARAMETRIC_REPRESENTATION_CONTEXT() REPRESENTATION_CONTEXT('2D SPACE',''
  ) );
#4155 = PCURVE('',#3311,#4156);
#4156 = DEFINITIONAL_REPRESENTATION('',(#4157),#4161);
#4157 = LINE('',#4158,#4159);
#4158 = CARTESIAN_POINT('',(0.927295218002,0.));
#4159 = VECTOR('',#4160,1.);
#4160 = DIRECTION('',(0.,-1.));
#4161 = ( GEOMETRIC_REPRESENTATION_CONTEXT(2) 
PARAMETRIC_REPRESENTATION_CONTEXT() REPRESENTATION_CONTEXT('2D SPACE',''
  ) );
#4162 = ORIENTED_EDGE('',*,*,#4163,.T.);
#4163 = EDGE_CURVE('',#4141,#3611,#4164,.T.);
#4164 = SURFACE_CURVE('',#4165,(#4170,#4181),.PCURVE_S1.);
#4165 = CIRCLE('',#4166,2.23704144294);
#4166 = AXIS2_PLACEMENT_3D('',#4167,#4168,#4169);
#4167 = CARTESIAN_POINT('',(2.73704144294,5.20417042793E-17,-0.63));
#4168 = DIRECTION('',(0.,-1.084202172486E-16,1.));
#4169 = DIRECTION('',(0.,1.,1.084202172486E-16));
#4170 = PCURVE('',#4121,#4171);
#4171 = DEFINITIONAL_REPRESENTATION('',(#4172),#4180);
#4172 = ( BOUNDED_CURVE() B_SPLINE_CURVE(2,(#4173,#4174,#4175,#4176,
#4177,#4178,#4179),.UNSPECIFIED.,.T.,.F.) B_SPLINE_CURVE_WITH_KNOTS((1,2
    ,2,2,2,1),(-2.094395102393,0.,2.094395102393,4.188790204786,
6.28318530718,8.377580409573),.UNSPECIFIED.) CURVE() 
GEOMETRIC_REPRESENTATION_ITEM() RATIONAL_B_SPLINE_CURVE((1.,0.5,1.,0.5,
1.,0.5,1.)) REPRESENTATION_ITEM('') );
#4173 = CARTESIAN_POINT('',(1.60704144294,3.63704144294));
#4174 = CARTESIAN_POINT('',(1.60704144294,-0.237627994869));
#4175 = CARTESIAN_POINT('',(-1.74852072147,1.699706724035));
#4176 = CARTESIAN_POINT('',(-5.10408288588,3.63704144294));
#4177 = CARTESIAN_POINT('',(-1.74852072147,5.574376161844));
#4178 = CARTESIAN_POINT('',(1.60704144294,7.511710880749));
#4179 = CARTESIAN_POINT('',(1.60704144294,3.63704144294));
#4180 = ( GEOMETRIC_REPRESENTATION_CONTEXT(2) 
PARAMETRIC_REPRESENTATION_CONTEXT() REPRESENTATION_CONTEXT('2D SPACE',''
  ) );
#4181 = PCURVE('',#4182,#4187);
#4182 = CYLINDRICAL_SURFACE('',#4183,2.23704144294);
#4183 = AXIS2_PLACEMENT_3D('',#4184,#4185,#4186);
#4184 = CARTESIAN_POINT('',(2.73704144294,5.20417042793E-17,-0.63));
#4185 = DIRECTION('',(-0.,1.084202172486E-16,-1.));
#4186 = DIRECTION('',(0.,1.,1.084202172486E-16));
#4187 = DEFINITIONAL_REPRESENTATION('',(#4188),#4192);
#4188 = LINE('',#4189,#4190);
#4189 = CARTESIAN_POINT('',(6.28318530718,0.));
#4190 = VECTOR('',#4191,1.);
#4191 = DIRECTION('',(-1.,0.));
#4192 = ( GEOMETRIC_REPRESENTATION_CONTEXT(2) 
PARAMETRIC_REPRESENTATION_CONTEXT() REPRESENTATION_CONTEXT('2D SPACE',''
  ) );
#4193 = ADVANCED_FACE('',(#4194),#3196,.T.);
#4194 = FACE_BOUND('',#4195,.T.);
#4195 = EDGE_LOOP('',(#4196,#4267,#4268,#4317,#4318,#4392,#4420,#4493,
    #4569));
#4196 = ORIENTED_EDGE('',*,*,#4197,.F.);
#4197 = EDGE_CURVE('',#3099,#4198,#4200,.T.);
#4198 = VERTEX_POINT('',#4199);
#4199 = CARTESIAN_POINT('',(0.590543267439,0.63,0.64));
#4200 = SURFACE_CURVE('',#4201,(#4209,#4238),.PCURVE_S1.);
#4201 = B_SPLINE_CURVE_WITH_KNOTS('',3,(#4202,#4203,#4204,#4205,#4206,
    #4207,#4208),.UNSPECIFIED.,.F.,.F.,(4,3,4),(1.084202172486E-19,
    1.800509807348E-05,3.316468134987E-05),.UNSPECIFIED.);
#4202 = CARTESIAN_POINT('',(0.581965013337,0.6,0.65));
#4203 = CARTESIAN_POINT('',(0.583574737478,0.60578179759,0.65));
#4204 = CARTESIAN_POINT('',(0.585231213598,0.611636538617,0.648971101019
    ));
#4205 = CARTESIAN_POINT('',(0.586794104878,0.617082492531,0.646991365685
    ));
#4206 = CARTESIAN_POINT('',(0.588109953242,0.621667616037,0.645324562924
    ));
#4207 = CARTESIAN_POINT('',(0.589388224775,0.626064607985,0.642951544011
    ));
#4208 = CARTESIAN_POINT('',(0.590543267439,0.63,0.64));
#4209 = PCURVE('',#3196,#4210);
#4210 = DEFINITIONAL_REPRESENTATION('',(#4211),#4237);
#4211 = B_SPLINE_CURVE_WITH_KNOTS('',3,(#4212,#4213,#4214,#4215,#4216,
    #4217,#4218,#4219,#4220,#4221,#4222,#4223,#4224,#4225,#4226,#4227,
    #4228,#4229,#4230,#4231,#4232,#4233,#4234,#4235,#4236),
  .UNSPECIFIED.,.F.,.F.,(4,1,1,1,1,1,1,1,1,1,1,1,1,1,1,1,1,1,1,1,1,1,4),
  (1.084202172486E-19,1.507485515903E-06,3.014971031807E-06,
    4.52245654771E-06,6.029942063614E-06,7.537427579517E-06,
    9.04491309542E-06,1.055239861132E-05,1.205988412723E-05,
    1.356736964313E-05,1.507485515903E-05,1.658234067494E-05,
    1.808982619084E-05,1.959731170674E-05,2.110479722265E-05,
    2.261228273855E-05,2.411976825445E-05,2.562725377036E-05,
    2.713473928626E-05,2.864222480216E-05,3.014971031807E-05,
    3.165719583397E-05,3.316468134987E-05),.QUASI_UNIFORM_KNOTS.);
#4212 = CARTESIAN_POINT('',(3.14159265359,8.196501333686E-02));
#4213 = CARTESIAN_POINT('',(3.131911040956,8.209978826654E-02));
#4214 = CARTESIAN_POINT('',(3.112527118425,8.236999358467E-02));
#4215 = CARTESIAN_POINT('',(3.083397947756,8.277677374517E-02));
#4216 = CARTESIAN_POINT('',(3.054224033701,8.318453189924E-02));
#4217 = CARTESIAN_POINT('',(3.02501483477,8.359277384586E-02));
#4218 = CARTESIAN_POINT('',(2.995780201657,8.400100542589E-02));
#4219 = CARTESIAN_POINT('',(2.966530322047,8.440873232394E-02));
#4220 = CARTESIAN_POINT('',(2.937275472112,8.481546080781E-02));
#4221 = CARTESIAN_POINT('',(2.908026058558,8.522069496877E-02));
#4222 = CARTESIAN_POINT('',(2.878791684372,8.562394702098E-02));
#4223 = CARTESIAN_POINT('',(2.849583829625,8.602469886359E-02));
#4224 = CARTESIAN_POINT('',(2.820405056608,8.642254553291E-02));
#4225 = CARTESIAN_POINT('',(2.791288518332,8.68166598316E-02));
#4226 = CARTESIAN_POINT('',(2.762148886394,8.720780205257E-02));
#4227 = CARTESIAN_POINT('',(2.732928799753,8.759637241801E-02));
#4228 = CARTESIAN_POINT('',(2.703656578936,8.798162293892E-02));
#4229 = CARTESIAN_POINT('',(2.674338140888,8.836311328857E-02));
#4230 = CARTESIAN_POINT('',(2.644985740649,8.874032070236E-02));
#4231 = CARTESIAN_POINT('',(2.615610044366,8.911274450487E-02));
#4232 = CARTESIAN_POINT('',(2.586222034102,8.947987810187E-02));
#4233 = CARTESIAN_POINT('',(2.556832246489,8.984121648513E-02));
#4234 = CARTESIAN_POINT('',(2.527450845122,9.01962542213E-02));
#4235 = CARTESIAN_POINT('',(2.507874970726,9.042840873476E-02));
#4236 = CARTESIAN_POINT('',(2.498091544796,9.054326743856E-02));
#4237 = ( GEOMETRIC_REPRESENTATION_CONTEXT(2) 
PARAMETRIC_REPRESENTATION_CONTEXT() REPRESENTATION_CONTEXT('2D SPACE',''
  ) );
#4238 = PCURVE('',#2940,#4239);
#4239 = DEFINITIONAL_REPRESENTATION('',(#4240),#4266);
#4240 = B_SPLINE_CURVE_WITH_KNOTS('',3,(#4241,#4242,#4243,#4244,#4245,
    #4246,#4247,#4248,#4249,#4250,#4251,#4252,#4253,#4254,#4255,#4256,
    #4257,#4258,#4259,#4260,#4261,#4262,#4263,#4264,#4265),
  .UNSPECIFIED.,.F.,.F.,(4,1,1,1,1,1,1,1,1,1,1,1,1,1,1,1,1,1,1,1,1,1,4),
  (1.084202172486E-19,1.507485515903E-06,3.014971031807E-06,
    4.52245654771E-06,6.029942063614E-06,7.537427579517E-06,
    9.04491309542E-06,1.055239861132E-05,1.205988412723E-05,
    1.356736964313E-05,1.507485515903E-05,1.658234067494E-05,
    1.808982619084E-05,1.959731170674E-05,2.110479722265E-05,
    2.261228273855E-05,2.411976825445E-05,2.562725377036E-05,
    2.713473928626E-05,2.864222480216E-05,3.014971031807E-05,
    3.165719583397E-05,3.316468134987E-05),.QUASI_UNIFORM_KNOTS.);
#4241 = CARTESIAN_POINT('',(4.44085306475,2.E-02));
#4242 = CARTESIAN_POINT('',(4.440628439869,2.E-02));
#4243 = CARTESIAN_POINT('',(4.440178671114,1.998557492602E-02));
#4244 = CARTESIAN_POINT('',(4.439503250477,1.992093698933E-02));
#4245 = CARTESIAN_POINT('',(4.4388278518,1.981357361962E-02));
#4246 = CARTESIAN_POINT('',(4.438153264594,1.966375972197E-02));
#4247 = CARTESIAN_POINT('',(4.437480278321,1.947177015537E-02));
#4248 = CARTESIAN_POINT('',(4.436809682715,1.923787995088E-02));
#4249 = CARTESIAN_POINT('',(4.436142266562,1.896236349731E-02));
#4250 = CARTESIAN_POINT('',(4.435478822234,1.864549758042E-02));
#4251 = CARTESIAN_POINT('',(4.434820128756,1.828755004043E-02));
#4252 = CARTESIAN_POINT('',(4.434167014984,1.788882210279E-02));
#4253 = CARTESIAN_POINT('',(4.433520123799,1.744949039748E-02));
#4254 = CARTESIAN_POINT('',(4.432880792141,1.697019655124E-02));
#4255 = CARTESIAN_POINT('',(4.432247747353,1.644983446938E-02));
#4256 = CARTESIAN_POINT('',(4.43162025688,1.588815576503E-02));
#4257 = CARTESIAN_POINT('',(4.430999474732,1.528618223044E-02));
#4258 = CARTESIAN_POINT('',(4.430386049453,1.464459531443E-02));
#4259 = CARTESIAN_POINT('',(4.429780765057,1.396416766055E-02));
#4260 = CARTESIAN_POINT('',(4.429184369289,1.324564747678E-02));
#4261 = CARTESIAN_POINT('',(4.428597619634,1.248978951861E-02));
#4262 = CARTESIAN_POINT('',(4.428021270988,1.169734678711E-02));
#4263 = CARTESIAN_POINT('',(4.427456078959,1.086907275359E-02));
#4264 = CARTESIAN_POINT('',(4.42708722564,1.029350475969E-02));
#4265 = CARTESIAN_POINT('',(4.426904910237,9.999999999995E-03));
#4266 = ( GEOMETRIC_REPRESENTATION_CONTEXT(2) 
PARAMETRIC_REPRESENTATION_CONTEXT() REPRESENTATION_CONTEXT('2D SPACE',''
  ) );
#4267 = ORIENTED_EDGE('',*,*,#3182,.F.);
#4268 = ORIENTED_EDGE('',*,*,#4269,.F.);
#4269 = EDGE_CURVE('',#3247,#3155,#4270,.T.);
#4270 = SURFACE_CURVE('',#4271,(#4276,#4283),.PCURVE_S1.);
#4271 = CIRCLE('',#4272,5.E-02);
#4272 = AXIS2_PLACEMENT_3D('',#4273,#4274,#4275);
#4273 = CARTESIAN_POINT('',(0.95,0.6,0.6));
#4274 = DIRECTION('',(1.,0.,0.));
#4275 = DIRECTION('',(0.,0.,-1.));
#4276 = PCURVE('',#3196,#4277);
#4277 = DEFINITIONAL_REPRESENTATION('',(#4278),#4282);
#4278 = LINE('',#4279,#4280);
#4279 = CARTESIAN_POINT('',(0.,0.45));
#4280 = VECTOR('',#4281,1.);
#4281 = DIRECTION('',(1.,0.));
#4282 = ( GEOMETRIC_REPRESENTATION_CONTEXT(2) 
PARAMETRIC_REPRESENTATION_CONTEXT() REPRESENTATION_CONTEXT('2D SPACE',''
  ) );
#4283 = PCURVE('',#4284,#4289);
#4284 = SPHERICAL_SURFACE('',#4285,5.E-02);
#4285 = AXIS2_PLACEMENT_3D('',#4286,#4287,#4288);
#4286 = CARTESIAN_POINT('',(0.95,0.6,0.6));
#4287 = DIRECTION('',(0.,1.,0.));
#4288 = DIRECTION('',(1.,0.,0.));
#4289 = DEFINITIONAL_REPRESENTATION('',(#4290),#4316);
#4290 = B_SPLINE_CURVE_WITH_KNOTS('',3,(#4291,#4292,#4293,#4294,#4295,
    #4296,#4297,#4298,#4299,#4300,#4301,#4302,#4303,#4304,#4305,#4306,
    #4307,#4308,#4309,#4310,#4311,#4312,#4313,#4314,#4315),
  .UNSPECIFIED.,.F.,.F.,(4,1,1,1,1,1,1,1,1,1,1,1,1,1,1,1,1,1,1,1,1,1,4),
  (1.570796326795,1.642196159831,1.713595992867,1.784995825903,
    1.856395658939,1.927795491976,1.999195325012,2.070595158048,
    2.141994991084,2.21339482412,2.284794657156,2.356194490192,
    2.427594323228,2.498994156265,2.570393989301,2.641793822337,
    2.713193655373,2.784593488409,2.855993321445,2.927393154481,
    2.998792987518,3.070192820554,3.14159265359),.QUASI_UNIFORM_KNOTS.);
#4291 = CARTESIAN_POINT('',(4.712388980385,1.570796326795));
#4292 = CARTESIAN_POINT('',(4.712388980385,1.54699638245));
#4293 = CARTESIAN_POINT('',(4.712388980385,1.499396493759));
#4294 = CARTESIAN_POINT('',(4.712388980385,1.427996660723));
#4295 = CARTESIAN_POINT('',(4.712388980385,1.356596827686));
#4296 = CARTESIAN_POINT('',(4.712388980385,1.28519699465));
#4297 = CARTESIAN_POINT('',(4.712388980385,1.213797161614));
#4298 = CARTESIAN_POINT('',(4.712388980385,1.142397328578));
#4299 = CARTESIAN_POINT('',(4.712388980385,1.070997495542));
#4300 = CARTESIAN_POINT('',(4.712388980385,0.999597662506));
#4301 = CARTESIAN_POINT('',(4.712388980385,0.92819782947));
#4302 = CARTESIAN_POINT('',(4.712388980385,0.856797996434));
#4303 = CARTESIAN_POINT('',(4.712388980385,0.785398163397));
#4304 = CARTESIAN_POINT('',(4.712388980385,0.713998330361));
#4305 = CARTESIAN_POINT('',(4.712388980385,0.642598497325));
#4306 = CARTESIAN_POINT('',(4.712388980385,0.571198664289));
#4307 = CARTESIAN_POINT('',(4.712388980385,0.499798831253));
#4308 = CARTESIAN_POINT('',(4.712388980385,0.428398998217));
#4309 = CARTESIAN_POINT('',(4.712388980385,0.356999165181));
#4310 = CARTESIAN_POINT('',(4.712388980385,0.285599332145));
#4311 = CARTESIAN_POINT('',(4.712388980385,0.214199499108));
#4312 = CARTESIAN_POINT('',(4.712388980385,0.142799666072));
#4313 = CARTESIAN_POINT('',(4.712388980385,7.139983303613E-02));
#4314 = CARTESIAN_POINT('',(4.712388980385,2.379994434538E-02));
#4315 = CARTESIAN_POINT('',(4.712388980385,0.));
#4316 = ( GEOMETRIC_REPRESENTATION_CONTEXT(2) 
PARAMETRIC_REPRESENTATION_CONTEXT() REPRESENTATION_CONTEXT('2D SPACE',''
  ) );
#4317 = ORIENTED_EDGE('',*,*,#3246,.F.);
#4318 = ORIENTED_EDGE('',*,*,#4319,.F.);
#4319 = EDGE_CURVE('',#4320,#3212,#4322,.T.);
#4320 = VERTEX_POINT('',#4321);
#4321 = CARTESIAN_POINT('',(0.590543267439,0.64,0.63));
#4322 = SURFACE_CURVE('',#4323,(#4334,#4363),.PCURVE_S1.);
#4323 = B_SPLINE_CURVE_WITH_KNOTS('',3,(#4324,#4325,#4326,#4327,#4328,
    #4329,#4330,#4331,#4332,#4333),.UNSPECIFIED.,.F.,.F.,(4,3,3,4),(
    4.663409906927E-05,4.906704897821E-05,6.630514804286E-05,
    7.971784443615E-05),.UNSPECIFIED.);
#4324 = CARTESIAN_POINT('',(0.590543267439,0.64,0.63));
#4325 = CARTESIAN_POINT('',(0.590355985931,0.640478570732,0.629361905691
    ));
#4326 = CARTESIAN_POINT('',(0.590165759026,0.640941588668,0.628712722081
    ));
#4327 = CARTESIAN_POINT('',(0.589972946505,0.641388369253,0.628053571797
    ));
#4328 = CARTESIAN_POINT('',(0.588620293295,0.644522705074,0.62342938172)
  );
#4329 = CARTESIAN_POINT('',(0.587118172026,0.646884650144,0.61823567132)
  );
#4330 = CARTESIAN_POINT('',(0.585592807135,0.648312301517,0.612881052834
    ));
#4331 = CARTESIAN_POINT('',(0.584399626733,0.649429047844,0.608692529896
    ));
#4332 = CARTESIAN_POINT('',(0.583170906976,0.650000000002,0.604331321596
    ));
#4333 = CARTESIAN_POINT('',(0.581965013337,0.65,0.6));
#4334 = PCURVE('',#3196,#4335);
#4335 = DEFINITIONAL_REPRESENTATION('',(#4336),#4362);
#4336 = B_SPLINE_CURVE_WITH_KNOTS('',3,(#4337,#4338,#4339,#4340,#4341,
    #4342,#4343,#4344,#4345,#4346,#4347,#4348,#4349,#4350,#4351,#4352,
    #4353,#4354,#4355,#4356,#4357,#4358,#4359,#4360,#4361),
  .UNSPECIFIED.,.F.,.F.,(4,1,1,1,1,1,1,1,1,1,1,1,1,1,1,1,1,1,1,1,1,1,4),
  (4.663409906927E-05,4.813790567686E-05,4.964171228444E-05,
    5.114551889203E-05,5.264932549961E-05,5.41531321072E-05,
    5.565693871478E-05,5.716074532237E-05,5.866455192996E-05,
    6.016835853754E-05,6.167216514513E-05,6.317597175271E-05,
    6.46797783603E-05,6.618358496788E-05,6.768739157547E-05,
    6.919119818305E-05,7.069500479064E-05,7.219881139822E-05,
    7.370261800581E-05,7.520642461339E-05,7.671023122098E-05,
    7.821403782857E-05,7.971784443615E-05),.QUASI_UNIFORM_KNOTS.);
#4337 = CARTESIAN_POINT('',(2.214297435588,9.054326743856E-02));
#4338 = CARTESIAN_POINT('',(2.204421038012,9.042731364618E-02));
#4339 = CARTESIAN_POINT('',(2.184709970588,9.01935706267E-02));
#4340 = CARTESIAN_POINT('',(2.155259919345,8.983773467621E-02));
#4341 = CARTESIAN_POINT('',(2.126048028755,8.947853109329E-02));
#4342 = CARTESIAN_POINT('',(2.096740055396,8.911232249607E-02));
#4343 = CARTESIAN_POINT('',(2.067436864525,8.874072108625E-02));
#4344 = CARTESIAN_POINT('',(2.038123628324,8.836393228933E-02));
#4345 = CARTESIAN_POINT('',(2.008817253293,8.798253905211E-02));
#4346 = CARTESIAN_POINT('',(1.979526461848,8.759702101234E-02));
#4347 = CARTESIAN_POINT('',(1.950263008658,8.72078935227E-02));
#4348 = CARTESIAN_POINT('',(1.921035692145,8.68156323852E-02));
#4349 = CARTESIAN_POINT('',(1.891862046996,8.642083588954E-02));
#4350 = CARTESIAN_POINT('',(1.862726522235,8.602365192537E-02));
#4351 = CARTESIAN_POINT('',(1.833735049017,8.562590749486E-02));
#4352 = CARTESIAN_POINT('',(1.804537584645,8.52231635502E-02));
#4353 = CARTESIAN_POINT('',(1.775333366754,8.481853581165E-02));
#4354 = CARTESIAN_POINT('',(1.746100012304,8.441208288983E-02));
#4355 = CARTESIAN_POINT('',(1.716855672988,8.400441488186E-02));
#4356 = CARTESIAN_POINT('',(1.687608029276,8.359599411447E-02));
#4357 = CARTESIAN_POINT('',(1.658367748991,8.318732250944E-02));
#4358 = CARTESIAN_POINT('',(1.629144650348,8.27788913788E-02));
#4359 = CARTESIAN_POINT('',(1.599948578351,8.237119487844E-02));
#4360 = CARTESIAN_POINT('',(1.580508677288,8.210021589188E-02));
#4361 = CARTESIAN_POINT('',(1.570796326795,8.196501333686E-02));
#4362 = ( GEOMETRIC_REPRESENTATION_CONTEXT(2) 
PARAMETRIC_REPRESENTATION_CONTEXT() REPRESENTATION_CONTEXT('2D SPACE',''
  ) );
#4363 = PCURVE('',#67,#4364);
#4364 = DEFINITIONAL_REPRESENTATION('',(#4365),#4391);
#4365 = B_SPLINE_CURVE_WITH_KNOTS('',3,(#4366,#4367,#4368,#4369,#4370,
    #4371,#4372,#4373,#4374,#4375,#4376,#4377,#4378,#4379,#4380,#4381,
    #4382,#4383,#4384,#4385,#4386,#4387,#4388,#4389,#4390),
  .UNSPECIFIED.,.F.,.F.,(4,1,1,1,1,1,1,1,1,1,1,1,1,1,1,1,1,1,1,1,1,1,4),
  (4.663409906927E-05,4.813790567686E-05,4.964171228444E-05,
    5.114551889203E-05,5.264932549961E-05,5.41531321072E-05,
    5.565693871478E-05,5.716074532237E-05,5.866455192996E-05,
    6.016835853754E-05,6.167216514513E-05,6.317597175271E-05,
    6.46797783603E-05,6.618358496788E-05,6.768739157547E-05,
    6.919119818305E-05,7.069500479064E-05,7.219881139822E-05,
    7.370261800581E-05,7.520642461339E-05,7.671023122098E-05,
    7.821403782857E-05,7.971784443615E-05),.QUASI_UNIFORM_KNOTS.);
#4366 = CARTESIAN_POINT('',(4.997873050533,9.999999999993E-03));
#4367 = CARTESIAN_POINT('',(4.99768899443,1.029626129976E-02));
#4368 = CARTESIAN_POINT('',(4.99731762995,1.087592207998E-02));
#4369 = CARTESIAN_POINT('',(4.996751201328,1.170643966035E-02));
#4370 = CARTESIAN_POINT('',(4.996178247423,1.249384564279E-02));
#4371 = CARTESIAN_POINT('',(4.995592938929,1.324712658534E-02));
#4372 = CARTESIAN_POINT('',(4.994997803055,1.396305677578E-02));
#4373 = CARTESIAN_POINT('',(4.994393127625,1.464168291363E-02));
#4374 = CARTESIAN_POINT('',(4.993779801435,1.528217432174E-02));
#4375 = CARTESIAN_POINT('',(4.993158548722,1.588393741794E-02));
#4376 = CARTESIAN_POINT('',(4.992530150905,1.644630761675E-02));
#4377 = CARTESIAN_POINT('',(4.991895325137,1.696866725102E-02));
#4378 = CARTESIAN_POINT('',(4.991254988347,1.745028198352E-02));
#4379 = CARTESIAN_POINT('',(4.990609322489,1.789083723908E-02));
#4380 = CARTESIAN_POINT('',(4.989961249491,1.82884560643E-02));
#4381 = CARTESIAN_POINT('',(4.989303466187,1.864709125666E-02));
#4382 = CARTESIAN_POINT('',(4.98864104696,1.896403623452E-02));
#4383 = CARTESIAN_POINT('',(4.987974078908,1.923949580073E-02));
#4384 = CARTESIAN_POINT('',(4.987303548737,1.947314533146E-02));
#4385 = CARTESIAN_POINT('',(4.986630202102,1.966480206235E-02));
#4386 = CARTESIAN_POINT('',(4.985954849244,1.981424521786E-02));
#4387 = CARTESIAN_POINT('',(4.985278283087,1.992126420775E-02));
#4388 = CARTESIAN_POINT('',(4.984601301185,1.99856457117E-02));
#4389 = CARTESIAN_POINT('',(4.98415023361,2.000000000018E-02));
#4390 = CARTESIAN_POINT('',(4.98392489602,2.E-02));
#4391 = ( GEOMETRIC_REPRESENTATION_CONTEXT(2) 
PARAMETRIC_REPRESENTATION_CONTEXT() REPRESENTATION_CONTEXT('2D SPACE',''
  ) );
#4392 = ORIENTED_EDGE('',*,*,#4393,.T.);
#4393 = EDGE_CURVE('',#4320,#4394,#4396,.T.);
#4394 = VERTEX_POINT('',#4395);
#4395 = CARTESIAN_POINT('',(0.593503615555,0.64,0.63));
#4396 = SURFACE_CURVE('',#4397,(#4401,#4408),.PCURVE_S1.);
#4397 = LINE('',#4398,#4399);
#4398 = CARTESIAN_POINT('',(0.5,0.64,0.63));
#4399 = VECTOR('',#4400,1.);
#4400 = DIRECTION('',(1.,0.,0.));
#4401 = PCURVE('',#3196,#4402);
#4402 = DEFINITIONAL_REPRESENTATION('',(#4403),#4407);
#4403 = LINE('',#4404,#4405);
#4404 = CARTESIAN_POINT('',(2.214297435588,0.));
#4405 = VECTOR('',#4406,1.);
#4406 = DIRECTION('',(0.,1.));
#4407 = ( GEOMETRIC_REPRESENTATION_CONTEXT(2) 
PARAMETRIC_REPRESENTATION_CONTEXT() REPRESENTATION_CONTEXT('2D SPACE',''
  ) );
#4408 = PCURVE('',#4409,#4414);
#4409 = PLANE('',#4410);
#4410 = AXIS2_PLACEMENT_3D('',#4411,#4412,#4413);
#4411 = CARTESIAN_POINT('',(2.73704144294,-5.20417042793E-17,0.63));
#4412 = DIRECTION('',(0.,-1.084202172486E-16,1.));
#4413 = DIRECTION('',(0.,-1.,-1.084202172486E-16));
#4414 = DEFINITIONAL_REPRESENTATION('',(#4415),#4419);
#4415 = LINE('',#4416,#4417);
#4416 = CARTESIAN_POINT('',(-0.64,-2.23704144294));
#4417 = VECTOR('',#4418,1.);
#4418 = DIRECTION('',(0.,1.));
#4419 = ( GEOMETRIC_REPRESENTATION_CONTEXT(2) 
PARAMETRIC_REPRESENTATION_CONTEXT() REPRESENTATION_CONTEXT('2D SPACE',''
  ) );
#4420 = ORIENTED_EDGE('',*,*,#4421,.F.);
#4421 = EDGE_CURVE('',#4422,#4394,#4424,.T.);
#4422 = VERTEX_POINT('',#4423);
#4423 = CARTESIAN_POINT('',(0.592122327784,0.635355339059,0.635355339059
    ));
#4424 = SURFACE_CURVE('',#4425,(#4430,#4459),.PCURVE_S1.);
#4425 = B_SPLINE_CURVE_WITH_KNOTS('',3,(#4426,#4427,#4428,#4429),
  .UNSPECIFIED.,.F.,.F.,(4,4),(4.036768940512E-05,4.759407420575E-05),
  .PIECEWISE_BEZIER_KNOTS.);
#4426 = CARTESIAN_POINT('',(0.592122327784,0.635355339059,0.635355339059
    ));
#4427 = CARTESIAN_POINT('',(0.592615861507,0.637021477439,0.63368920068)
  );
#4428 = CARTESIAN_POINT('',(0.593079103155,0.638578190018,0.631895746642
    ));
#4429 = CARTESIAN_POINT('',(0.593503615555,0.64,0.63));
#4430 = PCURVE('',#3196,#4431);
#4431 = DEFINITIONAL_REPRESENTATION('',(#4432),#4458);
#4432 = B_SPLINE_CURVE_WITH_KNOTS('',3,(#4433,#4434,#4435,#4436,#4437,
    #4438,#4439,#4440,#4441,#4442,#4443,#4444,#4445,#4446,#4447,#4448,
    #4449,#4450,#4451,#4452,#4453,#4454,#4455,#4456,#4457),
  .UNSPECIFIED.,.F.,.F.,(4,1,1,1,1,1,1,1,1,1,1,1,1,1,1,1,1,1,1,1,1,1,4),
  (4.036768940512E-05,4.069616144151E-05,4.10246334779E-05,
    4.13531055143E-05,4.168157755069E-05,4.201004958708E-05,
    4.233852162347E-05,4.266699365986E-05,4.299546569626E-05,
    4.332393773265E-05,4.365240976904E-05,4.398088180543E-05,
    4.430935384183E-05,4.463782587822E-05,4.496629791461E-05,
    4.5294769951E-05,4.562324198739E-05,4.595171402379E-05,
    4.628018606018E-05,4.660865809657E-05,4.693713013296E-05,
    4.726560216936E-05,4.759407420575E-05),.QUASI_UNIFORM_KNOTS.);
#4433 = CARTESIAN_POINT('',(2.356194490192,9.212232778441E-02));
#4434 = CARTESIAN_POINT('',(2.354052421609,9.214476113542E-02));
#4435 = CARTESIAN_POINT('',(2.349767238804,9.218950266359E-02));
#4436 = CARTESIAN_POINT('',(2.343336461663,9.225623468002E-02));
#4437 = CARTESIAN_POINT('',(2.336902815369,9.232258166641E-02));
#4438 = CARTESIAN_POINT('',(2.330466434399,9.238853886853E-02));
#4439 = CARTESIAN_POINT('',(2.324027453556,9.245410153214E-02));
#4440 = CARTESIAN_POINT('',(2.317586007947,9.251926490303E-02));
#4441 = CARTESIAN_POINT('',(2.311142232859,9.258402422694E-02));
#4442 = CARTESIAN_POINT('',(2.304696263667,9.264837474967E-02));
#4443 = CARTESIAN_POINT('',(2.298248235733,9.271231171698E-02));
#4444 = CARTESIAN_POINT('',(2.291798284305,9.277583037463E-02));
#4445 = CARTESIAN_POINT('',(2.285346544419,9.28389259684E-02));
#4446 = CARTESIAN_POINT('',(2.278893150794,9.290159374406E-02));
#4447 = CARTESIAN_POINT('',(2.272438237738,9.296382894737E-02));
#4448 = CARTESIAN_POINT('',(2.265981939043,9.302562682412E-02));
#4449 = CARTESIAN_POINT('',(2.259524387887,9.308698262007E-02));
#4450 = CARTESIAN_POINT('',(2.253065716731,9.314789158098E-02));
#4451 = CARTESIAN_POINT('',(2.246606057225,9.320834895264E-02));
#4452 = CARTESIAN_POINT('',(2.240145540097,9.32683499808E-02));
#4453 = CARTESIAN_POINT('',(2.233684295074,9.332788991124E-02));
#4454 = CARTESIAN_POINT('',(2.22722245073,9.338696398974E-02));
#4455 = CARTESIAN_POINT('',(2.220760134565,9.344556746205E-02));
#4456 = CARTESIAN_POINT('',(2.21645169302,9.348431953666E-02));
#4457 = CARTESIAN_POINT('',(2.214297435588,9.350361555485E-02));
#4458 = ( GEOMETRIC_REPRESENTATION_CONTEXT(2) 
PARAMETRIC_REPRESENTATION_CONTEXT() REPRESENTATION_CONTEXT('2D SPACE',''
  ) );
#4459 = PCURVE('',#4460,#4465);
#4460 = CYLINDRICAL_SURFACE('',#4461,2.23704144294);
#4461 = AXIS2_PLACEMENT_3D('',#4462,#4463,#4464);
#4462 = CARTESIAN_POINT('',(2.73704144294,-5.20417042793E-17,0.63));
#4463 = DIRECTION('',(-0.,-1.084202172486E-16,1.));
#4464 = DIRECTION('',(0.,-1.,-1.084202172486E-16));
#4465 = DEFINITIONAL_REPRESENTATION('',(#4466),#4492);
#4466 = B_SPLINE_CURVE_WITH_KNOTS('',3,(#4467,#4468,#4469,#4470,#4471,
    #4472,#4473,#4474,#4475,#4476,#4477,#4478,#4479,#4480,#4481,#4482,
    #4483,#4484,#4485,#4486,#4487,#4488,#4489,#4490,#4491),
  .UNSPECIFIED.,.F.,.F.,(4,1,1,1,1,1,1,1,1,1,1,1,1,1,1,1,1,1,1,1,1,1,4),
  (4.036768940512E-05,4.069616144151E-05,4.10246334779E-05,
    4.13531055143E-05,4.168157755069E-05,4.201004958708E-05,
    4.233852162347E-05,4.266699365986E-05,4.299546569626E-05,
    4.332393773265E-05,4.365240976904E-05,4.398088180543E-05,
    4.430935384183E-05,4.463782587822E-05,4.496629791461E-05,
    4.5294769951E-05,4.562324198739E-05,4.595171402379E-05,
    4.628018606018E-05,4.660865809657E-05,4.693713013296E-05,
    4.726560216936E-05,4.759407420575E-05),.QUASI_UNIFORM_KNOTS.);
#4467 = CARTESIAN_POINT('',(4.424409074518,5.355339059307E-03));
#4468 = CARTESIAN_POINT('',(4.424373766164,5.27960549661E-03));
#4469 = CARTESIAN_POINT('',(4.424303359155,5.127612273455E-03));
#4470 = CARTESIAN_POINT('',(4.424198384491,4.898058245578E-03));
#4471 = CARTESIAN_POINT('',(4.424094052432,4.6669541247E-03));
#4472 = CARTESIAN_POINT('',(4.423990369735,4.434314010964E-03));
#4473 = CARTESIAN_POINT('',(4.423887343154,4.200152004515E-03));
#4474 = CARTESIAN_POINT('',(4.423784979445,3.964482205495E-03));
#4475 = CARTESIAN_POINT('',(4.423683285365,3.727318714047E-03));
#4476 = CARTESIAN_POINT('',(4.423582267668,3.488675630314E-03));
#4477 = CARTESIAN_POINT('',(4.42348193311,3.248567054439E-03));
#4478 = CARTESIAN_POINT('',(4.423382288448,3.007007086567E-03));
#4479 = CARTESIAN_POINT('',(4.423283340437,2.764009826839E-03));
#4480 = CARTESIAN_POINT('',(4.423185095834,2.5195893754E-03));
#4481 = CARTESIAN_POINT('',(4.423087561393,2.273759832392E-03));
#4482 = CARTESIAN_POINT('',(4.422990743872,2.026535297958E-03));
#4483 = CARTESIAN_POINT('',(4.422894650025,1.777929872242E-03));
#4484 = CARTESIAN_POINT('',(4.42279928661,1.527957655387E-03));
#4485 = CARTESIAN_POINT('',(4.422704660383,1.276632747536E-03));
#4486 = CARTESIAN_POINT('',(4.422610778099,1.023969248833E-03));
#4487 = CARTESIAN_POINT('',(4.422517646514,7.699812594201E-04));
#4488 = CARTESIAN_POINT('',(4.422425272386,5.146828794409E-04));
#4489 = CARTESIAN_POINT('',(4.42233366247,2.580882090382E-04));
#4490 = CARTESIAN_POINT('',(4.422273103171,8.617030191674E-05));
#4491 = CARTESIAN_POINT('',(4.422242953143,0.));
#4492 = ( GEOMETRIC_REPRESENTATION_CONTEXT(2) 
PARAMETRIC_REPRESENTATION_CONTEXT() REPRESENTATION_CONTEXT('2D SPACE',''
  ) );
#4493 = ORIENTED_EDGE('',*,*,#4494,.F.);
#4494 = EDGE_CURVE('',#4495,#4422,#4497,.T.);
#4495 = VERTEX_POINT('',#4496);
#4496 = CARTESIAN_POINT('',(0.593503615555,0.63,0.64));
#4497 = SURFACE_CURVE('',#4498,(#4506,#4535),.PCURVE_S1.);
#4498 = B_SPLINE_CURVE_WITH_KNOTS('',3,(#4499,#4500,#4501,#4502,#4503,
    #4504,#4505),.UNSPECIFIED.,.F.,.F.,(4,3,4),(3.220127505034E-05,
    3.250815658801E-05,3.938387802707E-05),.UNSPECIFIED.);
#4499 = CARTESIAN_POINT('',(0.593503615555,0.63,0.64));
#4500 = CARTESIAN_POINT('',(0.593485330705,0.630081654724,0.639938758957
    ));
#4501 = CARTESIAN_POINT('',(0.593466976206,0.630163112343,0.639877275065
    ));
#4502 = CARTESIAN_POINT('',(0.593448552701,0.630244370681,0.639815550255
    ));
#4503 = CARTESIAN_POINT('',(0.593039199854,0.632049854092,0.638444083348
    ));
#4504 = CARTESIAN_POINT('',(0.592594655493,0.63376079083,0.636949887289)
  );
#4505 = CARTESIAN_POINT('',(0.592122327784,0.635355339059,0.635355339059
    ));
#4506 = PCURVE('',#3196,#4507);
#4507 = DEFINITIONAL_REPRESENTATION('',(#4508),#4534);
#4508 = B_SPLINE_CURVE_WITH_KNOTS('',3,(#4509,#4510,#4511,#4512,#4513,
    #4514,#4515,#4516,#4517,#4518,#4519,#4520,#4521,#4522,#4523,#4524,
    #4525,#4526,#4527,#4528,#4529,#4530,#4531,#4532,#4533),
  .UNSPECIFIED.,.F.,.F.,(4,1,1,1,1,1,1,1,1,1,1,1,1,1,1,1,1,1,1,1,1,1,4),
  (3.220127505034E-05,3.252775700383E-05,3.285423895732E-05,
    3.318072091081E-05,3.350720286429E-05,3.383368481778E-05,
    3.416016677127E-05,3.448664872476E-05,3.481313067825E-05,
    3.513961263173E-05,3.546609458522E-05,3.579257653871E-05,
    3.61190584922E-05,3.644554044568E-05,3.677202239917E-05,
    3.709850435266E-05,3.742498630615E-05,3.775146825963E-05,
    3.807795021312E-05,3.840443216661E-05,3.87309141201E-05,
    3.905739607359E-05,3.938387802707E-05),.QUASI_UNIFORM_KNOTS.);
#4509 = CARTESIAN_POINT('',(2.498091544796,9.350361555485E-02));
#4510 = CARTESIAN_POINT('',(2.495906815944,9.348404545247E-02));
#4511 = CARTESIAN_POINT('',(2.491571034752,9.34450469055E-02));
#4512 = CARTESIAN_POINT('',(2.485123423093,9.338657397104E-02));
#4513 = CARTESIAN_POINT('',(2.478661285045,9.332749585646E-02));
#4514 = CARTESIAN_POINT('',(2.472203693987,9.326798742121E-02));
#4515 = CARTESIAN_POINT('',(2.465745700618,9.320800784558E-02));
#4516 = CARTESIAN_POINT('',(2.459288793993,9.314757410091E-02));
#4517 = CARTESIAN_POINT('',(2.45283273938,9.308668767348E-02));
#4518 = CARTESIAN_POINT('',(2.446377765179,9.302535419879E-02));
#4519 = CARTESIAN_POINT('',(2.439923976811,9.296357820054E-02));
#4520 = CARTESIAN_POINT('',(2.433471513639,9.290136450035E-02));
#4521 = CARTESIAN_POINT('',(2.427020506797,9.283871784001E-02));
#4522 = CARTESIAN_POINT('',(2.420571090359,9.27756429827E-02));
#4523 = CARTESIAN_POINT('',(2.414123398226,9.271214468586E-02));
#4524 = CARTESIAN_POINT('',(2.407677564825,9.264822770849E-02));
#4525 = CARTESIAN_POINT('',(2.401233724802,9.258389680914E-02));
#4526 = CARTESIAN_POINT('',(2.394792012974,9.251915674651E-02));
#4527 = CARTESIAN_POINT('',(2.388352564216,9.245401227925E-02));
#4528 = CARTESIAN_POINT('',(2.381915513365,9.238846816601E-02));
#4529 = CARTESIAN_POINT('',(2.375480995121,9.232252916546E-02));
#4530 = CARTESIAN_POINT('',(2.369049143937,9.225620003626E-02));
#4531 = CARTESIAN_POINT('',(2.362620093976,9.218948553706E-02));
#4532 = CARTESIAN_POINT('',(2.358336017178,9.214475546336E-02));
#4533 = CARTESIAN_POINT('',(2.356194490192,9.212232778441E-02));
#4534 = ( GEOMETRIC_REPRESENTATION_CONTEXT(2) 
PARAMETRIC_REPRESENTATION_CONTEXT() REPRESENTATION_CONTEXT('2D SPACE',''
  ) );
#4535 = PCURVE('',#4536,#4541);
#4536 = CYLINDRICAL_SURFACE('',#4537,2.23704144294);
#4537 = AXIS2_PLACEMENT_3D('',#4538,#4539,#4540);
#4538 = CARTESIAN_POINT('',(2.73704144294,0.63,-6.546858026134E-15));
#4539 = DIRECTION('',(-0.,1.,-1.036602379928E-14));
#4540 = DIRECTION('',(0.,1.036602379928E-14,1.));
#4541 = DEFINITIONAL_REPRESENTATION('',(#4542),#4568);
#4542 = B_SPLINE_CURVE_WITH_KNOTS('',3,(#4543,#4544,#4545,#4546,#4547,
    #4548,#4549,#4550,#4551,#4552,#4553,#4554,#4555,#4556,#4557,#4558,
    #4559,#4560,#4561,#4562,#4563,#4564,#4565,#4566,#4567),
  .UNSPECIFIED.,.F.,.F.,(4,1,1,1,1,1,1,1,1,1,1,1,1,1,1,1,1,1,1,1,1,1,4),
  (3.220127505034E-05,3.252775700383E-05,3.285423895732E-05,
    3.318072091081E-05,3.350720286429E-05,3.383368481778E-05,
    3.416016677127E-05,3.448664872476E-05,3.481313067825E-05,
    3.513961263173E-05,3.546609458522E-05,3.579257653871E-05,
    3.61190584922E-05,3.644554044568E-05,3.677202239917E-05,
    3.709850435266E-05,3.742498630615E-05,3.775146825963E-05,
    3.807795021312E-05,3.840443216661E-05,3.87309141201E-05,
    3.905739607359E-05,3.938387802707E-05),.QUASI_UNIFORM_KNOTS.);
#4543 = CARTESIAN_POINT('',(5.002535007627,0.));
#4544 = CARTESIAN_POINT('',(5.002504429276,8.738615104788E-05));
#4545 = CARTESIAN_POINT('',(5.002443484776,2.603934869277E-04));
#4546 = CARTESIAN_POINT('',(5.002352078762,5.163969086356E-04));
#4547 = CARTESIAN_POINT('',(5.002259698244,7.717033461818E-04));
#4548 = CARTESIAN_POINT('',(5.002166615794,1.025541912566E-03));
#4549 = CARTESIAN_POINT('',(5.002072766954,1.27810137679E-03));
#4550 = CARTESIAN_POINT('',(5.001978177572,1.529313368803E-03));
#4551 = CARTESIAN_POINT('',(5.001882849299,1.779178418756E-03));
#4552 = CARTESIAN_POINT('',(5.00178679027,2.027678595049E-03));
#4553 = CARTESIAN_POINT('',(5.001690006882,2.27480091289E-03));
#4554 = CARTESIAN_POINT('',(5.001592505997,2.520531061996E-03));
#4555 = CARTESIAN_POINT('',(5.001494294355,2.764855087247E-03));
#4556 = CARTESIAN_POINT('',(5.001395378726,3.007758938358E-03));
#4557 = CARTESIAN_POINT('',(5.001295765872,3.249228590543E-03));
#4558 = CARTESIAN_POINT('',(5.001195462558,3.489250012184E-03));
#4559 = CARTESIAN_POINT('',(5.001094475549,3.727809173494E-03));
#4560 = CARTESIAN_POINT('',(5.000992811608,3.964892044194E-03));
#4561 = CARTESIAN_POINT('',(5.000890477499,4.200484594137E-03));
#4562 = CARTESIAN_POINT('',(5.000787479987,4.434572793142E-03));
#4563 = CARTESIAN_POINT('',(5.000683825835,4.667142611037E-03));
#4564 = CARTESIAN_POINT('',(5.000579521808,4.898180017646E-03));
#4565 = CARTESIAN_POINT('',(5.000474574669,5.127670982795E-03));
#4566 = CARTESIAN_POINT('',(5.000404185678,5.279624645138E-03));
#4567 = CARTESIAN_POINT('',(5.000368886252,5.355339059342E-03));
#4568 = ( GEOMETRIC_REPRESENTATION_CONTEXT(2) 
PARAMETRIC_REPRESENTATION_CONTEXT() REPRESENTATION_CONTEXT('2D SPACE',''
  ) );
#4569 = ORIENTED_EDGE('',*,*,#4570,.T.);
#4570 = EDGE_CURVE('',#4495,#4198,#4571,.T.);
#4571 = SURFACE_CURVE('',#4572,(#4576,#4583),.PCURVE_S1.);
#4572 = LINE('',#4573,#4574);
#4573 = CARTESIAN_POINT('',(0.5,0.63,0.64));
#4574 = VECTOR('',#4575,1.);
#4575 = DIRECTION('',(-1.,-0.,-0.));
#4576 = PCURVE('',#3196,#4577);
#4577 = DEFINITIONAL_REPRESENTATION('',(#4578),#4582);
#4578 = LINE('',#4579,#4580);
#4579 = CARTESIAN_POINT('',(2.498091544796,0.));
#4580 = VECTOR('',#4581,1.);
#4581 = DIRECTION('',(0.,-1.));
#4582 = ( GEOMETRIC_REPRESENTATION_CONTEXT(2) 
PARAMETRIC_REPRESENTATION_CONTEXT() REPRESENTATION_CONTEXT('2D SPACE',''
  ) );
#4583 = PCURVE('',#4584,#4589);
#4584 = PLANE('',#4585);
#4585 = AXIS2_PLACEMENT_3D('',#4586,#4587,#4588);
#4586 = CARTESIAN_POINT('',(2.73704144294,0.63,-6.546858026134E-15));
#4587 = DIRECTION('',(0.,1.,-1.036602379928E-14));
#4588 = DIRECTION('',(0.,1.036602379928E-14,1.));
#4589 = DEFINITIONAL_REPRESENTATION('',(#4590),#4594);
#4590 = LINE('',#4591,#4592);
#4591 = CARTESIAN_POINT('',(0.64,-2.23704144294));
#4592 = VECTOR('',#4593,1.);
#4593 = DIRECTION('',(0.,-1.));
#4594 = ( GEOMETRIC_REPRESENTATION_CONTEXT(2) 
PARAMETRIC_REPRESENTATION_CONTEXT() REPRESENTATION_CONTEXT('2D SPACE',''
  ) );
#4595 = ADVANCED_FACE('',(#4596),#3285,.T.);
#4596 = FACE_BOUND('',#4597,.T.);
#4597 = EDGE_LOOP('',(#4598,#4625,#4626,#4648));
#4598 = ORIENTED_EDGE('',*,*,#4599,.F.);
#4599 = EDGE_CURVE('',#3270,#4066,#4600,.T.);
#4600 = SURFACE_CURVE('',#4601,(#4606,#4613),.PCURVE_S1.);
#4601 = CIRCLE('',#4602,5.E-02);
#4602 = AXIS2_PLACEMENT_3D('',#4603,#4604,#4605);
#4603 = CARTESIAN_POINT('',(0.95,0.6,-0.6));
#4604 = DIRECTION('',(-2.168404344971E-15,0.,-1.));
#4605 = DIRECTION('',(-1.,0.,2.168404344971E-15));
#4606 = PCURVE('',#3285,#4607);
#4607 = DEFINITIONAL_REPRESENTATION('',(#4608),#4612);
#4608 = LINE('',#4609,#4610);
#4609 = CARTESIAN_POINT('',(3.14159265359,-0.6));
#4610 = VECTOR('',#4611,1.);
#4611 = DIRECTION('',(-1.,-7.067899292141E-17));
#4612 = ( GEOMETRIC_REPRESENTATION_CONTEXT(2) 
PARAMETRIC_REPRESENTATION_CONTEXT() REPRESENTATION_CONTEXT('2D SPACE',''
  ) );
#4613 = PCURVE('',#4614,#4619);
#4614 = SPHERICAL_SURFACE('',#4615,5.E-02);
#4615 = AXIS2_PLACEMENT_3D('',#4616,#4617,#4618);
#4616 = CARTESIAN_POINT('',(0.95,0.6,-0.6));
#4617 = DIRECTION('',(0.,1.,0.));
#4618 = DIRECTION('',(1.,0.,0.));
#4619 = DEFINITIONAL_REPRESENTATION('',(#4620),#4624);
#4620 = LINE('',#4621,#4622);
#4621 = CARTESIAN_POINT('',(0.,3.14159265359));
#4622 = VECTOR('',#4623,1.);
#4623 = DIRECTION('',(0.,-1.));
#4624 = ( GEOMETRIC_REPRESENTATION_CONTEXT(2) 
PARAMETRIC_REPRESENTATION_CONTEXT() REPRESENTATION_CONTEXT('2D SPACE',''
  ) );
#4625 = ORIENTED_EDGE('',*,*,#3269,.F.);
#4626 = ORIENTED_EDGE('',*,*,#4627,.F.);
#4627 = EDGE_CURVE('',#4013,#3247,#4628,.T.);
#4628 = SURFACE_CURVE('',#4629,(#4634,#4641),.PCURVE_S1.);
#4629 = CIRCLE('',#4630,5.E-02);
#4630 = AXIS2_PLACEMENT_3D('',#4631,#4632,#4633);
#4631 = CARTESIAN_POINT('',(0.95,0.6,0.6));
#4632 = DIRECTION('',(0.,0.,1.));
#4633 = DIRECTION('',(1.,0.,-0.));
#4634 = PCURVE('',#3285,#4635);
#4635 = DEFINITIONAL_REPRESENTATION('',(#4636),#4640);
#4636 = LINE('',#4637,#4638);
#4637 = CARTESIAN_POINT('',(0.,0.6));
#4638 = VECTOR('',#4639,1.);
#4639 = DIRECTION('',(1.,0.));
#4640 = ( GEOMETRIC_REPRESENTATION_CONTEXT(2) 
PARAMETRIC_REPRESENTATION_CONTEXT() REPRESENTATION_CONTEXT('2D SPACE',''
  ) );
#4641 = PCURVE('',#4284,#4642);
#4642 = DEFINITIONAL_REPRESENTATION('',(#4643),#4647);
#4643 = LINE('',#4644,#4645);
#4644 = CARTESIAN_POINT('',(6.28318530718,0.));
#4645 = VECTOR('',#4646,1.);
#4646 = DIRECTION('',(0.,1.));
#4647 = ( GEOMETRIC_REPRESENTATION_CONTEXT(2) 
PARAMETRIC_REPRESENTATION_CONTEXT() REPRESENTATION_CONTEXT('2D SPACE',''
  ) );
#4648 = ORIENTED_EDGE('',*,*,#4088,.F.);
#4649 = ADVANCED_FACE('',(#4650),#3311,.T.);
#4650 = FACE_BOUND('',#4651,.T.);
#4651 = EDGE_LOOP('',(#4652,#4721,#4722,#4766,#4767,#4768,#4791,#4864,
    #4930));
#4652 = ORIENTED_EDGE('',*,*,#4653,.F.);
#4653 = EDGE_CURVE('',#3214,#4113,#4654,.T.);
#4654 = SURFACE_CURVE('',#4655,(#4663,#4692),.PCURVE_S1.);
#4655 = B_SPLINE_CURVE_WITH_KNOTS('',3,(#4656,#4657,#4658,#4659,#4660,
    #4661,#4662),.UNSPECIFIED.,.F.,.F.,(4,3,4),(2.389045853799E-04,
    2.557808603354E-04,2.720926564886E-04),.UNSPECIFIED.);
#4656 = CARTESIAN_POINT('',(0.581965013337,0.65,-0.6));
#4657 = CARTESIAN_POINT('',(0.583473221011,0.65,-0.605417171349));
#4658 = CARTESIAN_POINT('',(0.585021118574,0.649099613538,
    -0.610894043586));
#4659 = CARTESIAN_POINT('',(0.586493599667,0.647359241718,
    -0.616034407501));
#4660 = CARTESIAN_POINT('',(0.587916109671,0.645677932303,
    -0.621000324637));
#4661 = CARTESIAN_POINT('',(0.589301511514,0.643173127174,
    -0.625769163768));
#4662 = CARTESIAN_POINT('',(0.590543267439,0.64,-0.63));
#4663 = PCURVE('',#3311,#4664);
#4664 = DEFINITIONAL_REPRESENTATION('',(#4665),#4691);
#4665 = B_SPLINE_CURVE_WITH_KNOTS('',3,(#4666,#4667,#4668,#4669,#4670,
    #4671,#4672,#4673,#4674,#4675,#4676,#4677,#4678,#4679,#4680,#4681,
    #4682,#4683,#4684,#4685,#4686,#4687,#4688,#4689,#4690),
  .UNSPECIFIED.,.F.,.F.,(4,1,1,1,1,1,1,1,1,1,1,1,1,1,1,1,1,1,1,1,1,1,4),
  (2.389045853799E-04,2.404131340667E-04,2.419216827534E-04,
    2.434302314402E-04,2.449387801269E-04,2.464473288137E-04,
    2.479558775005E-04,2.494644261872E-04,2.50972974874E-04,
    2.524815235607E-04,2.539900722475E-04,2.554986209343E-04,
    2.57007169621E-04,2.585157183078E-04,2.600242669945E-04,
    2.615328156813E-04,2.630413643681E-04,2.645499130548E-04,
    2.660584617416E-04,2.675670104283E-04,2.690755591151E-04,
    2.705841078019E-04,2.720926564886E-04),.QUASI_UNIFORM_KNOTS.);
#4666 = CARTESIAN_POINT('',(1.570796326795,8.196501333685E-02));
#4667 = CARTESIAN_POINT('',(1.561111704404,8.209983009661E-02));
#4668 = CARTESIAN_POINT('',(1.541723152757,8.237009788782E-02));
#4669 = CARTESIAN_POINT('',(1.512591360061,8.277690910405E-02));
#4670 = CARTESIAN_POINT('',(1.483419319597,8.318463656274E-02));
#4671 = CARTESIAN_POINT('',(1.45421658151,8.359278698142E-02));
#4672 = CARTESIAN_POINT('',(1.424993037961,8.4000867061E-02));
#4673 = CARTESIAN_POINT('',(1.395758839406,8.44083835643E-02));
#4674 = CARTESIAN_POINT('',(1.366524225128,8.481484302322E-02));
#4675 = CARTESIAN_POINT('',(1.33729927768,8.521975283135E-02));
#4676 = CARTESIAN_POINT('',(1.308094063006,8.562261716652E-02));
#4677 = CARTESIAN_POINT('',(1.278917307263,8.602295220787E-02));
#4678 = CARTESIAN_POINT('',(1.249780552164,8.642022934502E-02));
#4679 = CARTESIAN_POINT('',(1.220681877708,8.681408712438E-02));
#4680 = CARTESIAN_POINT('',(1.191487362709,8.720595266906E-02));
#4681 = CARTESIAN_POINT('',(1.162237416541,8.759491069113E-02));
#4682 = CARTESIAN_POINT('',(1.132934425527,8.798056533606E-02));
#4683 = CARTESIAN_POINT('',(1.103591440075,8.836238156756E-02));
#4684 = CARTESIAN_POINT('',(1.074218907796,8.873986164298E-02));
#4685 = CARTESIAN_POINT('',(1.044828001603,8.911249782688E-02));
#4686 = CARTESIAN_POINT('',(1.015429508972,8.947978506137E-02));
#4687 = CARTESIAN_POINT('',(0.986033877155,8.984121757109E-02));
#4688 = CARTESIAN_POINT('',(0.956651077617,9.019628977302E-02));
#4689 = CARTESIAN_POINT('',(0.937077059348,9.042842727922E-02));
#4690 = CARTESIAN_POINT('',(0.927295218002,9.054326743855E-02));
#4691 = ( GEOMETRIC_REPRESENTATION_CONTEXT(2) 
PARAMETRIC_REPRESENTATION_CONTEXT() REPRESENTATION_CONTEXT('2D SPACE',''
  ) );
#4692 = PCURVE('',#67,#4693);
#4693 = DEFINITIONAL_REPRESENTATION('',(#4694),#4720);
#4694 = B_SPLINE_CURVE_WITH_KNOTS('',3,(#4695,#4696,#4697,#4698,#4699,
    #4700,#4701,#4702,#4703,#4704,#4705,#4706,#4707,#4708,#4709,#4710,
    #4711,#4712,#4713,#4714,#4715,#4716,#4717,#4718,#4719),
  .UNSPECIFIED.,.F.,.F.,(4,1,1,1,1,1,1,1,1,1,1,1,1,1,1,1,1,1,1,1,1,1,4),
  (2.389045853799E-04,2.404131340667E-04,2.419216827534E-04,
    2.434302314402E-04,2.449387801269E-04,2.464473288137E-04,
    2.479558775005E-04,2.494644261872E-04,2.50972974874E-04,
    2.524815235607E-04,2.539900722475E-04,2.554986209343E-04,
    2.57007169621E-04,2.585157183078E-04,2.600242669945E-04,
    2.615328156813E-04,2.630413643681E-04,2.645499130548E-04,
    2.660584617416E-04,2.675670104283E-04,2.690755591151E-04,
    2.705841078019E-04,2.720926564886E-04),.QUASI_UNIFORM_KNOTS.);
#4695 = CARTESIAN_POINT('',(4.44085306475,2.E-02));
#4696 = CARTESIAN_POINT('',(4.440628370152,2.E-02));
#4697 = CARTESIAN_POINT('',(4.440178494046,1.998561120491E-02));
#4698 = CARTESIAN_POINT('',(4.439503009188,1.992112047429E-02));
#4699 = CARTESIAN_POINT('',(4.438827643662,1.981398105473E-02));
#4700 = CARTESIAN_POINT('',(4.438153187518,1.966445178904E-02));
#4701 = CARTESIAN_POINT('',(4.437480430849,1.947279154328E-02));
#4702 = CARTESIAN_POINT('',(4.436810163662,1.923925909663E-02));
#4703 = CARTESIAN_POINT('',(4.436143176349,1.896411355268E-02));
#4704 = CARTESIAN_POINT('',(4.435480257903,1.864761280421E-02));
#4705 = CARTESIAN_POINT('',(4.434822202563,1.829001926275E-02));
#4706 = CARTESIAN_POINT('',(4.434169785004,1.789157847574E-02));
#4707 = CARTESIAN_POINT('',(4.433523852903,1.745259892817E-02));
#4708 = CARTESIAN_POINT('',(4.432884981469,1.6973154219E-02));
#4709 = CARTESIAN_POINT('',(4.432250779822,1.645165832335E-02));
#4710 = CARTESIAN_POINT('',(4.431622672703,1.588934222163E-02));
#4711 = CARTESIAN_POINT('',(4.431001238613,1.528680985192E-02));
#4712 = CARTESIAN_POINT('',(4.430387282839,1.464483316777E-02));
#4713 = CARTESIAN_POINT('',(4.429781549928,1.396413910313E-02));
#4714 = CARTESIAN_POINT('',(4.429184800731,1.324546665492E-02));
#4715 = CARTESIAN_POINT('',(4.428597791749,1.248955158778E-02));
#4716 = CARTESIAN_POINT('',(4.428021280671,1.169713053247E-02));
#4717 = CARTESIAN_POINT('',(4.427456024883,1.086893988757E-02));
#4718 = CARTESIAN_POINT('',(4.427087196205,1.0293457372E-02));
#4719 = CARTESIAN_POINT('',(4.426904910237,1.000000000001E-02));
#4720 = ( GEOMETRIC_REPRESENTATION_CONTEXT(2) 
PARAMETRIC_REPRESENTATION_CONTEXT() REPRESENTATION_CONTEXT('2D SPACE',''
  ) );
#4721 = ORIENTED_EDGE('',*,*,#3297,.F.);
#4722 = ORIENTED_EDGE('',*,*,#4723,.F.);
#4723 = EDGE_CURVE('',#3938,#3270,#4724,.T.);
#4724 = SURFACE_CURVE('',#4725,(#4730,#4737),.PCURVE_S1.);
#4725 = CIRCLE('',#4726,5.E-02);
#4726 = AXIS2_PLACEMENT_3D('',#4727,#4728,#4729);
#4727 = CARTESIAN_POINT('',(0.95,0.6,-0.6));
#4728 = DIRECTION('',(1.,-0.,0.));
#4729 = DIRECTION('',(0.,0.,-1.));
#4730 = PCURVE('',#3311,#4731);
#4731 = DEFINITIONAL_REPRESENTATION('',(#4732),#4736);
#4732 = LINE('',#4733,#4734);
#4733 = CARTESIAN_POINT('',(0.,0.45));
#4734 = VECTOR('',#4735,1.);
#4735 = DIRECTION('',(1.,0.));
#4736 = ( GEOMETRIC_REPRESENTATION_CONTEXT(2) 
PARAMETRIC_REPRESENTATION_CONTEXT() REPRESENTATION_CONTEXT('2D SPACE',''
  ) );
#4737 = PCURVE('',#4614,#4738);
#4738 = DEFINITIONAL_REPRESENTATION('',(#4739),#4765);
#4739 = B_SPLINE_CURVE_WITH_KNOTS('',3,(#4740,#4741,#4742,#4743,#4744,
    #4745,#4746,#4747,#4748,#4749,#4750,#4751,#4752,#4753,#4754,#4755,
    #4756,#4757,#4758,#4759,#4760,#4761,#4762,#4763,#4764),
  .UNSPECIFIED.,.F.,.F.,(4,1,1,1,1,1,1,1,1,1,1,1,1,1,1,1,1,1,1,1,1,1,4),
  (0.,7.139983303613E-02,0.142799666072,0.214199499108,0.285599332145,
    0.356999165181,0.428398998217,0.499798831253,0.571198664289,
    0.642598497325,0.713998330361,0.785398163397,0.856797996434,
    0.92819782947,0.999597662506,1.070997495542,1.142397328578,
    1.213797161614,1.28519699465,1.356596827687,1.427996660723,
    1.499396493759,1.570796326795),.QUASI_UNIFORM_KNOTS.);
#4740 = CARTESIAN_POINT('',(1.570796326795,0.));
#4741 = CARTESIAN_POINT('',(1.570796326795,2.379994434538E-02));
#4742 = CARTESIAN_POINT('',(1.570796326795,7.139983303613E-02));
#4743 = CARTESIAN_POINT('',(1.570796326795,0.142799666072));
#4744 = CARTESIAN_POINT('',(1.570796326795,0.214199499108));
#4745 = CARTESIAN_POINT('',(1.570796326795,0.285599332145));
#4746 = CARTESIAN_POINT('',(1.570796326795,0.356999165181));
#4747 = CARTESIAN_POINT('',(1.570796326795,0.428398998217));
#4748 = CARTESIAN_POINT('',(1.570796326795,0.499798831253));
#4749 = CARTESIAN_POINT('',(1.570796326795,0.571198664289));
#4750 = CARTESIAN_POINT('',(1.570796326795,0.642598497325));
#4751 = CARTESIAN_POINT('',(1.570796326795,0.713998330361));
#4752 = CARTESIAN_POINT('',(1.570796326795,0.785398163397));
#4753 = CARTESIAN_POINT('',(1.570796326795,0.856797996434));
#4754 = CARTESIAN_POINT('',(1.570796326795,0.92819782947));
#4755 = CARTESIAN_POINT('',(1.570796326795,0.999597662506));
#4756 = CARTESIAN_POINT('',(1.570796326795,1.070997495542));
#4757 = CARTESIAN_POINT('',(1.570796326795,1.142397328578));
#4758 = CARTESIAN_POINT('',(1.570796326795,1.213797161614));
#4759 = CARTESIAN_POINT('',(1.570796326795,1.28519699465));
#4760 = CARTESIAN_POINT('',(1.570796326795,1.356596827687));
#4761 = CARTESIAN_POINT('',(1.570796326795,1.427996660723));
#4762 = CARTESIAN_POINT('',(1.570796326795,1.499396493759));
#4763 = CARTESIAN_POINT('',(1.570796326795,1.54699638245));
#4764 = CARTESIAN_POINT('',(1.570796326795,1.570796326795));
#4765 = ( GEOMETRIC_REPRESENTATION_CONTEXT(2) 
PARAMETRIC_REPRESENTATION_CONTEXT() REPRESENTATION_CONTEXT('2D SPACE',''
  ) );
#4766 = ORIENTED_EDGE('',*,*,#3937,.F.);
#4767 = ORIENTED_EDGE('',*,*,#3660,.F.);
#4768 = ORIENTED_EDGE('',*,*,#4769,.T.);
#4769 = EDGE_CURVE('',#3633,#4770,#4772,.T.);
#4770 = VERTEX_POINT('',#4771);
#4771 = CARTESIAN_POINT('',(0.593503615555,0.63,-0.64));
#4772 = SURFACE_CURVE('',#4773,(#4777,#4784),.PCURVE_S1.);
#4773 = LINE('',#4774,#4775);
#4774 = CARTESIAN_POINT('',(0.5,0.63,-0.64));
#4775 = VECTOR('',#4776,1.);
#4776 = DIRECTION('',(1.,0.,0.));
#4777 = PCURVE('',#3311,#4778);
#4778 = DEFINITIONAL_REPRESENTATION('',(#4779),#4783);
#4779 = LINE('',#4780,#4781);
#4780 = CARTESIAN_POINT('',(0.643501108793,0.));
#4781 = VECTOR('',#4782,1.);
#4782 = DIRECTION('',(0.,1.));
#4783 = ( GEOMETRIC_REPRESENTATION_CONTEXT(2) 
PARAMETRIC_REPRESENTATION_CONTEXT() REPRESENTATION_CONTEXT('2D SPACE',''
  ) );
#4784 = PCURVE('',#3648,#4785);
#4785 = DEFINITIONAL_REPRESENTATION('',(#4786),#4790);
#4786 = LINE('',#4787,#4788);
#4787 = CARTESIAN_POINT('',(-0.64,-2.23704144294));
#4788 = VECTOR('',#4789,1.);
#4789 = DIRECTION('',(0.,1.));
#4790 = ( GEOMETRIC_REPRESENTATION_CONTEXT(2) 
PARAMETRIC_REPRESENTATION_CONTEXT() REPRESENTATION_CONTEXT('2D SPACE',''
  ) );
#4791 = ORIENTED_EDGE('',*,*,#4792,.F.);
#4792 = EDGE_CURVE('',#4793,#4770,#4795,.T.);
#4793 = VERTEX_POINT('',#4794);
#4794 = CARTESIAN_POINT('',(0.592122327784,0.635355339059,
    -0.635355339059));
#4795 = SURFACE_CURVE('',#4796,(#4801,#4830),.PCURVE_S1.);
#4796 = B_SPLINE_CURVE_WITH_KNOTS('',3,(#4797,#4798,#4799,#4800),
  .UNSPECIFIED.,.F.,.F.,(4,4),(2.793055812978E-04,2.86537312081E-04),
  .PIECEWISE_BEZIER_KNOTS.);
#4797 = CARTESIAN_POINT('',(0.592122327784,0.635355339059,
    -0.635355339059));
#4798 = CARTESIAN_POINT('',(0.592615861507,0.63368920068,-0.637021477439
    ));
#4799 = CARTESIAN_POINT('',(0.593079103155,0.631895746642,
    -0.638578190018));
#4800 = CARTESIAN_POINT('',(0.593503615555,0.63,-0.64));
#4801 = PCURVE('',#3311,#4802);
#4802 = DEFINITIONAL_REPRESENTATION('',(#4803),#4829);
#4803 = B_SPLINE_CURVE_WITH_KNOTS('',3,(#4804,#4805,#4806,#4807,#4808,
    #4809,#4810,#4811,#4812,#4813,#4814,#4815,#4816,#4817,#4818,#4819,
    #4820,#4821,#4822,#4823,#4824,#4825,#4826,#4827,#4828),
  .UNSPECIFIED.,.F.,.F.,(4,1,1,1,1,1,1,1,1,1,1,1,1,1,1,1,1,1,1,1,1,1,4),
  (2.793055812978E-04,2.796342963334E-04,2.79963011369E-04,
    2.802917264046E-04,2.806204414402E-04,2.809491564758E-04,
    2.812778715114E-04,2.81606586547E-04,2.819353015826E-04,
    2.822640166182E-04,2.825927316538E-04,2.829214466894E-04,
    2.83250161725E-04,2.835788767606E-04,2.839075917962E-04,
    2.842363068318E-04,2.845650218674E-04,2.84893736903E-04,
    2.852224519386E-04,2.855511669742E-04,2.858798820098E-04,
    2.862085970454E-04,2.86537312081E-04),.QUASI_UNIFORM_KNOTS.);
#4804 = CARTESIAN_POINT('',(0.785398163397,9.212232778441E-02));
#4805 = CARTESIAN_POINT('',(0.783256094814,9.214476113542E-02));
#4806 = CARTESIAN_POINT('',(0.77897091201,9.218950266359E-02));
#4807 = CARTESIAN_POINT('',(0.772540134868,9.225623468002E-02));
#4808 = CARTESIAN_POINT('',(0.766106488574,9.232258166641E-02));
#4809 = CARTESIAN_POINT('',(0.759670107604,9.238853886853E-02));
#4810 = CARTESIAN_POINT('',(0.753231126762,9.245410153214E-02));
#4811 = CARTESIAN_POINT('',(0.746789681153,9.251926490302E-02));
#4812 = CARTESIAN_POINT('',(0.740345906064,9.258402422694E-02));
#4813 = CARTESIAN_POINT('',(0.733899936872,9.264837474967E-02));
#4814 = CARTESIAN_POINT('',(0.727451908938,9.271231171697E-02));
#4815 = CARTESIAN_POINT('',(0.721001957511,9.277583037463E-02));
#4816 = CARTESIAN_POINT('',(0.714550217624,9.28389259684E-02));
#4817 = CARTESIAN_POINT('',(0.708096823999,9.290159374405E-02));
#4818 = CARTESIAN_POINT('',(0.701641910943,9.296382894737E-02));
#4819 = CARTESIAN_POINT('',(0.695185612248,9.302562682412E-02));
#4820 = CARTESIAN_POINT('',(0.688728061092,9.308698262006E-02));
#4821 = CARTESIAN_POINT('',(0.682269389937,9.314789158098E-02));
#4822 = CARTESIAN_POINT('',(0.67580973043,9.320834895263E-02));
#4823 = CARTESIAN_POINT('',(0.669349213302,9.32683499808E-02));
#4824 = CARTESIAN_POINT('',(0.662887968279,9.332788991124E-02));
#4825 = CARTESIAN_POINT('',(0.656426123935,9.338696398974E-02));
#4826 = CARTESIAN_POINT('',(0.64996380777,9.344556746205E-02));
#4827 = CARTESIAN_POINT('',(0.645655366225,9.348431953666E-02));
#4828 = CARTESIAN_POINT('',(0.643501108793,9.350361555485E-02));
#4829 = ( GEOMETRIC_REPRESENTATION_CONTEXT(2) 
PARAMETRIC_REPRESENTATION_CONTEXT() REPRESENTATION_CONTEXT('2D SPACE',''
  ) );
#4830 = PCURVE('',#4831,#4836);
#4831 = CYLINDRICAL_SURFACE('',#4832,2.23704144294);
#4832 = AXIS2_PLACEMENT_3D('',#4833,#4834,#4835);
#4833 = CARTESIAN_POINT('',(2.73704144294,0.63,-6.546858026134E-15));
#4834 = DIRECTION('',(-0.,1.,-1.036602379928E-14));
#4835 = DIRECTION('',(0.,1.036602379928E-14,1.));
#4836 = DEFINITIONAL_REPRESENTATION('',(#4837),#4863);
#4837 = B_SPLINE_CURVE_WITH_KNOTS('',3,(#4838,#4839,#4840,#4841,#4842,
    #4843,#4844,#4845,#4846,#4847,#4848,#4849,#4850,#4851,#4852,#4853,
    #4854,#4855,#4856,#4857,#4858,#4859,#4860,#4861,#4862),
  .UNSPECIFIED.,.F.,.F.,(4,1,1,1,1,1,1,1,1,1,1,1,1,1,1,1,1,1,1,1,1,1,4),
  (2.793055812978E-04,2.796342963334E-04,2.79963011369E-04,
    2.802917264046E-04,2.806204414402E-04,2.809491564758E-04,
    2.812778715114E-04,2.81606586547E-04,2.819353015826E-04,
    2.822640166182E-04,2.825927316538E-04,2.829214466894E-04,
    2.83250161725E-04,2.835788767606E-04,2.839075917962E-04,
    2.842363068318E-04,2.845650218674E-04,2.84893736903E-04,
    2.852224519386E-04,2.855511669742E-04,2.858798820098E-04,
    2.862085970454E-04,2.86537312081E-04),.QUASI_UNIFORM_KNOTS.);
#4838 = CARTESIAN_POINT('',(4.424409074518,5.355339059331E-03));
#4839 = CARTESIAN_POINT('',(4.424373766164,5.279605496634E-03));
#4840 = CARTESIAN_POINT('',(4.424303359155,5.127612273477E-03));
#4841 = CARTESIAN_POINT('',(4.424198384491,4.898058245599E-03));
#4842 = CARTESIAN_POINT('',(4.424094052432,4.66695412472E-03));
#4843 = CARTESIAN_POINT('',(4.423990369735,4.434314010984E-03));
#4844 = CARTESIAN_POINT('',(4.423887343154,4.200152004534E-03));
#4845 = CARTESIAN_POINT('',(4.423784979445,3.964482205512E-03));
#4846 = CARTESIAN_POINT('',(4.423683285365,3.727318714063E-03));
#4847 = CARTESIAN_POINT('',(4.423582267668,3.488675630329E-03));
#4848 = CARTESIAN_POINT('',(4.42348193311,3.248567054454E-03));
#4849 = CARTESIAN_POINT('',(4.423382288448,3.00700708658E-03));
#4850 = CARTESIAN_POINT('',(4.423283340437,2.764009826851E-03));
#4851 = CARTESIAN_POINT('',(4.423185095834,2.519589375411E-03));
#4852 = CARTESIAN_POINT('',(4.423087561393,2.273759832402E-03));
#4853 = CARTESIAN_POINT('',(4.422990743872,2.026535297967E-03));
#4854 = CARTESIAN_POINT('',(4.422894650025,1.77792987225E-03));
#4855 = CARTESIAN_POINT('',(4.42279928661,1.527957655394E-03));
#4856 = CARTESIAN_POINT('',(4.422704660383,1.276632747542E-03));
#4857 = CARTESIAN_POINT('',(4.422610778099,1.023969248838E-03));
#4858 = CARTESIAN_POINT('',(4.422517646514,7.699812594236E-04));
#4859 = CARTESIAN_POINT('',(4.422425272386,5.14682879443E-04));
#4860 = CARTESIAN_POINT('',(4.42233366247,2.580882090399E-04));
#4861 = CARTESIAN_POINT('',(4.422273103171,8.617030191756E-05));
#4862 = CARTESIAN_POINT('',(4.422242953143,1.110223024625E-16));
#4863 = ( GEOMETRIC_REPRESENTATION_CONTEXT(2) 
PARAMETRIC_REPRESENTATION_CONTEXT() REPRESENTATION_CONTEXT('2D SPACE',''
  ) );
#4864 = ORIENTED_EDGE('',*,*,#4865,.F.);
#4865 = EDGE_CURVE('',#4141,#4793,#4866,.T.);
#4866 = SURFACE_CURVE('',#4867,(#4872,#4901),.PCURVE_S1.);
#4867 = B_SPLINE_CURVE_WITH_KNOTS('',3,(#4868,#4869,#4870,#4871),
  .UNSPECIFIED.,.F.,.F.,(4,4),(0.,7.186117161303E-06),
  .PIECEWISE_BEZIER_KNOTS.);
#4868 = CARTESIAN_POINT('',(0.593503615555,0.64,-0.63));
#4869 = CARTESIAN_POINT('',(0.593079103155,0.638578190018,
    -0.631895746642));
#4870 = CARTESIAN_POINT('',(0.592615861507,0.637021477439,-0.63368920068
    ));
#4871 = CARTESIAN_POINT('',(0.592122327784,0.635355339059,
    -0.635355339059));
#4872 = PCURVE('',#3311,#4873);
#4873 = DEFINITIONAL_REPRESENTATION('',(#4874),#4900);
#4874 = B_SPLINE_CURVE_WITH_KNOTS('',3,(#4875,#4876,#4877,#4878,#4879,
    #4880,#4881,#4882,#4883,#4884,#4885,#4886,#4887,#4888,#4889,#4890,
    #4891,#4892,#4893,#4894,#4895,#4896,#4897,#4898,#4899),
  .UNSPECIFIED.,.F.,.F.,(4,1,1,1,1,1,1,1,1,1,1,1,1,1,1,1,1,1,1,1,1,1,4),
  (0.,3.266416891501E-07,6.532833783003E-07,9.799250674504E-07,
    1.306566756601E-06,1.633208445751E-06,1.959850134901E-06,
    2.286491824051E-06,2.613133513201E-06,2.939775202351E-06,
    3.266416891501E-06,3.593058580652E-06,3.919700269802E-06,
    4.246341958952E-06,4.572983648102E-06,4.899625337252E-06,
    5.226267026402E-06,5.552908715552E-06,5.879550404702E-06,
    6.206192093853E-06,6.532833783003E-06,6.859475472153E-06,
    7.186117161303E-06),.QUASI_UNIFORM_KNOTS.);
#4875 = CARTESIAN_POINT('',(0.927295218002,9.350361555485E-02));
#4876 = CARTESIAN_POINT('',(0.92514096057,9.348431953666E-02));
#4877 = CARTESIAN_POINT('',(0.920832519025,9.344556746205E-02));
#4878 = CARTESIAN_POINT('',(0.91437020286,9.338696398974E-02));
#4879 = CARTESIAN_POINT('',(0.907908358516,9.332788991124E-02));
#4880 = CARTESIAN_POINT('',(0.901447113493,9.32683499808E-02));
#4881 = CARTESIAN_POINT('',(0.894986596365,9.320834895263E-02));
#4882 = CARTESIAN_POINT('',(0.888526936858,9.314789158098E-02));
#4883 = CARTESIAN_POINT('',(0.882068265703,9.308698262006E-02));
#4884 = CARTESIAN_POINT('',(0.875610714546,9.302562682412E-02));
#4885 = CARTESIAN_POINT('',(0.869154415852,9.296382894737E-02));
#4886 = CARTESIAN_POINT('',(0.862699502796,9.290159374405E-02));
#4887 = CARTESIAN_POINT('',(0.856246109171,9.28389259684E-02));
#4888 = CARTESIAN_POINT('',(0.849794369284,9.277583037463E-02));
#4889 = CARTESIAN_POINT('',(0.843344417856,9.271231171697E-02));
#4890 = CARTESIAN_POINT('',(0.836896389922,9.264837474967E-02));
#4891 = CARTESIAN_POINT('',(0.83045042073,9.258402422694E-02));
#4892 = CARTESIAN_POINT('',(0.824006645642,9.251926490303E-02));
#4893 = CARTESIAN_POINT('',(0.817565200033,9.245410153214E-02));
#4894 = CARTESIAN_POINT('',(0.811126219191,9.238853886853E-02));
#4895 = CARTESIAN_POINT('',(0.80468983822,9.232258166641E-02));
#4896 = CARTESIAN_POINT('',(0.798256191927,9.225623468002E-02));
#4897 = CARTESIAN_POINT('',(0.791825414785,9.218950266359E-02));
#4898 = CARTESIAN_POINT('',(0.78754023198,9.214476113542E-02));
#4899 = CARTESIAN_POINT('',(0.785398163397,9.212232778441E-02));
#4900 = ( GEOMETRIC_REPRESENTATION_CONTEXT(2) 
PARAMETRIC_REPRESENTATION_CONTEXT() REPRESENTATION_CONTEXT('2D SPACE',''
  ) );
#4901 = PCURVE('',#4182,#4902);
#4902 = DEFINITIONAL_REPRESENTATION('',(#4903),#4929);
#4903 = B_SPLINE_CURVE_WITH_KNOTS('',3,(#4904,#4905,#4906,#4907,#4908,
    #4909,#4910,#4911,#4912,#4913,#4914,#4915,#4916,#4917,#4918,#4919,
    #4920,#4921,#4922,#4923,#4924,#4925,#4926,#4927,#4928),
  .UNSPECIFIED.,.F.,.F.,(4,1,1,1,1,1,1,1,1,1,1,1,1,1,1,1,1,1,1,1,1,1,4),
  (0.,3.266416891501E-07,6.532833783003E-07,9.799250674504E-07,
    1.306566756601E-06,1.633208445751E-06,1.959850134901E-06,
    2.286491824051E-06,2.613133513201E-06,2.939775202351E-06,
    3.266416891501E-06,3.593058580652E-06,3.919700269802E-06,
    4.246341958952E-06,4.572983648102E-06,4.899625337252E-06,
    5.226267026402E-06,5.552908715552E-06,5.879550404702E-06,
    6.206192093853E-06,6.532833783003E-06,6.859475472153E-06,
    7.186117161303E-06),.QUASI_UNIFORM_KNOTS.);
#4904 = CARTESIAN_POINT('',(5.002535007627,0.));
#4905 = CARTESIAN_POINT('',(5.002504857598,8.617030191722E-05));
#4906 = CARTESIAN_POINT('',(5.0024442983,2.580882090395E-04));
#4907 = CARTESIAN_POINT('',(5.002352688384,5.14682879443E-04));
#4908 = CARTESIAN_POINT('',(5.002260314255,7.699812594235E-04));
#4909 = CARTESIAN_POINT('',(5.002167182671,1.023969248837E-03));
#4910 = CARTESIAN_POINT('',(5.002073300387,1.276632747542E-03));
#4911 = CARTESIAN_POINT('',(5.001978674159,1.527957655394E-03));
#4912 = CARTESIAN_POINT('',(5.001883310744,1.77792987225E-03));
#4913 = CARTESIAN_POINT('',(5.001787216898,2.026535297967E-03));
#4914 = CARTESIAN_POINT('',(5.001690399376,2.273759832402E-03));
#4915 = CARTESIAN_POINT('',(5.001592864936,2.519589375411E-03));
#4916 = CARTESIAN_POINT('',(5.001494620332,2.764009826851E-03));
#4917 = CARTESIAN_POINT('',(5.001395672321,3.00700708658E-03));
#4918 = CARTESIAN_POINT('',(5.001296027659,3.248567054453E-03));
#4919 = CARTESIAN_POINT('',(5.001195693102,3.488675630329E-03));
#4920 = CARTESIAN_POINT('',(5.001094675405,3.727318714063E-03));
#4921 = CARTESIAN_POINT('',(5.000992981324,3.964482205512E-03));
#4922 = CARTESIAN_POINT('',(5.000890617615,4.200152004533E-03));
#4923 = CARTESIAN_POINT('',(5.000787591034,4.434314010984E-03));
#4924 = CARTESIAN_POINT('',(5.000683908337,4.66695412472E-03));
#4925 = CARTESIAN_POINT('',(5.000579576278,4.898058245599E-03));
#4926 = CARTESIAN_POINT('',(5.000474601615,5.127612273477E-03));
#4927 = CARTESIAN_POINT('',(5.000404194605,5.279605496634E-03));
#4928 = CARTESIAN_POINT('',(5.000368886252,5.355339059331E-03));
#4929 = ( GEOMETRIC_REPRESENTATION_CONTEXT(2) 
PARAMETRIC_REPRESENTATION_CONTEXT() REPRESENTATION_CONTEXT('2D SPACE',''
  ) );
#4930 = ORIENTED_EDGE('',*,*,#4140,.T.);
#4931 = ADVANCED_FACE('',(#4932),#4284,.T.);
#4932 = FACE_BOUND('',#4933,.T.);
#4933 = EDGE_LOOP('',(#4934,#4935,#4936));
#4934 = ORIENTED_EDGE('',*,*,#4627,.T.);
#4935 = ORIENTED_EDGE('',*,*,#4269,.T.);
#4936 = ORIENTED_EDGE('',*,*,#4937,.F.);
#4937 = EDGE_CURVE('',#4013,#3155,#4938,.T.);
#4938 = SURFACE_CURVE('',#4939,(#4944,#4973),.PCURVE_S1.);
#4939 = CIRCLE('',#4940,5.E-02);
#4940 = AXIS2_PLACEMENT_3D('',#4941,#4942,#4943);
#4941 = CARTESIAN_POINT('',(0.95,0.6,0.6));
#4942 = DIRECTION('',(0.,-1.,0.));
#4943 = DIRECTION('',(0.,0.,1.));
#4944 = PCURVE('',#4284,#4945);
#4945 = DEFINITIONAL_REPRESENTATION('',(#4946),#4972);
#4946 = B_SPLINE_CURVE_WITH_KNOTS('',3,(#4947,#4948,#4949,#4950,#4951,
    #4952,#4953,#4954,#4955,#4956,#4957,#4958,#4959,#4960,#4961,#4962,
    #4963,#4964,#4965,#4966,#4967,#4968,#4969,#4970,#4971),
  .UNSPECIFIED.,.F.,.F.,(4,1,1,1,1,1,1,1,1,1,1,1,1,1,1,1,1,1,1,1,1,1,4),
  (4.712388980385,4.783788813421,4.855188646457,4.926588479493,
    4.997988312529,5.069388145565,5.140787978601,5.212187811638,
    5.283587644674,5.35498747771,5.426387310746,5.497787143782,
    5.569186976818,5.640586809854,5.711986642891,5.783386475927,
    5.854786308963,5.926186141999,5.997585975035,6.068985808071,
    6.140385641107,6.211785474143,6.28318530718),.QUASI_UNIFORM_KNOTS.);
#4947 = CARTESIAN_POINT('',(6.28318530718,0.));
#4948 = CARTESIAN_POINT('',(6.259385362834,0.));
#4949 = CARTESIAN_POINT('',(6.211785474143,0.));
#4950 = CARTESIAN_POINT('',(6.140385641107,0.));
#4951 = CARTESIAN_POINT('',(6.068985808071,0.));
#4952 = CARTESIAN_POINT('',(5.997585975035,0.));
#4953 = CARTESIAN_POINT('',(5.926186141999,0.));
#4954 = CARTESIAN_POINT('',(5.854786308963,0.));
#4955 = CARTESIAN_POINT('',(5.783386475927,0.));
#4956 = CARTESIAN_POINT('',(5.711986642891,0.));
#4957 = CARTESIAN_POINT('',(5.640586809854,0.));
#4958 = CARTESIAN_POINT('',(5.569186976818,0.));
#4959 = CARTESIAN_POINT('',(5.497787143782,0.));
#4960 = CARTESIAN_POINT('',(5.426387310746,0.));
#4961 = CARTESIAN_POINT('',(5.35498747771,0.));
#4962 = CARTESIAN_POINT('',(5.283587644674,0.));
#4963 = CARTESIAN_POINT('',(5.212187811638,0.));
#4964 = CARTESIAN_POINT('',(5.140787978601,0.));
#4965 = CARTESIAN_POINT('',(5.069388145565,0.));
#4966 = CARTESIAN_POINT('',(4.997988312529,0.));
#4967 = CARTESIAN_POINT('',(4.926588479493,0.));
#4968 = CARTESIAN_POINT('',(4.855188646457,0.));
#4969 = CARTESIAN_POINT('',(4.783788813421,0.));
#4970 = CARTESIAN_POINT('',(4.73618892473,0.));
#4971 = CARTESIAN_POINT('',(4.712388980385,0.));
#4972 = ( GEOMETRIC_REPRESENTATION_CONTEXT(2) 
PARAMETRIC_REPRESENTATION_CONTEXT() REPRESENTATION_CONTEXT('2D SPACE',''
  ) );
#4973 = PCURVE('',#3170,#4974);
#4974 = DEFINITIONAL_REPRESENTATION('',(#4975),#4979);
#4975 = LINE('',#4976,#4977);
#4976 = CARTESIAN_POINT('',(-3.14159265359,-0.6));
#4977 = VECTOR('',#4978,1.);
#4978 = DIRECTION('',(1.,0.));
#4979 = ( GEOMETRIC_REPRESENTATION_CONTEXT(2) 
PARAMETRIC_REPRESENTATION_CONTEXT() REPRESENTATION_CONTEXT('2D SPACE',''
  ) );
#4980 = ADVANCED_FACE('',(#4981),#4614,.T.);
#4981 = FACE_BOUND('',#4982,.T.);
#4982 = EDGE_LOOP('',(#4983,#4984,#4985));
#4983 = ORIENTED_EDGE('',*,*,#4723,.T.);
#4984 = ORIENTED_EDGE('',*,*,#4599,.T.);
#4985 = ORIENTED_EDGE('',*,*,#4986,.F.);
#4986 = EDGE_CURVE('',#3938,#4066,#4987,.T.);
#4987 = SURFACE_CURVE('',#4988,(#4993,#5000),.PCURVE_S1.);
#4988 = CIRCLE('',#4989,5.E-02);
#4989 = AXIS2_PLACEMENT_3D('',#4990,#4991,#4992);
#4990 = CARTESIAN_POINT('',(0.95,0.6,-0.6));
#4991 = DIRECTION('',(0.,-1.,0.));
#4992 = DIRECTION('',(0.,0.,1.));
#4993 = PCURVE('',#4614,#4994);
#4994 = DEFINITIONAL_REPRESENTATION('',(#4995),#4999);
#4995 = LINE('',#4996,#4997);
#4996 = CARTESIAN_POINT('',(4.712388980385,0.));
#4997 = VECTOR('',#4998,1.);
#4998 = DIRECTION('',(-1.,0.));
#4999 = ( GEOMETRIC_REPRESENTATION_CONTEXT(2) 
PARAMETRIC_REPRESENTATION_CONTEXT() REPRESENTATION_CONTEXT('2D SPACE',''
  ) );
#5000 = PCURVE('',#3976,#5001);
#5001 = DEFINITIONAL_REPRESENTATION('',(#5002),#5006);
#5002 = LINE('',#5003,#5004);
#5003 = CARTESIAN_POINT('',(6.28318530718,0.6));
#5004 = VECTOR('',#5005,1.);
#5005 = DIRECTION('',(-1.,0.));
#5006 = ( GEOMETRIC_REPRESENTATION_CONTEXT(2) 
PARAMETRIC_REPRESENTATION_CONTEXT() REPRESENTATION_CONTEXT('2D SPACE',''
  ) );
#5007 = ADVANCED_FACE('',(#5008),#3081,.T.);
#5008 = FACE_BOUND('',#5009,.T.);
#5009 = EDGE_LOOP('',(#5010,#5081,#5082,#5131,#5132,#5206,#5234,#5307,
    #5383));
#5010 = ORIENTED_EDGE('',*,*,#5011,.F.);
#5011 = EDGE_CURVE('',#2979,#5012,#5014,.T.);
#5012 = VERTEX_POINT('',#5013);
#5013 = CARTESIAN_POINT('',(0.590543267439,-0.64,0.63));
#5014 = SURFACE_CURVE('',#5015,(#5023,#5052),.PCURVE_S1.);
#5015 = B_SPLINE_CURVE_WITH_KNOTS('',3,(#5016,#5017,#5018,#5019,#5020,
    #5021,#5022),.UNSPECIFIED.,.F.,.F.,(4,3,4),(5.633679745264E-19,
    1.800509807348E-05,3.316468134987E-05),.UNSPECIFIED.);
#5016 = CARTESIAN_POINT('',(0.581965013337,-0.65,0.6));
#5017 = CARTESIAN_POINT('',(0.583574737478,-0.65,0.60578179759));
#5018 = CARTESIAN_POINT('',(0.585231213598,-0.648971101019,
    0.611636538617));
#5019 = CARTESIAN_POINT('',(0.586794104878,-0.646991365685,
    0.617082492531));
#5020 = CARTESIAN_POINT('',(0.588109953242,-0.645324562924,
    0.621667616037));
#5021 = CARTESIAN_POINT('',(0.589388224775,-0.642951544011,
    0.626064607985));
#5022 = CARTESIAN_POINT('',(0.590543267439,-0.64,0.63));
#5023 = PCURVE('',#3081,#5024);
#5024 = DEFINITIONAL_REPRESENTATION('',(#5025),#5051);
#5025 = B_SPLINE_CURVE_WITH_KNOTS('',3,(#5026,#5027,#5028,#5029,#5030,
    #5031,#5032,#5033,#5034,#5035,#5036,#5037,#5038,#5039,#5040,#5041,
    #5042,#5043,#5044,#5045,#5046,#5047,#5048,#5049,#5050),
  .UNSPECIFIED.,.F.,.F.,(4,1,1,1,1,1,1,1,1,1,1,1,1,1,1,1,1,1,1,1,1,1,4),
  (5.633679745264E-19,1.507485515904E-06,3.014971031807E-06,
    4.52245654771E-06,6.029942063612E-06,7.537427579515E-06,
    9.044913095418E-06,1.055239861132E-05,1.205988412722E-05,
    1.356736964313E-05,1.507485515903E-05,1.658234067493E-05,
    1.808982619084E-05,1.959731170674E-05,2.110479722264E-05,
    2.261228273855E-05,2.411976825445E-05,2.562725377035E-05,
    2.713473928625E-05,2.864222480216E-05,3.014971031806E-05,
    3.165719583396E-05,3.316468134987E-05),.QUASI_UNIFORM_KNOTS.);
#5026 = CARTESIAN_POINT('',(4.712388980385,8.196501333685E-02));
#5027 = CARTESIAN_POINT('',(4.702707367751,8.209978826654E-02));
#5028 = CARTESIAN_POINT('',(4.68332344522,8.236999358467E-02));
#5029 = CARTESIAN_POINT('',(4.654194274551,8.277677374517E-02));
#5030 = CARTESIAN_POINT('',(4.625020360496,8.318453189924E-02));
#5031 = CARTESIAN_POINT('',(4.595811161565,8.359277384586E-02));
#5032 = CARTESIAN_POINT('',(4.566576528452,8.400100542589E-02));
#5033 = CARTESIAN_POINT('',(4.537326648842,8.440873232394E-02));
#5034 = CARTESIAN_POINT('',(4.508071798907,8.481546080781E-02));
#5035 = CARTESIAN_POINT('',(4.478822385353,8.522069496877E-02));
#5036 = CARTESIAN_POINT('',(4.449588011167,8.562394702098E-02));
#5037 = CARTESIAN_POINT('',(4.42038015642,8.602469886359E-02));
#5038 = CARTESIAN_POINT('',(4.391201383403,8.642254553291E-02));
#5039 = CARTESIAN_POINT('',(4.362084845127,8.68166598316E-02));
#5040 = CARTESIAN_POINT('',(4.332945213189,8.720780205257E-02));
#5041 = CARTESIAN_POINT('',(4.303725126548,8.759637241801E-02));
#5042 = CARTESIAN_POINT('',(4.274452905731,8.798162293892E-02));
#5043 = CARTESIAN_POINT('',(4.245134467683,8.836311328856E-02));
#5044 = CARTESIAN_POINT('',(4.215782067444,8.874032070236E-02));
#5045 = CARTESIAN_POINT('',(4.186406371161,8.911274450486E-02));
#5046 = CARTESIAN_POINT('',(4.157018360897,8.947987810187E-02));
#5047 = CARTESIAN_POINT('',(4.127628573284,8.984121648513E-02));
#5048 = CARTESIAN_POINT('',(4.098247171917,9.01962542213E-02));
#5049 = CARTESIAN_POINT('',(4.078671297521,9.042840873476E-02));
#5050 = CARTESIAN_POINT('',(4.068887871591,9.054326743855E-02));
#5051 = ( GEOMETRIC_REPRESENTATION_CONTEXT(2) 
PARAMETRIC_REPRESENTATION_CONTEXT() REPRESENTATION_CONTEXT('2D SPACE',''
  ) );
#5052 = PCURVE('',#2777,#5053);
#5053 = DEFINITIONAL_REPRESENTATION('',(#5054),#5080);
#5054 = B_SPLINE_CURVE_WITH_KNOTS('',3,(#5055,#5056,#5057,#5058,#5059,
    #5060,#5061,#5062,#5063,#5064,#5065,#5066,#5067,#5068,#5069,#5070,
    #5071,#5072,#5073,#5074,#5075,#5076,#5077,#5078,#5079),
  .UNSPECIFIED.,.F.,.F.,(4,1,1,1,1,1,1,1,1,1,1,1,1,1,1,1,1,1,1,1,1,1,4),
  (5.633679745264E-19,1.507485515904E-06,3.014971031807E-06,
    4.52245654771E-06,6.029942063612E-06,7.537427579515E-06,
    9.044913095418E-06,1.055239861132E-05,1.205988412722E-05,
    1.356736964313E-05,1.507485515903E-05,1.658234067493E-05,
    1.808982619084E-05,1.959731170674E-05,2.110479722264E-05,
    2.261228273855E-05,2.411976825445E-05,2.562725377035E-05,
    2.713473928625E-05,2.864222480216E-05,3.014971031806E-05,
    3.165719583396E-05,3.316468134987E-05),.QUASI_UNIFORM_KNOTS.);
#5055 = CARTESIAN_POINT('',(4.44085306475,2.E-02));
#5056 = CARTESIAN_POINT('',(4.440628439869,2.E-02));
#5057 = CARTESIAN_POINT('',(4.440178671114,1.998557492602E-02));
#5058 = CARTESIAN_POINT('',(4.439503250477,1.992093698933E-02));
#5059 = CARTESIAN_POINT('',(4.4388278518,1.981357361962E-02));
#5060 = CARTESIAN_POINT('',(4.438153264594,1.966375972197E-02));
#5061 = CARTESIAN_POINT('',(4.437480278321,1.947177015537E-02));
#5062 = CARTESIAN_POINT('',(4.436809682715,1.923787995088E-02));
#5063 = CARTESIAN_POINT('',(4.436142266562,1.896236349731E-02));
#5064 = CARTESIAN_POINT('',(4.435478822234,1.864549758043E-02));
#5065 = CARTESIAN_POINT('',(4.434820128756,1.828755004043E-02));
#5066 = CARTESIAN_POINT('',(4.434167014984,1.78888221028E-02));
#5067 = CARTESIAN_POINT('',(4.433520123799,1.744949039748E-02));
#5068 = CARTESIAN_POINT('',(4.432880792141,1.697019655125E-02));
#5069 = CARTESIAN_POINT('',(4.432247747353,1.644983446939E-02));
#5070 = CARTESIAN_POINT('',(4.43162025688,1.588815576503E-02));
#5071 = CARTESIAN_POINT('',(4.430999474732,1.528618223045E-02));
#5072 = CARTESIAN_POINT('',(4.430386049453,1.464459531444E-02));
#5073 = CARTESIAN_POINT('',(4.429780765057,1.396416766055E-02));
#5074 = CARTESIAN_POINT('',(4.429184369289,1.324564747678E-02));
#5075 = CARTESIAN_POINT('',(4.428597619634,1.248978951862E-02));
#5076 = CARTESIAN_POINT('',(4.428021270988,1.169734678712E-02));
#5077 = CARTESIAN_POINT('',(4.427456078959,1.086907275359E-02));
#5078 = CARTESIAN_POINT('',(4.42708722564,1.029350475969E-02));
#5079 = CARTESIAN_POINT('',(4.426904910237,1.E-02));
#5080 = ( GEOMETRIC_REPRESENTATION_CONTEXT(2) 
PARAMETRIC_REPRESENTATION_CONTEXT() REPRESENTATION_CONTEXT('2D SPACE',''
  ) );
#5081 = ORIENTED_EDGE('',*,*,#3067,.F.);
#5082 = ORIENTED_EDGE('',*,*,#5083,.F.);
#5083 = EDGE_CURVE('',#3132,#3040,#5084,.T.);
#5084 = SURFACE_CURVE('',#5085,(#5090,#5097),.PCURVE_S1.);
#5085 = CIRCLE('',#5086,5.E-02);
#5086 = AXIS2_PLACEMENT_3D('',#5087,#5088,#5089);
#5087 = CARTESIAN_POINT('',(0.95,-0.6,0.6));
#5088 = DIRECTION('',(1.,0.,0.));
#5089 = DIRECTION('',(0.,-0.,-1.));
#5090 = PCURVE('',#3081,#5091);
#5091 = DEFINITIONAL_REPRESENTATION('',(#5092),#5096);
#5092 = LINE('',#5093,#5094);
#5093 = CARTESIAN_POINT('',(0.,0.45));
#5094 = VECTOR('',#5095,1.);
#5095 = DIRECTION('',(1.,0.));
#5096 = ( GEOMETRIC_REPRESENTATION_CONTEXT(2) 
PARAMETRIC_REPRESENTATION_CONTEXT() REPRESENTATION_CONTEXT('2D SPACE',''
  ) );
#5097 = PCURVE('',#5098,#5103);
#5098 = SPHERICAL_SURFACE('',#5099,5.E-02);
#5099 = AXIS2_PLACEMENT_3D('',#5100,#5101,#5102);
#5100 = CARTESIAN_POINT('',(0.95,-0.6,0.6));
#5101 = DIRECTION('',(0.,1.,0.));
#5102 = DIRECTION('',(1.,0.,0.));
#5103 = DEFINITIONAL_REPRESENTATION('',(#5104),#5130);
#5104 = B_SPLINE_CURVE_WITH_KNOTS('',3,(#5105,#5106,#5107,#5108,#5109,
    #5110,#5111,#5112,#5113,#5114,#5115,#5116,#5117,#5118,#5119,#5120,
    #5121,#5122,#5123,#5124,#5125,#5126,#5127,#5128,#5129),
  .UNSPECIFIED.,.F.,.F.,(4,1,1,1,1,1,1,1,1,1,1,1,1,1,1,1,1,1,1,1,1,1,4),
  (3.14159265359,3.212992486626,3.284392319662,3.355792152698,
    3.427191985734,3.49859181877,3.569991651807,3.641391484843,
    3.712791317879,3.784191150915,3.855590983951,3.926990816987,
    3.998390650023,4.06979048306,4.141190316096,4.212590149132,
    4.283989982168,4.355389815204,4.42678964824,4.498189481276,
    4.569589314312,4.640989147349,4.712388980385),
  .QUASI_UNIFORM_KNOTS.);
#5105 = CARTESIAN_POINT('',(4.712388980385,2.22044604925E-15));
#5106 = CARTESIAN_POINT('',(4.712388980385,-2.379994434538E-02));
#5107 = CARTESIAN_POINT('',(4.712388980385,-7.139983303613E-02));
#5108 = CARTESIAN_POINT('',(4.712388980385,-0.142799666072));
#5109 = CARTESIAN_POINT('',(4.712388980385,-0.214199499108));
#5110 = CARTESIAN_POINT('',(4.712388980385,-0.285599332145));
#5111 = CARTESIAN_POINT('',(4.712388980385,-0.356999165181));
#5112 = CARTESIAN_POINT('',(4.712388980385,-0.428398998217));
#5113 = CARTESIAN_POINT('',(4.712388980385,-0.499798831253));
#5114 = CARTESIAN_POINT('',(4.712388980385,-0.571198664289));
#5115 = CARTESIAN_POINT('',(4.712388980385,-0.642598497325));
#5116 = CARTESIAN_POINT('',(4.712388980385,-0.713998330361));
#5117 = CARTESIAN_POINT('',(4.712388980385,-0.785398163397));
#5118 = CARTESIAN_POINT('',(4.712388980385,-0.856797996434));
#5119 = CARTESIAN_POINT('',(4.712388980385,-0.92819782947));
#5120 = CARTESIAN_POINT('',(4.712388980385,-0.999597662506));
#5121 = CARTESIAN_POINT('',(4.712388980385,-1.070997495542));
#5122 = CARTESIAN_POINT('',(4.712388980385,-1.142397328578));
#5123 = CARTESIAN_POINT('',(4.712388980385,-1.213797161614));
#5124 = CARTESIAN_POINT('',(4.712388980385,-1.28519699465));
#5125 = CARTESIAN_POINT('',(4.712388980385,-1.356596827686));
#5126 = CARTESIAN_POINT('',(4.712388980385,-1.427996660723));
#5127 = CARTESIAN_POINT('',(4.712388980385,-1.499396493759));
#5128 = CARTESIAN_POINT('',(4.712388980385,-1.54699638245));
#5129 = CARTESIAN_POINT('',(4.712388980385,-1.570796326795));
#5130 = ( GEOMETRIC_REPRESENTATION_CONTEXT(2) 
PARAMETRIC_REPRESENTATION_CONTEXT() REPRESENTATION_CONTEXT('2D SPACE',''
  ) );
#5131 = ORIENTED_EDGE('',*,*,#3131,.F.);
#5132 = ORIENTED_EDGE('',*,*,#5133,.F.);
#5133 = EDGE_CURVE('',#5134,#3097,#5136,.T.);
#5134 = VERTEX_POINT('',#5135);
#5135 = CARTESIAN_POINT('',(0.590543267439,-0.63,0.64));
#5136 = SURFACE_CURVE('',#5137,(#5148,#5177),.PCURVE_S1.);
#5137 = B_SPLINE_CURVE_WITH_KNOTS('',3,(#5138,#5139,#5140,#5141,#5142,
    #5143,#5144,#5145,#5146,#5147),.UNSPECIFIED.,.F.,.F.,(4,3,3,4),(
    4.663409906928E-05,4.906704897821E-05,6.630514804286E-05,
    7.971784443615E-05),.UNSPECIFIED.);
#5138 = CARTESIAN_POINT('',(0.590543267439,-0.63,0.64));
#5139 = CARTESIAN_POINT('',(0.590355985931,-0.629361905691,
    0.640478570732));
#5140 = CARTESIAN_POINT('',(0.590165759026,-0.628712722081,
    0.640941588668));
#5141 = CARTESIAN_POINT('',(0.589972946505,-0.628053571797,
    0.641388369253));
#5142 = CARTESIAN_POINT('',(0.588620293295,-0.62342938172,0.644522705074
    ));
#5143 = CARTESIAN_POINT('',(0.587118172026,-0.61823567132,0.646884650144
    ));
#5144 = CARTESIAN_POINT('',(0.585592807135,-0.612881052834,
    0.648312301517));
#5145 = CARTESIAN_POINT('',(0.584399626733,-0.608692529896,
    0.649429047844));
#5146 = CARTESIAN_POINT('',(0.583170906976,-0.604331321596,
    0.650000000002));
#5147 = CARTESIAN_POINT('',(0.581965013337,-0.6,0.65));
#5148 = PCURVE('',#3081,#5149);
#5149 = DEFINITIONAL_REPRESENTATION('',(#5150),#5176);
#5150 = B_SPLINE_CURVE_WITH_KNOTS('',3,(#5151,#5152,#5153,#5154,#5155,
    #5156,#5157,#5158,#5159,#5160,#5161,#5162,#5163,#5164,#5165,#5166,
    #5167,#5168,#5169,#5170,#5171,#5172,#5173,#5174,#5175),
  .UNSPECIFIED.,.F.,.F.,(4,1,1,1,1,1,1,1,1,1,1,1,1,1,1,1,1,1,1,1,1,1,4),
  (4.663409906928E-05,4.813790567686E-05,4.964171228445E-05,
    5.114551889203E-05,5.264932549962E-05,5.41531321072E-05,
    5.565693871479E-05,5.716074532237E-05,5.866455192996E-05,
    6.016835853754E-05,6.167216514513E-05,6.317597175271E-05,
    6.46797783603E-05,6.618358496788E-05,6.768739157547E-05,
    6.919119818305E-05,7.069500479064E-05,7.219881139822E-05,
    7.370261800581E-05,7.520642461339E-05,7.671023122098E-05,
    7.821403782856E-05,7.971784443615E-05),.QUASI_UNIFORM_KNOTS.);
#5151 = CARTESIAN_POINT('',(3.785093762383,9.054326743855E-02));
#5152 = CARTESIAN_POINT('',(3.775217364807,9.042731364618E-02));
#5153 = CARTESIAN_POINT('',(3.755506297383,9.01935706267E-02));
#5154 = CARTESIAN_POINT('',(3.72605624614,8.983773467621E-02));
#5155 = CARTESIAN_POINT('',(3.69684435555,8.947853109329E-02));
#5156 = CARTESIAN_POINT('',(3.667536382191,8.911232249607E-02));
#5157 = CARTESIAN_POINT('',(3.63823319132,8.874072108625E-02));
#5158 = CARTESIAN_POINT('',(3.608919955119,8.836393228933E-02));
#5159 = CARTESIAN_POINT('',(3.579613580087,8.798253905211E-02));
#5160 = CARTESIAN_POINT('',(3.550322788643,8.759702101234E-02));
#5161 = CARTESIAN_POINT('',(3.521059335453,8.72078935227E-02));
#5162 = CARTESIAN_POINT('',(3.49183201894,8.681563238519E-02));
#5163 = CARTESIAN_POINT('',(3.462658373791,8.642083588954E-02));
#5164 = CARTESIAN_POINT('',(3.43352284903,8.602365192537E-02));
#5165 = CARTESIAN_POINT('',(3.404531375811,8.562590749486E-02));
#5166 = CARTESIAN_POINT('',(3.37533391144,8.522316355019E-02));
#5167 = CARTESIAN_POINT('',(3.346129693548,8.481853581165E-02));
#5168 = CARTESIAN_POINT('',(3.316896339099,8.441208288983E-02));
#5169 = CARTESIAN_POINT('',(3.287651999783,8.400441488185E-02));
#5170 = CARTESIAN_POINT('',(3.258404356071,8.359599411447E-02));
#5171 = CARTESIAN_POINT('',(3.229164075786,8.318732250943E-02));
#5172 = CARTESIAN_POINT('',(3.199940977143,8.277889137879E-02));
#5173 = CARTESIAN_POINT('',(3.170744905146,8.237119487844E-02));
#5174 = CARTESIAN_POINT('',(3.151305004083,8.210021589188E-02));
#5175 = CARTESIAN_POINT('',(3.14159265359,8.196501333686E-02));
#5176 = ( GEOMETRIC_REPRESENTATION_CONTEXT(2) 
PARAMETRIC_REPRESENTATION_CONTEXT() REPRESENTATION_CONTEXT('2D SPACE',''
  ) );
#5177 = PCURVE('',#2940,#5178);
#5178 = DEFINITIONAL_REPRESENTATION('',(#5179),#5205);
#5179 = B_SPLINE_CURVE_WITH_KNOTS('',3,(#5180,#5181,#5182,#5183,#5184,
    #5185,#5186,#5187,#5188,#5189,#5190,#5191,#5192,#5193,#5194,#5195,
    #5196,#5197,#5198,#5199,#5200,#5201,#5202,#5203,#5204),
  .UNSPECIFIED.,.F.,.F.,(4,1,1,1,1,1,1,1,1,1,1,1,1,1,1,1,1,1,1,1,1,1,4),
  (4.663409906928E-05,4.813790567686E-05,4.964171228445E-05,
    5.114551889203E-05,5.264932549962E-05,5.41531321072E-05,
    5.565693871479E-05,5.716074532237E-05,5.866455192996E-05,
    6.016835853754E-05,6.167216514513E-05,6.317597175271E-05,
    6.46797783603E-05,6.618358496788E-05,6.768739157547E-05,
    6.919119818305E-05,7.069500479064E-05,7.219881139822E-05,
    7.370261800581E-05,7.520642461339E-05,7.671023122098E-05,
    7.821403782856E-05,7.971784443615E-05),.QUASI_UNIFORM_KNOTS.);
#5180 = CARTESIAN_POINT('',(4.997873050533,1.E-02));
#5181 = CARTESIAN_POINT('',(4.99768899443,1.029626129977E-02));
#5182 = CARTESIAN_POINT('',(4.99731762995,1.087592207999E-02));
#5183 = CARTESIAN_POINT('',(4.996751201328,1.170643966036E-02));
#5184 = CARTESIAN_POINT('',(4.996178247423,1.24938456428E-02));
#5185 = CARTESIAN_POINT('',(4.995592938929,1.324712658535E-02));
#5186 = CARTESIAN_POINT('',(4.994997803055,1.396305677578E-02));
#5187 = CARTESIAN_POINT('',(4.994393127625,1.464168291364E-02));
#5188 = CARTESIAN_POINT('',(4.993779801435,1.528217432174E-02));
#5189 = CARTESIAN_POINT('',(4.993158548722,1.588393741795E-02));
#5190 = CARTESIAN_POINT('',(4.992530150905,1.644630761675E-02));
#5191 = CARTESIAN_POINT('',(4.991895325137,1.696866725103E-02));
#5192 = CARTESIAN_POINT('',(4.991254988347,1.745028198352E-02));
#5193 = CARTESIAN_POINT('',(4.990609322489,1.789083723908E-02));
#5194 = CARTESIAN_POINT('',(4.989961249491,1.828845606431E-02));
#5195 = CARTESIAN_POINT('',(4.989303466187,1.864709125666E-02));
#5196 = CARTESIAN_POINT('',(4.98864104696,1.896403623453E-02));
#5197 = CARTESIAN_POINT('',(4.987974078908,1.923949580074E-02));
#5198 = CARTESIAN_POINT('',(4.987303548737,1.947314533147E-02));
#5199 = CARTESIAN_POINT('',(4.986630202102,1.966480206236E-02));
#5200 = CARTESIAN_POINT('',(4.985954849244,1.981424521787E-02));
#5201 = CARTESIAN_POINT('',(4.985278283087,1.992126420775E-02));
#5202 = CARTESIAN_POINT('',(4.984601301185,1.99856457117E-02));
#5203 = CARTESIAN_POINT('',(4.98415023361,2.000000000018E-02));
#5204 = CARTESIAN_POINT('',(4.98392489602,2.E-02));
#5205 = ( GEOMETRIC_REPRESENTATION_CONTEXT(2) 
PARAMETRIC_REPRESENTATION_CONTEXT() REPRESENTATION_CONTEXT('2D SPACE',''
  ) );
#5206 = ORIENTED_EDGE('',*,*,#5207,.T.);
#5207 = EDGE_CURVE('',#5134,#5208,#5210,.T.);
#5208 = VERTEX_POINT('',#5209);
#5209 = CARTESIAN_POINT('',(0.593503615555,-0.63,0.64));
#5210 = SURFACE_CURVE('',#5211,(#5215,#5222),.PCURVE_S1.);
#5211 = LINE('',#5212,#5213);
#5212 = CARTESIAN_POINT('',(0.5,-0.63,0.64));
#5213 = VECTOR('',#5214,1.);
#5214 = DIRECTION('',(1.,0.,0.));
#5215 = PCURVE('',#3081,#5216);
#5216 = DEFINITIONAL_REPRESENTATION('',(#5217),#5221);
#5217 = LINE('',#5218,#5219);
#5218 = CARTESIAN_POINT('',(3.785093762383,0.));
#5219 = VECTOR('',#5220,1.);
#5220 = DIRECTION('',(0.,1.));
#5221 = ( GEOMETRIC_REPRESENTATION_CONTEXT(2) 
PARAMETRIC_REPRESENTATION_CONTEXT() REPRESENTATION_CONTEXT('2D SPACE',''
  ) );
#5222 = PCURVE('',#5223,#5228);
#5223 = PLANE('',#5224);
#5224 = AXIS2_PLACEMENT_3D('',#5225,#5226,#5227);
#5225 = CARTESIAN_POINT('',(2.73704144294,-0.63,2.147591539192E-15));
#5226 = DIRECTION('',(0.,-1.,3.383061121595E-15));
#5227 = DIRECTION('',(0.,-3.383061121595E-15,-1.));
#5228 = DEFINITIONAL_REPRESENTATION('',(#5229),#5233);
#5229 = LINE('',#5230,#5231);
#5230 = CARTESIAN_POINT('',(-0.64,-2.23704144294));
#5231 = VECTOR('',#5232,1.);
#5232 = DIRECTION('',(0.,1.));
#5233 = ( GEOMETRIC_REPRESENTATION_CONTEXT(2) 
PARAMETRIC_REPRESENTATION_CONTEXT() REPRESENTATION_CONTEXT('2D SPACE',''
  ) );
#5234 = ORIENTED_EDGE('',*,*,#5235,.F.);
#5235 = EDGE_CURVE('',#5236,#5208,#5238,.T.);
#5236 = VERTEX_POINT('',#5237);
#5237 = CARTESIAN_POINT('',(0.592122327784,-0.635355339059,
    0.635355339059));
#5238 = SURFACE_CURVE('',#5239,(#5244,#5273),.PCURVE_S1.);
#5239 = B_SPLINE_CURVE_WITH_KNOTS('',3,(#5240,#5241,#5242,#5243),
  .UNSPECIFIED.,.F.,.F.,(4,4),(4.036768940512E-05,4.759407420575E-05),
  .PIECEWISE_BEZIER_KNOTS.);
#5240 = CARTESIAN_POINT('',(0.592122327784,-0.635355339059,
    0.635355339059));
#5241 = CARTESIAN_POINT('',(0.592615861507,-0.63368920068,0.637021477439
    ));
#5242 = CARTESIAN_POINT('',(0.593079103155,-0.631895746642,
    0.638578190018));
#5243 = CARTESIAN_POINT('',(0.593503615555,-0.63,0.64));
#5244 = PCURVE('',#3081,#5245);
#5245 = DEFINITIONAL_REPRESENTATION('',(#5246),#5272);
#5246 = B_SPLINE_CURVE_WITH_KNOTS('',3,(#5247,#5248,#5249,#5250,#5251,
    #5252,#5253,#5254,#5255,#5256,#5257,#5258,#5259,#5260,#5261,#5262,
    #5263,#5264,#5265,#5266,#5267,#5268,#5269,#5270,#5271),
  .UNSPECIFIED.,.F.,.F.,(4,1,1,1,1,1,1,1,1,1,1,1,1,1,1,1,1,1,1,1,1,1,4),
  (4.036768940512E-05,4.069616144151E-05,4.10246334779E-05,
    4.135310551429E-05,4.168157755069E-05,4.201004958708E-05,
    4.233852162347E-05,4.266699365986E-05,4.299546569626E-05,
    4.332393773265E-05,4.365240976904E-05,4.398088180543E-05,
    4.430935384183E-05,4.463782587822E-05,4.496629791461E-05,
    4.5294769951E-05,4.56232419874E-05,4.595171402379E-05,
    4.628018606018E-05,4.660865809657E-05,4.693713013297E-05,
    4.726560216936E-05,4.759407420575E-05),.QUASI_UNIFORM_KNOTS.);
#5247 = CARTESIAN_POINT('',(3.926990816987,9.21223277844E-02));
#5248 = CARTESIAN_POINT('',(3.924848748404,9.214476113542E-02));
#5249 = CARTESIAN_POINT('',(3.920563565599,9.218950266358E-02));
#5250 = CARTESIAN_POINT('',(3.914132788458,9.225623468002E-02));
#5251 = CARTESIAN_POINT('',(3.907699142164,9.232258166641E-02));
#5252 = CARTESIAN_POINT('',(3.901262761194,9.238853886853E-02));
#5253 = CARTESIAN_POINT('',(3.894823780351,9.245410153214E-02));
#5254 = CARTESIAN_POINT('',(3.888382334742,9.251926490302E-02));
#5255 = CARTESIAN_POINT('',(3.881938559654,9.258402422694E-02));
#5256 = CARTESIAN_POINT('',(3.875492590462,9.264837474967E-02));
#5257 = CARTESIAN_POINT('',(3.869044562528,9.271231171697E-02));
#5258 = CARTESIAN_POINT('',(3.8625946111,9.277583037463E-02));
#5259 = CARTESIAN_POINT('',(3.856142871213,9.28389259684E-02));
#5260 = CARTESIAN_POINT('',(3.849689477589,9.290159374406E-02));
#5261 = CARTESIAN_POINT('',(3.843234564533,9.296382894737E-02));
#5262 = CARTESIAN_POINT('',(3.836778265838,9.302562682412E-02));
#5263 = CARTESIAN_POINT('',(3.830320714682,9.308698262007E-02));
#5264 = CARTESIAN_POINT('',(3.823862043526,9.314789158098E-02));
#5265 = CARTESIAN_POINT('',(3.81740238402,9.320834895263E-02));
#5266 = CARTESIAN_POINT('',(3.810941866892,9.32683499808E-02));
#5267 = CARTESIAN_POINT('',(3.804480621869,9.332788991124E-02));
#5268 = CARTESIAN_POINT('',(3.798018777525,9.338696398974E-02));
#5269 = CARTESIAN_POINT('',(3.791556461359,9.344556746205E-02));
#5270 = CARTESIAN_POINT('',(3.787248019815,9.348431953666E-02));
#5271 = CARTESIAN_POINT('',(3.785093762383,9.350361555485E-02));
#5272 = ( GEOMETRIC_REPRESENTATION_CONTEXT(2) 
PARAMETRIC_REPRESENTATION_CONTEXT() REPRESENTATION_CONTEXT('2D SPACE',''
  ) );
#5273 = PCURVE('',#5274,#5279);
#5274 = CYLINDRICAL_SURFACE('',#5275,2.23704144294);
#5275 = AXIS2_PLACEMENT_3D('',#5276,#5277,#5278);
#5276 = CARTESIAN_POINT('',(2.73704144294,-0.63,2.147591539192E-15));
#5277 = DIRECTION('',(-0.,-1.,3.383061121595E-15));
#5278 = DIRECTION('',(0.,-3.383061121595E-15,-1.));
#5279 = DEFINITIONAL_REPRESENTATION('',(#5280),#5306);
#5280 = B_SPLINE_CURVE_WITH_KNOTS('',3,(#5281,#5282,#5283,#5284,#5285,
    #5286,#5287,#5288,#5289,#5290,#5291,#5292,#5293,#5294,#5295,#5296,
    #5297,#5298,#5299,#5300,#5301,#5302,#5303,#5304,#5305),
  .UNSPECIFIED.,.F.,.F.,(4,1,1,1,1,1,1,1,1,1,1,1,1,1,1,1,1,1,1,1,1,1,4),
  (4.036768940512E-05,4.069616144151E-05,4.10246334779E-05,
    4.135310551429E-05,4.168157755069E-05,4.201004958708E-05,
    4.233852162347E-05,4.266699365986E-05,4.299546569626E-05,
    4.332393773265E-05,4.365240976904E-05,4.398088180543E-05,
    4.430935384183E-05,4.463782587822E-05,4.496629791461E-05,
    4.5294769951E-05,4.56232419874E-05,4.595171402379E-05,
    4.628018606018E-05,4.660865809657E-05,4.693713013297E-05,
    4.726560216936E-05,4.759407420575E-05),.QUASI_UNIFORM_KNOTS.);
#5281 = CARTESIAN_POINT('',(4.424409074518,5.355339059312E-03));
#5282 = CARTESIAN_POINT('',(4.424373766164,5.279605496615E-03));
#5283 = CARTESIAN_POINT('',(4.424303359155,5.127612273459E-03));
#5284 = CARTESIAN_POINT('',(4.424198384491,4.898058245582E-03));
#5285 = CARTESIAN_POINT('',(4.424094052432,4.666954124704E-03));
#5286 = CARTESIAN_POINT('',(4.423990369735,4.434314010968E-03));
#5287 = CARTESIAN_POINT('',(4.423887343154,4.200152004519E-03));
#5288 = CARTESIAN_POINT('',(4.423784979445,3.964482205498E-03));
#5289 = CARTESIAN_POINT('',(4.423683285365,3.72731871405E-03));
#5290 = CARTESIAN_POINT('',(4.423582267668,3.488675630317E-03));
#5291 = CARTESIAN_POINT('',(4.42348193311,3.248567054442E-03));
#5292 = CARTESIAN_POINT('',(4.423382288448,3.007007086569E-03));
#5293 = CARTESIAN_POINT('',(4.423283340437,2.764009826842E-03));
#5294 = CARTESIAN_POINT('',(4.423185095834,2.519589375402E-03));
#5295 = CARTESIAN_POINT('',(4.423087561393,2.273759832394E-03));
#5296 = CARTESIAN_POINT('',(4.422990743872,2.02653529796E-03));
#5297 = CARTESIAN_POINT('',(4.422894650025,1.777929872244E-03));
#5298 = CARTESIAN_POINT('',(4.42279928661,1.527957655389E-03));
#5299 = CARTESIAN_POINT('',(4.422704660383,1.276632747538E-03));
#5300 = CARTESIAN_POINT('',(4.422610778099,1.023969248834E-03));
#5301 = CARTESIAN_POINT('',(4.422517646514,7.699812594208E-04));
#5302 = CARTESIAN_POINT('',(4.422425272386,5.146828794412E-04));
#5303 = CARTESIAN_POINT('',(4.42233366247,2.580882090387E-04));
#5304 = CARTESIAN_POINT('',(4.422273103171,8.617030191708E-05));
#5305 = CARTESIAN_POINT('',(4.422242953143,1.110223024625E-16));
#5306 = ( GEOMETRIC_REPRESENTATION_CONTEXT(2) 
PARAMETRIC_REPRESENTATION_CONTEXT() REPRESENTATION_CONTEXT('2D SPACE',''
  ) );
#5307 = ORIENTED_EDGE('',*,*,#5308,.F.);
#5308 = EDGE_CURVE('',#5309,#5236,#5311,.T.);
#5309 = VERTEX_POINT('',#5310);
#5310 = CARTESIAN_POINT('',(0.593503615555,-0.64,0.63));
#5311 = SURFACE_CURVE('',#5312,(#5320,#5349),.PCURVE_S1.);
#5312 = B_SPLINE_CURVE_WITH_KNOTS('',3,(#5313,#5314,#5315,#5316,#5317,
    #5318,#5319),.UNSPECIFIED.,.F.,.F.,(4,3,4),(3.220127505034E-05,
    3.250815658801E-05,3.938387802707E-05),.UNSPECIFIED.);
#5313 = CARTESIAN_POINT('',(0.593503615555,-0.64,0.63));
#5314 = CARTESIAN_POINT('',(0.593485330705,-0.639938758957,
    0.630081654724));
#5315 = CARTESIAN_POINT('',(0.593466976206,-0.639877275065,
    0.630163112343));
#5316 = CARTESIAN_POINT('',(0.593448552701,-0.639815550255,
    0.630244370681));
#5317 = CARTESIAN_POINT('',(0.593039199854,-0.638444083348,
    0.632049854092));
#5318 = CARTESIAN_POINT('',(0.592594655493,-0.636949887289,0.63376079083
    ));
#5319 = CARTESIAN_POINT('',(0.592122327784,-0.635355339059,
    0.635355339059));
#5320 = PCURVE('',#3081,#5321);
#5321 = DEFINITIONAL_REPRESENTATION('',(#5322),#5348);
#5322 = B_SPLINE_CURVE_WITH_KNOTS('',3,(#5323,#5324,#5325,#5326,#5327,
    #5328,#5329,#5330,#5331,#5332,#5333,#5334,#5335,#5336,#5337,#5338,
    #5339,#5340,#5341,#5342,#5343,#5344,#5345,#5346,#5347),
  .UNSPECIFIED.,.F.,.F.,(4,1,1,1,1,1,1,1,1,1,1,1,1,1,1,1,1,1,1,1,1,1,4),
  (3.220127505034E-05,3.252775700382E-05,3.285423895731E-05,
    3.31807209108E-05,3.350720286429E-05,3.383368481778E-05,
    3.416016677126E-05,3.448664872475E-05,3.481313067824E-05,
    3.513961263173E-05,3.546609458521E-05,3.57925765387E-05,
    3.611905849219E-05,3.644554044568E-05,3.677202239917E-05,
    3.709850435265E-05,3.742498630614E-05,3.775146825963E-05,
    3.807795021312E-05,3.840443216661E-05,3.873091412009E-05,
    3.905739607358E-05,3.938387802707E-05),.QUASI_UNIFORM_KNOTS.);
#5323 = CARTESIAN_POINT('',(4.068887871591,9.350361555485E-02));
#5324 = CARTESIAN_POINT('',(4.066703142739,9.348404545247E-02));
#5325 = CARTESIAN_POINT('',(4.062367361547,9.34450469055E-02));
#5326 = CARTESIAN_POINT('',(4.055919749888,9.338657397104E-02));
#5327 = CARTESIAN_POINT('',(4.04945761184,9.332749585646E-02));
#5328 = CARTESIAN_POINT('',(4.043000020782,9.326798742121E-02));
#5329 = CARTESIAN_POINT('',(4.036542027414,9.320800784558E-02));
#5330 = CARTESIAN_POINT('',(4.030085120788,9.314757410091E-02));
#5331 = CARTESIAN_POINT('',(4.023629066175,9.308668767348E-02));
#5332 = CARTESIAN_POINT('',(4.017174091974,9.302535419879E-02));
#5333 = CARTESIAN_POINT('',(4.010720303606,9.296357820054E-02));
#5334 = CARTESIAN_POINT('',(4.004267840434,9.290136450035E-02));
#5335 = CARTESIAN_POINT('',(3.997816833592,9.283871784001E-02));
#5336 = CARTESIAN_POINT('',(3.991367417154,9.27756429827E-02));
#5337 = CARTESIAN_POINT('',(3.984919725021,9.271214468586E-02));
#5338 = CARTESIAN_POINT('',(3.97847389162,9.264822770849E-02));
#5339 = CARTESIAN_POINT('',(3.972030051597,9.258389680914E-02));
#5340 = CARTESIAN_POINT('',(3.965588339769,9.251915674651E-02));
#5341 = CARTESIAN_POINT('',(3.959148891011,9.245401227925E-02));
#5342 = CARTESIAN_POINT('',(3.95271184016,9.238846816601E-02));
#5343 = CARTESIAN_POINT('',(3.946277321916,9.232252916546E-02));
#5344 = CARTESIAN_POINT('',(3.939845470732,9.225620003626E-02));
#5345 = CARTESIAN_POINT('',(3.933416420771,9.218948553706E-02));
#5346 = CARTESIAN_POINT('',(3.929132343973,9.214475546336E-02));
#5347 = CARTESIAN_POINT('',(3.926990816987,9.21223277844E-02));
#5348 = ( GEOMETRIC_REPRESENTATION_CONTEXT(2) 
PARAMETRIC_REPRESENTATION_CONTEXT() REPRESENTATION_CONTEXT('2D SPACE',''
  ) );
#5349 = PCURVE('',#5350,#5355);
#5350 = CYLINDRICAL_SURFACE('',#5351,2.23704144294);
#5351 = AXIS2_PLACEMENT_3D('',#5352,#5353,#5354);
#5352 = CARTESIAN_POINT('',(2.73704144294,-5.20417042793E-17,0.63));
#5353 = DIRECTION('',(-0.,-1.084202172486E-16,1.));
#5354 = DIRECTION('',(0.,-1.,-1.084202172486E-16));
#5355 = DEFINITIONAL_REPRESENTATION('',(#5356),#5382);
#5356 = B_SPLINE_CURVE_WITH_KNOTS('',3,(#5357,#5358,#5359,#5360,#5361,
    #5362,#5363,#5364,#5365,#5366,#5367,#5368,#5369,#5370,#5371,#5372,
    #5373,#5374,#5375,#5376,#5377,#5378,#5379,#5380,#5381),
  .UNSPECIFIED.,.F.,.F.,(4,1,1,1,1,1,1,1,1,1,1,1,1,1,1,1,1,1,1,1,1,1,4),
  (3.220127505034E-05,3.252775700382E-05,3.285423895731E-05,
    3.31807209108E-05,3.350720286429E-05,3.383368481778E-05,
    3.416016677126E-05,3.448664872475E-05,3.481313067824E-05,
    3.513961263173E-05,3.546609458521E-05,3.57925765387E-05,
    3.611905849219E-05,3.644554044568E-05,3.677202239917E-05,
    3.709850435265E-05,3.742498630614E-05,3.775146825963E-05,
    3.807795021312E-05,3.840443216661E-05,3.873091412009E-05,
    3.905739607358E-05,3.938387802707E-05),.QUASI_UNIFORM_KNOTS.);
#5357 = CARTESIAN_POINT('',(5.002535007627,0.));
#5358 = CARTESIAN_POINT('',(5.002504429276,8.738615104774E-05));
#5359 = CARTESIAN_POINT('',(5.002443484776,2.603934869277E-04));
#5360 = CARTESIAN_POINT('',(5.002352078762,5.163969086364E-04));
#5361 = CARTESIAN_POINT('',(5.002259698244,7.717033461825E-04));
#5362 = CARTESIAN_POINT('',(5.002166615794,1.025541912567E-03));
#5363 = CARTESIAN_POINT('',(5.002072766954,1.278101376791E-03));
#5364 = CARTESIAN_POINT('',(5.001978177572,1.529313368804E-03));
#5365 = CARTESIAN_POINT('',(5.001882849299,1.779178418758E-03));
#5366 = CARTESIAN_POINT('',(5.00178679027,2.02767859505E-03));
#5367 = CARTESIAN_POINT('',(5.001690006882,2.274800912892E-03));
#5368 = CARTESIAN_POINT('',(5.001592505997,2.520531061998E-03));
#5369 = CARTESIAN_POINT('',(5.001494294355,2.764855087249E-03));
#5370 = CARTESIAN_POINT('',(5.001395378726,3.007758938361E-03));
#5371 = CARTESIAN_POINT('',(5.001295765872,3.249228590546E-03));
#5372 = CARTESIAN_POINT('',(5.001195462558,3.489250012187E-03));
#5373 = CARTESIAN_POINT('',(5.001094475549,3.727809173497E-03));
#5374 = CARTESIAN_POINT('',(5.000992811608,3.964892044197E-03));
#5375 = CARTESIAN_POINT('',(5.000890477499,4.20048459414E-03));
#5376 = CARTESIAN_POINT('',(5.000787479987,4.434572793146E-03));
#5377 = CARTESIAN_POINT('',(5.000683825835,4.667142611041E-03));
#5378 = CARTESIAN_POINT('',(5.000579521808,4.89818001765E-03));
#5379 = CARTESIAN_POINT('',(5.000474574669,5.127670982799E-03));
#5380 = CARTESIAN_POINT('',(5.000404185678,5.279624645143E-03));
#5381 = CARTESIAN_POINT('',(5.000368886252,5.355339059346E-03));
#5382 = ( GEOMETRIC_REPRESENTATION_CONTEXT(2) 
PARAMETRIC_REPRESENTATION_CONTEXT() REPRESENTATION_CONTEXT('2D SPACE',''
  ) );
#5383 = ORIENTED_EDGE('',*,*,#5384,.T.);
#5384 = EDGE_CURVE('',#5309,#5012,#5385,.T.);
#5385 = SURFACE_CURVE('',#5386,(#5390,#5397),.PCURVE_S1.);
#5386 = LINE('',#5387,#5388);
#5387 = CARTESIAN_POINT('',(0.5,-0.64,0.63));
#5388 = VECTOR('',#5389,1.);
#5389 = DIRECTION('',(-1.,-0.,-0.));
#5390 = PCURVE('',#3081,#5391);
#5391 = DEFINITIONAL_REPRESENTATION('',(#5392),#5396);
#5392 = LINE('',#5393,#5394);
#5393 = CARTESIAN_POINT('',(4.068887871591,0.));
#5394 = VECTOR('',#5395,1.);
#5395 = DIRECTION('',(0.,-1.));
#5396 = ( GEOMETRIC_REPRESENTATION_CONTEXT(2) 
PARAMETRIC_REPRESENTATION_CONTEXT() REPRESENTATION_CONTEXT('2D SPACE',''
  ) );
#5397 = PCURVE('',#5398,#5403);
#5398 = PLANE('',#5399);
#5399 = AXIS2_PLACEMENT_3D('',#5400,#5401,#5402);
#5400 = CARTESIAN_POINT('',(2.73704144294,-5.20417042793E-17,0.63));
#5401 = DIRECTION('',(0.,-1.084202172486E-16,1.));
#5402 = DIRECTION('',(0.,-1.,-1.084202172486E-16));
#5403 = DEFINITIONAL_REPRESENTATION('',(#5404),#5408);
#5404 = LINE('',#5405,#5406);
#5405 = CARTESIAN_POINT('',(0.64,-2.23704144294));
#5406 = VECTOR('',#5407,1.);
#5407 = DIRECTION('',(0.,-1.));
#5408 = ( GEOMETRIC_REPRESENTATION_CONTEXT(2) 
PARAMETRIC_REPRESENTATION_CONTEXT() REPRESENTATION_CONTEXT('2D SPACE',''
  ) );
#5409 = ADVANCED_FACE('',(#5410),#3170,.T.);
#5410 = FACE_BOUND('',#5411,.T.);
#5411 = EDGE_LOOP('',(#5412,#5413,#5414,#5458));
#5412 = ORIENTED_EDGE('',*,*,#4937,.T.);
#5413 = ORIENTED_EDGE('',*,*,#3154,.F.);
#5414 = ORIENTED_EDGE('',*,*,#5415,.F.);
#5415 = EDGE_CURVE('',#4015,#3132,#5416,.T.);
#5416 = SURFACE_CURVE('',#5417,(#5422,#5429),.PCURVE_S1.);
#5417 = CIRCLE('',#5418,5.E-02);
#5418 = AXIS2_PLACEMENT_3D('',#5419,#5420,#5421);
#5419 = CARTESIAN_POINT('',(0.95,-0.6,0.6));
#5420 = DIRECTION('',(0.,-1.,2.168404344971E-15));
#5421 = DIRECTION('',(0.,-2.168404344971E-15,-1.));
#5422 = PCURVE('',#3170,#5423);
#5423 = DEFINITIONAL_REPRESENTATION('',(#5424),#5428);
#5424 = LINE('',#5425,#5426);
#5425 = CARTESIAN_POINT('',(0.,0.6));
#5426 = VECTOR('',#5427,1.);
#5427 = DIRECTION('',(1.,-7.067899292141E-17));
#5428 = ( GEOMETRIC_REPRESENTATION_CONTEXT(2) 
PARAMETRIC_REPRESENTATION_CONTEXT() REPRESENTATION_CONTEXT('2D SPACE',''
  ) );
#5429 = PCURVE('',#5098,#5430);
#5430 = DEFINITIONAL_REPRESENTATION('',(#5431),#5457);
#5431 = B_SPLINE_CURVE_WITH_KNOTS('',3,(#5432,#5433,#5434,#5435,#5436,
    #5437,#5438,#5439,#5440,#5441,#5442,#5443,#5444,#5445,#5446,#5447,
    #5448,#5449,#5450,#5451,#5452,#5453,#5454,#5455,#5456),
  .UNSPECIFIED.,.F.,.F.,(4,1,1,1,1,1,1,1,1,1,1,1,1,1,1,1,1,1,1,1,1,1,4),
  (1.570796326795,1.642196159831,1.713595992867,1.784995825903,
    1.856395658939,1.927795491976,1.999195325012,2.070595158048,
    2.141994991084,2.21339482412,2.284794657156,2.356194490192,
    2.427594323228,2.498994156265,2.570393989301,2.641793822337,
    2.713193655373,2.784593488409,2.855993321445,2.927393154481,
    2.998792987518,3.070192820554,3.14159265359),.QUASI_UNIFORM_KNOTS.);
#5432 = CARTESIAN_POINT('',(6.28318530718,0.));
#5433 = CARTESIAN_POINT('',(6.259385362834,0.));
#5434 = CARTESIAN_POINT('',(6.211785474143,-3.223878102939E-19));
#5435 = CARTESIAN_POINT('',(6.140385641107,1.128357336029E-18));
#5436 = CARTESIAN_POINT('',(6.068985808071,-4.191041533821E-18));
#5437 = CARTESIAN_POINT('',(5.997585975035,1.563580879926E-17));
#5438 = CARTESIAN_POINT('',(5.926186141999,-5.83521936632E-17));
#5439 = CARTESIAN_POINT('',(5.854786308963,2.177729658535E-16));
#5440 = CARTESIAN_POINT('',(5.783386475927,-8.12739669751E-16));
#5441 = CARTESIAN_POINT('',(5.711986642891,3.03318571315E-15));
#5442 = CARTESIAN_POINT('',(5.640586809854,2.002673112652E-15));
#5443 = CARTESIAN_POINT('',(5.569186976818,2.278798131745E-15));
#5444 = CARTESIAN_POINT('',(5.497787143782,2.204810655869E-15));
#5445 = CARTESIAN_POINT('',(5.426387310746,2.22463554028E-15));
#5446 = CARTESIAN_POINT('',(5.35498747771,2.219323478512E-15));
#5447 = CARTESIAN_POINT('',(5.283587644674,2.220746841173E-15));
#5448 = CARTESIAN_POINT('',(5.212187811638,2.220365452297E-15));
#5449 = CARTESIAN_POINT('',(5.140787978601,2.220467645142E-15));
#5450 = CARTESIAN_POINT('',(5.069388145565,2.220440262638E-15));
#5451 = CARTESIAN_POINT('',(4.997988312529,2.220447599807E-15));
#5452 = CARTESIAN_POINT('',(4.926588479493,2.220445633637E-15));
#5453 = CARTESIAN_POINT('',(4.855188646457,2.220446161146E-15));
#5454 = CARTESIAN_POINT('',(4.783788813421,2.22044601728E-15));
#5455 = CARTESIAN_POINT('',(4.73618892473,2.22044604925E-15));
#5456 = CARTESIAN_POINT('',(4.712388980385,2.22044604925E-15));
#5457 = ( GEOMETRIC_REPRESENTATION_CONTEXT(2) 
PARAMETRIC_REPRESENTATION_CONTEXT() REPRESENTATION_CONTEXT('2D SPACE',''
  ) );
#5458 = ORIENTED_EDGE('',*,*,#4012,.F.);
#5459 = ADVANCED_FACE('',(#5460),#3976,.T.);
#5460 = FACE_BOUND('',#5461,.T.);
#5461 = EDGE_LOOP('',(#5462,#5463,#5464,#5491));
#5462 = ORIENTED_EDGE('',*,*,#4986,.T.);
#5463 = ORIENTED_EDGE('',*,*,#4065,.F.);
#5464 = ORIENTED_EDGE('',*,*,#5465,.F.);
#5465 = EDGE_CURVE('',#3961,#4043,#5466,.T.);
#5466 = SURFACE_CURVE('',#5467,(#5472,#5479),.PCURVE_S1.);
#5467 = CIRCLE('',#5468,5.E-02);
#5468 = AXIS2_PLACEMENT_3D('',#5469,#5470,#5471);
#5469 = CARTESIAN_POINT('',(0.95,-0.6,-0.6));
#5470 = DIRECTION('',(0.,-1.,0.));
#5471 = DIRECTION('',(0.,0.,-1.));
#5472 = PCURVE('',#3976,#5473);
#5473 = DEFINITIONAL_REPRESENTATION('',(#5474),#5478);
#5474 = LINE('',#5475,#5476);
#5475 = CARTESIAN_POINT('',(3.14159265359,-0.6));
#5476 = VECTOR('',#5477,1.);
#5477 = DIRECTION('',(-1.,0.));
#5478 = ( GEOMETRIC_REPRESENTATION_CONTEXT(2) 
PARAMETRIC_REPRESENTATION_CONTEXT() REPRESENTATION_CONTEXT('2D SPACE',''
  ) );
#5479 = PCURVE('',#5480,#5485);
#5480 = SPHERICAL_SURFACE('',#5481,5.E-02);
#5481 = AXIS2_PLACEMENT_3D('',#5482,#5483,#5484);
#5482 = CARTESIAN_POINT('',(0.95,-0.6,-0.6));
#5483 = DIRECTION('',(0.,1.,0.));
#5484 = DIRECTION('',(1.,0.,0.));
#5485 = DEFINITIONAL_REPRESENTATION('',(#5486),#5490);
#5486 = LINE('',#5487,#5488);
#5487 = CARTESIAN_POINT('',(1.570796326795,0.));
#5488 = VECTOR('',#5489,1.);
#5489 = DIRECTION('',(-1.,0.));
#5490 = ( GEOMETRIC_REPRESENTATION_CONTEXT(2) 
PARAMETRIC_REPRESENTATION_CONTEXT() REPRESENTATION_CONTEXT('2D SPACE',''
  ) );
#5491 = ORIENTED_EDGE('',*,*,#3960,.F.);
#5492 = ADVANCED_FACE('',(#5493),#3027,.T.);
#5493 = FACE_BOUND('',#5494,.T.);
#5494 = EDGE_LOOP('',(#5495,#5567,#5568,#5569,#5640,#5661,#5662,#5663,
    #5707));
#5495 = ORIENTED_EDGE('',*,*,#5496,.F.);
#5496 = EDGE_CURVE('',#3329,#2977,#5497,.T.);
#5497 = SURFACE_CURVE('',#5498,(#5509,#5538),.PCURVE_S1.);
#5498 = B_SPLINE_CURVE_WITH_KNOTS('',3,(#5499,#5500,#5501,#5502,#5503,
    #5504,#5505,#5506,#5507,#5508),.UNSPECIFIED.,.F.,.F.,(4,3,3,4),(
    4.663409906927E-05,4.906704897819E-05,6.630514804273E-05,
    7.978738755369E-05),.UNSPECIFIED.);
#5499 = CARTESIAN_POINT('',(0.590543267439,-0.64,-0.63));
#5500 = CARTESIAN_POINT('',(0.590355985931,-0.640478570732,
    -0.629361905691));
#5501 = CARTESIAN_POINT('',(0.590165759026,-0.640941588668,
    -0.628712722081));
#5502 = CARTESIAN_POINT('',(0.589972946505,-0.641388369253,
    -0.628053571797));
#5503 = CARTESIAN_POINT('',(0.588620293295,-0.644522705074,
    -0.62342938172));
#5504 = CARTESIAN_POINT('',(0.587118172026,-0.646884650144,
    -0.61823567132));
#5505 = CARTESIAN_POINT('',(0.585592807135,-0.648312301517,
    -0.612881052834));
#5506 = CARTESIAN_POINT('',(0.584399626733,-0.649429047844,
    -0.608692529896));
#5507 = CARTESIAN_POINT('',(0.583170906976,-0.65,-0.604331321596));
#5508 = CARTESIAN_POINT('',(0.581965013337,-0.65,-0.6));
#5509 = PCURVE('',#3027,#5510);
#5510 = DEFINITIONAL_REPRESENTATION('',(#5511),#5537);
#5511 = B_SPLINE_CURVE_WITH_KNOTS('',3,(#5512,#5513,#5514,#5515,#5516,
    #5517,#5518,#5519,#5520,#5521,#5522,#5523,#5524,#5525,#5526,#5527,
    #5528,#5529,#5530,#5531,#5532,#5533,#5534,#5535,#5536),
  .UNSPECIFIED.,.F.,.F.,(4,1,1,1,1,1,1,1,1,1,1,1,1,1,1,1,1,1,1,1,1,1,4),
  (4.663409906927E-05,4.814106672765E-05,4.964803438604E-05,
    5.115500204442E-05,5.26619697028E-05,5.416893736119E-05,
    5.567590501957E-05,5.718287267795E-05,5.868984033633E-05,
    6.019680799472E-05,6.17037756531E-05,6.321074331148E-05,
    6.471771096986E-05,6.622467862825E-05,6.773164628663E-05,
    6.923861394501E-05,7.07455816034E-05,7.225254926178E-05,
    7.375951692016E-05,7.526648457854E-05,7.677345223693E-05,
    7.828041989531E-05,7.978738755369E-05),.QUASI_UNIFORM_KNOTS.);
#5512 = CARTESIAN_POINT('',(5.355890089178,9.054326743856E-02));
#5513 = CARTESIAN_POINT('',(5.345992543179,9.042706522566E-02));
#5514 = CARTESIAN_POINT('',(5.326240248902,9.019282843479E-02));
#5515 = CARTESIAN_POINT('',(5.296729871932,8.983624304156E-02));
#5516 = CARTESIAN_POINT('',(5.267455970848,8.947624502933E-02));
#5517 = CARTESIAN_POINT('',(5.238086366535,8.910922453738E-02));
#5518 = CARTESIAN_POINT('',(5.208721447615,8.873679039555E-02));
#5519 = CARTESIAN_POINT('',(5.179346605483,8.835915306022E-02));
#5520 = CARTESIAN_POINT('',(5.149978749251,8.797689779104E-02));
#5521 = CARTESIAN_POINT('',(5.120626789469,8.759050900812E-02));
#5522 = CARTESIAN_POINT('',(5.091302147382,8.720049968638E-02));
#5523 = CARTESIAN_POINT('',(5.06201518153,8.680736942106E-02));
#5524 = CARTESIAN_POINT('',(5.032777915929,8.641164277135E-02));
#5525 = CARTESIAN_POINT('',(5.003595649565,8.601375782025E-02));
#5526 = CARTESIAN_POINT('',(4.974496752312,8.561447359165E-02));
#5527 = CARTESIAN_POINT('',(4.945420854982,8.521335182203E-02));
#5528 = CARTESIAN_POINT('',(4.91629676249,8.48097993811E-02));
#5529 = CARTESIAN_POINT('',(4.887155088655,8.440459631783E-02));
#5530 = CARTESIAN_POINT('',(4.857999683353,8.399815368027E-02));
#5531 = CARTESIAN_POINT('',(4.828841949121,8.359098138998E-02));
#5532 = CARTESIAN_POINT('',(4.799691440765,8.318356287538E-02));
#5533 = CARTESIAN_POINT('',(4.770558156926,8.27763886639E-02));
#5534 = CARTESIAN_POINT('',(4.741451776773,8.236994738014E-02));
#5535 = CARTESIAN_POINT('',(4.722071544057,8.209980123405E-02));
#5536 = CARTESIAN_POINT('',(4.712388980385,8.196501333686E-02));
#5537 = ( GEOMETRIC_REPRESENTATION_CONTEXT(2) 
PARAMETRIC_REPRESENTATION_CONTEXT() REPRESENTATION_CONTEXT('2D SPACE',''
  ) );
#5538 = PCURVE('',#2777,#5539);
#5539 = DEFINITIONAL_REPRESENTATION('',(#5540),#5566);
#5540 = B_SPLINE_CURVE_WITH_KNOTS('',3,(#5541,#5542,#5543,#5544,#5545,
    #5546,#5547,#5548,#5549,#5550,#5551,#5552,#5553,#5554,#5555,#5556,
    #5557,#5558,#5559,#5560,#5561,#5562,#5563,#5564,#5565),
  .UNSPECIFIED.,.F.,.F.,(4,1,1,1,1,1,1,1,1,1,1,1,1,1,1,1,1,1,1,1,1,1,4),
  (4.663409906927E-05,4.814106672765E-05,4.964803438604E-05,
    5.115500204442E-05,5.26619697028E-05,5.416893736119E-05,
    5.567590501957E-05,5.718287267795E-05,5.868984033633E-05,
    6.019680799472E-05,6.17037756531E-05,6.321074331148E-05,
    6.471771096986E-05,6.622467862825E-05,6.773164628663E-05,
    6.923861394501E-05,7.07455816034E-05,7.225254926178E-05,
    7.375951692016E-05,7.526648457854E-05,7.677345223693E-05,
    7.828041989531E-05,7.978738755369E-05),.QUASI_UNIFORM_KNOTS.);
#5541 = CARTESIAN_POINT('',(4.997873050533,9.999999999998E-03));
#5542 = CARTESIAN_POINT('',(4.997688600094,1.029689502826E-02));
#5543 = CARTESIAN_POINT('',(4.997316450405,1.087774377819E-02));
#5544 = CARTESIAN_POINT('',(4.996748825316,1.170984911707E-02));
#5545 = CARTESIAN_POINT('',(4.996174598124,1.249873449267E-02));
#5546 = CARTESIAN_POINT('',(4.995587983266,1.325332681627E-02));
#5547 = CARTESIAN_POINT('',(4.994991502284,1.39704112135E-02));
#5548 = CARTESIAN_POINT('',(4.994385450784,1.465002622593E-02));
#5549 = CARTESIAN_POINT('',(4.993770720973,1.529133851705E-02));
#5550 = CARTESIAN_POINT('',(4.993148044517,1.589374884669E-02));
#5551 = CARTESIAN_POINT('',(4.992518198569,1.645659346739E-02));
#5552 = CARTESIAN_POINT('',(4.991881938776,1.697923256454E-02));
#5553 = CARTESIAN_POINT('',(4.991240061214,1.746099509943E-02));
#5554 = CARTESIAN_POINT('',(4.990593221612,1.790131099685E-02));
#5555 = CARTESIAN_POINT('',(4.989942596506,1.829923755171E-02));
#5556 = CARTESIAN_POINT('',(4.989287419382,1.865522161494E-02));
#5557 = CARTESIAN_POINT('',(4.988626726077,1.897037171616E-02));
#5558 = CARTESIAN_POINT('',(4.987961777482,1.924412353583E-02));
#5559 = CARTESIAN_POINT('',(4.98729323652,1.947636101022E-02));
#5560 = CARTESIAN_POINT('',(4.986621926337,1.966684796577E-02));
#5561 = CARTESIAN_POINT('',(4.985948627147,1.981538041232E-02));
#5562 = CARTESIAN_POINT('',(4.985274130655,1.992174573598E-02));
#5563 = CARTESIAN_POINT('',(4.984599225476,1.998573363438E-02));
#5564 = CARTESIAN_POINT('',(4.984149542513,2.E-02));
#5565 = CARTESIAN_POINT('',(4.98392489602,2.E-02));
#5566 = ( GEOMETRIC_REPRESENTATION_CONTEXT(2) 
PARAMETRIC_REPRESENTATION_CONTEXT() REPRESENTATION_CONTEXT('2D SPACE',''
  ) );
#5567 = ORIENTED_EDGE('',*,*,#3389,.T.);
#5568 = ORIENTED_EDGE('',*,*,#3867,.F.);
#5569 = ORIENTED_EDGE('',*,*,#5570,.F.);
#5570 = EDGE_CURVE('',#5571,#3841,#5573,.T.);
#5571 = VERTEX_POINT('',#5572);
#5572 = CARTESIAN_POINT('',(0.593503615555,-0.63,-0.64));
#5573 = SURFACE_CURVE('',#5574,(#5582,#5611),.PCURVE_S1.);
#5574 = B_SPLINE_CURVE_WITH_KNOTS('',3,(#5575,#5576,#5577,#5578,#5579,
    #5580,#5581),.UNSPECIFIED.,.F.,.F.,(4,3,4),(3.220127505034E-05,
    3.250815658801E-05,3.938387802704E-05),.UNSPECIFIED.);
#5575 = CARTESIAN_POINT('',(0.593503615555,-0.63,-0.64));
#5576 = CARTESIAN_POINT('',(0.593485330705,-0.630081654724,
    -0.639938758957));
#5577 = CARTESIAN_POINT('',(0.593466976206,-0.630163112343,
    -0.639877275065));
#5578 = CARTESIAN_POINT('',(0.593448552701,-0.630244370681,
    -0.639815550255));
#5579 = CARTESIAN_POINT('',(0.593039199854,-0.632049854092,
    -0.638444083348));
#5580 = CARTESIAN_POINT('',(0.592594655493,-0.63376079083,
    -0.636949887289));
#5581 = CARTESIAN_POINT('',(0.592122327784,-0.635355339059,
    -0.635355339059));
#5582 = PCURVE('',#3027,#5583);
#5583 = DEFINITIONAL_REPRESENTATION('',(#5584),#5610);
#5584 = B_SPLINE_CURVE_WITH_KNOTS('',3,(#5585,#5586,#5587,#5588,#5589,
    #5590,#5591,#5592,#5593,#5594,#5595,#5596,#5597,#5598,#5599,#5600,
    #5601,#5602,#5603,#5604,#5605,#5606,#5607,#5608,#5609),
  .UNSPECIFIED.,.F.,.F.,(4,1,1,1,1,1,1,1,1,1,1,1,1,1,1,1,1,1,1,1,1,1,4),
  (3.220127505034E-05,3.252775700383E-05,3.285423895731E-05,
    3.31807209108E-05,3.350720286429E-05,3.383368481777E-05,
    3.416016677126E-05,3.448664872475E-05,3.481313067823E-05,
    3.513961263172E-05,3.54660945852E-05,3.579257653869E-05,
    3.611905849218E-05,3.644554044566E-05,3.677202239915E-05,
    3.709850435264E-05,3.742498630612E-05,3.775146825961E-05,
    3.80779502131E-05,3.840443216658E-05,3.873091412007E-05,
    3.905739607356E-05,3.938387802704E-05),.QUASI_UNIFORM_KNOTS.);
#5585 = CARTESIAN_POINT('',(5.639684198386,9.350361555485E-02));
#5586 = CARTESIAN_POINT('',(5.637499469534,9.348404545247E-02));
#5587 = CARTESIAN_POINT('',(5.633163688342,9.34450469055E-02));
#5588 = CARTESIAN_POINT('',(5.626716076683,9.338657397104E-02));
#5589 = CARTESIAN_POINT('',(5.620253938635,9.332749585646E-02));
#5590 = CARTESIAN_POINT('',(5.613796347577,9.326798742121E-02));
#5591 = CARTESIAN_POINT('',(5.607338354208,9.320800784558E-02));
#5592 = CARTESIAN_POINT('',(5.600881447583,9.314757410091E-02));
#5593 = CARTESIAN_POINT('',(5.59442539297,9.308668767348E-02));
#5594 = CARTESIAN_POINT('',(5.587970418769,9.302535419879E-02));
#5595 = CARTESIAN_POINT('',(5.581516630401,9.296357820054E-02));
#5596 = CARTESIAN_POINT('',(5.575064167229,9.290136450035E-02));
#5597 = CARTESIAN_POINT('',(5.568613160387,9.283871784001E-02));
#5598 = CARTESIAN_POINT('',(5.56216374395,9.27756429827E-02));
#5599 = CARTESIAN_POINT('',(5.555716051816,9.271214468587E-02));
#5600 = CARTESIAN_POINT('',(5.549270218415,9.264822770849E-02));
#5601 = CARTESIAN_POINT('',(5.542826378392,9.258389680915E-02));
#5602 = CARTESIAN_POINT('',(5.536384666564,9.251915674652E-02));
#5603 = CARTESIAN_POINT('',(5.529945217806,9.245401227925E-02));
#5604 = CARTESIAN_POINT('',(5.523508166955,9.238846816602E-02));
#5605 = CARTESIAN_POINT('',(5.517073648712,9.232252916547E-02));
#5606 = CARTESIAN_POINT('',(5.510641797527,9.225620003626E-02));
#5607 = CARTESIAN_POINT('',(5.504212747567,9.218948553706E-02));
#5608 = CARTESIAN_POINT('',(5.499928670768,9.214475546337E-02));
#5609 = CARTESIAN_POINT('',(5.497787143782,9.212232778441E-02));
#5610 = ( GEOMETRIC_REPRESENTATION_CONTEXT(2) 
PARAMETRIC_REPRESENTATION_CONTEXT() REPRESENTATION_CONTEXT('2D SPACE',''
  ) );
#5611 = PCURVE('',#3856,#5612);
#5612 = DEFINITIONAL_REPRESENTATION('',(#5613),#5639);
#5613 = B_SPLINE_CURVE_WITH_KNOTS('',3,(#5614,#5615,#5616,#5617,#5618,
    #5619,#5620,#5621,#5622,#5623,#5624,#5625,#5626,#5627,#5628,#5629,
    #5630,#5631,#5632,#5633,#5634,#5635,#5636,#5637,#5638),
  .UNSPECIFIED.,.F.,.F.,(4,1,1,1,1,1,1,1,1,1,1,1,1,1,1,1,1,1,1,1,1,1,4),
  (3.220127505034E-05,3.252775700383E-05,3.285423895731E-05,
    3.31807209108E-05,3.350720286429E-05,3.383368481777E-05,
    3.416016677126E-05,3.448664872475E-05,3.481313067823E-05,
    3.513961263172E-05,3.54660945852E-05,3.579257653869E-05,
    3.611905849218E-05,3.644554044566E-05,3.677202239915E-05,
    3.709850435264E-05,3.742498630612E-05,3.775146825961E-05,
    3.80779502131E-05,3.840443216658E-05,3.873091412007E-05,
    3.905739607356E-05,3.938387802704E-05),.QUASI_UNIFORM_KNOTS.);
#5614 = CARTESIAN_POINT('',(5.002535007627,0.));
#5615 = CARTESIAN_POINT('',(5.002504429276,8.738615104753E-05));
#5616 = CARTESIAN_POINT('',(5.002443484776,2.60393486927E-04));
#5617 = CARTESIAN_POINT('',(5.002352078762,5.163969086346E-04));
#5618 = CARTESIAN_POINT('',(5.002259698244,7.717033461796E-04));
#5619 = CARTESIAN_POINT('',(5.002166615794,1.025541912563E-03));
#5620 = CARTESIAN_POINT('',(5.002072766954,1.278101376786E-03));
#5621 = CARTESIAN_POINT('',(5.001978177572,1.529313368798E-03));
#5622 = CARTESIAN_POINT('',(5.001882849299,1.779178418751E-03));
#5623 = CARTESIAN_POINT('',(5.00178679027,2.027678595043E-03));
#5624 = CARTESIAN_POINT('',(5.001690006882,2.274800912884E-03));
#5625 = CARTESIAN_POINT('',(5.001592505997,2.520531061989E-03));
#5626 = CARTESIAN_POINT('',(5.001494294355,2.76485508724E-03));
#5627 = CARTESIAN_POINT('',(5.001395378726,3.007758938349E-03));
#5628 = CARTESIAN_POINT('',(5.001295765872,3.249228590534E-03));
#5629 = CARTESIAN_POINT('',(5.001195462558,3.489250012174E-03));
#5630 = CARTESIAN_POINT('',(5.001094475549,3.727809173483E-03));
#5631 = CARTESIAN_POINT('',(5.000992811608,3.964892044182E-03));
#5632 = CARTESIAN_POINT('',(5.000890477499,4.200484594125E-03));
#5633 = CARTESIAN_POINT('',(5.000787479987,4.43457279313E-03));
#5634 = CARTESIAN_POINT('',(5.000683825835,4.667142611023E-03));
#5635 = CARTESIAN_POINT('',(5.000579521808,4.898180017632E-03));
#5636 = CARTESIAN_POINT('',(5.000474574669,5.12767098278E-03));
#5637 = CARTESIAN_POINT('',(5.000404185678,5.279624645123E-03));
#5638 = CARTESIAN_POINT('',(5.000368886252,5.355339059327E-03));
#5639 = ( GEOMETRIC_REPRESENTATION_CONTEXT(2) 
PARAMETRIC_REPRESENTATION_CONTEXT() REPRESENTATION_CONTEXT('2D SPACE',''
  ) );
#5640 = ORIENTED_EDGE('',*,*,#5641,.T.);
#5641 = EDGE_CURVE('',#5571,#3414,#5642,.T.);
#5642 = SURFACE_CURVE('',#5643,(#5647,#5654),.PCURVE_S1.);
#5643 = LINE('',#5644,#5645);
#5644 = CARTESIAN_POINT('',(0.5,-0.63,-0.64));
#5645 = VECTOR('',#5646,1.);
#5646 = DIRECTION('',(-1.,-0.,-0.));
#5647 = PCURVE('',#3027,#5648);
#5648 = DEFINITIONAL_REPRESENTATION('',(#5649),#5653);
#5649 = LINE('',#5650,#5651);
#5650 = CARTESIAN_POINT('',(5.639684198386,0.));
#5651 = VECTOR('',#5652,1.);
#5652 = DIRECTION('',(0.,-1.));
#5653 = ( GEOMETRIC_REPRESENTATION_CONTEXT(2) 
PARAMETRIC_REPRESENTATION_CONTEXT() REPRESENTATION_CONTEXT('2D SPACE',''
  ) );
#5654 = PCURVE('',#3429,#5655);
#5655 = DEFINITIONAL_REPRESENTATION('',(#5656),#5660);
#5656 = LINE('',#5657,#5658);
#5657 = CARTESIAN_POINT('',(0.64,-2.23704144294));
#5658 = VECTOR('',#5659,1.);
#5659 = DIRECTION('',(0.,-1.));
#5660 = ( GEOMETRIC_REPRESENTATION_CONTEXT(2) 
PARAMETRIC_REPRESENTATION_CONTEXT() REPRESENTATION_CONTEXT('2D SPACE',''
  ) );
#5661 = ORIENTED_EDGE('',*,*,#3767,.F.);
#5662 = ORIENTED_EDGE('',*,*,#3988,.F.);
#5663 = ORIENTED_EDGE('',*,*,#5664,.F.);
#5664 = EDGE_CURVE('',#3012,#3961,#5665,.T.);
#5665 = SURFACE_CURVE('',#5666,(#5671,#5678),.PCURVE_S1.);
#5666 = CIRCLE('',#5667,5.E-02);
#5667 = AXIS2_PLACEMENT_3D('',#5668,#5669,#5670);
#5668 = CARTESIAN_POINT('',(0.95,-0.6,-0.6));
#5669 = DIRECTION('',(1.,0.,0.));
#5670 = DIRECTION('',(0.,0.,-1.));
#5671 = PCURVE('',#3027,#5672);
#5672 = DEFINITIONAL_REPRESENTATION('',(#5673),#5677);
#5673 = LINE('',#5674,#5675);
#5674 = CARTESIAN_POINT('',(0.,0.45));
#5675 = VECTOR('',#5676,1.);
#5676 = DIRECTION('',(1.,0.));
#5677 = ( GEOMETRIC_REPRESENTATION_CONTEXT(2) 
PARAMETRIC_REPRESENTATION_CONTEXT() REPRESENTATION_CONTEXT('2D SPACE',''
  ) );
#5678 = PCURVE('',#5480,#5679);
#5679 = DEFINITIONAL_REPRESENTATION('',(#5680),#5706);
#5680 = B_SPLINE_CURVE_WITH_KNOTS('',3,(#5681,#5682,#5683,#5684,#5685,
    #5686,#5687,#5688,#5689,#5690,#5691,#5692,#5693,#5694,#5695,#5696,
    #5697,#5698,#5699,#5700,#5701,#5702,#5703,#5704,#5705),
  .UNSPECIFIED.,.F.,.F.,(4,1,1,1,1,1,1,1,1,1,1,1,1,1,1,1,1,1,1,1,1,1,4),
  (4.712388980385,4.783788813421,4.855188646457,4.926588479493,
    4.997988312529,5.069388145565,5.140787978601,5.212187811638,
    5.283587644674,5.35498747771,5.426387310746,5.497787143782,
    5.569186976818,5.640586809854,5.711986642891,5.783386475927,
    5.854786308963,5.926186141999,5.997585975035,6.068985808071,
    6.140385641107,6.211785474143,6.28318530718),.QUASI_UNIFORM_KNOTS.);
#5681 = CARTESIAN_POINT('',(1.570796326795,-1.570796326795));
#5682 = CARTESIAN_POINT('',(1.570796326795,-1.54699638245));
#5683 = CARTESIAN_POINT('',(1.570796326795,-1.499396493759));
#5684 = CARTESIAN_POINT('',(1.570796326795,-1.427996660723));
#5685 = CARTESIAN_POINT('',(1.570796326795,-1.356596827687));
#5686 = CARTESIAN_POINT('',(1.570796326795,-1.28519699465));
#5687 = CARTESIAN_POINT('',(1.570796326795,-1.213797161614));
#5688 = CARTESIAN_POINT('',(1.570796326795,-1.142397328578));
#5689 = CARTESIAN_POINT('',(1.570796326795,-1.070997495542));
#5690 = CARTESIAN_POINT('',(1.570796326795,-0.999597662506));
#5691 = CARTESIAN_POINT('',(1.570796326795,-0.92819782947));
#5692 = CARTESIAN_POINT('',(1.570796326795,-0.856797996434));
#5693 = CARTESIAN_POINT('',(1.570796326795,-0.785398163397));
#5694 = CARTESIAN_POINT('',(1.570796326795,-0.713998330361));
#5695 = CARTESIAN_POINT('',(1.570796326795,-0.642598497325));
#5696 = CARTESIAN_POINT('',(1.570796326795,-0.571198664289));
#5697 = CARTESIAN_POINT('',(1.570796326795,-0.499798831253));
#5698 = CARTESIAN_POINT('',(1.570796326795,-0.428398998217));
#5699 = CARTESIAN_POINT('',(1.570796326795,-0.356999165181));
#5700 = CARTESIAN_POINT('',(1.570796326795,-0.285599332145));
#5701 = CARTESIAN_POINT('',(1.570796326795,-0.214199499108));
#5702 = CARTESIAN_POINT('',(1.570796326795,-0.142799666072));
#5703 = CARTESIAN_POINT('',(1.570796326795,-7.139983303613E-02));
#5704 = CARTESIAN_POINT('',(1.570796326795,-2.379994434538E-02));
#5705 = CARTESIAN_POINT('',(1.570796326795,0.));
#5706 = ( GEOMETRIC_REPRESENTATION_CONTEXT(2) 
PARAMETRIC_REPRESENTATION_CONTEXT() REPRESENTATION_CONTEXT('2D SPACE',''
  ) );
#5707 = ORIENTED_EDGE('',*,*,#3011,.F.);
#5708 = ADVANCED_FACE('',(#5709),#5098,.T.);
#5709 = FACE_BOUND('',#5710,.T.);
#5710 = EDGE_LOOP('',(#5711,#5712,#5713));
#5711 = ORIENTED_EDGE('',*,*,#5415,.T.);
#5712 = ORIENTED_EDGE('',*,*,#5083,.T.);
#5713 = ORIENTED_EDGE('',*,*,#5714,.F.);
#5714 = EDGE_CURVE('',#4015,#3040,#5715,.T.);
#5715 = SURFACE_CURVE('',#5716,(#5721,#5728),.PCURVE_S1.);
#5716 = CIRCLE('',#5717,5.E-02);
#5717 = AXIS2_PLACEMENT_3D('',#5718,#5719,#5720);
#5718 = CARTESIAN_POINT('',(0.95,-0.6,0.6));
#5719 = DIRECTION('',(0.,0.,-1.));
#5720 = DIRECTION('',(1.,0.,0.));
#5721 = PCURVE('',#5098,#5722);
#5722 = DEFINITIONAL_REPRESENTATION('',(#5723),#5727);
#5723 = LINE('',#5724,#5725);
#5724 = CARTESIAN_POINT('',(6.28318530718,0.));
#5725 = VECTOR('',#5726,1.);
#5726 = DIRECTION('',(0.,-1.));
#5727 = ( GEOMETRIC_REPRESENTATION_CONTEXT(2) 
PARAMETRIC_REPRESENTATION_CONTEXT() REPRESENTATION_CONTEXT('2D SPACE',''
  ) );
#5728 = PCURVE('',#3055,#5729);
#5729 = DEFINITIONAL_REPRESENTATION('',(#5730),#5734);
#5730 = LINE('',#5731,#5732);
#5731 = CARTESIAN_POINT('',(3.14159265359,-0.6));
#5732 = VECTOR('',#5733,1.);
#5733 = DIRECTION('',(1.,0.));
#5734 = ( GEOMETRIC_REPRESENTATION_CONTEXT(2) 
PARAMETRIC_REPRESENTATION_CONTEXT() REPRESENTATION_CONTEXT('2D SPACE',''
  ) );
#5735 = ADVANCED_FACE('',(#5736),#5480,.T.);
#5736 = FACE_BOUND('',#5737,.T.);
#5737 = EDGE_LOOP('',(#5738,#5739,#5740));
#5738 = ORIENTED_EDGE('',*,*,#5664,.T.);
#5739 = ORIENTED_EDGE('',*,*,#5465,.T.);
#5740 = ORIENTED_EDGE('',*,*,#5741,.F.);
#5741 = EDGE_CURVE('',#3012,#4043,#5742,.T.);
#5742 = SURFACE_CURVE('',#5743,(#5748,#5777),.PCURVE_S1.);
#5743 = CIRCLE('',#5744,5.E-02);
#5744 = AXIS2_PLACEMENT_3D('',#5745,#5746,#5747);
#5745 = CARTESIAN_POINT('',(0.95,-0.6,-0.6));
#5746 = DIRECTION('',(0.,6.505213034913E-15,1.));
#5747 = DIRECTION('',(0.,1.,-6.505213034913E-15));
#5748 = PCURVE('',#5480,#5749);
#5749 = DEFINITIONAL_REPRESENTATION('',(#5750),#5776);
#5750 = B_SPLINE_CURVE_WITH_KNOTS('',3,(#5751,#5752,#5753,#5754,#5755,
    #5756,#5757,#5758,#5759,#5760,#5761,#5762,#5763,#5764,#5765,#5766,
    #5767,#5768,#5769,#5770,#5771,#5772,#5773,#5774,#5775),
  .UNSPECIFIED.,.F.,.F.,(4,1,1,1,1,1,1,1,1,1,1,1,1,1,1,1,1,1,1,1,1,1,4),
  (3.14159265359,3.212992486626,3.284392319662,3.355792152698,
    3.427191985734,3.49859181877,3.569991651807,3.641391484843,
    3.712791317879,3.784191150915,3.855590983951,3.926990816987,
    3.998390650023,4.06979048306,4.141190316096,4.212590149132,
    4.283989982168,4.355389815204,4.42678964824,4.498189481276,
    4.569589314312,4.640989147349,4.712388980385),
  .QUASI_UNIFORM_KNOTS.);
#5751 = CARTESIAN_POINT('',(-6.217248937901E-14,-1.570796326795));
#5752 = CARTESIAN_POINT('',(-7.371880883511E-14,-1.54699638245));
#5753 = CARTESIAN_POINT('',(-6.750155989721E-14,-1.499396493759));
#5754 = CARTESIAN_POINT('',(-2.48689957516E-14,-1.427996660723));
#5755 = CARTESIAN_POINT('',(-2.04281036531E-14,-1.356596827687));
#5756 = CARTESIAN_POINT('',(-1.7763568394E-14,-1.28519699465));
#5757 = CARTESIAN_POINT('',(-9.769962616701E-15,-1.213797161614));
#5758 = CARTESIAN_POINT('',(-1.15463194561E-14,-1.142397328578));
#5759 = CARTESIAN_POINT('',(-9.769962616701E-15,-1.070997495542));
#5760 = CARTESIAN_POINT('',(-3.552713678801E-15,-0.999597662506));
#5761 = CARTESIAN_POINT('',(-4.440892098501E-15,-0.92819782947));
#5762 = CARTESIAN_POINT('',(-3.552713678801E-15,-0.856797996434));
#5763 = CARTESIAN_POINT('',(-5.329070518201E-15,-0.785398163397));
#5764 = CARTESIAN_POINT('',(-8.881784197001E-16,-0.713998330361));
#5765 = CARTESIAN_POINT('',(-4.440892098501E-15,-0.642598497325));
#5766 = CARTESIAN_POINT('',(-1.7763568394E-15,-0.571198664289));
#5767 = CARTESIAN_POINT('',(-1.7763568394E-15,-0.499798831253));
#5768 = CARTESIAN_POINT('',(2.6645352591E-15,-0.428398998217));
#5769 = CARTESIAN_POINT('',(-2.6645352591E-15,-0.356999165181));
#5770 = CARTESIAN_POINT('',(8.881784197001E-16,-0.285599332145));
#5771 = CARTESIAN_POINT('',(-2.6645352591E-15,-0.214199499108));
#5772 = CARTESIAN_POINT('',(5.329070518201E-15,-0.142799666072));
#5773 = CARTESIAN_POINT('',(3.552713678801E-15,-7.139983303613E-02));
#5774 = CARTESIAN_POINT('',(8.881784197001E-16,-2.379994434538E-02));
#5775 = CARTESIAN_POINT('',(8.881784197001E-16,0.));
#5776 = ( GEOMETRIC_REPRESENTATION_CONTEXT(2) 
PARAMETRIC_REPRESENTATION_CONTEXT() REPRESENTATION_CONTEXT('2D SPACE',''
  ) );
#5777 = PCURVE('',#3055,#5778);
#5778 = DEFINITIONAL_REPRESENTATION('',(#5779),#5783);
#5779 = LINE('',#5780,#5781);
#5780 = CARTESIAN_POINT('',(7.853981633974,0.6));
#5781 = VECTOR('',#5782,1.);
#5782 = DIRECTION('',(-1.,2.120369787642E-16));
#5783 = ( GEOMETRIC_REPRESENTATION_CONTEXT(2) 
PARAMETRIC_REPRESENTATION_CONTEXT() REPRESENTATION_CONTEXT('2D SPACE',''
  ) );
#5784 = ADVANCED_FACE('',(#5785),#3055,.T.);
#5785 = FACE_BOUND('',#5786,.T.);
#5786 = EDGE_LOOP('',(#5787,#5788,#5789,#5790));
#5787 = ORIENTED_EDGE('',*,*,#5714,.T.);
#5788 = ORIENTED_EDGE('',*,*,#3039,.F.);
#5789 = ORIENTED_EDGE('',*,*,#5741,.T.);
#5790 = ORIENTED_EDGE('',*,*,#4042,.F.);
#5791 = ADVANCED_FACE('',(#5792),#4182,.T.);
#5792 = FACE_BOUND('',#5793,.T.);
#5793 = EDGE_LOOP('',(#5794,#5795,#5815));
#5794 = ORIENTED_EDGE('',*,*,#4865,.T.);
#5795 = ORIENTED_EDGE('',*,*,#5796,.T.);
#5796 = EDGE_CURVE('',#4793,#3611,#5797,.T.);
#5797 = SURFACE_CURVE('',#5798,(#5803,#5809),.PCURVE_S1.);
#5798 = ( BOUNDED_CURVE() B_SPLINE_CURVE(3,(#5799,#5800,#5801,#5802),
.UNSPECIFIED.,.F.,.F.) B_SPLINE_CURVE_WITH_KNOTS((4,4),(1.282816420928,
1.285312256647),.PIECEWISE_BEZIER_KNOTS.) CURVE() 
GEOMETRIC_REPRESENTATION_ITEM() RATIONAL_B_SPLINE_CURVE((1.,0.9999994809
,0.9999994809,1.)) REPRESENTATION_ITEM('') );
#5799 = CARTESIAN_POINT('',(0.592122327784,0.635355339059,
    -0.635355339059));
#5800 = CARTESIAN_POINT('',(0.591593746797,0.633570883349,
    -0.633570883349));
#5801 = CARTESIAN_POINT('',(0.591067393076,0.631785769402,
    -0.631785769402));
#5802 = CARTESIAN_POINT('',(0.590543267439,0.63,-0.63));
#5803 = PCURVE('',#4182,#5804);
#5804 = DEFINITIONAL_REPRESENTATION('',(#5805),#5808);
#5805 = B_SPLINE_CURVE_WITH_KNOTS('',1,(#5806,#5807),.UNSPECIFIED.,.F.,
  .F.,(2,2),(1.282816420928,1.285312256647),.PIECEWISE_BEZIER_KNOTS.);
#5806 = CARTESIAN_POINT('',(5.000368886252,5.355339059331E-03));
#5807 = CARTESIAN_POINT('',(4.997873050533,3.552713678801E-15));
#5808 = ( GEOMETRIC_REPRESENTATION_CONTEXT(2) 
PARAMETRIC_REPRESENTATION_CONTEXT() REPRESENTATION_CONTEXT('2D SPACE',''
  ) );
#5809 = PCURVE('',#4831,#5810);
#5810 = DEFINITIONAL_REPRESENTATION('',(#5811),#5814);
#5811 = B_SPLINE_CURVE_WITH_KNOTS('',1,(#5812,#5813),.UNSPECIFIED.,.F.,
  .F.,(2,2),(1.282816420928,1.285312256647),.PIECEWISE_BEZIER_KNOTS.);
#5812 = CARTESIAN_POINT('',(4.424409074518,5.355339059331E-03));
#5813 = CARTESIAN_POINT('',(4.426904910237,6.661338147751E-15));
#5814 = ( GEOMETRIC_REPRESENTATION_CONTEXT(2) 
PARAMETRIC_REPRESENTATION_CONTEXT() REPRESENTATION_CONTEXT('2D SPACE',''
  ) );
#5815 = ORIENTED_EDGE('',*,*,#4163,.F.);
#5816 = ADVANCED_FACE('',(#5817),#3648,.T.);
#5817 = FACE_BOUND('',#5818,.T.);
#5818 = EDGE_LOOP('',(#5819,#5820,#5846));
#5819 = ORIENTED_EDGE('',*,*,#3632,.T.);
#5820 = ORIENTED_EDGE('',*,*,#5821,.T.);
#5821 = EDGE_CURVE('',#3611,#4770,#5822,.T.);
#5822 = SURFACE_CURVE('',#5823,(#5828,#5839),.PCURVE_S1.);
#5823 = CIRCLE('',#5824,2.23704144294);
#5824 = AXIS2_PLACEMENT_3D('',#5825,#5826,#5827);
#5825 = CARTESIAN_POINT('',(2.73704144294,0.63,-6.546858026134E-15));
#5826 = DIRECTION('',(0.,-1.,1.036602379928E-14));
#5827 = DIRECTION('',(0.,1.036602379928E-14,1.));
#5828 = PCURVE('',#3648,#5829);
#5829 = DEFINITIONAL_REPRESENTATION('',(#5830),#5838);
#5830 = ( BOUNDED_CURVE() B_SPLINE_CURVE(2,(#5831,#5832,#5833,#5834,
#5835,#5836,#5837),.UNSPECIFIED.,.T.,.F.) B_SPLINE_CURVE_WITH_KNOTS((1,2
    ,2,2,2,1),(-2.094395102393,0.,2.094395102393,4.188790204786,
6.28318530718,8.377580409573),.UNSPECIFIED.) CURVE() 
GEOMETRIC_REPRESENTATION_ITEM() RATIONAL_B_SPLINE_CURVE((1.,0.5,1.,0.5,
1.,0.5,1.)) REPRESENTATION_ITEM('') );
#5831 = CARTESIAN_POINT('',(2.23704144294,0.));
#5832 = CARTESIAN_POINT('',(2.23704144294,-3.874669437809));
#5833 = CARTESIAN_POINT('',(-1.11852072147,-1.937334718904));
#5834 = CARTESIAN_POINT('',(-4.47408288588,-5.479171285312E-16));
#5835 = CARTESIAN_POINT('',(-1.11852072147,1.937334718904));
#5836 = CARTESIAN_POINT('',(2.23704144294,3.874669437809));
#5837 = CARTESIAN_POINT('',(2.23704144294,0.));
#5838 = ( GEOMETRIC_REPRESENTATION_CONTEXT(2) 
PARAMETRIC_REPRESENTATION_CONTEXT() REPRESENTATION_CONTEXT('2D SPACE',''
  ) );
#5839 = PCURVE('',#4831,#5840);
#5840 = DEFINITIONAL_REPRESENTATION('',(#5841),#5845);
#5841 = LINE('',#5842,#5843);
#5842 = CARTESIAN_POINT('',(6.28318530718,0.));
#5843 = VECTOR('',#5844,1.);
#5844 = DIRECTION('',(-1.,0.));
#5845 = ( GEOMETRIC_REPRESENTATION_CONTEXT(2) 
PARAMETRIC_REPRESENTATION_CONTEXT() REPRESENTATION_CONTEXT('2D SPACE',''
  ) );
#5846 = ORIENTED_EDGE('',*,*,#4769,.F.);
#5847 = ADVANCED_FACE('',(#5848),#4831,.T.);
#5848 = FACE_BOUND('',#5849,.T.);
#5849 = EDGE_LOOP('',(#5850,#5851,#5852));
#5850 = ORIENTED_EDGE('',*,*,#4792,.T.);
#5851 = ORIENTED_EDGE('',*,*,#5821,.F.);
#5852 = ORIENTED_EDGE('',*,*,#5796,.F.);
#5853 = ADVANCED_FACE('',(#5854),#3429,.T.);
#5854 = FACE_BOUND('',#5855,.T.);
#5855 = EDGE_LOOP('',(#5856,#5882,#5883));
#5856 = ORIENTED_EDGE('',*,*,#5857,.T.);
#5857 = EDGE_CURVE('',#5571,#3327,#5858,.T.);
#5858 = SURFACE_CURVE('',#5859,(#5864,#5875),.PCURVE_S1.);
#5859 = CIRCLE('',#5860,2.23704144294);
#5860 = AXIS2_PLACEMENT_3D('',#5861,#5862,#5863);
#5861 = CARTESIAN_POINT('',(2.73704144294,-0.63,2.147591539192E-15));
#5862 = DIRECTION('',(0.,1.,-3.383061121595E-15));
#5863 = DIRECTION('',(0.,-3.383061121595E-15,-1.));
#5864 = PCURVE('',#3429,#5865);
#5865 = DEFINITIONAL_REPRESENTATION('',(#5866),#5874);
#5866 = ( BOUNDED_CURVE() B_SPLINE_CURVE(2,(#5867,#5868,#5869,#5870,
#5871,#5872,#5873),.UNSPECIFIED.,.T.,.F.) B_SPLINE_CURVE_WITH_KNOTS((1,2
    ,2,2,2,1),(-2.094395102393,0.,2.094395102393,4.188790204786,
6.28318530718,8.377580409573),.UNSPECIFIED.) CURVE() 
GEOMETRIC_REPRESENTATION_ITEM() RATIONAL_B_SPLINE_CURVE((1.,0.5,1.,0.5,
1.,0.5,1.)) REPRESENTATION_ITEM('') );
#5867 = CARTESIAN_POINT('',(2.23704144294,0.));
#5868 = CARTESIAN_POINT('',(2.23704144294,-3.874669437809));
#5869 = CARTESIAN_POINT('',(-1.11852072147,-1.937334718904));
#5870 = CARTESIAN_POINT('',(-4.47408288588,-5.479171285312E-16));
#5871 = CARTESIAN_POINT('',(-1.11852072147,1.937334718904));
#5872 = CARTESIAN_POINT('',(2.23704144294,3.874669437809));
#5873 = CARTESIAN_POINT('',(2.23704144294,0.));
#5874 = ( GEOMETRIC_REPRESENTATION_CONTEXT(2) 
PARAMETRIC_REPRESENTATION_CONTEXT() REPRESENTATION_CONTEXT('2D SPACE',''
  ) );
#5875 = PCURVE('',#3856,#5876);
#5876 = DEFINITIONAL_REPRESENTATION('',(#5877),#5881);
#5877 = LINE('',#5878,#5879);
#5878 = CARTESIAN_POINT('',(6.28318530718,0.));
#5879 = VECTOR('',#5880,1.);
#5880 = DIRECTION('',(-1.,0.));
#5881 = ( GEOMETRIC_REPRESENTATION_CONTEXT(2) 
PARAMETRIC_REPRESENTATION_CONTEXT() REPRESENTATION_CONTEXT('2D SPACE',''
  ) );
#5882 = ORIENTED_EDGE('',*,*,#3413,.T.);
#5883 = ORIENTED_EDGE('',*,*,#5641,.F.);
#5884 = ADVANCED_FACE('',(#5885),#3856,.T.);
#5885 = FACE_BOUND('',#5886,.T.);
#5886 = EDGE_LOOP('',(#5887,#5888,#5889));
#5887 = ORIENTED_EDGE('',*,*,#5570,.T.);
#5888 = ORIENTED_EDGE('',*,*,#3840,.F.);
#5889 = ORIENTED_EDGE('',*,*,#5857,.F.);
#5890 = ADVANCED_FACE('',(#5891),#2940,.T.);
#5891 = FACE_BOUND('',#5892,.T.);
#5892 = EDGE_LOOP('',(#5893,#5894,#5895,#5918,#5940,#6012,#6013,#6087,
    #6109,#6130));
#5893 = ORIENTED_EDGE('',*,*,#3096,.T.);
#5894 = ORIENTED_EDGE('',*,*,#4197,.T.);
#5895 = ORIENTED_EDGE('',*,*,#5896,.F.);
#5896 = EDGE_CURVE('',#5897,#4198,#5899,.T.);
#5897 = VERTEX_POINT('',#5898);
#5898 = CARTESIAN_POINT('',(0.590543267439,0.63,0.63));
#5899 = SURFACE_CURVE('',#5900,(#5904,#5911),.PCURVE_S1.);
#5900 = LINE('',#5901,#5902);
#5901 = CARTESIAN_POINT('',(0.590543267439,0.63,0.63));
#5902 = VECTOR('',#5903,1.);
#5903 = DIRECTION('',(-0.,-1.084202172486E-16,1.));
#5904 = PCURVE('',#2940,#5905);
#5905 = DEFINITIONAL_REPRESENTATION('',(#5906),#5910);
#5906 = LINE('',#5907,#5908);
#5907 = CARTESIAN_POINT('',(4.426904910237,-6.550315845288E-15));
#5908 = VECTOR('',#5909,1.);
#5909 = DIRECTION('',(0.,1.));
#5910 = ( GEOMETRIC_REPRESENTATION_CONTEXT(2) 
PARAMETRIC_REPRESENTATION_CONTEXT() REPRESENTATION_CONTEXT('2D SPACE',''
  ) );
#5911 = PCURVE('',#4584,#5912);
#5912 = DEFINITIONAL_REPRESENTATION('',(#5913),#5917);
#5913 = LINE('',#5914,#5915);
#5914 = CARTESIAN_POINT('',(0.63,-2.146498175501));
#5915 = VECTOR('',#5916,1.);
#5916 = DIRECTION('',(1.,0.));
#5917 = ( GEOMETRIC_REPRESENTATION_CONTEXT(2) 
PARAMETRIC_REPRESENTATION_CONTEXT() REPRESENTATION_CONTEXT('2D SPACE',''
  ) );
#5918 = ORIENTED_EDGE('',*,*,#5919,.T.);
#5919 = EDGE_CURVE('',#5897,#5920,#5922,.T.);
#5920 = VERTEX_POINT('',#5921);
#5921 = CARTESIAN_POINT('',(0.586299193361,0.615355339059,0.615355339059
    ));
#5922 = SURFACE_CURVE('',#5923,(#5928,#5934),.PCURVE_S1.);
#5923 = ( BOUNDED_CURVE() B_SPLINE_CURVE(3,(#5924,#5925,#5926,#5927),
.UNSPECIFIED.,.F.,.F.) B_SPLINE_CURVE_WITH_KNOTS((4,4),(1.285312256647,
1.292128074613),.PIECEWISE_BEZIER_KNOTS.) CURVE() 
GEOMETRIC_REPRESENTATION_ITEM() RATIONAL_B_SPLINE_CURVE((1.,
0.999996128723,0.999996128723,1.)) REPRESENTATION_ITEM('') );
#5924 = CARTESIAN_POINT('',(0.590543267439,0.63,0.63));
#5925 = CARTESIAN_POINT('',(0.589111942895,0.625123276951,0.625123276951
    ));
#5926 = CARTESIAN_POINT('',(0.587697246059,0.620241704406,0.620241704406
    ));
#5927 = CARTESIAN_POINT('',(0.586299193361,0.615355339059,0.615355339059
    ));
#5928 = PCURVE('',#2940,#5929);
#5929 = DEFINITIONAL_REPRESENTATION('',(#5930),#5933);
#5930 = B_SPLINE_CURVE_WITH_KNOTS('',1,(#5931,#5932),.UNSPECIFIED.,.F.,
  .F.,(2,2),(1.285312256647,1.292128074613),.PIECEWISE_BEZIER_KNOTS.);
#5931 = CARTESIAN_POINT('',(4.426904910237,0.));
#5932 = CARTESIAN_POINT('',(4.433720728203,-1.464466094068E-02));
#5933 = ( GEOMETRIC_REPRESENTATION_CONTEXT(2) 
PARAMETRIC_REPRESENTATION_CONTEXT() REPRESENTATION_CONTEXT('2D SPACE',''
  ) );
#5934 = PCURVE('',#67,#5935);
#5935 = DEFINITIONAL_REPRESENTATION('',(#5936),#5939);
#5936 = B_SPLINE_CURVE_WITH_KNOTS('',1,(#5937,#5938),.UNSPECIFIED.,.F.,
  .F.,(2,2),(1.285312256647,1.292128074613),.PIECEWISE_BEZIER_KNOTS.);
#5937 = CARTESIAN_POINT('',(4.997873050533,0.));
#5938 = CARTESIAN_POINT('',(4.991057232567,-1.464466094068E-02));
#5939 = ( GEOMETRIC_REPRESENTATION_CONTEXT(2) 
PARAMETRIC_REPRESENTATION_CONTEXT() REPRESENTATION_CONTEXT('2D SPACE',''
  ) );
#5940 = ORIENTED_EDGE('',*,*,#5941,.T.);
#5941 = EDGE_CURVE('',#5920,#2920,#5942,.T.);
#5942 = SURFACE_CURVE('',#5943,(#5954,#5983),.PCURVE_S1.);
#5943 = B_SPLINE_CURVE_WITH_KNOTS('',3,(#5944,#5945,#5946,#5947,#5948,
    #5949,#5950,#5951,#5952,#5953),.UNSPECIFIED.,.F.,.F.,(4,3,3,4),(0.,
    1.76141599392E-05,3.520508539565E-05,4.023997191161E-05),
  .UNSPECIFIED.);
#5944 = CARTESIAN_POINT('',(0.586299193361,0.615355339059,0.615355339059
    ));
#5945 = CARTESIAN_POINT('',(0.585134926708,0.611286084563,0.619424593556
    ));
#5946 = CARTESIAN_POINT('',(0.58376937041,0.606467131209,0.622800689038)
  );
#5947 = CARTESIAN_POINT('',(0.582332302368,0.601317667267,0.625227835039
    ));
#5948 = CARTESIAN_POINT('',(0.580896422566,0.596172461159,0.627652974153
    ));
#5949 = CARTESIAN_POINT('',(0.579350170527,0.590556429118,0.629200064187
    ));
#5950 = CARTESIAN_POINT('',(0.577823185047,0.584919594657,0.629757387275
    ));
#5951 = CARTESIAN_POINT('',(0.577380599639,0.583285800026,0.629918923235
    ));
#5952 = CARTESIAN_POINT('',(0.576937364484,0.581642225884,0.63));
#5953 = CARTESIAN_POINT('',(0.576496507644,0.58,0.63));
#5954 = PCURVE('',#2940,#5955);
#5955 = DEFINITIONAL_REPRESENTATION('',(#5956),#5982);
#5956 = B_SPLINE_CURVE_WITH_KNOTS('',3,(#5957,#5958,#5959,#5960,#5961,
    #5962,#5963,#5964,#5965,#5966,#5967,#5968,#5969,#5970,#5971,#5972,
    #5973,#5974,#5975,#5976,#5977,#5978,#5979,#5980,#5981),
  .UNSPECIFIED.,.F.,.F.,(4,1,1,1,1,1,1,1,1,1,1,1,1,1,1,1,1,1,1,1,1,1,4),
  (0.,1.829089632346E-06,3.658179264692E-06,5.487268897038E-06,
    7.316358529384E-06,9.145448161731E-06,1.097453779408E-05,
    1.280362742642E-05,1.463271705877E-05,1.646180669111E-05,
    1.829089632346E-05,2.011998595581E-05,2.194907558815E-05,
    2.37781652205E-05,2.560725485285E-05,2.743634448519E-05,
    2.926543411754E-05,3.109452374988E-05,3.292361338223E-05,
    3.475270301458E-05,3.658179264692E-05,3.841088227927E-05,
    4.023997191161E-05),.QUASI_UNIFORM_KNOTS.);
#5957 = CARTESIAN_POINT('',(4.433720728203,-1.464466094068E-02));
#5958 = CARTESIAN_POINT('',(4.433917199695,-1.422210140696E-02));
#5959 = CARTESIAN_POINT('',(4.434317625164,-1.339193122761E-02));
#5960 = CARTESIAN_POINT('',(4.434939393494,-1.219324117001E-02));
#5961 = CARTESIAN_POINT('',(4.4355809747,-1.104283476504E-02));
#5962 = CARTESIAN_POINT('',(4.436241051251,-9.942430824813E-03));
#5963 = CARTESIAN_POINT('',(4.436918306821,-8.893746783887E-03));
#5964 = CARTESIAN_POINT('',(4.437611420756,-7.898505216065E-03));
#5965 = CARTESIAN_POINT('',(4.438319088722,-6.958409515739E-03));
#5966 = CARTESIAN_POINT('',(4.439039945704,-6.075234655715E-03));
#5967 = CARTESIAN_POINT('',(4.4397728534,-5.250488474537E-03));
#5968 = CARTESIAN_POINT('',(4.440515827671,-4.486675769393E-03));
#5969 = CARTESIAN_POINT('',(4.441272595673,-3.779882318618E-03));
#5970 = CARTESIAN_POINT('',(4.44204135932,-3.131138764157E-03));
#5971 = CARTESIAN_POINT('',(4.442820809132,-2.541124720483E-03));
#5972 = CARTESIAN_POINT('',(4.443609511739,-2.010612395114E-03));
#5973 = CARTESIAN_POINT('',(4.444406040763,-1.540354650856E-03));
#5974 = CARTESIAN_POINT('',(4.44520906583,-1.131089136328E-03));
#5975 = CARTESIAN_POINT('',(4.446016865685,-7.836337016067E-04));
#5976 = CARTESIAN_POINT('',(4.446829186784,-4.98500605111E-04));
#5977 = CARTESIAN_POINT('',(4.447640295866,-2.77344270451E-04));
#5978 = CARTESIAN_POINT('',(4.448464911129,-1.175560521189E-04));
#5979 = CARTESIAN_POINT('',(4.449292971409,-2.141603841592E-05));
#5980 = CARTESIAN_POINT('',(4.449845794376,5.893604532189E-08));
#5981 = CARTESIAN_POINT('',(4.450121652112,0.));
#5982 = ( GEOMETRIC_REPRESENTATION_CONTEXT(2) 
PARAMETRIC_REPRESENTATION_CONTEXT() REPRESENTATION_CONTEXT('2D SPACE',''
  ) );
#5983 = PCURVE('',#150,#5984);
#5984 = DEFINITIONAL_REPRESENTATION('',(#5985),#6011);
#5985 = B_SPLINE_CURVE_WITH_KNOTS('',3,(#5986,#5987,#5988,#5989,#5990,
    #5991,#5992,#5993,#5994,#5995,#5996,#5997,#5998,#5999,#6000,#6001,
    #6002,#6003,#6004,#6005,#6006,#6007,#6008,#6009,#6010),
  .UNSPECIFIED.,.F.,.F.,(4,1,1,1,1,1,1,1,1,1,1,1,1,1,1,1,1,1,1,1,1,1,4),
  (0.,1.829089632346E-06,3.658179264692E-06,5.487268897038E-06,
    7.316358529384E-06,9.145448161731E-06,1.097453779408E-05,
    1.280362742642E-05,1.463271705877E-05,1.646180669111E-05,
    1.829089632346E-05,2.011998595581E-05,2.194907558815E-05,
    2.37781652205E-05,2.560725485285E-05,2.743634448519E-05,
    2.926543411754E-05,3.109452374988E-05,3.292361338223E-05,
    3.475270301458E-05,3.658179264692E-05,3.841088227927E-05,
    4.023997191161E-05),.QUASI_UNIFORM_KNOTS.);
#5986 = CARTESIAN_POINT('',(2.356194490192,1.486299193361));
#5987 = CARTESIAN_POINT('',(2.368146105991,1.486178293581));
#5988 = CARTESIAN_POINT('',(2.392067250019,1.485932152942));
#5989 = CARTESIAN_POINT('',(2.42798485019,1.485550790669));
#5990 = CARTESIAN_POINT('',(2.463921190595,1.485158148949));
#5991 = CARTESIAN_POINT('',(2.499856644901,1.484755099842));
#5992 = CARTESIAN_POINT('',(2.535770637915,1.484342514701));
#5993 = CARTESIAN_POINT('',(2.571641610001,1.483921267504));
#5994 = CARTESIAN_POINT('',(2.607448600214,1.483492222439));
#5995 = CARTESIAN_POINT('',(2.643167956161,1.48305628023));
#5996 = CARTESIAN_POINT('',(2.678787913505,1.482614205251));
#5997 = CARTESIAN_POINT('',(2.714256527888,1.482167270734));
#5998 = CARTESIAN_POINT('',(2.749800821689,1.481713320859));
#5999 = CARTESIAN_POINT('',(2.785388322329,1.481253456884));
#6000 = CARTESIAN_POINT('',(2.821006868637,1.480788493329));
#6001 = CARTESIAN_POINT('',(2.856637493119,1.480319317436));
#6002 = CARTESIAN_POINT('',(2.892260811468,1.4798468123));
#6003 = CARTESIAN_POINT('',(2.927861272477,1.479371804882));
#6004 = CARTESIAN_POINT('',(2.963406505166,1.478895350818));
#6005 = CARTESIAN_POINT('',(2.998928431762,1.47841764719));
#6006 = CARTESIAN_POINT('',(3.034222203314,1.477942096609));
#6007 = CARTESIAN_POINT('',(3.06997203102,1.477460138134));
#6008 = CARTESIAN_POINT('',(3.10578724702,1.476977638989));
#6009 = CARTESIAN_POINT('',(3.12967265375,1.476656503878));
#6010 = CARTESIAN_POINT('',(3.14159265359,1.476496507644));
#6011 = ( GEOMETRIC_REPRESENTATION_CONTEXT(2) 
PARAMETRIC_REPRESENTATION_CONTEXT() REPRESENTATION_CONTEXT('2D SPACE',''
  ) );
#6012 = ORIENTED_EDGE('',*,*,#2919,.F.);
#6013 = ORIENTED_EDGE('',*,*,#6014,.T.);
#6014 = EDGE_CURVE('',#2897,#6015,#6017,.T.);
#6015 = VERTEX_POINT('',#6016);
#6016 = CARTESIAN_POINT('',(0.586299193361,-0.615355339059,
    0.615355339059));
#6017 = SURFACE_CURVE('',#6018,(#6029,#6058),.PCURVE_S1.);
#6018 = B_SPLINE_CURVE_WITH_KNOTS('',3,(#6019,#6020,#6021,#6022,#6023,
    #6024,#6025,#6026,#6027,#6028),.UNSPECIFIED.,.F.,.F.,(4,3,3,4),(0.,
    1.792079663272E-05,3.585628441639E-05,4.025475725146E-05),
  .UNSPECIFIED.);
#6019 = CARTESIAN_POINT('',(0.576496507644,-0.58,0.63));
#6020 = CARTESIAN_POINT('',(0.578045288674,-0.585769329326,0.63));
#6021 = CARTESIAN_POINT('',(0.579639807504,-0.591611697374,
    0.628975373964));
#6022 = CARTESIAN_POINT('',(0.58114483665,-0.597046263215,0.627004520106
    ));
#6023 = CARTESIAN_POINT('',(0.582650526697,-0.602483215527,
    0.625032800791));
#6024 = CARTESIAN_POINT('',(0.584108797485,-0.607665261563,
    0.622056260437));
#6025 = CARTESIAN_POINT('',(0.585381389618,-0.612138409487,
    0.618303036899));
#6026 = CARTESIAN_POINT('',(0.585697871311,-0.6132508393,0.617369645509)
  );
#6027 = CARTESIAN_POINT('',(0.586004481332,-0.614325284435,
    0.616385393684));
#6028 = CARTESIAN_POINT('',(0.586299193361,-0.615355339059,
    0.615355339059));
#6029 = PCURVE('',#2940,#6030);
#6030 = DEFINITIONAL_REPRESENTATION('',(#6031),#6057);
#6031 = B_SPLINE_CURVE_WITH_KNOTS('',3,(#6032,#6033,#6034,#6035,#6036,
    #6037,#6038,#6039,#6040,#6041,#6042,#6043,#6044,#6045,#6046,#6047,
    #6048,#6049,#6050,#6051,#6052,#6053,#6054,#6055,#6056),
  .UNSPECIFIED.,.F.,.F.,(4,1,1,1,1,1,1,1,1,1,1,1,1,1,1,1,1,1,1,1,1,1,4),
  (0.,1.829761693248E-06,3.659523386496E-06,5.489285079744E-06,
    7.319046772993E-06,9.148808466241E-06,1.097857015949E-05,
    1.280833185274E-05,1.463809354599E-05,1.646785523923E-05,
    1.829761693248E-05,2.012737862573E-05,2.195714031898E-05,
    2.378690201223E-05,2.561666370547E-05,2.744642539872E-05,
    2.927618709197E-05,3.110594878522E-05,3.293571047847E-05,
    3.476547217171E-05,3.659523386496E-05,3.842499555821E-05,
    4.025475725146E-05),.QUASI_UNIFORM_KNOTS.);
#6032 = CARTESIAN_POINT('',(4.974656308657,0.));
#6033 = CARTESIAN_POINT('',(4.974928954726,-8.634989431748E-17));
#6034 = CARTESIAN_POINT('',(4.975475014874,-2.136337588547E-05));
#6035 = CARTESIAN_POINT('',(4.976294983743,-1.16997850852E-04));
#6036 = CARTESIAN_POINT('',(4.977114406031,-2.75721125777E-04));
#6037 = CARTESIAN_POINT('',(4.977931855957,-4.970322208006E-04));
#6038 = CARTESIAN_POINT('',(4.978745909515,-7.804315254381E-04));
#6039 = CARTESIAN_POINT('',(4.979555135938,-1.125414320392E-03));
#6040 = CARTESIAN_POINT('',(4.980358129573,-1.531494952235E-03));
#6041 = CARTESIAN_POINT('',(4.981153390967,-1.998116612874E-03));
#6042 = CARTESIAN_POINT('',(4.981939770714,-2.524988047009E-03));
#6043 = CARTESIAN_POINT('',(4.98271481303,-3.110826942829E-03));
#6044 = CARTESIAN_POINT('',(4.983481141083,-3.758210841678E-03));
#6045 = CARTESIAN_POINT('',(4.984238957829,-4.466832802642E-03));
#6046 = CARTESIAN_POINT('',(4.984986495864,-5.234931448403E-03));
#6047 = CARTESIAN_POINT('',(4.985722517628,-6.061138679293E-03));
#6048 = CARTESIAN_POINT('',(4.986445636174,-6.943967721464E-03));
#6049 = CARTESIAN_POINT('',(4.987154531936,-7.882013220129E-03));
#6050 = CARTESIAN_POINT('',(4.987847764937,-8.873662818438E-03));
#6051 = CARTESIAN_POINT('',(4.988524309229,-9.918050748738E-03));
#6052 = CARTESIAN_POINT('',(4.989181602963,-1.101153188864E-02));
#6053 = CARTESIAN_POINT('',(4.989822813708,-1.216083194552E-02));
#6054 = CARTESIAN_POINT('',(4.990452529051,-1.337521272261E-02));
#6055 = CARTESIAN_POINT('',(4.990858547318,-1.421714203716E-02));
#6056 = CARTESIAN_POINT('',(4.991057232567,-1.464466094067E-02));
#6057 = ( GEOMETRIC_REPRESENTATION_CONTEXT(2) 
PARAMETRIC_REPRESENTATION_CONTEXT() REPRESENTATION_CONTEXT('2D SPACE',''
  ) );
#6058 = PCURVE('',#2805,#6059);
#6059 = DEFINITIONAL_REPRESENTATION('',(#6060),#6086);
#6060 = B_SPLINE_CURVE_WITH_KNOTS('',3,(#6061,#6062,#6063,#6064,#6065,
    #6066,#6067,#6068,#6069,#6070,#6071,#6072,#6073,#6074,#6075,#6076,
    #6077,#6078,#6079,#6080,#6081,#6082,#6083,#6084,#6085),
  .UNSPECIFIED.,.F.,.F.,(4,1,1,1,1,1,1,1,1,1,1,1,1,1,1,1,1,1,1,1,1,1,4),
  (0.,1.829761693248E-06,3.659523386496E-06,5.489285079744E-06,
    7.319046772993E-06,9.148808466241E-06,1.097857015949E-05,
    1.280833185274E-05,1.463809354599E-05,1.646785523923E-05,
    1.829761693248E-05,2.012737862573E-05,2.195714031898E-05,
    2.378690201223E-05,2.561666370547E-05,2.744642539872E-05,
    2.927618709197E-05,3.110594878522E-05,3.293571047847E-05,
    3.476547217171E-05,3.659523386496E-05,3.842499555821E-05,
    4.025475725146E-05),.QUASI_UNIFORM_KNOTS.);
#6061 = CARTESIAN_POINT('',(3.14159265359,1.476496507644));
#6062 = CARTESIAN_POINT('',(3.15337380315,1.476654642367));
#6063 = CARTESIAN_POINT('',(3.176967073018,1.476971865443));
#6064 = CARTESIAN_POINT('',(3.212433338634,1.477449697303));
#6065 = CARTESIAN_POINT('',(3.247959944328,1.477928662838));
#6066 = CARTESIAN_POINT('',(3.283529011929,1.478407898194));
#6067 = CARTESIAN_POINT('',(3.319122098646,1.478886540579));
#6068 = CARTESIAN_POINT('',(3.354720056877,1.479363723229));
#6069 = CARTESIAN_POINT('',(3.390305002585,1.479838594215));
#6070 = CARTESIAN_POINT('',(3.42585531002,1.480310246234));
#6071 = CARTESIAN_POINT('',(3.4613663887,1.480777978643));
#6072 = CARTESIAN_POINT('',(3.496775270036,1.481240319534));
#6073 = CARTESIAN_POINT('',(3.532253468949,1.481698794033));
#6074 = CARTESIAN_POINT('',(3.567854491814,1.482153439095));
#6075 = CARTESIAN_POINT('',(3.603540256077,1.482603127722));
#6076 = CARTESIAN_POINT('',(3.639295900988,1.483047046002));
#6077 = CARTESIAN_POINT('',(3.675099096763,1.483484291624));
#6078 = CARTESIAN_POINT('',(3.710930833892,1.48391400279));
#6079 = CARTESIAN_POINT('',(3.746765850665,1.484335244054));
#6080 = CARTESIAN_POINT('',(3.782603050235,1.484747334039));
#6081 = CARTESIAN_POINT('',(3.818356308284,1.485148648748));
#6082 = CARTESIAN_POINT('',(3.85426368126,1.485541080589));
#6083 = CARTESIAN_POINT('',(3.890644334719,1.485927342172));
#6084 = CARTESIAN_POINT('',(3.91490171951,1.48617692998));
#6085 = CARTESIAN_POINT('',(3.926990816987,1.486299193361));
#6086 = ( GEOMETRIC_REPRESENTATION_CONTEXT(2) 
PARAMETRIC_REPRESENTATION_CONTEXT() REPRESENTATION_CONTEXT('2D SPACE',''
  ) );
#6087 = ORIENTED_EDGE('',*,*,#6088,.F.);
#6088 = EDGE_CURVE('',#6089,#6015,#6091,.T.);
#6089 = VERTEX_POINT('',#6090);
#6090 = CARTESIAN_POINT('',(0.590543267439,-0.63,0.63));
#6091 = SURFACE_CURVE('',#6092,(#6097,#6103),.PCURVE_S1.);
#6092 = ( BOUNDED_CURVE() B_SPLINE_CURVE(3,(#6093,#6094,#6095,#6096),
.UNSPECIFIED.,.F.,.F.) B_SPLINE_CURVE_WITH_KNOTS((4,4),(1.285312256647,
1.292128074613),.PIECEWISE_BEZIER_KNOTS.) CURVE() 
GEOMETRIC_REPRESENTATION_ITEM() RATIONAL_B_SPLINE_CURVE((1.,
0.999996128723,0.999996128723,1.)) REPRESENTATION_ITEM('') );
#6093 = CARTESIAN_POINT('',(0.590543267439,-0.63,0.63));
#6094 = CARTESIAN_POINT('',(0.589111942895,-0.625123276951,
    0.625123276951));
#6095 = CARTESIAN_POINT('',(0.587697246059,-0.620241704406,
    0.620241704406));
#6096 = CARTESIAN_POINT('',(0.586299193361,-0.615355339059,
    0.615355339059));
#6097 = PCURVE('',#2940,#6098);
#6098 = DEFINITIONAL_REPRESENTATION('',(#6099),#6102);
#6099 = B_SPLINE_CURVE_WITH_KNOTS('',1,(#6100,#6101),.UNSPECIFIED.,.F.,
  .F.,(2,2),(1.285312256647,1.292128074613),.PIECEWISE_BEZIER_KNOTS.);
#6100 = CARTESIAN_POINT('',(4.997873050533,0.));
#6101 = CARTESIAN_POINT('',(4.991057232567,-1.464466094067E-02));
#6102 = ( GEOMETRIC_REPRESENTATION_CONTEXT(2) 
PARAMETRIC_REPRESENTATION_CONTEXT() REPRESENTATION_CONTEXT('2D SPACE',''
  ) );
#6103 = PCURVE('',#2777,#6104);
#6104 = DEFINITIONAL_REPRESENTATION('',(#6105),#6108);
#6105 = B_SPLINE_CURVE_WITH_KNOTS('',1,(#6106,#6107),.UNSPECIFIED.,.F.,
  .F.,(2,2),(1.285312256647,1.292128074613),.PIECEWISE_BEZIER_KNOTS.);
#6106 = CARTESIAN_POINT('',(4.426904910237,0.));
#6107 = CARTESIAN_POINT('',(4.433720728203,-1.464466094067E-02));
#6108 = ( GEOMETRIC_REPRESENTATION_CONTEXT(2) 
PARAMETRIC_REPRESENTATION_CONTEXT() REPRESENTATION_CONTEXT('2D SPACE',''
  ) );
#6109 = ORIENTED_EDGE('',*,*,#6110,.T.);
#6110 = EDGE_CURVE('',#6089,#5134,#6111,.T.);
#6111 = SURFACE_CURVE('',#6112,(#6116,#6123),.PCURVE_S1.);
#6112 = LINE('',#6113,#6114);
#6113 = CARTESIAN_POINT('',(0.590543267439,-0.63,0.63));
#6114 = VECTOR('',#6115,1.);
#6115 = DIRECTION('',(-0.,-1.084202172486E-16,1.));
#6116 = PCURVE('',#2940,#6117);
#6117 = DEFINITIONAL_REPRESENTATION('',(#6118),#6122);
#6118 = LINE('',#6119,#6120);
#6119 = CARTESIAN_POINT('',(4.997873050533,2.331468351713E-15));
#6120 = VECTOR('',#6121,1.);
#6121 = DIRECTION('',(0.,1.));
#6122 = ( GEOMETRIC_REPRESENTATION_CONTEXT(2) 
PARAMETRIC_REPRESENTATION_CONTEXT() REPRESENTATION_CONTEXT('2D SPACE',''
  ) );
#6123 = PCURVE('',#5223,#6124);
#6124 = DEFINITIONAL_REPRESENTATION('',(#6125),#6129);
#6125 = LINE('',#6126,#6127);
#6126 = CARTESIAN_POINT('',(-0.63,-2.146498175501));
#6127 = VECTOR('',#6128,1.);
#6128 = DIRECTION('',(-1.,0.));
#6129 = ( GEOMETRIC_REPRESENTATION_CONTEXT(2) 
PARAMETRIC_REPRESENTATION_CONTEXT() REPRESENTATION_CONTEXT('2D SPACE',''
  ) );
#6130 = ORIENTED_EDGE('',*,*,#5133,.T.);
#6131 = ADVANCED_FACE('',(#6132),#2777,.T.);
#6132 = FACE_BOUND('',#6133,.T.);
#6133 = EDGE_LOOP('',(#6134,#6135,#6136,#6157,#6158,#6230,#6231,#6303,
    #6304,#6305));
#6134 = ORIENTED_EDGE('',*,*,#2976,.T.);
#6135 = ORIENTED_EDGE('',*,*,#5011,.T.);
#6136 = ORIENTED_EDGE('',*,*,#6137,.F.);
#6137 = EDGE_CURVE('',#6089,#5012,#6138,.T.);
#6138 = SURFACE_CURVE('',#6139,(#6143,#6150),.PCURVE_S1.);
#6139 = LINE('',#6140,#6141);
#6140 = CARTESIAN_POINT('',(0.590543267439,-0.63,0.63));
#6141 = VECTOR('',#6142,1.);
#6142 = DIRECTION('',(-0.,-1.,3.383061121595E-15));
#6143 = PCURVE('',#2777,#6144);
#6144 = DEFINITIONAL_REPRESENTATION('',(#6145),#6149);
#6145 = LINE('',#6146,#6147);
#6146 = CARTESIAN_POINT('',(4.426904910237,2.22044604925E-15));
#6147 = VECTOR('',#6148,1.);
#6148 = DIRECTION('',(0.,1.));
#6149 = ( GEOMETRIC_REPRESENTATION_CONTEXT(2) 
PARAMETRIC_REPRESENTATION_CONTEXT() REPRESENTATION_CONTEXT('2D SPACE',''
  ) );
#6150 = PCURVE('',#5398,#6151);
#6151 = DEFINITIONAL_REPRESENTATION('',(#6152),#6156);
#6152 = LINE('',#6153,#6154);
#6153 = CARTESIAN_POINT('',(0.63,-2.146498175501));
#6154 = VECTOR('',#6155,1.);
#6155 = DIRECTION('',(1.,-0.));
#6156 = ( GEOMETRIC_REPRESENTATION_CONTEXT(2) 
PARAMETRIC_REPRESENTATION_CONTEXT() REPRESENTATION_CONTEXT('2D SPACE',''
  ) );
#6157 = ORIENTED_EDGE('',*,*,#6088,.T.);
#6158 = ORIENTED_EDGE('',*,*,#6159,.T.);
#6159 = EDGE_CURVE('',#6015,#2752,#6160,.T.);
#6160 = SURFACE_CURVE('',#6161,(#6172,#6201),.PCURVE_S1.);
#6161 = B_SPLINE_CURVE_WITH_KNOTS('',3,(#6162,#6163,#6164,#6165,#6166,
    #6167,#6168,#6169,#6170,#6171),.UNSPECIFIED.,.F.,.F.,(4,3,3,4),(0.,
    1.76141599392E-05,3.520508539565E-05,4.023997191161E-05),
  .UNSPECIFIED.);
#6162 = CARTESIAN_POINT('',(0.586299193361,-0.615355339059,
    0.615355339059));
#6163 = CARTESIAN_POINT('',(0.585134926708,-0.619424593556,
    0.611286084563));
#6164 = CARTESIAN_POINT('',(0.58376937041,-0.622800689038,0.606467131209
    ));
#6165 = CARTESIAN_POINT('',(0.582332302368,-0.625227835039,
    0.601317667267));
#6166 = CARTESIAN_POINT('',(0.580896422566,-0.627652974153,
    0.596172461159));
#6167 = CARTESIAN_POINT('',(0.579350170527,-0.629200064187,
    0.590556429118));
#6168 = CARTESIAN_POINT('',(0.577823185047,-0.629757387275,
    0.584919594657));
#6169 = CARTESIAN_POINT('',(0.577380599639,-0.629918923235,
    0.583285800026));
#6170 = CARTESIAN_POINT('',(0.576937364484,-0.63,0.581642225884));
#6171 = CARTESIAN_POINT('',(0.576496507644,-0.63,0.58));
#6172 = PCURVE('',#2777,#6173);
#6173 = DEFINITIONAL_REPRESENTATION('',(#6174),#6200);
#6174 = B_SPLINE_CURVE_WITH_KNOTS('',3,(#6175,#6176,#6177,#6178,#6179,
    #6180,#6181,#6182,#6183,#6184,#6185,#6186,#6187,#6188,#6189,#6190,
    #6191,#6192,#6193,#6194,#6195,#6196,#6197,#6198,#6199),
  .UNSPECIFIED.,.F.,.F.,(4,1,1,1,1,1,1,1,1,1,1,1,1,1,1,1,1,1,1,1,1,1,4),
  (0.,1.829089632346E-06,3.658179264692E-06,5.487268897038E-06,
    7.316358529384E-06,9.14544816173E-06,1.097453779408E-05,
    1.280362742642E-05,1.463271705877E-05,1.646180669111E-05,
    1.829089632346E-05,2.011998595581E-05,2.194907558815E-05,
    2.37781652205E-05,2.560725485284E-05,2.743634448519E-05,
    2.926543411754E-05,3.109452374988E-05,3.292361338223E-05,
    3.475270301457E-05,3.658179264692E-05,3.841088227927E-05,
    4.023997191161E-05),.QUASI_UNIFORM_KNOTS.);
#6175 = CARTESIAN_POINT('',(4.433720728203,-1.464466094067E-02));
#6176 = CARTESIAN_POINT('',(4.433917199695,-1.422210140696E-02));
#6177 = CARTESIAN_POINT('',(4.434317625164,-1.339193122761E-02));
#6178 = CARTESIAN_POINT('',(4.434939393494,-1.219324117E-02));
#6179 = CARTESIAN_POINT('',(4.4355809747,-1.104283476504E-02));
#6180 = CARTESIAN_POINT('',(4.436241051251,-9.942430824809E-03));
#6181 = CARTESIAN_POINT('',(4.436918306821,-8.893746783883E-03));
#6182 = CARTESIAN_POINT('',(4.437611420756,-7.898505216062E-03));
#6183 = CARTESIAN_POINT('',(4.438319088722,-6.958409515735E-03));
#6184 = CARTESIAN_POINT('',(4.439039945704,-6.075234655712E-03));
#6185 = CARTESIAN_POINT('',(4.4397728534,-5.250488474533E-03));
#6186 = CARTESIAN_POINT('',(4.440515827671,-4.48667576939E-03));
#6187 = CARTESIAN_POINT('',(4.441272595673,-3.779882318615E-03));
#6188 = CARTESIAN_POINT('',(4.44204135932,-3.131138764154E-03));
#6189 = CARTESIAN_POINT('',(4.442820809132,-2.54112472048E-03));
#6190 = CARTESIAN_POINT('',(4.443609511739,-2.010612395112E-03));
#6191 = CARTESIAN_POINT('',(4.444406040763,-1.540354650854E-03));
#6192 = CARTESIAN_POINT('',(4.44520906583,-1.131089136325E-03));
#6193 = CARTESIAN_POINT('',(4.446016865685,-7.836337016044E-04));
#6194 = CARTESIAN_POINT('',(4.446829186784,-4.985006051085E-04));
#6195 = CARTESIAN_POINT('',(4.447640295866,-2.773442704486E-04));
#6196 = CARTESIAN_POINT('',(4.448464911129,-1.175560521165E-04));
#6197 = CARTESIAN_POINT('',(4.449292971409,-2.14160384138E-05));
#6198 = CARTESIAN_POINT('',(4.449845794376,5.89360463581E-08));
#6199 = CARTESIAN_POINT('',(4.450121652112,1.110223024625E-16));
#6200 = ( GEOMETRIC_REPRESENTATION_CONTEXT(2) 
PARAMETRIC_REPRESENTATION_CONTEXT() REPRESENTATION_CONTEXT('2D SPACE',''
  ) );
#6201 = PCURVE('',#2805,#6202);
#6202 = DEFINITIONAL_REPRESENTATION('',(#6203),#6229);
#6203 = B_SPLINE_CURVE_WITH_KNOTS('',3,(#6204,#6205,#6206,#6207,#6208,
    #6209,#6210,#6211,#6212,#6213,#6214,#6215,#6216,#6217,#6218,#6219,
    #6220,#6221,#6222,#6223,#6224,#6225,#6226,#6227,#6228),
  .UNSPECIFIED.,.F.,.F.,(4,1,1,1,1,1,1,1,1,1,1,1,1,1,1,1,1,1,1,1,1,1,4),
  (0.,1.829089632346E-06,3.658179264692E-06,5.487268897038E-06,
    7.316358529384E-06,9.14544816173E-06,1.097453779408E-05,
    1.280362742642E-05,1.463271705877E-05,1.646180669111E-05,
    1.829089632346E-05,2.011998595581E-05,2.194907558815E-05,
    2.37781652205E-05,2.560725485284E-05,2.743634448519E-05,
    2.926543411754E-05,3.109452374988E-05,3.292361338223E-05,
    3.475270301457E-05,3.658179264692E-05,3.841088227927E-05,
    4.023997191161E-05),.QUASI_UNIFORM_KNOTS.);
#6204 = CARTESIAN_POINT('',(3.926990816987,1.486299193361));
#6205 = CARTESIAN_POINT('',(3.938942432786,1.486178293581));
#6206 = CARTESIAN_POINT('',(3.962863576814,1.485932152942));
#6207 = CARTESIAN_POINT('',(3.998781176985,1.485550790669));
#6208 = CARTESIAN_POINT('',(4.03471751739,1.485158148949));
#6209 = CARTESIAN_POINT('',(4.070652971696,1.484755099842));
#6210 = CARTESIAN_POINT('',(4.10656696471,1.484342514701));
#6211 = CARTESIAN_POINT('',(4.142437936796,1.483921267504));
#6212 = CARTESIAN_POINT('',(4.178244927009,1.483492222439));
#6213 = CARTESIAN_POINT('',(4.213964282956,1.48305628023));
#6214 = CARTESIAN_POINT('',(4.2495842403,1.482614205251));
#6215 = CARTESIAN_POINT('',(4.285052854683,1.482167270734));
#6216 = CARTESIAN_POINT('',(4.320597148483,1.481713320859));
#6217 = CARTESIAN_POINT('',(4.356184649124,1.481253456884));
#6218 = CARTESIAN_POINT('',(4.391803195432,1.480788493329));
#6219 = CARTESIAN_POINT('',(4.427433819914,1.480319317436));
#6220 = CARTESIAN_POINT('',(4.463057138263,1.4798468123));
#6221 = CARTESIAN_POINT('',(4.498657599272,1.479371804882));
#6222 = CARTESIAN_POINT('',(4.534202831961,1.478895350818));
#6223 = CARTESIAN_POINT('',(4.569724758557,1.47841764719));
#6224 = CARTESIAN_POINT('',(4.605018530109,1.477942096609));
#6225 = CARTESIAN_POINT('',(4.640768357815,1.477460138134));
#6226 = CARTESIAN_POINT('',(4.676583573815,1.476977638989));
#6227 = CARTESIAN_POINT('',(4.700468980545,1.476656503878));
#6228 = CARTESIAN_POINT('',(4.712388980385,1.476496507644));
#6229 = ( GEOMETRIC_REPRESENTATION_CONTEXT(2) 
PARAMETRIC_REPRESENTATION_CONTEXT() REPRESENTATION_CONTEXT('2D SPACE',''
  ) );
#6230 = ORIENTED_EDGE('',*,*,#2749,.F.);
#6231 = ORIENTED_EDGE('',*,*,#6232,.T.);
#6232 = EDGE_CURVE('',#2750,#3442,#6233,.T.);
#6233 = SURFACE_CURVE('',#6234,(#6245,#6274),.PCURVE_S1.);
#6234 = B_SPLINE_CURVE_WITH_KNOTS('',3,(#6235,#6236,#6237,#6238,#6239,
    #6240,#6241,#6242,#6243,#6244),.UNSPECIFIED.,.F.,.F.,(4,3,3,4),(
    3.428548309157E-19,1.792079663272E-05,3.585628441639E-05,
    4.025475725146E-05),.UNSPECIFIED.);
#6235 = CARTESIAN_POINT('',(0.576496507644,-0.63,-0.58));
#6236 = CARTESIAN_POINT('',(0.578045288674,-0.63,-0.585769329326));
#6237 = CARTESIAN_POINT('',(0.579639807504,-0.628975373964,
    -0.591611697374));
#6238 = CARTESIAN_POINT('',(0.58114483665,-0.627004520106,
    -0.597046263215));
#6239 = CARTESIAN_POINT('',(0.582650526697,-0.625032800791,
    -0.602483215527));
#6240 = CARTESIAN_POINT('',(0.584108797485,-0.622056260437,
    -0.607665261563));
#6241 = CARTESIAN_POINT('',(0.585381389618,-0.618303036899,
    -0.612138409487));
#6242 = CARTESIAN_POINT('',(0.585697871311,-0.617369645509,-0.6132508393
    ));
#6243 = CARTESIAN_POINT('',(0.586004481332,-0.616385393684,
    -0.614325284435));
#6244 = CARTESIAN_POINT('',(0.586299193361,-0.615355339059,
    -0.615355339059));
#6245 = PCURVE('',#2777,#6246);
#6246 = DEFINITIONAL_REPRESENTATION('',(#6247),#6273);
#6247 = B_SPLINE_CURVE_WITH_KNOTS('',3,(#6248,#6249,#6250,#6251,#6252,
    #6253,#6254,#6255,#6256,#6257,#6258,#6259,#6260,#6261,#6262,#6263,
    #6264,#6265,#6266,#6267,#6268,#6269,#6270,#6271,#6272),
  .UNSPECIFIED.,.F.,.F.,(4,1,1,1,1,1,1,1,1,1,1,1,1,1,1,1,1,1,1,1,1,1,4),
  (3.428548309157E-19,1.829761693248E-06,3.659523386497E-06,
    5.489285079745E-06,7.319046772993E-06,9.148808466241E-06,
    1.097857015949E-05,1.280833185274E-05,1.463809354599E-05,
    1.646785523923E-05,1.829761693248E-05,2.012737862573E-05,
    2.195714031898E-05,2.378690201223E-05,2.561666370547E-05,
    2.744642539872E-05,2.927618709197E-05,3.110594878522E-05,
    3.293571047847E-05,3.476547217171E-05,3.659523386496E-05,
    3.842499555821E-05,4.025475725146E-05),.QUASI_UNIFORM_KNOTS.);
#6248 = CARTESIAN_POINT('',(4.974656308657,0.));
#6249 = CARTESIAN_POINT('',(4.974928954726,-2.220459904741E-16));
#6250 = CARTESIAN_POINT('',(4.975475014874,-2.136337588591E-05));
#6251 = CARTESIAN_POINT('',(4.976294983743,-1.169978508529E-04));
#6252 = CARTESIAN_POINT('',(4.977114406031,-2.757211257782E-04));
#6253 = CARTESIAN_POINT('',(4.977931855957,-4.970322208022E-04));
#6254 = CARTESIAN_POINT('',(4.978745909515,-7.804315254399E-04));
#6255 = CARTESIAN_POINT('',(4.979555135938,-1.125414320394E-03));
#6256 = CARTESIAN_POINT('',(4.980358129573,-1.531494952237E-03));
#6257 = CARTESIAN_POINT('',(4.981153390967,-1.998116612876E-03));
#6258 = CARTESIAN_POINT('',(4.981939770714,-2.524988047011E-03));
#6259 = CARTESIAN_POINT('',(4.98271481303,-3.110826942831E-03));
#6260 = CARTESIAN_POINT('',(4.983481141083,-3.758210841681E-03));
#6261 = CARTESIAN_POINT('',(4.984238957829,-4.466832802643E-03));
#6262 = CARTESIAN_POINT('',(4.984986495864,-5.234931448405E-03));
#6263 = CARTESIAN_POINT('',(4.985722517628,-6.061138679295E-03));
#6264 = CARTESIAN_POINT('',(4.986445636174,-6.943967721466E-03));
#6265 = CARTESIAN_POINT('',(4.987154531936,-7.882013220131E-03));
#6266 = CARTESIAN_POINT('',(4.987847764937,-8.873662818439E-03));
#6267 = CARTESIAN_POINT('',(4.988524309229,-9.918050748741E-03));
#6268 = CARTESIAN_POINT('',(4.989181602963,-1.101153188864E-02));
#6269 = CARTESIAN_POINT('',(4.989822813708,-1.216083194552E-02));
#6270 = CARTESIAN_POINT('',(4.990452529051,-1.337521272261E-02));
#6271 = CARTESIAN_POINT('',(4.990858547318,-1.421714203716E-02));
#6272 = CARTESIAN_POINT('',(4.991057232567,-1.464466094067E-02));
#6273 = ( GEOMETRIC_REPRESENTATION_CONTEXT(2) 
PARAMETRIC_REPRESENTATION_CONTEXT() REPRESENTATION_CONTEXT('2D SPACE',''
  ) );
#6274 = PCURVE('',#271,#6275);
#6275 = DEFINITIONAL_REPRESENTATION('',(#6276),#6302);
#6276 = B_SPLINE_CURVE_WITH_KNOTS('',3,(#6277,#6278,#6279,#6280,#6281,
    #6282,#6283,#6284,#6285,#6286,#6287,#6288,#6289,#6290,#6291,#6292,
    #6293,#6294,#6295,#6296,#6297,#6298,#6299,#6300,#6301),
  .UNSPECIFIED.,.F.,.F.,(4,1,1,1,1,1,1,1,1,1,1,1,1,1,1,1,1,1,1,1,1,1,4),
  (3.428548309157E-19,1.829761693248E-06,3.659523386497E-06,
    5.489285079745E-06,7.319046772993E-06,9.148808466241E-06,
    1.097857015949E-05,1.280833185274E-05,1.463809354599E-05,
    1.646785523923E-05,1.829761693248E-05,2.012737862573E-05,
    2.195714031898E-05,2.378690201223E-05,2.561666370547E-05,
    2.744642539872E-05,2.927618709197E-05,3.110594878522E-05,
    3.293571047847E-05,3.476547217171E-05,3.659523386496E-05,
    3.842499555821E-05,4.025475725146E-05),.QUASI_UNIFORM_KNOTS.);
#6277 = CARTESIAN_POINT('',(4.712388980385,1.476496507644));
#6278 = CARTESIAN_POINT('',(4.724170129945,1.476654642367));
#6279 = CARTESIAN_POINT('',(4.747763399813,1.476971865443));
#6280 = CARTESIAN_POINT('',(4.783229665429,1.477449697303));
#6281 = CARTESIAN_POINT('',(4.818756271122,1.477928662838));
#6282 = CARTESIAN_POINT('',(4.854325338724,1.478407898194));
#6283 = CARTESIAN_POINT('',(4.889918425441,1.478886540579));
#6284 = CARTESIAN_POINT('',(4.925516383671,1.479363723229));
#6285 = CARTESIAN_POINT('',(4.96110132938,1.479838594215));
#6286 = CARTESIAN_POINT('',(4.996651636815,1.480310246234));
#6287 = CARTESIAN_POINT('',(5.032162715495,1.480777978643));
#6288 = CARTESIAN_POINT('',(5.067571596831,1.481240319534));
#6289 = CARTESIAN_POINT('',(5.103049795744,1.481698794033));
#6290 = CARTESIAN_POINT('',(5.138650818609,1.482153439095));
#6291 = CARTESIAN_POINT('',(5.174336582872,1.482603127722));
#6292 = CARTESIAN_POINT('',(5.210092227783,1.483047046002));
#6293 = CARTESIAN_POINT('',(5.245895423558,1.483484291624));
#6294 = CARTESIAN_POINT('',(5.281727160687,1.48391400279));
#6295 = CARTESIAN_POINT('',(5.31756217746,1.484335244054));
#6296 = CARTESIAN_POINT('',(5.35339937703,1.484747334039));
#6297 = CARTESIAN_POINT('',(5.389152635079,1.485148648748));
#6298 = CARTESIAN_POINT('',(5.425060008054,1.485541080589));
#6299 = CARTESIAN_POINT('',(5.461440661514,1.485927342172));
#6300 = CARTESIAN_POINT('',(5.485698046305,1.48617692998));
#6301 = CARTESIAN_POINT('',(5.497787143782,1.486299193361));
#6302 = ( GEOMETRIC_REPRESENTATION_CONTEXT(2) 
PARAMETRIC_REPRESENTATION_CONTEXT() REPRESENTATION_CONTEXT('2D SPACE',''
  ) );
#6303 = ORIENTED_EDGE('',*,*,#3441,.F.);
#6304 = ORIENTED_EDGE('',*,*,#3326,.T.);
#6305 = ORIENTED_EDGE('',*,*,#5496,.T.);
#6306 = ADVANCED_FACE('',(#6307),#67,.T.);
#6307 = FACE_BOUND('',#6308,.T.);
#6308 = EDGE_LOOP('',(#6309,#6310,#6311,#6312,#6313,#6385,#6386,#6458,
    #6459,#6480));
#6309 = ORIENTED_EDGE('',*,*,#3211,.T.);
#6310 = ORIENTED_EDGE('',*,*,#4653,.T.);
#6311 = ORIENTED_EDGE('',*,*,#4112,.T.);
#6312 = ORIENTED_EDGE('',*,*,#3610,.T.);
#6313 = ORIENTED_EDGE('',*,*,#6314,.T.);
#6314 = EDGE_CURVE('',#3537,#42,#6315,.T.);
#6315 = SURFACE_CURVE('',#6316,(#6327,#6356),.PCURVE_S1.);
#6316 = B_SPLINE_CURVE_WITH_KNOTS('',3,(#6317,#6318,#6319,#6320,#6321,
    #6322,#6323,#6324,#6325,#6326),.UNSPECIFIED.,.F.,.F.,(4,3,3,4),(0.,
    1.76141599392E-05,3.520508539565E-05,4.023997191161E-05),
  .UNSPECIFIED.);
#6317 = CARTESIAN_POINT('',(0.586299193361,0.615355339059,
    -0.615355339059));
#6318 = CARTESIAN_POINT('',(0.585134926708,0.619424593556,
    -0.611286084563));
#6319 = CARTESIAN_POINT('',(0.58376937041,0.622800689038,-0.606467131209
    ));
#6320 = CARTESIAN_POINT('',(0.582332302368,0.625227835039,
    -0.601317667267));
#6321 = CARTESIAN_POINT('',(0.580896422566,0.627652974153,
    -0.596172461159));
#6322 = CARTESIAN_POINT('',(0.579350170527,0.629200064187,
    -0.590556429118));
#6323 = CARTESIAN_POINT('',(0.577823185047,0.629757387275,
    -0.584919594657));
#6324 = CARTESIAN_POINT('',(0.577380599639,0.629918923235,
    -0.583285800026));
#6325 = CARTESIAN_POINT('',(0.576937364484,0.63,-0.581642225884));
#6326 = CARTESIAN_POINT('',(0.576496507644,0.63,-0.58));
#6327 = PCURVE('',#67,#6328);
#6328 = DEFINITIONAL_REPRESENTATION('',(#6329),#6355);
#6329 = B_SPLINE_CURVE_WITH_KNOTS('',3,(#6330,#6331,#6332,#6333,#6334,
    #6335,#6336,#6337,#6338,#6339,#6340,#6341,#6342,#6343,#6344,#6345,
    #6346,#6347,#6348,#6349,#6350,#6351,#6352,#6353,#6354),
  .UNSPECIFIED.,.F.,.F.,(4,1,1,1,1,1,1,1,1,1,1,1,1,1,1,1,1,1,1,1,1,1,4),
  (0.,1.829089632346E-06,3.658179264692E-06,5.487268897038E-06,
    7.316358529384E-06,9.14544816173E-06,1.097453779408E-05,
    1.280362742642E-05,1.463271705877E-05,1.646180669111E-05,
    1.829089632346E-05,2.011998595581E-05,2.194907558815E-05,
    2.37781652205E-05,2.560725485284E-05,2.743634448519E-05,
    2.926543411754E-05,3.109452374988E-05,3.292361338223E-05,
    3.475270301458E-05,3.658179264692E-05,3.841088227927E-05,
    4.023997191161E-05),.QUASI_UNIFORM_KNOTS.);
#6330 = CARTESIAN_POINT('',(4.433720728203,-1.464466094067E-02));
#6331 = CARTESIAN_POINT('',(4.433917199695,-1.422210140696E-02));
#6332 = CARTESIAN_POINT('',(4.434317625164,-1.339193122761E-02));
#6333 = CARTESIAN_POINT('',(4.434939393494,-1.219324117E-02));
#6334 = CARTESIAN_POINT('',(4.4355809747,-1.104283476504E-02));
#6335 = CARTESIAN_POINT('',(4.436241051251,-9.942430824806E-03));
#6336 = CARTESIAN_POINT('',(4.436918306821,-8.89374678388E-03));
#6337 = CARTESIAN_POINT('',(4.437611420756,-7.898505216059E-03));
#6338 = CARTESIAN_POINT('',(4.438319088722,-6.958409515732E-03));
#6339 = CARTESIAN_POINT('',(4.439039945704,-6.075234655709E-03));
#6340 = CARTESIAN_POINT('',(4.4397728534,-5.25048847453E-03));
#6341 = CARTESIAN_POINT('',(4.440515827671,-4.486675769386E-03));
#6342 = CARTESIAN_POINT('',(4.441272595673,-3.779882318611E-03));
#6343 = CARTESIAN_POINT('',(4.44204135932,-3.13113876415E-03));
#6344 = CARTESIAN_POINT('',(4.442820809132,-2.541124720476E-03));
#6345 = CARTESIAN_POINT('',(4.443609511739,-2.010612395108E-03));
#6346 = CARTESIAN_POINT('',(4.444406040763,-1.540354650851E-03));
#6347 = CARTESIAN_POINT('',(4.44520906583,-1.131089136322E-03));
#6348 = CARTESIAN_POINT('',(4.446016865685,-7.836337016009E-04));
#6349 = CARTESIAN_POINT('',(4.446829186784,-4.985006051046E-04));
#6350 = CARTESIAN_POINT('',(4.447640295866,-2.77344270445E-04));
#6351 = CARTESIAN_POINT('',(4.448464911129,-1.175560521128E-04));
#6352 = CARTESIAN_POINT('',(4.449292971409,-2.1416038411E-05));
#6353 = CARTESIAN_POINT('',(4.449845794376,5.893604754226E-08));
#6354 = CARTESIAN_POINT('',(4.450121652112,1.110223024625E-16));
#6355 = ( GEOMETRIC_REPRESENTATION_CONTEXT(2) 
PARAMETRIC_REPRESENTATION_CONTEXT() REPRESENTATION_CONTEXT('2D SPACE',''
  ) );
#6356 = PCURVE('',#95,#6357);
#6357 = DEFINITIONAL_REPRESENTATION('',(#6358),#6384);
#6358 = B_SPLINE_CURVE_WITH_KNOTS('',3,(#6359,#6360,#6361,#6362,#6363,
    #6364,#6365,#6366,#6367,#6368,#6369,#6370,#6371,#6372,#6373,#6374,
    #6375,#6376,#6377,#6378,#6379,#6380,#6381,#6382,#6383),
  .UNSPECIFIED.,.F.,.F.,(4,1,1,1,1,1,1,1,1,1,1,1,1,1,1,1,1,1,1,1,1,1,4),
  (0.,1.829089632346E-06,3.658179264692E-06,5.487268897038E-06,
    7.316358529384E-06,9.14544816173E-06,1.097453779408E-05,
    1.280362742642E-05,1.463271705877E-05,1.646180669111E-05,
    1.829089632346E-05,2.011998595581E-05,2.194907558815E-05,
    2.37781652205E-05,2.560725485284E-05,2.743634448519E-05,
    2.926543411754E-05,3.109452374988E-05,3.292361338223E-05,
    3.475270301458E-05,3.658179264692E-05,3.841088227927E-05,
    4.023997191161E-05),.QUASI_UNIFORM_KNOTS.);
#6359 = CARTESIAN_POINT('',(0.785398163397,1.486299193361));
#6360 = CARTESIAN_POINT('',(0.797349779196,1.486178293581));
#6361 = CARTESIAN_POINT('',(0.821270923224,1.485932152942));
#6362 = CARTESIAN_POINT('',(0.857188523395,1.485550790669));
#6363 = CARTESIAN_POINT('',(0.8931248638,1.485158148949));
#6364 = CARTESIAN_POINT('',(0.929060318106,1.484755099842));
#6365 = CARTESIAN_POINT('',(0.96497431112,1.484342514701));
#6366 = CARTESIAN_POINT('',(1.000845283206,1.483921267504));
#6367 = CARTESIAN_POINT('',(1.036652273419,1.483492222439));
#6368 = CARTESIAN_POINT('',(1.072371629366,1.48305628023));
#6369 = CARTESIAN_POINT('',(1.10799158671,1.482614205251));
#6370 = CARTESIAN_POINT('',(1.143460201093,1.482167270734));
#6371 = CARTESIAN_POINT('',(1.179004494894,1.481713320859));
#6372 = CARTESIAN_POINT('',(1.214591995534,1.481253456884));
#6373 = CARTESIAN_POINT('',(1.250210541842,1.480788493329));
#6374 = CARTESIAN_POINT('',(1.285841166324,1.480319317436));
#6375 = CARTESIAN_POINT('',(1.321464484673,1.4798468123));
#6376 = CARTESIAN_POINT('',(1.357064945682,1.479371804882));
#6377 = CARTESIAN_POINT('',(1.392610178371,1.478895350818));
#6378 = CARTESIAN_POINT('',(1.428132104967,1.47841764719));
#6379 = CARTESIAN_POINT('',(1.463425876519,1.477942096609));
#6380 = CARTESIAN_POINT('',(1.499175704225,1.477460138134));
#6381 = CARTESIAN_POINT('',(1.534990920225,1.476977638989));
#6382 = CARTESIAN_POINT('',(1.558876326955,1.476656503878));
#6383 = CARTESIAN_POINT('',(1.570796326795,1.476496507644));
#6384 = ( GEOMETRIC_REPRESENTATION_CONTEXT(2) 
PARAMETRIC_REPRESENTATION_CONTEXT() REPRESENTATION_CONTEXT('2D SPACE',''
  ) );
#6385 = ORIENTED_EDGE('',*,*,#39,.F.);
#6386 = ORIENTED_EDGE('',*,*,#6387,.T.);
#6387 = EDGE_CURVE('',#40,#5920,#6388,.T.);
#6388 = SURFACE_CURVE('',#6389,(#6400,#6429),.PCURVE_S1.);
#6389 = B_SPLINE_CURVE_WITH_KNOTS('',3,(#6390,#6391,#6392,#6393,#6394,
    #6395,#6396,#6397,#6398,#6399),.UNSPECIFIED.,.F.,.F.,(4,3,3,4),(
    1.022834283856E-18,1.792079663272E-05,3.585628441639E-05,
    4.025475725146E-05),.UNSPECIFIED.);
#6390 = CARTESIAN_POINT('',(0.576496507645,0.63,0.58));
#6391 = CARTESIAN_POINT('',(0.578045288674,0.63,0.585769329326));
#6392 = CARTESIAN_POINT('',(0.579639807504,0.628975373964,0.591611697374
    ));
#6393 = CARTESIAN_POINT('',(0.58114483665,0.627004520106,0.597046263215)
  );
#6394 = CARTESIAN_POINT('',(0.582650526697,0.625032800791,0.602483215527
    ));
#6395 = CARTESIAN_POINT('',(0.584108797485,0.622056260437,0.607665261563
    ));
#6396 = CARTESIAN_POINT('',(0.585381389618,0.618303036899,0.612138409487
    ));
#6397 = CARTESIAN_POINT('',(0.585697871311,0.617369645509,0.6132508393)
  );
#6398 = CARTESIAN_POINT('',(0.586004481332,0.616385393684,0.614325284435
    ));
#6399 = CARTESIAN_POINT('',(0.586299193361,0.615355339059,0.615355339059
    ));
#6400 = PCURVE('',#67,#6401);
#6401 = DEFINITIONAL_REPRESENTATION('',(#6402),#6428);
#6402 = B_SPLINE_CURVE_WITH_KNOTS('',3,(#6403,#6404,#6405,#6406,#6407,
    #6408,#6409,#6410,#6411,#6412,#6413,#6414,#6415,#6416,#6417,#6418,
    #6419,#6420,#6421,#6422,#6423,#6424,#6425,#6426,#6427),
  .UNSPECIFIED.,.F.,.F.,(4,1,1,1,1,1,1,1,1,1,1,1,1,1,1,1,1,1,1,1,1,1,4),
  (1.022834283856E-18,1.829761693249E-06,3.659523386497E-06,
    5.489285079745E-06,7.319046772993E-06,9.148808466241E-06,
    1.097857015949E-05,1.280833185274E-05,1.463809354598E-05,
    1.646785523923E-05,1.829761693248E-05,2.012737862573E-05,
    2.195714031898E-05,2.378690201222E-05,2.561666370547E-05,
    2.744642539872E-05,2.927618709197E-05,3.110594878522E-05,
    3.293571047846E-05,3.476547217171E-05,3.659523386496E-05,
    3.842499555821E-05,4.025475725146E-05),.QUASI_UNIFORM_KNOTS.);
#6403 = CARTESIAN_POINT('',(4.974656308657,0.));
#6404 = CARTESIAN_POINT('',(4.974928954726,-7.093129185811E-16));
#6405 = CARTESIAN_POINT('',(4.975475014874,-2.136337588719E-05));
#6406 = CARTESIAN_POINT('',(4.976294983743,-1.169978508551E-04));
#6407 = CARTESIAN_POINT('',(4.977114406031,-2.757211257811E-04));
#6408 = CARTESIAN_POINT('',(4.977931855957,-4.970322208057E-04));
#6409 = CARTESIAN_POINT('',(4.978745909515,-7.804315254435E-04));
#6410 = CARTESIAN_POINT('',(4.979555135938,-1.125414320398E-03));
#6411 = CARTESIAN_POINT('',(4.980358129573,-1.531494952241E-03));
#6412 = CARTESIAN_POINT('',(4.981153390967,-1.99811661288E-03));
#6413 = CARTESIAN_POINT('',(4.981939770714,-2.524988047015E-03));
#6414 = CARTESIAN_POINT('',(4.98271481303,-3.110826942835E-03));
#6415 = CARTESIAN_POINT('',(4.983481141083,-3.758210841684E-03));
#6416 = CARTESIAN_POINT('',(4.984238957829,-4.466832802647E-03));
#6417 = CARTESIAN_POINT('',(4.984986495864,-5.234931448409E-03));
#6418 = CARTESIAN_POINT('',(4.985722517628,-6.061138679299E-03));
#6419 = CARTESIAN_POINT('',(4.986445636174,-6.943967721469E-03));
#6420 = CARTESIAN_POINT('',(4.987154531936,-7.882013220135E-03));
#6421 = CARTESIAN_POINT('',(4.987847764937,-8.873662818443E-03));
#6422 = CARTESIAN_POINT('',(4.988524309229,-9.918050748744E-03));
#6423 = CARTESIAN_POINT('',(4.989181602963,-1.101153188864E-02));
#6424 = CARTESIAN_POINT('',(4.989822813708,-1.216083194552E-02));
#6425 = CARTESIAN_POINT('',(4.990452529051,-1.337521272262E-02));
#6426 = CARTESIAN_POINT('',(4.990858547318,-1.421714203716E-02));
#6427 = CARTESIAN_POINT('',(4.991057232567,-1.464466094068E-02));
#6428 = ( GEOMETRIC_REPRESENTATION_CONTEXT(2) 
PARAMETRIC_REPRESENTATION_CONTEXT() REPRESENTATION_CONTEXT('2D SPACE',''
  ) );
#6429 = PCURVE('',#150,#6430);
#6430 = DEFINITIONAL_REPRESENTATION('',(#6431),#6457);
#6431 = B_SPLINE_CURVE_WITH_KNOTS('',3,(#6432,#6433,#6434,#6435,#6436,
    #6437,#6438,#6439,#6440,#6441,#6442,#6443,#6444,#6445,#6446,#6447,
    #6448,#6449,#6450,#6451,#6452,#6453,#6454,#6455,#6456),
  .UNSPECIFIED.,.F.,.F.,(4,1,1,1,1,1,1,1,1,1,1,1,1,1,1,1,1,1,1,1,1,1,4),
  (1.022834283856E-18,1.829761693249E-06,3.659523386497E-06,
    5.489285079745E-06,7.319046772993E-06,9.148808466241E-06,
    1.097857015949E-05,1.280833185274E-05,1.463809354598E-05,
    1.646785523923E-05,1.829761693248E-05,2.012737862573E-05,
    2.195714031898E-05,2.378690201222E-05,2.561666370547E-05,
    2.744642539872E-05,2.927618709197E-05,3.110594878522E-05,
    3.293571047846E-05,3.476547217171E-05,3.659523386496E-05,
    3.842499555821E-05,4.025475725146E-05),.QUASI_UNIFORM_KNOTS.);
#6432 = CARTESIAN_POINT('',(1.570796326795,1.476496507645));
#6433 = CARTESIAN_POINT('',(1.582577476355,1.476654642367));
#6434 = CARTESIAN_POINT('',(1.606170746224,1.476971865443));
#6435 = CARTESIAN_POINT('',(1.641637011839,1.477449697303));
#6436 = CARTESIAN_POINT('',(1.677163617533,1.477928662838));
#6437 = CARTESIAN_POINT('',(1.712732685134,1.478407898194));
#6438 = CARTESIAN_POINT('',(1.748325771851,1.478886540579));
#6439 = CARTESIAN_POINT('',(1.783923730082,1.479363723229));
#6440 = CARTESIAN_POINT('',(1.81950867579,1.479838594215));
#6441 = CARTESIAN_POINT('',(1.855058983225,1.480310246234));
#6442 = CARTESIAN_POINT('',(1.890570061905,1.480777978643));
#6443 = CARTESIAN_POINT('',(1.925978943241,1.481240319534));
#6444 = CARTESIAN_POINT('',(1.961457142154,1.481698794033));
#6445 = CARTESIAN_POINT('',(1.997058165019,1.482153439095));
#6446 = CARTESIAN_POINT('',(2.032743929282,1.482603127722));
#6447 = CARTESIAN_POINT('',(2.068499574193,1.483047046002));
#6448 = CARTESIAN_POINT('',(2.104302769968,1.483484291624));
#6449 = CARTESIAN_POINT('',(2.140134507097,1.48391400279));
#6450 = CARTESIAN_POINT('',(2.17596952387,1.484335244054));
#6451 = CARTESIAN_POINT('',(2.211806723441,1.484747334039));
#6452 = CARTESIAN_POINT('',(2.247559981489,1.485148648748));
#6453 = CARTESIAN_POINT('',(2.283467354465,1.485541080589));
#6454 = CARTESIAN_POINT('',(2.319848007924,1.485927342172));
#6455 = CARTESIAN_POINT('',(2.344105392715,1.48617692998));
#6456 = CARTESIAN_POINT('',(2.356194490192,1.486299193361));
#6457 = ( GEOMETRIC_REPRESENTATION_CONTEXT(2) 
PARAMETRIC_REPRESENTATION_CONTEXT() REPRESENTATION_CONTEXT('2D SPACE',''
  ) );
#6458 = ORIENTED_EDGE('',*,*,#5919,.F.);
#6459 = ORIENTED_EDGE('',*,*,#6460,.T.);
#6460 = EDGE_CURVE('',#5897,#4320,#6461,.T.);
#6461 = SURFACE_CURVE('',#6462,(#6466,#6473),.PCURVE_S1.);
#6462 = LINE('',#6463,#6464);
#6463 = CARTESIAN_POINT('',(0.590543267439,0.63,0.63));
#6464 = VECTOR('',#6465,1.);
#6465 = DIRECTION('',(-0.,1.,-1.036602379928E-14));
#6466 = PCURVE('',#67,#6467);
#6467 = DEFINITIONAL_REPRESENTATION('',(#6468),#6472);
#6468 = LINE('',#6469,#6470);
#6469 = CARTESIAN_POINT('',(4.997873050533,-6.661338147751E-15));
#6470 = VECTOR('',#6471,1.);
#6471 = DIRECTION('',(0.,1.));
#6472 = ( GEOMETRIC_REPRESENTATION_CONTEXT(2) 
PARAMETRIC_REPRESENTATION_CONTEXT() REPRESENTATION_CONTEXT('2D SPACE',''
  ) );
#6473 = PCURVE('',#4409,#6474);
#6474 = DEFINITIONAL_REPRESENTATION('',(#6475),#6479);
#6475 = LINE('',#6476,#6477);
#6476 = CARTESIAN_POINT('',(-0.63,-2.146498175501));
#6477 = VECTOR('',#6478,1.);
#6478 = DIRECTION('',(-1.,0.));
#6479 = ( GEOMETRIC_REPRESENTATION_CONTEXT(2) 
PARAMETRIC_REPRESENTATION_CONTEXT() REPRESENTATION_CONTEXT('2D SPACE',''
  ) );
#6480 = ORIENTED_EDGE('',*,*,#4319,.T.);
#6481 = ADVANCED_FACE('',(#6482),#5274,.T.);
#6482 = FACE_BOUND('',#6483,.T.);
#6483 = EDGE_LOOP('',(#6484,#6485,#6511));
#6484 = ORIENTED_EDGE('',*,*,#5235,.T.);
#6485 = ORIENTED_EDGE('',*,*,#6486,.F.);
#6486 = EDGE_CURVE('',#6089,#5208,#6487,.T.);
#6487 = SURFACE_CURVE('',#6488,(#6493,#6500),.PCURVE_S1.);
#6488 = CIRCLE('',#6489,2.23704144294);
#6489 = AXIS2_PLACEMENT_3D('',#6490,#6491,#6492);
#6490 = CARTESIAN_POINT('',(2.73704144294,-0.63,2.147591539192E-15));
#6491 = DIRECTION('',(0.,1.,-3.383061121595E-15));
#6492 = DIRECTION('',(0.,-3.383061121595E-15,-1.));
#6493 = PCURVE('',#5274,#6494);
#6494 = DEFINITIONAL_REPRESENTATION('',(#6495),#6499);
#6495 = LINE('',#6496,#6497);
#6496 = CARTESIAN_POINT('',(6.28318530718,0.));
#6497 = VECTOR('',#6498,1.);
#6498 = DIRECTION('',(-1.,0.));
#6499 = ( GEOMETRIC_REPRESENTATION_CONTEXT(2) 
PARAMETRIC_REPRESENTATION_CONTEXT() REPRESENTATION_CONTEXT('2D SPACE',''
  ) );
#6500 = PCURVE('',#5223,#6501);
#6501 = DEFINITIONAL_REPRESENTATION('',(#6502),#6510);
#6502 = ( BOUNDED_CURVE() B_SPLINE_CURVE(2,(#6503,#6504,#6505,#6506,
#6507,#6508,#6509),.UNSPECIFIED.,.T.,.F.) B_SPLINE_CURVE_WITH_KNOTS((1,2
    ,2,2,2,1),(-2.094395102393,0.,2.094395102393,4.188790204786,
6.28318530718,8.377580409573),.UNSPECIFIED.) CURVE() 
GEOMETRIC_REPRESENTATION_ITEM() RATIONAL_B_SPLINE_CURVE((1.,0.5,1.,0.5,
1.,0.5,1.)) REPRESENTATION_ITEM('') );
#6503 = CARTESIAN_POINT('',(2.23704144294,0.));
#6504 = CARTESIAN_POINT('',(2.23704144294,-3.874669437809));
#6505 = CARTESIAN_POINT('',(-1.11852072147,-1.937334718904));
#6506 = CARTESIAN_POINT('',(-4.47408288588,-5.479171285312E-16));
#6507 = CARTESIAN_POINT('',(-1.11852072147,1.937334718904));
#6508 = CARTESIAN_POINT('',(2.23704144294,3.874669437809));
#6509 = CARTESIAN_POINT('',(2.23704144294,0.));
#6510 = ( GEOMETRIC_REPRESENTATION_CONTEXT(2) 
PARAMETRIC_REPRESENTATION_CONTEXT() REPRESENTATION_CONTEXT('2D SPACE',''
  ) );
#6511 = ORIENTED_EDGE('',*,*,#6512,.T.);
#6512 = EDGE_CURVE('',#6089,#5236,#6513,.T.);
#6513 = SURFACE_CURVE('',#6514,(#6519,#6525),.PCURVE_S1.);
#6514 = ( BOUNDED_CURVE() B_SPLINE_CURVE(3,(#6515,#6516,#6517,#6518),
.UNSPECIFIED.,.F.,.F.) B_SPLINE_CURVE_WITH_KNOTS((4,4),(4.997873050533,
5.000368886252),.PIECEWISE_BEZIER_KNOTS.) CURVE() 
GEOMETRIC_REPRESENTATION_ITEM() RATIONAL_B_SPLINE_CURVE((1.,0.9999994809
,0.9999994809,1.)) REPRESENTATION_ITEM('') );
#6515 = CARTESIAN_POINT('',(0.590543267439,-0.63,0.63));
#6516 = CARTESIAN_POINT('',(0.591067393076,-0.631785769402,
    0.631785769402));
#6517 = CARTESIAN_POINT('',(0.591593746797,-0.633570883349,
    0.633570883349));
#6518 = CARTESIAN_POINT('',(0.592122327784,-0.635355339059,
    0.635355339059));
#6519 = PCURVE('',#5274,#6520);
#6520 = DEFINITIONAL_REPRESENTATION('',(#6521),#6524);
#6521 = B_SPLINE_CURVE_WITH_KNOTS('',1,(#6522,#6523),.UNSPECIFIED.,.F.,
  .F.,(2,2),(4.997873050533,5.000368886252),.PIECEWISE_BEZIER_KNOTS.);
#6522 = CARTESIAN_POINT('',(4.426904910237,0.));
#6523 = CARTESIAN_POINT('',(4.424409074518,5.355339059312E-03));
#6524 = ( GEOMETRIC_REPRESENTATION_CONTEXT(2) 
PARAMETRIC_REPRESENTATION_CONTEXT() REPRESENTATION_CONTEXT('2D SPACE',''
  ) );
#6525 = PCURVE('',#5350,#6526);
#6526 = DEFINITIONAL_REPRESENTATION('',(#6527),#6530);
#6527 = B_SPLINE_CURVE_WITH_KNOTS('',1,(#6528,#6529),.UNSPECIFIED.,.F.,
  .F.,(2,2),(4.997873050533,5.000368886252),.PIECEWISE_BEZIER_KNOTS.);
#6528 = CARTESIAN_POINT('',(4.997873050533,0.));
#6529 = CARTESIAN_POINT('',(5.000368886252,5.355339059346E-03));
#6530 = ( GEOMETRIC_REPRESENTATION_CONTEXT(2) 
PARAMETRIC_REPRESENTATION_CONTEXT() REPRESENTATION_CONTEXT('2D SPACE',''
  ) );
#6531 = ADVANCED_FACE('',(#6532),#5223,.T.);
#6532 = FACE_BOUND('',#6533,.T.);
#6533 = EDGE_LOOP('',(#6534,#6535,#6536));
#6534 = ORIENTED_EDGE('',*,*,#6110,.F.);
#6535 = ORIENTED_EDGE('',*,*,#6486,.T.);
#6536 = ORIENTED_EDGE('',*,*,#5207,.F.);
#6537 = ADVANCED_FACE('',(#6538),#5398,.T.);
#6538 = FACE_BOUND('',#6539,.T.);
#6539 = EDGE_LOOP('',(#6540,#6566,#6567));
#6540 = ORIENTED_EDGE('',*,*,#6541,.T.);
#6541 = EDGE_CURVE('',#5309,#6089,#6542,.T.);
#6542 = SURFACE_CURVE('',#6543,(#6548,#6559),.PCURVE_S1.);
#6543 = CIRCLE('',#6544,2.23704144294);
#6544 = AXIS2_PLACEMENT_3D('',#6545,#6546,#6547);
#6545 = CARTESIAN_POINT('',(2.73704144294,-5.20417042793E-17,0.63));
#6546 = DIRECTION('',(0.,1.084202172486E-16,-1.));
#6547 = DIRECTION('',(0.,-1.,-1.084202172486E-16));
#6548 = PCURVE('',#5398,#6549);
#6549 = DEFINITIONAL_REPRESENTATION('',(#6550),#6558);
#6550 = ( BOUNDED_CURVE() B_SPLINE_CURVE(2,(#6551,#6552,#6553,#6554,
#6555,#6556,#6557),.UNSPECIFIED.,.T.,.F.) B_SPLINE_CURVE_WITH_KNOTS((1,2
    ,2,2,2,1),(-2.094395102393,0.,2.094395102393,4.188790204786,
6.28318530718,8.377580409573),.UNSPECIFIED.) CURVE() 
GEOMETRIC_REPRESENTATION_ITEM() RATIONAL_B_SPLINE_CURVE((1.,0.5,1.,0.5,
1.,0.5,1.)) REPRESENTATION_ITEM('') );
#6551 = CARTESIAN_POINT('',(2.23704144294,0.));
#6552 = CARTESIAN_POINT('',(2.23704144294,-3.874669437809));
#6553 = CARTESIAN_POINT('',(-1.11852072147,-1.937334718904));
#6554 = CARTESIAN_POINT('',(-4.47408288588,-5.479171285312E-16));
#6555 = CARTESIAN_POINT('',(-1.11852072147,1.937334718904));
#6556 = CARTESIAN_POINT('',(2.23704144294,3.874669437809));
#6557 = CARTESIAN_POINT('',(2.23704144294,0.));
#6558 = ( GEOMETRIC_REPRESENTATION_CONTEXT(2) 
PARAMETRIC_REPRESENTATION_CONTEXT() REPRESENTATION_CONTEXT('2D SPACE',''
  ) );
#6559 = PCURVE('',#5350,#6560);
#6560 = DEFINITIONAL_REPRESENTATION('',(#6561),#6565);
#6561 = LINE('',#6562,#6563);
#6562 = CARTESIAN_POINT('',(6.28318530718,0.));
#6563 = VECTOR('',#6564,1.);
#6564 = DIRECTION('',(-1.,0.));
#6565 = ( GEOMETRIC_REPRESENTATION_CONTEXT(2) 
PARAMETRIC_REPRESENTATION_CONTEXT() REPRESENTATION_CONTEXT('2D SPACE',''
  ) );
#6566 = ORIENTED_EDGE('',*,*,#6137,.T.);
#6567 = ORIENTED_EDGE('',*,*,#5384,.F.);
#6568 = ADVANCED_FACE('',(#6569),#5350,.T.);
#6569 = FACE_BOUND('',#6570,.T.);
#6570 = EDGE_LOOP('',(#6571,#6572,#6573));
#6571 = ORIENTED_EDGE('',*,*,#5308,.T.);
#6572 = ORIENTED_EDGE('',*,*,#6512,.F.);
#6573 = ORIENTED_EDGE('',*,*,#6541,.F.);
#6574 = ADVANCED_FACE('',(#6575),#4460,.T.);
#6575 = FACE_BOUND('',#6576,.T.);
#6576 = EDGE_LOOP('',(#6577,#6578,#6604));
#6577 = ORIENTED_EDGE('',*,*,#4421,.T.);
#6578 = ORIENTED_EDGE('',*,*,#6579,.F.);
#6579 = EDGE_CURVE('',#5897,#4394,#6580,.T.);
#6580 = SURFACE_CURVE('',#6581,(#6586,#6593),.PCURVE_S1.);
#6581 = CIRCLE('',#6582,2.23704144294);
#6582 = AXIS2_PLACEMENT_3D('',#6583,#6584,#6585);
#6583 = CARTESIAN_POINT('',(2.73704144294,-5.20417042793E-17,0.63));
#6584 = DIRECTION('',(0.,1.084202172486E-16,-1.));
#6585 = DIRECTION('',(0.,-1.,-1.084202172486E-16));
#6586 = PCURVE('',#4460,#6587);
#6587 = DEFINITIONAL_REPRESENTATION('',(#6588),#6592);
#6588 = LINE('',#6589,#6590);
#6589 = CARTESIAN_POINT('',(6.28318530718,0.));
#6590 = VECTOR('',#6591,1.);
#6591 = DIRECTION('',(-1.,0.));
#6592 = ( GEOMETRIC_REPRESENTATION_CONTEXT(2) 
PARAMETRIC_REPRESENTATION_CONTEXT() REPRESENTATION_CONTEXT('2D SPACE',''
  ) );
#6593 = PCURVE('',#4409,#6594);
#6594 = DEFINITIONAL_REPRESENTATION('',(#6595),#6603);
#6595 = ( BOUNDED_CURVE() B_SPLINE_CURVE(2,(#6596,#6597,#6598,#6599,
#6600,#6601,#6602),.UNSPECIFIED.,.T.,.F.) B_SPLINE_CURVE_WITH_KNOTS((1,2
    ,2,2,2,1),(-2.094395102393,0.,2.094395102393,4.188790204786,
6.28318530718,8.377580409573),.UNSPECIFIED.) CURVE() 
GEOMETRIC_REPRESENTATION_ITEM() RATIONAL_B_SPLINE_CURVE((1.,0.5,1.,0.5,
1.,0.5,1.)) REPRESENTATION_ITEM('') );
#6596 = CARTESIAN_POINT('',(2.23704144294,0.));
#6597 = CARTESIAN_POINT('',(2.23704144294,-3.874669437809));
#6598 = CARTESIAN_POINT('',(-1.11852072147,-1.937334718904));
#6599 = CARTESIAN_POINT('',(-4.47408288588,-5.479171285312E-16));
#6600 = CARTESIAN_POINT('',(-1.11852072147,1.937334718904));
#6601 = CARTESIAN_POINT('',(2.23704144294,3.874669437809));
#6602 = CARTESIAN_POINT('',(2.23704144294,0.));
#6603 = ( GEOMETRIC_REPRESENTATION_CONTEXT(2) 
PARAMETRIC_REPRESENTATION_CONTEXT() REPRESENTATION_CONTEXT('2D SPACE',''
  ) );
#6604 = ORIENTED_EDGE('',*,*,#6605,.T.);
#6605 = EDGE_CURVE('',#5897,#4422,#6606,.T.);
#6606 = SURFACE_CURVE('',#6607,(#6612,#6618),.PCURVE_S1.);
#6607 = ( BOUNDED_CURVE() B_SPLINE_CURVE(3,(#6608,#6609,#6610,#6611),
.UNSPECIFIED.,.F.,.F.) B_SPLINE_CURVE_WITH_KNOTS((4,4),(4.997873050533,
5.000368886252),.PIECEWISE_BEZIER_KNOTS.) CURVE() 
GEOMETRIC_REPRESENTATION_ITEM() RATIONAL_B_SPLINE_CURVE((1.,0.9999994809
,0.9999994809,1.)) REPRESENTATION_ITEM('') );
#6608 = CARTESIAN_POINT('',(0.590543267439,0.63,0.63));
#6609 = CARTESIAN_POINT('',(0.591067393076,0.631785769402,0.631785769402
    ));
#6610 = CARTESIAN_POINT('',(0.591593746797,0.633570883349,0.633570883349
    ));
#6611 = CARTESIAN_POINT('',(0.592122327784,0.635355339059,0.635355339059
    ));
#6612 = PCURVE('',#4460,#6613);
#6613 = DEFINITIONAL_REPRESENTATION('',(#6614),#6617);
#6614 = B_SPLINE_CURVE_WITH_KNOTS('',1,(#6615,#6616),.UNSPECIFIED.,.F.,
  .F.,(2,2),(4.997873050533,5.000368886252),.PIECEWISE_BEZIER_KNOTS.);
#6615 = CARTESIAN_POINT('',(4.426904910237,0.));
#6616 = CARTESIAN_POINT('',(4.424409074518,5.355339059307E-03));
#6617 = ( GEOMETRIC_REPRESENTATION_CONTEXT(2) 
PARAMETRIC_REPRESENTATION_CONTEXT() REPRESENTATION_CONTEXT('2D SPACE',''
  ) );
#6618 = PCURVE('',#4536,#6619);
#6619 = DEFINITIONAL_REPRESENTATION('',(#6620),#6623);
#6620 = B_SPLINE_CURVE_WITH_KNOTS('',1,(#6621,#6622),.UNSPECIFIED.,.F.,
  .F.,(2,2),(4.997873050533,5.000368886252),.PIECEWISE_BEZIER_KNOTS.);
#6621 = CARTESIAN_POINT('',(4.997873050533,0.));
#6622 = CARTESIAN_POINT('',(5.000368886252,5.355339059342E-03));
#6623 = ( GEOMETRIC_REPRESENTATION_CONTEXT(2) 
PARAMETRIC_REPRESENTATION_CONTEXT() REPRESENTATION_CONTEXT('2D SPACE',''
  ) );
#6624 = ADVANCED_FACE('',(#6625),#4409,.T.);
#6625 = FACE_BOUND('',#6626,.T.);
#6626 = EDGE_LOOP('',(#6627,#6628,#6629));
#6627 = ORIENTED_EDGE('',*,*,#6460,.F.);
#6628 = ORIENTED_EDGE('',*,*,#6579,.T.);
#6629 = ORIENTED_EDGE('',*,*,#4393,.F.);
#6630 = ADVANCED_FACE('',(#6631),#4584,.T.);
#6631 = FACE_BOUND('',#6632,.T.);
#6632 = EDGE_LOOP('',(#6633,#6659,#6660));
#6633 = ORIENTED_EDGE('',*,*,#6634,.T.);
#6634 = EDGE_CURVE('',#4495,#5897,#6635,.T.);
#6635 = SURFACE_CURVE('',#6636,(#6641,#6652),.PCURVE_S1.);
#6636 = CIRCLE('',#6637,2.23704144294);
#6637 = AXIS2_PLACEMENT_3D('',#6638,#6639,#6640);
#6638 = CARTESIAN_POINT('',(2.73704144294,0.63,-6.546858026134E-15));
#6639 = DIRECTION('',(0.,-1.,1.036602379928E-14));
#6640 = DIRECTION('',(0.,1.036602379928E-14,1.));
#6641 = PCURVE('',#4584,#6642);
#6642 = DEFINITIONAL_REPRESENTATION('',(#6643),#6651);
#6643 = ( BOUNDED_CURVE() B_SPLINE_CURVE(2,(#6644,#6645,#6646,#6647,
#6648,#6649,#6650),.UNSPECIFIED.,.T.,.F.) B_SPLINE_CURVE_WITH_KNOTS((1,2
    ,2,2,2,1),(-2.094395102393,0.,2.094395102393,4.188790204786,
6.28318530718,8.377580409573),.UNSPECIFIED.) CURVE() 
GEOMETRIC_REPRESENTATION_ITEM() RATIONAL_B_SPLINE_CURVE((1.,0.5,1.,0.5,
1.,0.5,1.)) REPRESENTATION_ITEM('') );
#6644 = CARTESIAN_POINT('',(2.23704144294,0.));
#6645 = CARTESIAN_POINT('',(2.23704144294,-3.874669437809));
#6646 = CARTESIAN_POINT('',(-1.11852072147,-1.937334718904));
#6647 = CARTESIAN_POINT('',(-4.47408288588,-5.479171285312E-16));
#6648 = CARTESIAN_POINT('',(-1.11852072147,1.937334718904));
#6649 = CARTESIAN_POINT('',(2.23704144294,3.874669437809));
#6650 = CARTESIAN_POINT('',(2.23704144294,0.));
#6651 = ( GEOMETRIC_REPRESENTATION_CONTEXT(2) 
PARAMETRIC_REPRESENTATION_CONTEXT() REPRESENTATION_CONTEXT('2D SPACE',''
  ) );
#6652 = PCURVE('',#4536,#6653);
#6653 = DEFINITIONAL_REPRESENTATION('',(#6654),#6658);
#6654 = LINE('',#6655,#6656);
#6655 = CARTESIAN_POINT('',(6.28318530718,0.));
#6656 = VECTOR('',#6657,1.);
#6657 = DIRECTION('',(-1.,0.));
#6658 = ( GEOMETRIC_REPRESENTATION_CONTEXT(2) 
PARAMETRIC_REPRESENTATION_CONTEXT() REPRESENTATION_CONTEXT('2D SPACE',''
  ) );
#6659 = ORIENTED_EDGE('',*,*,#5896,.T.);
#6660 = ORIENTED_EDGE('',*,*,#4570,.F.);
#6661 = ADVANCED_FACE('',(#6662),#4536,.T.);
#6662 = FACE_BOUND('',#6663,.T.);
#6663 = EDGE_LOOP('',(#6664,#6665,#6666));
#6664 = ORIENTED_EDGE('',*,*,#4494,.T.);
#6665 = ORIENTED_EDGE('',*,*,#6605,.F.);
#6666 = ORIENTED_EDGE('',*,*,#6634,.F.);
#6667 = ADVANCED_FACE('',(#6668),#6682,.T.);
#6668 = FACE_BOUND('',#6669,.T.);
#6669 = EDGE_LOOP('',(#6670,#6700,#6723,#6746));
#6670 = ORIENTED_EDGE('',*,*,#6671,.T.);
#6671 = EDGE_CURVE('',#6672,#6674,#6676,.T.);
#6672 = VERTEX_POINT('',#6673);
#6673 = CARTESIAN_POINT('',(-1.,-0.6,0.6));
#6674 = VERTEX_POINT('',#6675);
#6675 = CARTESIAN_POINT('',(-1.,0.6,0.6));
#6676 = SURFACE_CURVE('',#6677,(#6681,#6693),.PCURVE_S1.);
#6677 = LINE('',#6678,#6679);
#6678 = CARTESIAN_POINT('',(-1.,0.65,0.6));
#6679 = VECTOR('',#6680,1.);
#6680 = DIRECTION('',(-0.,1.,-0.));
#6681 = PCURVE('',#6682,#6687);
#6682 = PLANE('',#6683);
#6683 = AXIS2_PLACEMENT_3D('',#6684,#6685,#6686);
#6684 = CARTESIAN_POINT('',(-1.,0.,0.));
#6685 = DIRECTION('',(-1.,0.,0.));
#6686 = DIRECTION('',(0.,0.,-1.));
#6687 = DEFINITIONAL_REPRESENTATION('',(#6688),#6692);
#6688 = LINE('',#6689,#6690);
#6689 = CARTESIAN_POINT('',(-0.6,-0.65));
#6690 = VECTOR('',#6691,1.);
#6691 = DIRECTION('',(0.,-1.));
#6692 = ( GEOMETRIC_REPRESENTATION_CONTEXT(2) 
PARAMETRIC_REPRESENTATION_CONTEXT() REPRESENTATION_CONTEXT('2D SPACE',''
  ) );
#6693 = PCURVE('',#1479,#6694);
#6694 = DEFINITIONAL_REPRESENTATION('',(#6695),#6699);
#6695 = LINE('',#6696,#6697);
#6696 = CARTESIAN_POINT('',(4.712388980385,0.));
#6697 = VECTOR('',#6698,1.);
#6698 = DIRECTION('',(0.,1.));
#6699 = ( GEOMETRIC_REPRESENTATION_CONTEXT(2) 
PARAMETRIC_REPRESENTATION_CONTEXT() REPRESENTATION_CONTEXT('2D SPACE',''
  ) );
#6700 = ORIENTED_EDGE('',*,*,#6701,.T.);
#6701 = EDGE_CURVE('',#6674,#6702,#6704,.T.);
#6702 = VERTEX_POINT('',#6703);
#6703 = CARTESIAN_POINT('',(-1.,0.6,-0.6));
#6704 = SURFACE_CURVE('',#6705,(#6709,#6716),.PCURVE_S1.);
#6705 = LINE('',#6706,#6707);
#6706 = CARTESIAN_POINT('',(-1.,0.6,-0.65));
#6707 = VECTOR('',#6708,1.);
#6708 = DIRECTION('',(-0.,0.,-1.));
#6709 = PCURVE('',#6682,#6710);
#6710 = DEFINITIONAL_REPRESENTATION('',(#6711),#6715);
#6711 = LINE('',#6712,#6713);
#6712 = CARTESIAN_POINT('',(0.65,-0.6));
#6713 = VECTOR('',#6714,1.);
#6714 = DIRECTION('',(1.,0.));
#6715 = ( GEOMETRIC_REPRESENTATION_CONTEXT(2) 
PARAMETRIC_REPRESENTATION_CONTEXT() REPRESENTATION_CONTEXT('2D SPACE',''
  ) );
#6716 = PCURVE('',#1359,#6717);
#6717 = DEFINITIONAL_REPRESENTATION('',(#6718),#6722);
#6718 = LINE('',#6719,#6720);
#6719 = CARTESIAN_POINT('',(0.,1.3));
#6720 = VECTOR('',#6721,1.);
#6721 = DIRECTION('',(0.,1.));
#6722 = ( GEOMETRIC_REPRESENTATION_CONTEXT(2) 
PARAMETRIC_REPRESENTATION_CONTEXT() REPRESENTATION_CONTEXT('2D SPACE',''
  ) );
#6723 = ORIENTED_EDGE('',*,*,#6724,.T.);
#6724 = EDGE_CURVE('',#6702,#6725,#6727,.T.);
#6725 = VERTEX_POINT('',#6726);
#6726 = CARTESIAN_POINT('',(-1.,-0.6,-0.6));
#6727 = SURFACE_CURVE('',#6728,(#6732,#6739),.PCURVE_S1.);
#6728 = LINE('',#6729,#6730);
#6729 = CARTESIAN_POINT('',(-1.,-0.65,-0.6));
#6730 = VECTOR('',#6731,1.);
#6731 = DIRECTION('',(-0.,-1.,-8.340016711427E-17));
#6732 = PCURVE('',#6682,#6733);
#6733 = DEFINITIONAL_REPRESENTATION('',(#6734),#6738);
#6734 = LINE('',#6735,#6736);
#6735 = CARTESIAN_POINT('',(0.6,0.65));
#6736 = VECTOR('',#6737,1.);
#6737 = DIRECTION('',(8.340016711427E-17,1.));
#6738 = ( GEOMETRIC_REPRESENTATION_CONTEXT(2) 
PARAMETRIC_REPRESENTATION_CONTEXT() REPRESENTATION_CONTEXT('2D SPACE',''
  ) );
#6739 = PCURVE('',#2733,#6740);
#6740 = DEFINITIONAL_REPRESENTATION('',(#6741),#6745);
#6741 = LINE('',#6742,#6743);
#6742 = CARTESIAN_POINT('',(4.712388980385,1.3));
#6743 = VECTOR('',#6744,1.);
#6744 = DIRECTION('',(1.480297366167E-15,1.));
#6745 = ( GEOMETRIC_REPRESENTATION_CONTEXT(2) 
PARAMETRIC_REPRESENTATION_CONTEXT() REPRESENTATION_CONTEXT('2D SPACE',''
  ) );
#6746 = ORIENTED_EDGE('',*,*,#6747,.T.);
#6747 = EDGE_CURVE('',#6725,#6672,#6748,.T.);
#6748 = SURFACE_CURVE('',#6749,(#6753,#6760),.PCURVE_S1.);
#6749 = LINE('',#6750,#6751);
#6750 = CARTESIAN_POINT('',(-1.,-0.6,0.65));
#6751 = VECTOR('',#6752,1.);
#6752 = DIRECTION('',(-0.,-0.,1.));
#6753 = PCURVE('',#6682,#6754);
#6754 = DEFINITIONAL_REPRESENTATION('',(#6755),#6759);
#6755 = LINE('',#6756,#6757);
#6756 = CARTESIAN_POINT('',(-0.65,0.6));
#6757 = VECTOR('',#6758,1.);
#6758 = DIRECTION('',(-1.,0.));
#6759 = ( GEOMETRIC_REPRESENTATION_CONTEXT(2) 
PARAMETRIC_REPRESENTATION_CONTEXT() REPRESENTATION_CONTEXT('2D SPACE',''
  ) );
#6760 = PCURVE('',#1585,#6761);
#6761 = DEFINITIONAL_REPRESENTATION('',(#6762),#6766);
#6762 = LINE('',#6763,#6764);
#6763 = CARTESIAN_POINT('',(3.14159265359,0.));
#6764 = VECTOR('',#6765,1.);
#6765 = DIRECTION('',(0.,1.));
#6766 = ( GEOMETRIC_REPRESENTATION_CONTEXT(2) 
PARAMETRIC_REPRESENTATION_CONTEXT() REPRESENTATION_CONTEXT('2D SPACE',''
  ) );
#6767 = ADVANCED_FACE('',(#6768),#1585,.T.);
#6768 = FACE_BOUND('',#6769,.T.);
#6769 = EDGE_LOOP('',(#6770,#6814,#6815,#6859));
#6770 = ORIENTED_EDGE('',*,*,#6771,.F.);
#6771 = EDGE_CURVE('',#646,#6725,#6772,.T.);
#6772 = SURFACE_CURVE('',#6773,(#6778,#6785),.PCURVE_S1.);
#6773 = CIRCLE('',#6774,5.E-02);
#6774 = AXIS2_PLACEMENT_3D('',#6775,#6776,#6777);
#6775 = CARTESIAN_POINT('',(-0.95,-0.6,-0.6));
#6776 = DIRECTION('',(-0.,0.,-1.));
#6777 = DIRECTION('',(-1.,0.,0.));
#6778 = PCURVE('',#1585,#6779);
#6779 = DEFINITIONAL_REPRESENTATION('',(#6780),#6784);
#6780 = LINE('',#6781,#6782);
#6781 = CARTESIAN_POINT('',(9.424777960769,-1.25));
#6782 = VECTOR('',#6783,1.);
#6783 = DIRECTION('',(-1.,0.));
#6784 = ( GEOMETRIC_REPRESENTATION_CONTEXT(2) 
PARAMETRIC_REPRESENTATION_CONTEXT() REPRESENTATION_CONTEXT('2D SPACE',''
  ) );
#6785 = PCURVE('',#690,#6786);
#6786 = DEFINITIONAL_REPRESENTATION('',(#6787),#6813);
#6787 = B_SPLINE_CURVE_WITH_KNOTS('',3,(#6788,#6789,#6790,#6791,#6792,
    #6793,#6794,#6795,#6796,#6797,#6798,#6799,#6800,#6801,#6802,#6803,
    #6804,#6805,#6806,#6807,#6808,#6809,#6810,#6811,#6812),
  .UNSPECIFIED.,.F.,.F.,(4,1,1,1,1,1,1,1,1,1,1,1,1,1,1,1,1,1,1,1,1,1,4),
  (4.712388980385,4.783788813421,4.855188646457,4.926588479493,
    4.997988312529,5.069388145565,5.140787978601,5.212187811638,
    5.283587644674,5.35498747771,5.426387310746,5.497787143782,
    5.569186976818,5.640586809854,5.711986642891,5.783386475927,
    5.854786308963,5.926186141999,5.997585975035,6.068985808071,
    6.140385641107,6.211785474143,6.28318530718),.QUASI_UNIFORM_KNOTS.);
#6788 = CARTESIAN_POINT('',(3.14159265359,-1.570796326795));
#6789 = CARTESIAN_POINT('',(3.14159265359,-1.54699638245));
#6790 = CARTESIAN_POINT('',(3.14159265359,-1.499396493759));
#6791 = CARTESIAN_POINT('',(3.14159265359,-1.427996660723));
#6792 = CARTESIAN_POINT('',(3.14159265359,-1.356596827687));
#6793 = CARTESIAN_POINT('',(3.14159265359,-1.28519699465));
#6794 = CARTESIAN_POINT('',(3.14159265359,-1.213797161614));
#6795 = CARTESIAN_POINT('',(3.14159265359,-1.142397328578));
#6796 = CARTESIAN_POINT('',(3.14159265359,-1.070997495542));
#6797 = CARTESIAN_POINT('',(3.14159265359,-0.999597662506));
#6798 = CARTESIAN_POINT('',(3.14159265359,-0.92819782947));
#6799 = CARTESIAN_POINT('',(3.14159265359,-0.856797996434));
#6800 = CARTESIAN_POINT('',(3.14159265359,-0.785398163397));
#6801 = CARTESIAN_POINT('',(3.14159265359,-0.713998330361));
#6802 = CARTESIAN_POINT('',(3.14159265359,-0.642598497325));
#6803 = CARTESIAN_POINT('',(3.14159265359,-0.571198664289));
#6804 = CARTESIAN_POINT('',(3.14159265359,-0.499798831253));
#6805 = CARTESIAN_POINT('',(3.14159265359,-0.428398998217));
#6806 = CARTESIAN_POINT('',(3.14159265359,-0.356999165181));
#6807 = CARTESIAN_POINT('',(3.14159265359,-0.285599332145));
#6808 = CARTESIAN_POINT('',(3.14159265359,-0.214199499108));
#6809 = CARTESIAN_POINT('',(3.14159265359,-0.142799666072));
#6810 = CARTESIAN_POINT('',(3.14159265359,-7.139983303613E-02));
#6811 = CARTESIAN_POINT('',(3.14159265359,-2.379994434538E-02));
#6812 = CARTESIAN_POINT('',(3.14159265359,0.));
#6813 = ( GEOMETRIC_REPRESENTATION_CONTEXT(2) 
PARAMETRIC_REPRESENTATION_CONTEXT() REPRESENTATION_CONTEXT('2D SPACE',''
  ) );
#6814 = ORIENTED_EDGE('',*,*,#1571,.F.);
#6815 = ORIENTED_EDGE('',*,*,#6816,.F.);
#6816 = EDGE_CURVE('',#6672,#1549,#6817,.T.);
#6817 = SURFACE_CURVE('',#6818,(#6823,#6830),.PCURVE_S1.);
#6818 = CIRCLE('',#6819,5.E-02);
#6819 = AXIS2_PLACEMENT_3D('',#6820,#6821,#6822);
#6820 = CARTESIAN_POINT('',(-0.95,-0.6,0.6));
#6821 = DIRECTION('',(0.,0.,1.));
#6822 = DIRECTION('',(1.,0.,-0.));
#6823 = PCURVE('',#1585,#6824);
#6824 = DEFINITIONAL_REPRESENTATION('',(#6825),#6829);
#6825 = LINE('',#6826,#6827);
#6826 = CARTESIAN_POINT('',(0.,-5.E-02));
#6827 = VECTOR('',#6828,1.);
#6828 = DIRECTION('',(1.,0.));
#6829 = ( GEOMETRIC_REPRESENTATION_CONTEXT(2) 
PARAMETRIC_REPRESENTATION_CONTEXT() REPRESENTATION_CONTEXT('2D SPACE',''
  ) );
#6830 = PCURVE('',#1719,#6831);
#6831 = DEFINITIONAL_REPRESENTATION('',(#6832),#6858);
#6832 = B_SPLINE_CURVE_WITH_KNOTS('',3,(#6833,#6834,#6835,#6836,#6837,
    #6838,#6839,#6840,#6841,#6842,#6843,#6844,#6845,#6846,#6847,#6848,
    #6849,#6850,#6851,#6852,#6853,#6854,#6855,#6856,#6857),
  .UNSPECIFIED.,.F.,.F.,(4,1,1,1,1,1,1,1,1,1,1,1,1,1,1,1,1,1,1,1,1,1,4),
  (3.14159265359,3.212992486626,3.284392319662,3.355792152698,
    3.427191985734,3.49859181877,3.569991651807,3.641391484843,
    3.712791317879,3.784191150915,3.855590983951,3.926990816987,
    3.998390650023,4.06979048306,4.141190316096,4.212590149132,
    4.283989982168,4.355389815204,4.42678964824,4.498189481276,
    4.569589314312,4.640989147349,4.712388980385),
  .QUASI_UNIFORM_KNOTS.);
#6833 = CARTESIAN_POINT('',(3.14159265359,0.));
#6834 = CARTESIAN_POINT('',(3.14159265359,-2.379994434538E-02));
#6835 = CARTESIAN_POINT('',(3.14159265359,-7.139983303613E-02));
#6836 = CARTESIAN_POINT('',(3.14159265359,-0.142799666072));
#6837 = CARTESIAN_POINT('',(3.14159265359,-0.214199499108));
#6838 = CARTESIAN_POINT('',(3.14159265359,-0.285599332145));
#6839 = CARTESIAN_POINT('',(3.14159265359,-0.356999165181));
#6840 = CARTESIAN_POINT('',(3.14159265359,-0.428398998217));
#6841 = CARTESIAN_POINT('',(3.14159265359,-0.499798831253));
#6842 = CARTESIAN_POINT('',(3.14159265359,-0.571198664289));
#6843 = CARTESIAN_POINT('',(3.14159265359,-0.642598497325));
#6844 = CARTESIAN_POINT('',(3.14159265359,-0.713998330361));
#6845 = CARTESIAN_POINT('',(3.14159265359,-0.785398163397));
#6846 = CARTESIAN_POINT('',(3.14159265359,-0.856797996434));
#6847 = CARTESIAN_POINT('',(3.14159265359,-0.92819782947));
#6848 = CARTESIAN_POINT('',(3.14159265359,-0.999597662506));
#6849 = CARTESIAN_POINT('',(3.14159265359,-1.070997495542));
#6850 = CARTESIAN_POINT('',(3.14159265359,-1.142397328578));
#6851 = CARTESIAN_POINT('',(3.14159265359,-1.213797161614));
#6852 = CARTESIAN_POINT('',(3.14159265359,-1.28519699465));
#6853 = CARTESIAN_POINT('',(3.14159265359,-1.356596827687));
#6854 = CARTESIAN_POINT('',(3.14159265359,-1.427996660723));
#6855 = CARTESIAN_POINT('',(3.14159265359,-1.499396493759));
#6856 = CARTESIAN_POINT('',(3.14159265359,-1.54699638245));
#6857 = CARTESIAN_POINT('',(3.14159265359,-1.570796326795));
#6858 = ( GEOMETRIC_REPRESENTATION_CONTEXT(2) 
PARAMETRIC_REPRESENTATION_CONTEXT() REPRESENTATION_CONTEXT('2D SPACE',''
  ) );
#6859 = ORIENTED_EDGE('',*,*,#6747,.F.);
#6860 = ADVANCED_FACE('',(#6861),#690,.T.);
#6861 = FACE_BOUND('',#6862,.T.);
#6862 = EDGE_LOOP('',(#6863,#6864,#6865));
#6863 = ORIENTED_EDGE('',*,*,#673,.T.);
#6864 = ORIENTED_EDGE('',*,*,#6771,.T.);
#6865 = ORIENTED_EDGE('',*,*,#6866,.F.);
#6866 = EDGE_CURVE('',#674,#6725,#6867,.T.);
#6867 = SURFACE_CURVE('',#6868,(#6873,#6880),.PCURVE_S1.);
#6868 = CIRCLE('',#6869,5.E-02);
#6869 = AXIS2_PLACEMENT_3D('',#6870,#6871,#6872);
#6870 = CARTESIAN_POINT('',(-0.95,-0.6,-0.6));
#6871 = DIRECTION('',(0.,1.,2.168404344971E-15));
#6872 = DIRECTION('',(0.,2.168404344971E-15,-1.));
#6873 = PCURVE('',#690,#6874);
#6874 = DEFINITIONAL_REPRESENTATION('',(#6875),#6879);
#6875 = LINE('',#6876,#6877);
#6876 = CARTESIAN_POINT('',(1.570796326795,2.22044604925E-15));
#6877 = VECTOR('',#6878,1.);
#6878 = DIRECTION('',(1.,-1.413579858428E-15));
#6879 = ( GEOMETRIC_REPRESENTATION_CONTEXT(2) 
PARAMETRIC_REPRESENTATION_CONTEXT() REPRESENTATION_CONTEXT('2D SPACE',''
  ) );
#6880 = PCURVE('',#2733,#6881);
#6881 = DEFINITIONAL_REPRESENTATION('',(#6882),#6886);
#6882 = LINE('',#6883,#6884);
#6883 = CARTESIAN_POINT('',(6.28318530718,1.25));
#6884 = VECTOR('',#6885,1.);
#6885 = DIRECTION('',(-1.,0.));
#6886 = ( GEOMETRIC_REPRESENTATION_CONTEXT(2) 
PARAMETRIC_REPRESENTATION_CONTEXT() REPRESENTATION_CONTEXT('2D SPACE',''
  ) );
#6887 = ADVANCED_FACE('',(#6888),#1719,.T.);
#6888 = FACE_BOUND('',#6889,.T.);
#6889 = EDGE_LOOP('',(#6890,#6891,#6892));
#6890 = ORIENTED_EDGE('',*,*,#6816,.T.);
#6891 = ORIENTED_EDGE('',*,*,#1704,.T.);
#6892 = ORIENTED_EDGE('',*,*,#6893,.F.);
#6893 = EDGE_CURVE('',#6672,#1464,#6894,.T.);
#6894 = SURFACE_CURVE('',#6895,(#6900,#6907),.PCURVE_S1.);
#6895 = CIRCLE('',#6896,5.E-02);
#6896 = AXIS2_PLACEMENT_3D('',#6897,#6898,#6899);
#6897 = CARTESIAN_POINT('',(-0.95,-0.6,0.6));
#6898 = DIRECTION('',(-0.,1.,0.));
#6899 = DIRECTION('',(0.,0.,-1.));
#6900 = PCURVE('',#1719,#6901);
#6901 = DEFINITIONAL_REPRESENTATION('',(#6902),#6906);
#6902 = LINE('',#6903,#6904);
#6903 = CARTESIAN_POINT('',(1.570796326795,0.));
#6904 = VECTOR('',#6905,1.);
#6905 = DIRECTION('',(1.,0.));
#6906 = ( GEOMETRIC_REPRESENTATION_CONTEXT(2) 
PARAMETRIC_REPRESENTATION_CONTEXT() REPRESENTATION_CONTEXT('2D SPACE',''
  ) );
#6907 = PCURVE('',#1479,#6908);
#6908 = DEFINITIONAL_REPRESENTATION('',(#6909),#6913);
#6909 = LINE('',#6910,#6911);
#6910 = CARTESIAN_POINT('',(3.14159265359,-1.25));
#6911 = VECTOR('',#6912,1.);
#6912 = DIRECTION('',(1.,0.));
#6913 = ( GEOMETRIC_REPRESENTATION_CONTEXT(2) 
PARAMETRIC_REPRESENTATION_CONTEXT() REPRESENTATION_CONTEXT('2D SPACE',''
  ) );
#6914 = ADVANCED_FACE('',(#6915),#2733,.T.);
#6915 = FACE_BOUND('',#6916,.T.);
#6916 = EDGE_LOOP('',(#6917,#6918,#6919,#6941));
#6917 = ORIENTED_EDGE('',*,*,#6866,.T.);
#6918 = ORIENTED_EDGE('',*,*,#6724,.F.);
#6919 = ORIENTED_EDGE('',*,*,#6920,.F.);
#6920 = EDGE_CURVE('',#939,#6702,#6921,.T.);
#6921 = SURFACE_CURVE('',#6922,(#6927,#6934),.PCURVE_S1.);
#6922 = CIRCLE('',#6923,5.E-02);
#6923 = AXIS2_PLACEMENT_3D('',#6924,#6925,#6926);
#6924 = CARTESIAN_POINT('',(-0.95,0.6,-0.6));
#6925 = DIRECTION('',(0.,1.,0.));
#6926 = DIRECTION('',(0.,-0.,1.));
#6927 = PCURVE('',#2733,#6928);
#6928 = DEFINITIONAL_REPRESENTATION('',(#6929),#6933);
#6929 = LINE('',#6930,#6931);
#6930 = CARTESIAN_POINT('',(9.424777960769,5.E-02));
#6931 = VECTOR('',#6932,1.);
#6932 = DIRECTION('',(-1.,0.));
#6933 = ( GEOMETRIC_REPRESENTATION_CONTEXT(2) 
PARAMETRIC_REPRESENTATION_CONTEXT() REPRESENTATION_CONTEXT('2D SPACE',''
  ) );
#6934 = PCURVE('',#978,#6935);
#6935 = DEFINITIONAL_REPRESENTATION('',(#6936),#6940);
#6936 = LINE('',#6937,#6938);
#6937 = CARTESIAN_POINT('',(-1.570796326795,0.));
#6938 = VECTOR('',#6939,1.);
#6939 = DIRECTION('',(1.,0.));
#6940 = ( GEOMETRIC_REPRESENTATION_CONTEXT(2) 
PARAMETRIC_REPRESENTATION_CONTEXT() REPRESENTATION_CONTEXT('2D SPACE',''
  ) );
#6941 = ORIENTED_EDGE('',*,*,#2719,.F.);
#6942 = ADVANCED_FACE('',(#6943),#1479,.T.);
#6943 = FACE_BOUND('',#6944,.T.);
#6944 = EDGE_LOOP('',(#6945,#6946,#6947,#6969));
#6945 = ORIENTED_EDGE('',*,*,#6893,.T.);
#6946 = ORIENTED_EDGE('',*,*,#1463,.F.);
#6947 = ORIENTED_EDGE('',*,*,#6948,.F.);
#6948 = EDGE_CURVE('',#6674,#1441,#6949,.T.);
#6949 = SURFACE_CURVE('',#6950,(#6955,#6962),.PCURVE_S1.);
#6950 = CIRCLE('',#6951,5.E-02);
#6951 = AXIS2_PLACEMENT_3D('',#6952,#6953,#6954);
#6952 = CARTESIAN_POINT('',(-0.95,0.6,0.6));
#6953 = DIRECTION('',(0.,1.,-0.));
#6954 = DIRECTION('',(0.,0.,1.));
#6955 = PCURVE('',#1479,#6956);
#6956 = DEFINITIONAL_REPRESENTATION('',(#6957),#6961);
#6957 = LINE('',#6958,#6959);
#6958 = CARTESIAN_POINT('',(0.,-5.E-02));
#6959 = VECTOR('',#6960,1.);
#6960 = DIRECTION('',(1.,0.));
#6961 = ( GEOMETRIC_REPRESENTATION_CONTEXT(2) 
PARAMETRIC_REPRESENTATION_CONTEXT() REPRESENTATION_CONTEXT('2D SPACE',''
  ) );
#6962 = PCURVE('',#2121,#6963);
#6963 = DEFINITIONAL_REPRESENTATION('',(#6964),#6968);
#6964 = LINE('',#6965,#6966);
#6965 = CARTESIAN_POINT('',(-1.570796326795,0.));
#6966 = VECTOR('',#6967,1.);
#6967 = DIRECTION('',(1.,0.));
#6968 = ( GEOMETRIC_REPRESENTATION_CONTEXT(2) 
PARAMETRIC_REPRESENTATION_CONTEXT() REPRESENTATION_CONTEXT('2D SPACE',''
  ) );
#6969 = ORIENTED_EDGE('',*,*,#6671,.F.);
#6970 = ADVANCED_FACE('',(#6971),#978,.T.);
#6971 = FACE_BOUND('',#6972,.T.);
#6972 = EDGE_LOOP('',(#6973,#6974,#6975));
#6973 = ORIENTED_EDGE('',*,*,#961,.T.);
#6974 = ORIENTED_EDGE('',*,*,#6920,.T.);
#6975 = ORIENTED_EDGE('',*,*,#6976,.F.);
#6976 = EDGE_CURVE('',#962,#6702,#6977,.T.);
#6977 = SURFACE_CURVE('',#6978,(#6983,#7012),.PCURVE_S1.);
#6978 = CIRCLE('',#6979,5.E-02);
#6979 = AXIS2_PLACEMENT_3D('',#6980,#6981,#6982);
#6980 = CARTESIAN_POINT('',(-0.95,0.6,-0.6));
#6981 = DIRECTION('',(0.,-2.168404344971E-15,1.));
#6982 = DIRECTION('',(0.,1.,2.168404344971E-15));
#6983 = PCURVE('',#978,#6984);
#6984 = DEFINITIONAL_REPRESENTATION('',(#6985),#7011);
#6985 = B_SPLINE_CURVE_WITH_KNOTS('',3,(#6986,#6987,#6988,#6989,#6990,
    #6991,#6992,#6993,#6994,#6995,#6996,#6997,#6998,#6999,#7000,#7001,
    #7002,#7003,#7004,#7005,#7006,#7007,#7008,#7009,#7010),
  .UNSPECIFIED.,.F.,.F.,(4,1,1,1,1,1,1,1,1,1,1,1,1,1,1,1,1,1,1,1,1,1,4),
  (0.,7.139983303613E-02,0.142799666072,0.214199499108,0.285599332145,
    0.356999165181,0.428398998217,0.499798831253,0.571198664289,
    0.642598497325,0.713998330361,0.785398163397,0.856797996434,
    0.92819782947,0.999597662506,1.070997495542,1.142397328578,
    1.213797161614,1.28519699465,1.356596827687,1.427996660723,
    1.499396493759,1.570796326795),.QUASI_UNIFORM_KNOTS.);
#6986 = CARTESIAN_POINT('',(3.14159265359,1.570796326795));
#6987 = CARTESIAN_POINT('',(3.14159265359,1.54699638245));
#6988 = CARTESIAN_POINT('',(3.14159265359,1.499396493759));
#6989 = CARTESIAN_POINT('',(3.14159265359,1.427996660723));
#6990 = CARTESIAN_POINT('',(3.14159265359,1.356596827687));
#6991 = CARTESIAN_POINT('',(3.14159265359,1.28519699465));
#6992 = CARTESIAN_POINT('',(3.14159265359,1.213797161614));
#6993 = CARTESIAN_POINT('',(3.14159265359,1.142397328578));
#6994 = CARTESIAN_POINT('',(3.14159265359,1.070997495542));
#6995 = CARTESIAN_POINT('',(3.14159265359,0.999597662506));
#6996 = CARTESIAN_POINT('',(3.14159265359,0.92819782947));
#6997 = CARTESIAN_POINT('',(3.14159265359,0.856797996434));
#6998 = CARTESIAN_POINT('',(3.14159265359,0.785398163397));
#6999 = CARTESIAN_POINT('',(3.14159265359,0.713998330361));
#7000 = CARTESIAN_POINT('',(3.14159265359,0.642598497325));
#7001 = CARTESIAN_POINT('',(3.14159265359,0.571198664289));
#7002 = CARTESIAN_POINT('',(3.14159265359,0.499798831253));
#7003 = CARTESIAN_POINT('',(3.14159265359,0.428398998217));
#7004 = CARTESIAN_POINT('',(3.14159265359,0.356999165181));
#7005 = CARTESIAN_POINT('',(3.14159265359,0.285599332145));
#7006 = CARTESIAN_POINT('',(3.14159265359,0.214199499108));
#7007 = CARTESIAN_POINT('',(3.14159265359,0.142799666072));
#7008 = CARTESIAN_POINT('',(3.14159265359,7.139983303613E-02));
#7009 = CARTESIAN_POINT('',(3.14159265359,2.379994434538E-02));
#7010 = CARTESIAN_POINT('',(3.14159265359,0.));
#7011 = ( GEOMETRIC_REPRESENTATION_CONTEXT(2) 
PARAMETRIC_REPRESENTATION_CONTEXT() REPRESENTATION_CONTEXT('2D SPACE',''
  ) );
#7012 = PCURVE('',#1359,#7013);
#7013 = DEFINITIONAL_REPRESENTATION('',(#7014),#7018);
#7014 = LINE('',#7015,#7016);
#7015 = CARTESIAN_POINT('',(1.570796326795,1.25));
#7016 = VECTOR('',#7017,1.);
#7017 = DIRECTION('',(-1.,0.));
#7018 = ( GEOMETRIC_REPRESENTATION_CONTEXT(2) 
PARAMETRIC_REPRESENTATION_CONTEXT() REPRESENTATION_CONTEXT('2D SPACE',''
  ) );
#7019 = ADVANCED_FACE('',(#7020),#2121,.T.);
#7020 = FACE_BOUND('',#7021,.T.);
#7021 = EDGE_LOOP('',(#7022,#7023,#7024));
#7022 = ORIENTED_EDGE('',*,*,#6948,.T.);
#7023 = ORIENTED_EDGE('',*,*,#2106,.T.);
#7024 = ORIENTED_EDGE('',*,*,#7025,.F.);
#7025 = EDGE_CURVE('',#6674,#1344,#7026,.T.);
#7026 = SURFACE_CURVE('',#7027,(#7032,#7061),.PCURVE_S1.);
#7027 = CIRCLE('',#7028,5.E-02);
#7028 = AXIS2_PLACEMENT_3D('',#7029,#7030,#7031);
#7029 = CARTESIAN_POINT('',(-0.95,0.6,0.6));
#7030 = DIRECTION('',(0.,0.,-1.));
#7031 = DIRECTION('',(1.,0.,0.));
#7032 = PCURVE('',#2121,#7033);
#7033 = DEFINITIONAL_REPRESENTATION('',(#7034),#7060);
#7034 = B_SPLINE_CURVE_WITH_KNOTS('',3,(#7035,#7036,#7037,#7038,#7039,
    #7040,#7041,#7042,#7043,#7044,#7045,#7046,#7047,#7048,#7049,#7050,
    #7051,#7052,#7053,#7054,#7055,#7056,#7057,#7058,#7059),
  .UNSPECIFIED.,.F.,.F.,(4,1,1,1,1,1,1,1,1,1,1,1,1,1,1,1,1,1,1,1,1,1,4),
  (3.14159265359,3.212992486626,3.284392319662,3.355792152698,
    3.427191985734,3.49859181877,3.569991651807,3.641391484843,
    3.712791317879,3.784191150915,3.855590983951,3.926990816987,
    3.998390650023,4.06979048306,4.141190316096,4.212590149132,
    4.283989982168,4.355389815204,4.42678964824,4.498189481276,
    4.569589314312,4.640989147349,4.712388980385),
  .QUASI_UNIFORM_KNOTS.);
#7035 = CARTESIAN_POINT('',(3.14159265359,0.));
#7036 = CARTESIAN_POINT('',(3.14159265359,2.379994434538E-02));
#7037 = CARTESIAN_POINT('',(3.14159265359,7.139983303613E-02));
#7038 = CARTESIAN_POINT('',(3.14159265359,0.142799666072));
#7039 = CARTESIAN_POINT('',(3.14159265359,0.214199499108));
#7040 = CARTESIAN_POINT('',(3.14159265359,0.285599332145));
#7041 = CARTESIAN_POINT('',(3.14159265359,0.356999165181));
#7042 = CARTESIAN_POINT('',(3.14159265359,0.428398998217));
#7043 = CARTESIAN_POINT('',(3.14159265359,0.499798831253));
#7044 = CARTESIAN_POINT('',(3.14159265359,0.571198664289));
#7045 = CARTESIAN_POINT('',(3.14159265359,0.642598497325));
#7046 = CARTESIAN_POINT('',(3.14159265359,0.713998330361));
#7047 = CARTESIAN_POINT('',(3.14159265359,0.785398163397));
#7048 = CARTESIAN_POINT('',(3.14159265359,0.856797996434));
#7049 = CARTESIAN_POINT('',(3.14159265359,0.92819782947));
#7050 = CARTESIAN_POINT('',(3.14159265359,0.999597662506));
#7051 = CARTESIAN_POINT('',(3.14159265359,1.070997495542));
#7052 = CARTESIAN_POINT('',(3.14159265359,1.142397328578));
#7053 = CARTESIAN_POINT('',(3.14159265359,1.213797161614));
#7054 = CARTESIAN_POINT('',(3.14159265359,1.28519699465));
#7055 = CARTESIAN_POINT('',(3.14159265359,1.356596827687));
#7056 = CARTESIAN_POINT('',(3.14159265359,1.427996660723));
#7057 = CARTESIAN_POINT('',(3.14159265359,1.499396493759));
#7058 = CARTESIAN_POINT('',(3.14159265359,1.54699638245));
#7059 = CARTESIAN_POINT('',(3.14159265359,1.570796326795));
#7060 = ( GEOMETRIC_REPRESENTATION_CONTEXT(2) 
PARAMETRIC_REPRESENTATION_CONTEXT() REPRESENTATION_CONTEXT('2D SPACE',''
  ) );
#7061 = PCURVE('',#1359,#7062);
#7062 = DEFINITIONAL_REPRESENTATION('',(#7063),#7067);
#7063 = LINE('',#7064,#7065);
#7064 = CARTESIAN_POINT('',(-3.14159265359,5.E-02));
#7065 = VECTOR('',#7066,1.);
#7066 = DIRECTION('',(1.,0.));
#7067 = ( GEOMETRIC_REPRESENTATION_CONTEXT(2) 
PARAMETRIC_REPRESENTATION_CONTEXT() REPRESENTATION_CONTEXT('2D SPACE',''
  ) );
#7068 = ADVANCED_FACE('',(#7069),#1359,.T.);
#7069 = FACE_BOUND('',#7070,.T.);
#7070 = EDGE_LOOP('',(#7071,#7072,#7073,#7074));
#7071 = ORIENTED_EDGE('',*,*,#6976,.T.);
#7072 = ORIENTED_EDGE('',*,*,#6701,.F.);
#7073 = ORIENTED_EDGE('',*,*,#7025,.T.);
#7074 = ORIENTED_EDGE('',*,*,#1343,.F.);
#7075 = ADVANCED_FACE('',(#7076),#431,.T.);
#7076 = FACE_BOUND('',#7077,.T.);
#7077 = EDGE_LOOP('',(#7078,#7100,#7101));
#7078 = ORIENTED_EDGE('',*,*,#7079,.T.);
#7079 = EDGE_CURVE('',#365,#1217,#7080,.T.);
#7080 = SURFACE_CURVE('',#7081,(#7086,#7093),.PCURVE_S1.);
#7081 = CIRCLE('',#7082,2.23704144294);
#7082 = AXIS2_PLACEMENT_3D('',#7083,#7084,#7085);
#7083 = CARTESIAN_POINT('',(-2.73704144294,-0.63,2.147591539192E-15));
#7084 = DIRECTION('',(0.,-1.,3.383061121595E-15));
#7085 = DIRECTION('',(0.,-3.383061121595E-15,-1.));
#7086 = PCURVE('',#431,#7087);
#7087 = DEFINITIONAL_REPRESENTATION('',(#7088),#7092);
#7088 = LINE('',#7089,#7090);
#7089 = CARTESIAN_POINT('',(0.,0.));
#7090 = VECTOR('',#7091,1.);
#7091 = DIRECTION('',(1.,0.));
#7092 = ( GEOMETRIC_REPRESENTATION_CONTEXT(2) 
PARAMETRIC_REPRESENTATION_CONTEXT() REPRESENTATION_CONTEXT('2D SPACE',''
  ) );
#7093 = PCURVE('',#380,#7094);
#7094 = DEFINITIONAL_REPRESENTATION('',(#7095),#7099);
#7095 = CIRCLE('',#7096,2.23704144294);
#7096 = AXIS2_PLACEMENT_2D('',#7097,#7098);
#7097 = CARTESIAN_POINT('',(0.,0.));
#7098 = DIRECTION('',(1.,0.));
#7099 = ( GEOMETRIC_REPRESENTATION_CONTEXT(2) 
PARAMETRIC_REPRESENTATION_CONTEXT() REPRESENTATION_CONTEXT('2D SPACE',''
  ) );
#7100 = ORIENTED_EDGE('',*,*,#2693,.F.);
#7101 = ORIENTED_EDGE('',*,*,#392,.F.);
#7102 = ADVANCED_FACE('',(#7103),#380,.T.);
#7103 = FACE_BOUND('',#7104,.T.);
#7104 = EDGE_LOOP('',(#7105,#7106,#7107));
#7105 = ORIENTED_EDGE('',*,*,#2616,.F.);
#7106 = ORIENTED_EDGE('',*,*,#7079,.F.);
#7107 = ORIENTED_EDGE('',*,*,#364,.F.);
#7108 = ADVANCED_FACE('',(#7109),#802,.T.);
#7109 = FACE_BOUND('',#7110,.T.);
#7110 = EDGE_LOOP('',(#7111,#7112,#7134));
#7111 = ORIENTED_EDGE('',*,*,#2668,.F.);
#7112 = ORIENTED_EDGE('',*,*,#7113,.T.);
#7113 = EDGE_CURVE('',#1267,#756,#7114,.T.);
#7114 = SURFACE_CURVE('',#7115,(#7120,#7127),.PCURVE_S1.);
#7115 = CIRCLE('',#7116,2.23704144294);
#7116 = AXIS2_PLACEMENT_3D('',#7117,#7118,#7119);
#7117 = CARTESIAN_POINT('',(-2.73704144294,0.63,-6.546858026134E-15));
#7118 = DIRECTION('',(-0.,1.,-1.036602379928E-14));
#7119 = DIRECTION('',(0.,1.036602379928E-14,1.));
#7120 = PCURVE('',#802,#7121);
#7121 = DEFINITIONAL_REPRESENTATION('',(#7122),#7126);
#7122 = LINE('',#7123,#7124);
#7123 = CARTESIAN_POINT('',(0.,0.));
#7124 = VECTOR('',#7125,1.);
#7125 = DIRECTION('',(1.,0.));
#7126 = ( GEOMETRIC_REPRESENTATION_CONTEXT(2) 
PARAMETRIC_REPRESENTATION_CONTEXT() REPRESENTATION_CONTEXT('2D SPACE',''
  ) );
#7127 = PCURVE('',#852,#7128);
#7128 = DEFINITIONAL_REPRESENTATION('',(#7129),#7133);
#7129 = CIRCLE('',#7130,2.23704144294);
#7130 = AXIS2_PLACEMENT_2D('',#7131,#7132);
#7131 = CARTESIAN_POINT('',(0.,0.));
#7132 = DIRECTION('',(1.,0.));
#7133 = ( GEOMETRIC_REPRESENTATION_CONTEXT(2) 
PARAMETRIC_REPRESENTATION_CONTEXT() REPRESENTATION_CONTEXT('2D SPACE',''
  ) );
#7134 = ORIENTED_EDGE('',*,*,#753,.F.);
#7135 = ADVANCED_FACE('',(#7136),#852,.T.);
#7136 = FACE_BOUND('',#7137,.T.);
#7137 = EDGE_LOOP('',(#7138,#7139,#7140));
#7138 = ORIENTED_EDGE('',*,*,#7113,.F.);
#7139 = ORIENTED_EDGE('',*,*,#2406,.F.);
#7140 = ORIENTED_EDGE('',*,*,#836,.F.);
#7141 = ADVANCED_FACE('',(#7142),#1428,.T.);
#7142 = FACE_BOUND('',#7143,.T.);
#7143 = EDGE_LOOP('',(#7144,#7167,#7189,#7261,#7262,#7336,#7358,#7379,
    #7380,#7381));
#7144 = ORIENTED_EDGE('',*,*,#7145,.F.);
#7145 = EDGE_CURVE('',#7146,#1604,#7148,.T.);
#7146 = VERTEX_POINT('',#7147);
#7147 = CARTESIAN_POINT('',(-0.590543267439,-0.63,0.63));
#7148 = SURFACE_CURVE('',#7149,(#7153,#7160),.PCURVE_S1.);
#7149 = LINE('',#7150,#7151);
#7150 = CARTESIAN_POINT('',(-0.590543267439,-0.63,0.63));
#7151 = VECTOR('',#7152,1.);
#7152 = DIRECTION('',(-0.,-1.084202172486E-16,1.));
#7153 = PCURVE('',#1428,#7154);
#7154 = DEFINITIONAL_REPRESENTATION('',(#7155),#7159);
#7155 = LINE('',#7156,#7157);
#7156 = CARTESIAN_POINT('',(1.285312256647,2.331468351713E-15));
#7157 = VECTOR('',#7158,1.);
#7158 = DIRECTION('',(0.,1.));
#7159 = ( GEOMETRIC_REPRESENTATION_CONTEXT(2) 
PARAMETRIC_REPRESENTATION_CONTEXT() REPRESENTATION_CONTEXT('2D SPACE',''
  ) );
#7160 = PCURVE('',#1619,#7161);
#7161 = DEFINITIONAL_REPRESENTATION('',(#7162),#7166);
#7162 = LINE('',#7163,#7164);
#7163 = CARTESIAN_POINT('',(-0.63,2.146498175501));
#7164 = VECTOR('',#7165,1.);
#7165 = DIRECTION('',(-1.,0.));
#7166 = ( GEOMETRIC_REPRESENTATION_CONTEXT(2) 
PARAMETRIC_REPRESENTATION_CONTEXT() REPRESENTATION_CONTEXT('2D SPACE',''
  ) );
#7167 = ORIENTED_EDGE('',*,*,#7168,.T.);
#7168 = EDGE_CURVE('',#7146,#7169,#7171,.T.);
#7169 = VERTEX_POINT('',#7170);
#7170 = CARTESIAN_POINT('',(-0.586299193361,-0.615355339059,
    0.615355339059));
#7171 = SURFACE_CURVE('',#7172,(#7177,#7183),.PCURVE_S1.);
#7172 = ( BOUNDED_CURVE() B_SPLINE_CURVE(3,(#7173,#7174,#7175,#7176),
.UNSPECIFIED.,.F.,.F.) B_SPLINE_CURVE_WITH_KNOTS((4,4),(1.285312256647,
1.292128074613),.PIECEWISE_BEZIER_KNOTS.) CURVE() 
GEOMETRIC_REPRESENTATION_ITEM() RATIONAL_B_SPLINE_CURVE((1.,
0.999996128723,0.999996128723,1.)) REPRESENTATION_ITEM('') );
#7173 = CARTESIAN_POINT('',(-0.590543267439,-0.63,0.63));
#7174 = CARTESIAN_POINT('',(-0.589111942895,-0.625123276951,
    0.625123276951));
#7175 = CARTESIAN_POINT('',(-0.587697246059,-0.620241704406,
    0.620241704406));
#7176 = CARTESIAN_POINT('',(-0.586299193361,-0.615355339059,
    0.615355339059));
#7177 = PCURVE('',#1428,#7178);
#7178 = DEFINITIONAL_REPRESENTATION('',(#7179),#7182);
#7179 = B_SPLINE_CURVE_WITH_KNOTS('',1,(#7180,#7181),.UNSPECIFIED.,.F.,
  .F.,(2,2),(1.285312256647,1.292128074613),.PIECEWISE_BEZIER_KNOTS.);
#7180 = CARTESIAN_POINT('',(1.285312256647,0.));
#7181 = CARTESIAN_POINT('',(1.292128074613,-1.464466094067E-02));
#7182 = ( GEOMETRIC_REPRESENTATION_CONTEXT(2) 
PARAMETRIC_REPRESENTATION_CONTEXT() REPRESENTATION_CONTEXT('2D SPACE',''
  ) );
#7183 = PCURVE('',#611,#7184);
#7184 = DEFINITIONAL_REPRESENTATION('',(#7185),#7188);
#7185 = B_SPLINE_CURVE_WITH_KNOTS('',1,(#7186,#7187),.UNSPECIFIED.,.F.,
  .F.,(2,2),(1.285312256647,1.292128074613),.PIECEWISE_BEZIER_KNOTS.);
#7186 = CARTESIAN_POINT('',(1.856280396943,0.));
#7187 = CARTESIAN_POINT('',(1.849464578977,-1.464466094067E-02));
#7188 = ( GEOMETRIC_REPRESENTATION_CONTEXT(2) 
PARAMETRIC_REPRESENTATION_CONTEXT() REPRESENTATION_CONTEXT('2D SPACE',''
  ) );
#7189 = ORIENTED_EDGE('',*,*,#7190,.T.);
#7190 = EDGE_CURVE('',#7169,#2866,#7191,.T.);
#7191 = SURFACE_CURVE('',#7192,(#7203,#7232),.PCURVE_S1.);
#7192 = B_SPLINE_CURVE_WITH_KNOTS('',3,(#7193,#7194,#7195,#7196,#7197,
    #7198,#7199,#7200,#7201,#7202),.UNSPECIFIED.,.F.,.F.,(4,3,3,4),(0.,
    1.76141599392E-05,3.520508539565E-05,4.023997191161E-05),
  .UNSPECIFIED.);
#7193 = CARTESIAN_POINT('',(-0.586299193361,-0.615355339059,
    0.615355339059));
#7194 = CARTESIAN_POINT('',(-0.585134926708,-0.611286084563,
    0.619424593556));
#7195 = CARTESIAN_POINT('',(-0.58376937041,-0.606467131209,
    0.622800689038));
#7196 = CARTESIAN_POINT('',(-0.582332302368,-0.601317667267,
    0.625227835039));
#7197 = CARTESIAN_POINT('',(-0.580896422566,-0.596172461159,
    0.627652974153));
#7198 = CARTESIAN_POINT('',(-0.579350170527,-0.590556429118,
    0.629200064187));
#7199 = CARTESIAN_POINT('',(-0.577823185047,-0.584919594657,
    0.629757387275));
#7200 = CARTESIAN_POINT('',(-0.577380599639,-0.583285800026,
    0.629918923235));
#7201 = CARTESIAN_POINT('',(-0.576937364484,-0.581642225884,0.63));
#7202 = CARTESIAN_POINT('',(-0.576496507644,-0.58,0.63));
#7203 = PCURVE('',#1428,#7204);
#7204 = DEFINITIONAL_REPRESENTATION('',(#7205),#7231);
#7205 = B_SPLINE_CURVE_WITH_KNOTS('',3,(#7206,#7207,#7208,#7209,#7210,
    #7211,#7212,#7213,#7214,#7215,#7216,#7217,#7218,#7219,#7220,#7221,
    #7222,#7223,#7224,#7225,#7226,#7227,#7228,#7229,#7230),
  .UNSPECIFIED.,.F.,.F.,(4,1,1,1,1,1,1,1,1,1,1,1,1,1,1,1,1,1,1,1,1,1,4),
  (0.,1.829089632346E-06,3.658179264692E-06,5.487268897037E-06,
    7.316358529383E-06,9.145448161729E-06,1.097453779407E-05,
    1.280362742642E-05,1.463271705877E-05,1.646180669111E-05,
    1.829089632346E-05,2.01199859558E-05,2.194907558815E-05,
    2.37781652205E-05,2.560725485284E-05,2.743634448519E-05,
    2.926543411753E-05,3.109452374988E-05,3.292361338222E-05,
    3.475270301457E-05,3.658179264692E-05,3.841088227926E-05,
    4.023997191161E-05),.QUASI_UNIFORM_KNOTS.);
#7206 = CARTESIAN_POINT('',(1.292128074613,-1.464466094067E-02));
#7207 = CARTESIAN_POINT('',(1.292324546105,-1.422210140696E-02));
#7208 = CARTESIAN_POINT('',(1.292724971574,-1.339193122761E-02));
#7209 = CARTESIAN_POINT('',(1.293346739905,-1.219324117E-02));
#7210 = CARTESIAN_POINT('',(1.29398832111,-1.104283476504E-02));
#7211 = CARTESIAN_POINT('',(1.294648397662,-9.942430824809E-03));
#7212 = CARTESIAN_POINT('',(1.295325653231,-8.893746783883E-03));
#7213 = CARTESIAN_POINT('',(1.296018767166,-7.898505216063E-03));
#7214 = CARTESIAN_POINT('',(1.296726435133,-6.958409515736E-03));
#7215 = CARTESIAN_POINT('',(1.297447292114,-6.075234655713E-03));
#7216 = CARTESIAN_POINT('',(1.29818019981,-5.250488474535E-03));
#7217 = CARTESIAN_POINT('',(1.298923174081,-4.48667576939E-03));
#7218 = CARTESIAN_POINT('',(1.299679942083,-3.779882318616E-03));
#7219 = CARTESIAN_POINT('',(1.30044870573,-3.131138764156E-03));
#7220 = CARTESIAN_POINT('',(1.301228155542,-2.541124720481E-03));
#7221 = CARTESIAN_POINT('',(1.302016858149,-2.010612395114E-03));
#7222 = CARTESIAN_POINT('',(1.302813387173,-1.540354650856E-03));
#7223 = CARTESIAN_POINT('',(1.30361641224,-1.131089136327E-03));
#7224 = CARTESIAN_POINT('',(1.304424212095,-7.836337016066E-04));
#7225 = CARTESIAN_POINT('',(1.305236533194,-4.985006051105E-04));
#7226 = CARTESIAN_POINT('',(1.306047642276,-2.773442704511E-04));
#7227 = CARTESIAN_POINT('',(1.306872257539,-1.175560521185E-04));
#7228 = CARTESIAN_POINT('',(1.307700317819,-2.141603841598E-05));
#7229 = CARTESIAN_POINT('',(1.308253140786,5.893604522295E-08));
#7230 = CARTESIAN_POINT('',(1.308528998522,0.));
#7231 = ( GEOMETRIC_REPRESENTATION_CONTEXT(2) 
PARAMETRIC_REPRESENTATION_CONTEXT() REPRESENTATION_CONTEXT('2D SPACE',''
  ) );
#7232 = PCURVE('',#2805,#7233);
#7233 = DEFINITIONAL_REPRESENTATION('',(#7234),#7260);
#7234 = B_SPLINE_CURVE_WITH_KNOTS('',3,(#7235,#7236,#7237,#7238,#7239,
    #7240,#7241,#7242,#7243,#7244,#7245,#7246,#7247,#7248,#7249,#7250,
    #7251,#7252,#7253,#7254,#7255,#7256,#7257,#7258,#7259),
  .UNSPECIFIED.,.F.,.F.,(4,1,1,1,1,1,1,1,1,1,1,1,1,1,1,1,1,1,1,1,1,1,4),
  (0.,1.829089632346E-06,3.658179264692E-06,5.487268897037E-06,
    7.316358529383E-06,9.145448161729E-06,1.097453779407E-05,
    1.280362742642E-05,1.463271705877E-05,1.646180669111E-05,
    1.829089632346E-05,2.01199859558E-05,2.194907558815E-05,
    2.37781652205E-05,2.560725485284E-05,2.743634448519E-05,
    2.926543411753E-05,3.109452374988E-05,3.292361338222E-05,
    3.475270301457E-05,3.658179264692E-05,3.841088227926E-05,
    4.023997191161E-05),.QUASI_UNIFORM_KNOTS.);
#7235 = CARTESIAN_POINT('',(3.926990816987,0.313700806639));
#7236 = CARTESIAN_POINT('',(3.915039201188,0.313821706419));
#7237 = CARTESIAN_POINT('',(3.89111805716,0.314067847058));
#7238 = CARTESIAN_POINT('',(3.855200456989,0.314449209331));
#7239 = CARTESIAN_POINT('',(3.819264116584,0.314841851051));
#7240 = CARTESIAN_POINT('',(3.783328662279,0.315244900158));
#7241 = CARTESIAN_POINT('',(3.747414669264,0.315657485299));
#7242 = CARTESIAN_POINT('',(3.711543697179,0.316078732496));
#7243 = CARTESIAN_POINT('',(3.675736706965,0.316507777561));
#7244 = CARTESIAN_POINT('',(3.640017351019,0.31694371977));
#7245 = CARTESIAN_POINT('',(3.604397393675,0.317385794749));
#7246 = CARTESIAN_POINT('',(3.568928779291,0.317832729266));
#7247 = CARTESIAN_POINT('',(3.533384485491,0.318286679141));
#7248 = CARTESIAN_POINT('',(3.497796984851,0.318746543116));
#7249 = CARTESIAN_POINT('',(3.462178438542,0.319211506671));
#7250 = CARTESIAN_POINT('',(3.426547814061,0.319680682564));
#7251 = CARTESIAN_POINT('',(3.390924495711,0.3201531877));
#7252 = CARTESIAN_POINT('',(3.355324034703,0.320628195118));
#7253 = CARTESIAN_POINT('',(3.319778802013,0.321104649182));
#7254 = CARTESIAN_POINT('',(3.284256875418,0.32158235281));
#7255 = CARTESIAN_POINT('',(3.248963103866,0.322057903391));
#7256 = CARTESIAN_POINT('',(3.213213276159,0.322539861866));
#7257 = CARTESIAN_POINT('',(3.17739806016,0.323022361011));
#7258 = CARTESIAN_POINT('',(3.15351265343,0.323343496122));
#7259 = CARTESIAN_POINT('',(3.14159265359,0.323503492356));
#7260 = ( GEOMETRIC_REPRESENTATION_CONTEXT(2) 
PARAMETRIC_REPRESENTATION_CONTEXT() REPRESENTATION_CONTEXT('2D SPACE',''
  ) );
#7261 = ORIENTED_EDGE('',*,*,#2865,.T.);
#7262 = ORIENTED_EDGE('',*,*,#7263,.T.);
#7263 = EDGE_CURVE('',#2868,#7264,#7266,.T.);
#7264 = VERTEX_POINT('',#7265);
#7265 = CARTESIAN_POINT('',(-0.586299193361,0.615355339059,
    0.615355339059));
#7266 = SURFACE_CURVE('',#7267,(#7278,#7307),.PCURVE_S1.);
#7267 = B_SPLINE_CURVE_WITH_KNOTS('',3,(#7268,#7269,#7270,#7271,#7272,
    #7273,#7274,#7275,#7276,#7277),.UNSPECIFIED.,.F.,.F.,(4,3,3,4),(0.,
    1.792079663272E-05,3.585628441639E-05,4.025475725147E-05),
  .UNSPECIFIED.);
#7268 = CARTESIAN_POINT('',(-0.576496507644,0.58,0.63));
#7269 = CARTESIAN_POINT('',(-0.578045288674,0.585769329326,0.63));
#7270 = CARTESIAN_POINT('',(-0.579639807504,0.591611697374,
    0.628975373964));
#7271 = CARTESIAN_POINT('',(-0.58114483665,0.597046263215,0.627004520106
    ));
#7272 = CARTESIAN_POINT('',(-0.582650526697,0.602483215527,
    0.625032800791));
#7273 = CARTESIAN_POINT('',(-0.584108797485,0.607665261563,
    0.622056260437));
#7274 = CARTESIAN_POINT('',(-0.585381389618,0.612138409487,
    0.618303036899));
#7275 = CARTESIAN_POINT('',(-0.585697871311,0.6132508393,0.617369645509)
  );
#7276 = CARTESIAN_POINT('',(-0.586004481332,0.614325284435,
    0.616385393684));
#7277 = CARTESIAN_POINT('',(-0.586299193361,0.615355339059,
    0.615355339059));
#7278 = PCURVE('',#1428,#7279);
#7279 = DEFINITIONAL_REPRESENTATION('',(#7280),#7306);
#7280 = B_SPLINE_CURVE_WITH_KNOTS('',3,(#7281,#7282,#7283,#7284,#7285,
    #7286,#7287,#7288,#7289,#7290,#7291,#7292,#7293,#7294,#7295,#7296,
    #7297,#7298,#7299,#7300,#7301,#7302,#7303,#7304,#7305),
  .UNSPECIFIED.,.F.,.F.,(4,1,1,1,1,1,1,1,1,1,1,1,1,1,1,1,1,1,1,1,1,1,4),
  (0.,1.829761693248E-06,3.659523386497E-06,5.489285079745E-06,
    7.319046772994E-06,9.148808466242E-06,1.097857015949E-05,
    1.280833185274E-05,1.463809354599E-05,1.646785523924E-05,
    1.829761693248E-05,2.012737862573E-05,2.195714031898E-05,
    2.378690201223E-05,2.561666370548E-05,2.744642539873E-05,
    2.927618709198E-05,3.110594878522E-05,3.293571047847E-05,
    3.476547217172E-05,3.659523386497E-05,3.842499555822E-05,
    4.025475725147E-05),.QUASI_UNIFORM_KNOTS.);
#7281 = CARTESIAN_POINT('',(1.833063655067,0.));
#7282 = CARTESIAN_POINT('',(1.833336301136,-3.083893841723E-17));
#7283 = CARTESIAN_POINT('',(1.833882361284,-2.136337588543E-05));
#7284 = CARTESIAN_POINT('',(1.834702330153,-1.169978508522E-04));
#7285 = CARTESIAN_POINT('',(1.835521752441,-2.757211257768E-04));
#7286 = CARTESIAN_POINT('',(1.836339202367,-4.970322208011E-04));
#7287 = CARTESIAN_POINT('',(1.837153255925,-7.804315254384E-04));
#7288 = CARTESIAN_POINT('',(1.837962482348,-1.125414320392E-03));
#7289 = CARTESIAN_POINT('',(1.838765475983,-1.531494952236E-03));
#7290 = CARTESIAN_POINT('',(1.839560737377,-1.998116612874E-03));
#7291 = CARTESIAN_POINT('',(1.840347117124,-2.52498804701E-03));
#7292 = CARTESIAN_POINT('',(1.84112215944,-3.11082694283E-03));
#7293 = CARTESIAN_POINT('',(1.841888487493,-3.75821084168E-03));
#7294 = CARTESIAN_POINT('',(1.842646304239,-4.466832802643E-03));
#7295 = CARTESIAN_POINT('',(1.843393842274,-5.234931448405E-03));
#7296 = CARTESIAN_POINT('',(1.844129864038,-6.061138679295E-03));
#7297 = CARTESIAN_POINT('',(1.844852982585,-6.943967721466E-03));
#7298 = CARTESIAN_POINT('',(1.845561878347,-7.882013220132E-03));
#7299 = CARTESIAN_POINT('',(1.846255111347,-8.87366281844E-03));
#7300 = CARTESIAN_POINT('',(1.846931655639,-9.918050748742E-03));
#7301 = CARTESIAN_POINT('',(1.847588949373,-1.101153188864E-02));
#7302 = CARTESIAN_POINT('',(1.848230160118,-1.216083194552E-02));
#7303 = CARTESIAN_POINT('',(1.848859875462,-1.337521272262E-02));
#7304 = CARTESIAN_POINT('',(1.849265893728,-1.421714203716E-02));
#7305 = CARTESIAN_POINT('',(1.849464578977,-1.464466094068E-02));
#7306 = ( GEOMETRIC_REPRESENTATION_CONTEXT(2) 
PARAMETRIC_REPRESENTATION_CONTEXT() REPRESENTATION_CONTEXT('2D SPACE',''
  ) );
#7307 = PCURVE('',#150,#7308);
#7308 = DEFINITIONAL_REPRESENTATION('',(#7309),#7335);
#7309 = B_SPLINE_CURVE_WITH_KNOTS('',3,(#7310,#7311,#7312,#7313,#7314,
    #7315,#7316,#7317,#7318,#7319,#7320,#7321,#7322,#7323,#7324,#7325,
    #7326,#7327,#7328,#7329,#7330,#7331,#7332,#7333,#7334),
  .UNSPECIFIED.,.F.,.F.,(4,1,1,1,1,1,1,1,1,1,1,1,1,1,1,1,1,1,1,1,1,1,4),
  (0.,1.829761693248E-06,3.659523386497E-06,5.489285079745E-06,
    7.319046772994E-06,9.148808466242E-06,1.097857015949E-05,
    1.280833185274E-05,1.463809354599E-05,1.646785523924E-05,
    1.829761693248E-05,2.012737862573E-05,2.195714031898E-05,
    2.378690201223E-05,2.561666370548E-05,2.744642539873E-05,
    2.927618709198E-05,3.110594878522E-05,3.293571047847E-05,
    3.476547217172E-05,3.659523386497E-05,3.842499555822E-05,
    4.025475725147E-05),.QUASI_UNIFORM_KNOTS.);
#7310 = CARTESIAN_POINT('',(3.14159265359,0.323503492356));
#7311 = CARTESIAN_POINT('',(3.12981150403,0.323345357633));
#7312 = CARTESIAN_POINT('',(3.106218234161,0.323028134557));
#7313 = CARTESIAN_POINT('',(3.070751968546,0.322550302697));
#7314 = CARTESIAN_POINT('',(3.035225362852,0.322071337162));
#7315 = CARTESIAN_POINT('',(2.999656295251,0.321592101806));
#7316 = CARTESIAN_POINT('',(2.964063208534,0.321113459421));
#7317 = CARTESIAN_POINT('',(2.928465250303,0.320636276771));
#7318 = CARTESIAN_POINT('',(2.892880304595,0.320161405785));
#7319 = CARTESIAN_POINT('',(2.857329997159,0.319689753766));
#7320 = CARTESIAN_POINT('',(2.82181891848,0.319222021357));
#7321 = CARTESIAN_POINT('',(2.786410037144,0.318759680466));
#7322 = CARTESIAN_POINT('',(2.750931838231,0.318301205967));
#7323 = CARTESIAN_POINT('',(2.715330815365,0.317846560905));
#7324 = CARTESIAN_POINT('',(2.679645051102,0.317396872278));
#7325 = CARTESIAN_POINT('',(2.643889406191,0.316952953998));
#7326 = CARTESIAN_POINT('',(2.608086210416,0.316515708376));
#7327 = CARTESIAN_POINT('',(2.572254473287,0.31608599721));
#7328 = CARTESIAN_POINT('',(2.536419456514,0.315664755946));
#7329 = CARTESIAN_POINT('',(2.500582256944,0.315252665961));
#7330 = CARTESIAN_POINT('',(2.464828998896,0.314851351252));
#7331 = CARTESIAN_POINT('',(2.42892162592,0.314458919411));
#7332 = CARTESIAN_POINT('',(2.39254097246,0.314072657828));
#7333 = CARTESIAN_POINT('',(2.368283587669,0.31382307002));
#7334 = CARTESIAN_POINT('',(2.356194490192,0.313700806639));
#7335 = ( GEOMETRIC_REPRESENTATION_CONTEXT(2) 
PARAMETRIC_REPRESENTATION_CONTEXT() REPRESENTATION_CONTEXT('2D SPACE',''
  ) );
#7336 = ORIENTED_EDGE('',*,*,#7337,.F.);
#7337 = EDGE_CURVE('',#7338,#7264,#7340,.T.);
#7338 = VERTEX_POINT('',#7339);
#7339 = CARTESIAN_POINT('',(-0.590543267439,0.63,0.63));
#7340 = SURFACE_CURVE('',#7341,(#7346,#7352),.PCURVE_S1.);
#7341 = ( BOUNDED_CURVE() B_SPLINE_CURVE(3,(#7342,#7343,#7344,#7345),
.UNSPECIFIED.,.F.,.F.) B_SPLINE_CURVE_WITH_KNOTS((4,4),(1.285312256647,
1.292128074613),.PIECEWISE_BEZIER_KNOTS.) CURVE() 
GEOMETRIC_REPRESENTATION_ITEM() RATIONAL_B_SPLINE_CURVE((1.,
0.999996128723,0.999996128723,1.)) REPRESENTATION_ITEM('') );
#7342 = CARTESIAN_POINT('',(-0.590543267439,0.63,0.63));
#7343 = CARTESIAN_POINT('',(-0.589111942895,0.625123276951,
    0.625123276951));
#7344 = CARTESIAN_POINT('',(-0.587697246059,0.620241704406,
    0.620241704406));
#7345 = CARTESIAN_POINT('',(-0.586299193361,0.615355339059,
    0.615355339059));
#7346 = PCURVE('',#1428,#7347);
#7347 = DEFINITIONAL_REPRESENTATION('',(#7348),#7351);
#7348 = B_SPLINE_CURVE_WITH_KNOTS('',1,(#7349,#7350),.UNSPECIFIED.,.F.,
  .F.,(2,2),(1.285312256647,1.292128074613),.PIECEWISE_BEZIER_KNOTS.);
#7349 = CARTESIAN_POINT('',(1.856280396943,0.));
#7350 = CARTESIAN_POINT('',(1.849464578977,-1.464466094068E-02));
#7351 = ( GEOMETRIC_REPRESENTATION_CONTEXT(2) 
PARAMETRIC_REPRESENTATION_CONTEXT() REPRESENTATION_CONTEXT('2D SPACE',''
  ) );
#7352 = PCURVE('',#124,#7353);
#7353 = DEFINITIONAL_REPRESENTATION('',(#7354),#7357);
#7354 = B_SPLINE_CURVE_WITH_KNOTS('',1,(#7355,#7356),.UNSPECIFIED.,.F.,
  .F.,(2,2),(1.285312256647,1.292128074613),.PIECEWISE_BEZIER_KNOTS.);
#7355 = CARTESIAN_POINT('',(1.285312256647,0.));
#7356 = CARTESIAN_POINT('',(1.292128074613,-1.464466094068E-02));
#7357 = ( GEOMETRIC_REPRESENTATION_CONTEXT(2) 
PARAMETRIC_REPRESENTATION_CONTEXT() REPRESENTATION_CONTEXT('2D SPACE',''
  ) );
#7358 = ORIENTED_EDGE('',*,*,#7359,.T.);
#7359 = EDGE_CURVE('',#7338,#2157,#7360,.T.);
#7360 = SURFACE_CURVE('',#7361,(#7365,#7372),.PCURVE_S1.);
#7361 = LINE('',#7362,#7363);
#7362 = CARTESIAN_POINT('',(-0.590543267439,0.63,0.63));
#7363 = VECTOR('',#7364,1.);
#7364 = DIRECTION('',(-0.,-1.084202172486E-16,1.));
#7365 = PCURVE('',#1428,#7366);
#7366 = DEFINITIONAL_REPRESENTATION('',(#7367),#7371);
#7367 = LINE('',#7368,#7369);
#7368 = CARTESIAN_POINT('',(1.856280396943,-6.550315845288E-15));
#7369 = VECTOR('',#7370,1.);
#7370 = DIRECTION('',(0.,1.));
#7371 = ( GEOMETRIC_REPRESENTATION_CONTEXT(2) 
PARAMETRIC_REPRESENTATION_CONTEXT() REPRESENTATION_CONTEXT('2D SPACE',''
  ) );
#7372 = PCURVE('',#2243,#7373);
#7373 = DEFINITIONAL_REPRESENTATION('',(#7374),#7378);
#7374 = LINE('',#7375,#7376);
#7375 = CARTESIAN_POINT('',(0.63,2.146498175501));
#7376 = VECTOR('',#7377,1.);
#7377 = DIRECTION('',(1.,0.));
#7378 = ( GEOMETRIC_REPRESENTATION_CONTEXT(2) 
PARAMETRIC_REPRESENTATION_CONTEXT() REPRESENTATION_CONTEXT('2D SPACE',''
  ) );
#7379 = ORIENTED_EDGE('',*,*,#2156,.F.);
#7380 = ORIENTED_EDGE('',*,*,#1400,.F.);
#7381 = ORIENTED_EDGE('',*,*,#1631,.F.);
#7382 = ADVANCED_FACE('',(#7383),#611,.T.);
#7383 = FACE_BOUND('',#7384,.T.);
#7384 = EDGE_LOOP('',(#7385,#7386,#7387,#7459,#7460,#7532,#7533,#7554,
    #7555,#7556));
#7385 = ORIENTED_EDGE('',*,*,#1240,.F.);
#7386 = ORIENTED_EDGE('',*,*,#2596,.T.);
#7387 = ORIENTED_EDGE('',*,*,#7388,.T.);
#7388 = EDGE_CURVE('',#2523,#2818,#7389,.T.);
#7389 = SURFACE_CURVE('',#7390,(#7401,#7430),.PCURVE_S1.);
#7390 = B_SPLINE_CURVE_WITH_KNOTS('',3,(#7391,#7392,#7393,#7394,#7395,
    #7396,#7397,#7398,#7399,#7400),.UNSPECIFIED.,.F.,.F.,(4,3,3,4),(0.,
    1.76141599392E-05,3.520508539565E-05,4.023997191161E-05),
  .UNSPECIFIED.);
#7391 = CARTESIAN_POINT('',(-0.586299193361,-0.615355339059,
    -0.615355339059));
#7392 = CARTESIAN_POINT('',(-0.585134926708,-0.619424593556,
    -0.611286084563));
#7393 = CARTESIAN_POINT('',(-0.58376937041,-0.622800689038,
    -0.606467131209));
#7394 = CARTESIAN_POINT('',(-0.582332302368,-0.625227835039,
    -0.601317667267));
#7395 = CARTESIAN_POINT('',(-0.580896422566,-0.627652974153,
    -0.596172461159));
#7396 = CARTESIAN_POINT('',(-0.579350170527,-0.629200064187,
    -0.590556429118));
#7397 = CARTESIAN_POINT('',(-0.577823185047,-0.629757387275,
    -0.584919594657));
#7398 = CARTESIAN_POINT('',(-0.577380599639,-0.629918923235,
    -0.583285800026));
#7399 = CARTESIAN_POINT('',(-0.576937364484,-0.63,-0.581642225884));
#7400 = CARTESIAN_POINT('',(-0.576496507644,-0.63,-0.58));
#7401 = PCURVE('',#611,#7402);
#7402 = DEFINITIONAL_REPRESENTATION('',(#7403),#7429);
#7403 = B_SPLINE_CURVE_WITH_KNOTS('',3,(#7404,#7405,#7406,#7407,#7408,
    #7409,#7410,#7411,#7412,#7413,#7414,#7415,#7416,#7417,#7418,#7419,
    #7420,#7421,#7422,#7423,#7424,#7425,#7426,#7427,#7428),
  .UNSPECIFIED.,.F.,.F.,(4,1,1,1,1,1,1,1,1,1,1,1,1,1,1,1,1,1,1,1,1,1,4),
  (0.,1.829089632346E-06,3.658179264692E-06,5.487268897037E-06,
    7.316358529383E-06,9.145448161729E-06,1.097453779407E-05,
    1.280362742642E-05,1.463271705877E-05,1.646180669111E-05,
    1.829089632346E-05,2.01199859558E-05,2.194907558815E-05,
    2.37781652205E-05,2.560725485284E-05,2.743634448519E-05,
    2.926543411753E-05,3.109452374988E-05,3.292361338222E-05,
    3.475270301457E-05,3.658179264692E-05,3.841088227926E-05,
    4.023997191161E-05),.QUASI_UNIFORM_KNOTS.);
#7404 = CARTESIAN_POINT('',(1.292128074613,-1.464466094067E-02));
#7405 = CARTESIAN_POINT('',(1.292324546105,-1.422210140696E-02));
#7406 = CARTESIAN_POINT('',(1.292724971574,-1.339193122761E-02));
#7407 = CARTESIAN_POINT('',(1.293346739905,-1.219324117E-02));
#7408 = CARTESIAN_POINT('',(1.29398832111,-1.104283476504E-02));
#7409 = CARTESIAN_POINT('',(1.294648397662,-9.942430824812E-03));
#7410 = CARTESIAN_POINT('',(1.295325653231,-8.893746783885E-03));
#7411 = CARTESIAN_POINT('',(1.296018767166,-7.898505216065E-03));
#7412 = CARTESIAN_POINT('',(1.296726435133,-6.958409515738E-03));
#7413 = CARTESIAN_POINT('',(1.297447292114,-6.075234655715E-03));
#7414 = CARTESIAN_POINT('',(1.29818019981,-5.250488474537E-03));
#7415 = CARTESIAN_POINT('',(1.298923174081,-4.486675769393E-03));
#7416 = CARTESIAN_POINT('',(1.299679942083,-3.779882318618E-03));
#7417 = CARTESIAN_POINT('',(1.30044870573,-3.131138764158E-03));
#7418 = CARTESIAN_POINT('',(1.301228155542,-2.541124720483E-03));
#7419 = CARTESIAN_POINT('',(1.302016858149,-2.010612395115E-03));
#7420 = CARTESIAN_POINT('',(1.302813387173,-1.540354650858E-03));
#7421 = CARTESIAN_POINT('',(1.30361641224,-1.131089136329E-03));
#7422 = CARTESIAN_POINT('',(1.304424212095,-7.836337016084E-04));
#7423 = CARTESIAN_POINT('',(1.305236533194,-4.985006051125E-04));
#7424 = CARTESIAN_POINT('',(1.306047642276,-2.773442704527E-04));
#7425 = CARTESIAN_POINT('',(1.306872257539,-1.175560521206E-04));
#7426 = CARTESIAN_POINT('',(1.307700317819,-2.141603841743E-05));
#7427 = CARTESIAN_POINT('',(1.308253140786,5.893604463717E-08));
#7428 = CARTESIAN_POINT('',(1.308528998522,0.));
#7429 = ( GEOMETRIC_REPRESENTATION_CONTEXT(2) 
PARAMETRIC_REPRESENTATION_CONTEXT() REPRESENTATION_CONTEXT('2D SPACE',''
  ) );
#7430 = PCURVE('',#271,#7431);
#7431 = DEFINITIONAL_REPRESENTATION('',(#7432),#7458);
#7432 = B_SPLINE_CURVE_WITH_KNOTS('',3,(#7433,#7434,#7435,#7436,#7437,
    #7438,#7439,#7440,#7441,#7442,#7443,#7444,#7445,#7446,#7447,#7448,
    #7449,#7450,#7451,#7452,#7453,#7454,#7455,#7456,#7457),
  .UNSPECIFIED.,.F.,.F.,(4,1,1,1,1,1,1,1,1,1,1,1,1,1,1,1,1,1,1,1,1,1,4),
  (0.,1.829089632346E-06,3.658179264692E-06,5.487268897037E-06,
    7.316358529383E-06,9.145448161729E-06,1.097453779407E-05,
    1.280362742642E-05,1.463271705877E-05,1.646180669111E-05,
    1.829089632346E-05,2.01199859558E-05,2.194907558815E-05,
    2.37781652205E-05,2.560725485284E-05,2.743634448519E-05,
    2.926543411753E-05,3.109452374988E-05,3.292361338222E-05,
    3.475270301457E-05,3.658179264692E-05,3.841088227926E-05,
    4.023997191161E-05),.QUASI_UNIFORM_KNOTS.);
#7433 = CARTESIAN_POINT('',(5.497787143782,0.313700806639));
#7434 = CARTESIAN_POINT('',(5.485835527983,0.313821706419));
#7435 = CARTESIAN_POINT('',(5.461914383955,0.314067847058));
#7436 = CARTESIAN_POINT('',(5.425996783784,0.314449209331));
#7437 = CARTESIAN_POINT('',(5.390060443379,0.314841851051));
#7438 = CARTESIAN_POINT('',(5.354124989074,0.315244900158));
#7439 = CARTESIAN_POINT('',(5.318210996059,0.315657485299));
#7440 = CARTESIAN_POINT('',(5.282340023974,0.316078732496));
#7441 = CARTESIAN_POINT('',(5.24653303376,0.316507777561));
#7442 = CARTESIAN_POINT('',(5.210813677814,0.31694371977));
#7443 = CARTESIAN_POINT('',(5.17519372047,0.317385794749));
#7444 = CARTESIAN_POINT('',(5.139725106086,0.317832729266));
#7445 = CARTESIAN_POINT('',(5.104180812286,0.318286679141));
#7446 = CARTESIAN_POINT('',(5.068593311646,0.318746543116));
#7447 = CARTESIAN_POINT('',(5.032974765337,0.319211506671));
#7448 = CARTESIAN_POINT('',(4.997344140856,0.319680682564));
#7449 = CARTESIAN_POINT('',(4.961720822506,0.3201531877));
#7450 = CARTESIAN_POINT('',(4.926120361498,0.320628195118));
#7451 = CARTESIAN_POINT('',(4.890575128808,0.321104649182));
#7452 = CARTESIAN_POINT('',(4.855053202213,0.32158235281));
#7453 = CARTESIAN_POINT('',(4.819759430661,0.322057903391));
#7454 = CARTESIAN_POINT('',(4.784009602954,0.322539861866));
#7455 = CARTESIAN_POINT('',(4.748194386955,0.323022361011));
#7456 = CARTESIAN_POINT('',(4.724308980225,0.323343496122));
#7457 = CARTESIAN_POINT('',(4.712388980385,0.323503492356));
#7458 = ( GEOMETRIC_REPRESENTATION_CONTEXT(2) 
PARAMETRIC_REPRESENTATION_CONTEXT() REPRESENTATION_CONTEXT('2D SPACE',''
  ) );
#7459 = ORIENTED_EDGE('',*,*,#2817,.T.);
#7460 = ORIENTED_EDGE('',*,*,#7461,.T.);
#7461 = EDGE_CURVE('',#2790,#7169,#7462,.T.);
#7462 = SURFACE_CURVE('',#7463,(#7474,#7503),.PCURVE_S1.);
#7463 = B_SPLINE_CURVE_WITH_KNOTS('',3,(#7464,#7465,#7466,#7467,#7468,
    #7469,#7470,#7471,#7472,#7473),.UNSPECIFIED.,.F.,.F.,(4,3,3,4),(
    3.595891803023E-19,1.792079663272E-05,3.585628441639E-05,
    4.025475725146E-05),.UNSPECIFIED.);
#7464 = CARTESIAN_POINT('',(-0.576496507644,-0.63,0.58));
#7465 = CARTESIAN_POINT('',(-0.578045288674,-0.63,0.585769329326));
#7466 = CARTESIAN_POINT('',(-0.579639807504,-0.628975373964,
    0.591611697374));
#7467 = CARTESIAN_POINT('',(-0.58114483665,-0.627004520106,
    0.597046263215));
#7468 = CARTESIAN_POINT('',(-0.582650526697,-0.625032800791,
    0.602483215527));
#7469 = CARTESIAN_POINT('',(-0.584108797485,-0.622056260437,
    0.607665261563));
#7470 = CARTESIAN_POINT('',(-0.585381389618,-0.618303036899,
    0.612138409487));
#7471 = CARTESIAN_POINT('',(-0.585697871311,-0.617369645509,0.6132508393
    ));
#7472 = CARTESIAN_POINT('',(-0.586004481332,-0.616385393684,
    0.614325284435));
#7473 = CARTESIAN_POINT('',(-0.586299193361,-0.615355339059,
    0.615355339059));
#7474 = PCURVE('',#611,#7475);
#7475 = DEFINITIONAL_REPRESENTATION('',(#7476),#7502);
#7476 = B_SPLINE_CURVE_WITH_KNOTS('',3,(#7477,#7478,#7479,#7480,#7481,
    #7482,#7483,#7484,#7485,#7486,#7487,#7488,#7489,#7490,#7491,#7492,
    #7493,#7494,#7495,#7496,#7497,#7498,#7499,#7500,#7501),
  .UNSPECIFIED.,.F.,.F.,(4,1,1,1,1,1,1,1,1,1,1,1,1,1,1,1,1,1,1,1,1,1,4),
  (3.595891803023E-19,1.829761693249E-06,3.659523386497E-06,
    5.489285079745E-06,7.319046772994E-06,9.148808466242E-06,
    1.097857015949E-05,1.280833185274E-05,1.463809354599E-05,
    1.646785523923E-05,1.829761693248E-05,2.012737862573E-05,
    2.195714031898E-05,2.378690201223E-05,2.561666370548E-05,
    2.744642539872E-05,2.927618709197E-05,3.110594878522E-05,
    3.293571047847E-05,3.476547217172E-05,3.659523386497E-05,
    3.842499555821E-05,4.025475725146E-05),.QUASI_UNIFORM_KNOTS.);
#7477 = CARTESIAN_POINT('',(1.833063655067,1.110223024625E-16));
#7478 = CARTESIAN_POINT('',(1.833336301136,1.171870565236E-16));
#7479 = CARTESIAN_POINT('',(1.833882361284,-2.136337588493E-05));
#7480 = CARTESIAN_POINT('',(1.834702330153,-1.169978508509E-04));
#7481 = CARTESIAN_POINT('',(1.835521752441,-2.757211257755E-04));
#7482 = CARTESIAN_POINT('',(1.836339202367,-4.970322207991E-04));
#7483 = CARTESIAN_POINT('',(1.837153255925,-7.804315254362E-04));
#7484 = CARTESIAN_POINT('',(1.837962482348,-1.12541432039E-03));
#7485 = CARTESIAN_POINT('',(1.838765475983,-1.531494952233E-03));
#7486 = CARTESIAN_POINT('',(1.839560737377,-1.998116612872E-03));
#7487 = CARTESIAN_POINT('',(1.840347117124,-2.524988047008E-03));
#7488 = CARTESIAN_POINT('',(1.84112215944,-3.110826942827E-03));
#7489 = CARTESIAN_POINT('',(1.841888487493,-3.758210841677E-03));
#7490 = CARTESIAN_POINT('',(1.842646304239,-4.46683280264E-03));
#7491 = CARTESIAN_POINT('',(1.843393842274,-5.234931448402E-03));
#7492 = CARTESIAN_POINT('',(1.844129864038,-6.061138679292E-03));
#7493 = CARTESIAN_POINT('',(1.844852982585,-6.943967721463E-03));
#7494 = CARTESIAN_POINT('',(1.845561878346,-7.882013220129E-03));
#7495 = CARTESIAN_POINT('',(1.846255111347,-8.873662818437E-03));
#7496 = CARTESIAN_POINT('',(1.846931655639,-9.918050748738E-03));
#7497 = CARTESIAN_POINT('',(1.847588949373,-1.101153188864E-02));
#7498 = CARTESIAN_POINT('',(1.848230160118,-1.216083194552E-02));
#7499 = CARTESIAN_POINT('',(1.848859875462,-1.337521272261E-02));
#7500 = CARTESIAN_POINT('',(1.849265893728,-1.421714203716E-02));
#7501 = CARTESIAN_POINT('',(1.849464578977,-1.464466094067E-02));
#7502 = ( GEOMETRIC_REPRESENTATION_CONTEXT(2) 
PARAMETRIC_REPRESENTATION_CONTEXT() REPRESENTATION_CONTEXT('2D SPACE',''
  ) );
#7503 = PCURVE('',#2805,#7504);
#7504 = DEFINITIONAL_REPRESENTATION('',(#7505),#7531);
#7505 = B_SPLINE_CURVE_WITH_KNOTS('',3,(#7506,#7507,#7508,#7509,#7510,
    #7511,#7512,#7513,#7514,#7515,#7516,#7517,#7518,#7519,#7520,#7521,
    #7522,#7523,#7524,#7525,#7526,#7527,#7528,#7529,#7530),
  .UNSPECIFIED.,.F.,.F.,(4,1,1,1,1,1,1,1,1,1,1,1,1,1,1,1,1,1,1,1,1,1,4),
  (3.595891803023E-19,1.829761693249E-06,3.659523386497E-06,
    5.489285079745E-06,7.319046772994E-06,9.148808466242E-06,
    1.097857015949E-05,1.280833185274E-05,1.463809354599E-05,
    1.646785523923E-05,1.829761693248E-05,2.012737862573E-05,
    2.195714031898E-05,2.378690201223E-05,2.561666370548E-05,
    2.744642539872E-05,2.927618709197E-05,3.110594878522E-05,
    3.293571047847E-05,3.476547217172E-05,3.659523386497E-05,
    3.842499555821E-05,4.025475725146E-05),.QUASI_UNIFORM_KNOTS.);
#7506 = CARTESIAN_POINT('',(4.712388980385,0.323503492356));
#7507 = CARTESIAN_POINT('',(4.700607830824,0.323345357633));
#7508 = CARTESIAN_POINT('',(4.677014560956,0.323028134557));
#7509 = CARTESIAN_POINT('',(4.64154829534,0.322550302697));
#7510 = CARTESIAN_POINT('',(4.606021689647,0.322071337162));
#7511 = CARTESIAN_POINT('',(4.570452622046,0.321592101806));
#7512 = CARTESIAN_POINT('',(4.534859535328,0.321113459421));
#7513 = CARTESIAN_POINT('',(4.499261577098,0.320636276771));
#7514 = CARTESIAN_POINT('',(4.46367663139,0.320161405785));
#7515 = CARTESIAN_POINT('',(4.428126323954,0.319689753766));
#7516 = CARTESIAN_POINT('',(4.392615245275,0.319222021357));
#7517 = CARTESIAN_POINT('',(4.357206363939,0.318759680466));
#7518 = CARTESIAN_POINT('',(4.321728165026,0.318301205967));
#7519 = CARTESIAN_POINT('',(4.28612714216,0.317846560905));
#7520 = CARTESIAN_POINT('',(4.250441377897,0.317396872278));
#7521 = CARTESIAN_POINT('',(4.214685732986,0.316952953998));
#7522 = CARTESIAN_POINT('',(4.178882537211,0.316515708376));
#7523 = CARTESIAN_POINT('',(4.143050800082,0.31608599721));
#7524 = CARTESIAN_POINT('',(4.107215783309,0.315664755946));
#7525 = CARTESIAN_POINT('',(4.071378583739,0.315252665961));
#7526 = CARTESIAN_POINT('',(4.035625325691,0.314851351252));
#7527 = CARTESIAN_POINT('',(3.999717952715,0.314458919411));
#7528 = CARTESIAN_POINT('',(3.963337299255,0.314072657828));
#7529 = CARTESIAN_POINT('',(3.939079914464,0.31382307002));
#7530 = CARTESIAN_POINT('',(3.926990816987,0.313700806639));
#7531 = ( GEOMETRIC_REPRESENTATION_CONTEXT(2) 
PARAMETRIC_REPRESENTATION_CONTEXT() REPRESENTATION_CONTEXT('2D SPACE',''
  ) );
#7532 = ORIENTED_EDGE('',*,*,#7168,.F.);
#7533 = ORIENTED_EDGE('',*,*,#7534,.T.);
#7534 = EDGE_CURVE('',#7146,#1755,#7535,.T.);
#7535 = SURFACE_CURVE('',#7536,(#7540,#7547),.PCURVE_S1.);
#7536 = LINE('',#7537,#7538);
#7537 = CARTESIAN_POINT('',(-0.590543267439,-0.63,0.63));
#7538 = VECTOR('',#7539,1.);
#7539 = DIRECTION('',(-0.,-1.,3.383061121595E-15));
#7540 = PCURVE('',#611,#7541);
#7541 = DEFINITIONAL_REPRESENTATION('',(#7542),#7546);
#7542 = LINE('',#7543,#7544);
#7543 = CARTESIAN_POINT('',(1.856280396943,2.22044604925E-15));
#7544 = VECTOR('',#7545,1.);
#7545 = DIRECTION('',(0.,1.));
#7546 = ( GEOMETRIC_REPRESENTATION_CONTEXT(2) 
PARAMETRIC_REPRESENTATION_CONTEXT() REPRESENTATION_CONTEXT('2D SPACE',''
  ) );
#7547 = PCURVE('',#1841,#7548);
#7548 = DEFINITIONAL_REPRESENTATION('',(#7549),#7553);
#7549 = LINE('',#7550,#7551);
#7550 = CARTESIAN_POINT('',(0.63,2.146498175501));
#7551 = VECTOR('',#7552,1.);
#7552 = DIRECTION('',(1.,-0.));
#7553 = ( GEOMETRIC_REPRESENTATION_CONTEXT(2) 
PARAMETRIC_REPRESENTATION_CONTEXT() REPRESENTATION_CONTEXT('2D SPACE',''
  ) );
#7554 = ORIENTED_EDGE('',*,*,#1754,.F.);
#7555 = ORIENTED_EDGE('',*,*,#1520,.F.);
#7556 = ORIENTED_EDGE('',*,*,#566,.F.);
#7557 = ADVANCED_FACE('',(#7558),#124,.T.);
#7558 = FACE_BOUND('',#7559,.T.);
#7559 = EDGE_LOOP('',(#7560,#7581,#7582,#7654,#7655,#7727,#7728,#7729,
    #7730,#7731));
#7560 = ORIENTED_EDGE('',*,*,#7561,.F.);
#7561 = EDGE_CURVE('',#7338,#2006,#7562,.T.);
#7562 = SURFACE_CURVE('',#7563,(#7567,#7574),.PCURVE_S1.);
#7563 = LINE('',#7564,#7565);
#7564 = CARTESIAN_POINT('',(-0.590543267439,0.63,0.63));
#7565 = VECTOR('',#7566,1.);
#7566 = DIRECTION('',(-0.,1.,-1.036602379928E-14));
#7567 = PCURVE('',#124,#7568);
#7568 = DEFINITIONAL_REPRESENTATION('',(#7569),#7573);
#7569 = LINE('',#7570,#7571);
#7570 = CARTESIAN_POINT('',(1.285312256647,-6.661338147751E-15));
#7571 = VECTOR('',#7572,1.);
#7572 = DIRECTION('',(0.,1.));
#7573 = ( GEOMETRIC_REPRESENTATION_CONTEXT(2) 
PARAMETRIC_REPRESENTATION_CONTEXT() REPRESENTATION_CONTEXT('2D SPACE',''
  ) );
#7574 = PCURVE('',#2021,#7575);
#7575 = DEFINITIONAL_REPRESENTATION('',(#7576),#7580);
#7576 = LINE('',#7577,#7578);
#7577 = CARTESIAN_POINT('',(-0.63,2.146498175501));
#7578 = VECTOR('',#7579,1.);
#7579 = DIRECTION('',(-1.,0.));
#7580 = ( GEOMETRIC_REPRESENTATION_CONTEXT(2) 
PARAMETRIC_REPRESENTATION_CONTEXT() REPRESENTATION_CONTEXT('2D SPACE',''
  ) );
#7581 = ORIENTED_EDGE('',*,*,#7337,.T.);
#7582 = ORIENTED_EDGE('',*,*,#7583,.T.);
#7583 = EDGE_CURVE('',#7264,#108,#7584,.T.);
#7584 = SURFACE_CURVE('',#7585,(#7596,#7625),.PCURVE_S1.);
#7585 = B_SPLINE_CURVE_WITH_KNOTS('',3,(#7586,#7587,#7588,#7589,#7590,
    #7591,#7592,#7593,#7594,#7595),.UNSPECIFIED.,.F.,.F.,(4,3,3,4),(0.,
    1.76141599392E-05,3.520508539565E-05,4.02399719116E-05),
  .UNSPECIFIED.);
#7586 = CARTESIAN_POINT('',(-0.586299193361,0.615355339059,
    0.615355339059));
#7587 = CARTESIAN_POINT('',(-0.585134926708,0.619424593556,
    0.611286084563));
#7588 = CARTESIAN_POINT('',(-0.58376937041,0.622800689038,0.606467131209
    ));
#7589 = CARTESIAN_POINT('',(-0.582332302368,0.625227835039,
    0.601317667267));
#7590 = CARTESIAN_POINT('',(-0.580896422566,0.627652974153,
    0.596172461159));
#7591 = CARTESIAN_POINT('',(-0.579350170527,0.629200064187,
    0.590556429118));
#7592 = CARTESIAN_POINT('',(-0.577823185047,0.629757387275,
    0.584919594657));
#7593 = CARTESIAN_POINT('',(-0.577380599639,0.629918923235,
    0.583285800026));
#7594 = CARTESIAN_POINT('',(-0.576937364484,0.63,0.581642225884));
#7595 = CARTESIAN_POINT('',(-0.576496507645,0.63,0.58));
#7596 = PCURVE('',#124,#7597);
#7597 = DEFINITIONAL_REPRESENTATION('',(#7598),#7624);
#7598 = B_SPLINE_CURVE_WITH_KNOTS('',3,(#7599,#7600,#7601,#7602,#7603,
    #7604,#7605,#7606,#7607,#7608,#7609,#7610,#7611,#7612,#7613,#7614,
    #7615,#7616,#7617,#7618,#7619,#7620,#7621,#7622,#7623),
  .UNSPECIFIED.,.F.,.F.,(4,1,1,1,1,1,1,1,1,1,1,1,1,1,1,1,1,1,1,1,1,1,4),
  (0.,1.829089632346E-06,3.658179264691E-06,5.487268897037E-06,
    7.316358529383E-06,9.145448161728E-06,1.097453779407E-05,
    1.280362742642E-05,1.463271705877E-05,1.646180669111E-05,
    1.829089632346E-05,2.01199859558E-05,2.194907558815E-05,
    2.377816522049E-05,2.560725485284E-05,2.743634448519E-05,
    2.926543411753E-05,3.109452374988E-05,3.292361338222E-05,
    3.475270301457E-05,3.658179264691E-05,3.841088227926E-05,
    4.02399719116E-05),.QUASI_UNIFORM_KNOTS.);
#7599 = CARTESIAN_POINT('',(1.292128074613,-1.464466094068E-02));
#7600 = CARTESIAN_POINT('',(1.292324546105,-1.422210140696E-02));
#7601 = CARTESIAN_POINT('',(1.292724971574,-1.339193122761E-02));
#7602 = CARTESIAN_POINT('',(1.293346739905,-1.219324117001E-02));
#7603 = CARTESIAN_POINT('',(1.29398832111,-1.104283476504E-02));
#7604 = CARTESIAN_POINT('',(1.294648397662,-9.942430824814E-03));
#7605 = CARTESIAN_POINT('',(1.295325653231,-8.893746783889E-03));
#7606 = CARTESIAN_POINT('',(1.296018767166,-7.898505216067E-03));
#7607 = CARTESIAN_POINT('',(1.296726435133,-6.958409515742E-03));
#7608 = CARTESIAN_POINT('',(1.297447292114,-6.075234655718E-03));
#7609 = CARTESIAN_POINT('',(1.29818019981,-5.25048847454E-03));
#7610 = CARTESIAN_POINT('',(1.298923174081,-4.486675769396E-03));
#7611 = CARTESIAN_POINT('',(1.299679942083,-3.779882318622E-03));
#7612 = CARTESIAN_POINT('',(1.30044870573,-3.131138764161E-03));
#7613 = CARTESIAN_POINT('',(1.301228155542,-2.541124720487E-03));
#7614 = CARTESIAN_POINT('',(1.302016858149,-2.010612395119E-03));
#7615 = CARTESIAN_POINT('',(1.302813387173,-1.540354650862E-03));
#7616 = CARTESIAN_POINT('',(1.30361641224,-1.131089136333E-03));
#7617 = CARTESIAN_POINT('',(1.304424212095,-7.836337016128E-04));
#7618 = CARTESIAN_POINT('',(1.305236533194,-4.985006051166E-04));
#7619 = CARTESIAN_POINT('',(1.306047642276,-2.773442704572E-04));
#7620 = CARTESIAN_POINT('',(1.306872257539,-1.175560521248E-04));
#7621 = CARTESIAN_POINT('',(1.307700317819,-2.14160384209E-05));
#7622 = CARTESIAN_POINT('',(1.308253140786,5.893604310152E-08));
#7623 = CARTESIAN_POINT('',(1.308528998522,0.));
#7624 = ( GEOMETRIC_REPRESENTATION_CONTEXT(2) 
PARAMETRIC_REPRESENTATION_CONTEXT() REPRESENTATION_CONTEXT('2D SPACE',''
  ) );
#7625 = PCURVE('',#150,#7626);
#7626 = DEFINITIONAL_REPRESENTATION('',(#7627),#7653);
#7627 = B_SPLINE_CURVE_WITH_KNOTS('',3,(#7628,#7629,#7630,#7631,#7632,
    #7633,#7634,#7635,#7636,#7637,#7638,#7639,#7640,#7641,#7642,#7643,
    #7644,#7645,#7646,#7647,#7648,#7649,#7650,#7651,#7652),
  .UNSPECIFIED.,.F.,.F.,(4,1,1,1,1,1,1,1,1,1,1,1,1,1,1,1,1,1,1,1,1,1,4),
  (0.,1.829089632346E-06,3.658179264691E-06,5.487268897037E-06,
    7.316358529383E-06,9.145448161728E-06,1.097453779407E-05,
    1.280362742642E-05,1.463271705877E-05,1.646180669111E-05,
    1.829089632346E-05,2.01199859558E-05,2.194907558815E-05,
    2.377816522049E-05,2.560725485284E-05,2.743634448519E-05,
    2.926543411753E-05,3.109452374988E-05,3.292361338222E-05,
    3.475270301457E-05,3.658179264691E-05,3.841088227926E-05,
    4.02399719116E-05),.QUASI_UNIFORM_KNOTS.);
#7628 = CARTESIAN_POINT('',(2.356194490192,0.313700806639));
#7629 = CARTESIAN_POINT('',(2.344242874394,0.313821706419));
#7630 = CARTESIAN_POINT('',(2.320321730365,0.314067847058));
#7631 = CARTESIAN_POINT('',(2.284404130194,0.314449209331));
#7632 = CARTESIAN_POINT('',(2.248467789789,0.314841851051));
#7633 = CARTESIAN_POINT('',(2.212532335484,0.315244900158));
#7634 = CARTESIAN_POINT('',(2.176618342469,0.315657485299));
#7635 = CARTESIAN_POINT('',(2.140747370384,0.316078732496));
#7636 = CARTESIAN_POINT('',(2.10494038017,0.316507777561));
#7637 = CARTESIAN_POINT('',(2.069221024224,0.31694371977));
#7638 = CARTESIAN_POINT('',(2.03360106688,0.317385794749));
#7639 = CARTESIAN_POINT('',(1.998132452496,0.317832729266));
#7640 = CARTESIAN_POINT('',(1.962588158696,0.318286679141));
#7641 = CARTESIAN_POINT('',(1.927000658056,0.318746543116));
#7642 = CARTESIAN_POINT('',(1.891382111747,0.319211506671));
#7643 = CARTESIAN_POINT('',(1.855751487266,0.319680682564));
#7644 = CARTESIAN_POINT('',(1.820128168916,0.3201531877));
#7645 = CARTESIAN_POINT('',(1.784527707908,0.320628195118));
#7646 = CARTESIAN_POINT('',(1.748982475219,0.321104649182));
#7647 = CARTESIAN_POINT('',(1.713460548623,0.32158235281));
#7648 = CARTESIAN_POINT('',(1.678166777071,0.322057903391));
#7649 = CARTESIAN_POINT('',(1.642416949364,0.322539861866));
#7650 = CARTESIAN_POINT('',(1.606601733365,0.323022361011));
#7651 = CARTESIAN_POINT('',(1.582716326635,0.323343496122));
#7652 = CARTESIAN_POINT('',(1.570796326795,0.323503492355));
#7653 = ( GEOMETRIC_REPRESENTATION_CONTEXT(2) 
PARAMETRIC_REPRESENTATION_CONTEXT() REPRESENTATION_CONTEXT('2D SPACE',''
  ) );
#7654 = ORIENTED_EDGE('',*,*,#107,.T.);
#7655 = ORIENTED_EDGE('',*,*,#7656,.T.);
#7656 = EDGE_CURVE('',#80,#2428,#7657,.T.);
#7657 = SURFACE_CURVE('',#7658,(#7669,#7698),.PCURVE_S1.);
#7658 = B_SPLINE_CURVE_WITH_KNOTS('',3,(#7659,#7660,#7661,#7662,#7663,
    #7664,#7665,#7666,#7667,#7668),.UNSPECIFIED.,.F.,.F.,(4,3,3,4),(
    1.022834283856E-18,1.792079663272E-05,3.585628441639E-05,
    4.025475725146E-05),.UNSPECIFIED.);
#7659 = CARTESIAN_POINT('',(-0.576496507644,0.63,-0.58));
#7660 = CARTESIAN_POINT('',(-0.578045288674,0.63,-0.585769329326));
#7661 = CARTESIAN_POINT('',(-0.579639807504,0.628975373964,
    -0.591611697374));
#7662 = CARTESIAN_POINT('',(-0.58114483665,0.627004520106,
    -0.597046263215));
#7663 = CARTESIAN_POINT('',(-0.582650526697,0.625032800791,
    -0.602483215527));
#7664 = CARTESIAN_POINT('',(-0.584108797485,0.622056260437,
    -0.607665261563));
#7665 = CARTESIAN_POINT('',(-0.585381389618,0.618303036899,
    -0.612138409487));
#7666 = CARTESIAN_POINT('',(-0.585697871311,0.617369645509,-0.6132508393
    ));
#7667 = CARTESIAN_POINT('',(-0.586004481332,0.616385393684,
    -0.614325284435));
#7668 = CARTESIAN_POINT('',(-0.586299193361,0.615355339059,
    -0.615355339059));
#7669 = PCURVE('',#124,#7670);
#7670 = DEFINITIONAL_REPRESENTATION('',(#7671),#7697);
#7671 = B_SPLINE_CURVE_WITH_KNOTS('',3,(#7672,#7673,#7674,#7675,#7676,
    #7677,#7678,#7679,#7680,#7681,#7682,#7683,#7684,#7685,#7686,#7687,
    #7688,#7689,#7690,#7691,#7692,#7693,#7694,#7695,#7696),
  .UNSPECIFIED.,.F.,.F.,(4,1,1,1,1,1,1,1,1,1,1,1,1,1,1,1,1,1,1,1,1,1,4),
  (1.022834283856E-18,1.829761693249E-06,3.659523386498E-06,
    5.489285079746E-06,7.319046772994E-06,9.148808466243E-06,
    1.097857015949E-05,1.280833185274E-05,1.463809354599E-05,
    1.646785523924E-05,1.829761693248E-05,2.012737862573E-05,
    2.195714031898E-05,2.378690201223E-05,2.561666370548E-05,
    2.744642539873E-05,2.927618709197E-05,3.110594878522E-05,
    3.293571047847E-05,3.476547217172E-05,3.659523386497E-05,
    3.842499555822E-05,4.025475725146E-05),.QUASI_UNIFORM_KNOTS.);
#7672 = CARTESIAN_POINT('',(1.833063655067,1.110223024625E-16));
#7673 = CARTESIAN_POINT('',(1.833336301136,7.894962826266E-16));
#7674 = CARTESIAN_POINT('',(1.833882361284,-2.136337588355E-05));
#7675 = CARTESIAN_POINT('',(1.834702330153,-1.169978508494E-04));
#7676 = CARTESIAN_POINT('',(1.835521752441,-2.757211257728E-04));
#7677 = CARTESIAN_POINT('',(1.836339202367,-4.970322207961E-04));
#7678 = CARTESIAN_POINT('',(1.837153255925,-7.80431525433E-04));
#7679 = CARTESIAN_POINT('',(1.837962482348,-1.125414320387E-03));
#7680 = CARTESIAN_POINT('',(1.838765475983,-1.53149495223E-03));
#7681 = CARTESIAN_POINT('',(1.839560737377,-1.998116612868E-03));
#7682 = CARTESIAN_POINT('',(1.840347117124,-2.524988047004E-03));
#7683 = CARTESIAN_POINT('',(1.84112215944,-3.110826942824E-03));
#7684 = CARTESIAN_POINT('',(1.841888487493,-3.758210841674E-03));
#7685 = CARTESIAN_POINT('',(1.842646304239,-4.466832802637E-03));
#7686 = CARTESIAN_POINT('',(1.843393842274,-5.234931448399E-03));
#7687 = CARTESIAN_POINT('',(1.844129864038,-6.061138679289E-03));
#7688 = CARTESIAN_POINT('',(1.844852982585,-6.94396772146E-03));
#7689 = CARTESIAN_POINT('',(1.845561878346,-7.882013220126E-03));
#7690 = CARTESIAN_POINT('',(1.846255111347,-8.873662818434E-03));
#7691 = CARTESIAN_POINT('',(1.846931655639,-9.918050748735E-03));
#7692 = CARTESIAN_POINT('',(1.847588949373,-1.101153188863E-02));
#7693 = CARTESIAN_POINT('',(1.848230160118,-1.216083194551E-02));
#7694 = CARTESIAN_POINT('',(1.848859875462,-1.337521272261E-02));
#7695 = CARTESIAN_POINT('',(1.849265893728,-1.421714203716E-02));
#7696 = CARTESIAN_POINT('',(1.849464578977,-1.464466094067E-02));
#7697 = ( GEOMETRIC_REPRESENTATION_CONTEXT(2) 
PARAMETRIC_REPRESENTATION_CONTEXT() REPRESENTATION_CONTEXT('2D SPACE',''
  ) );
#7698 = PCURVE('',#95,#7699);
#7699 = DEFINITIONAL_REPRESENTATION('',(#7700),#7726);
#7700 = B_SPLINE_CURVE_WITH_KNOTS('',3,(#7701,#7702,#7703,#7704,#7705,
    #7706,#7707,#7708,#7709,#7710,#7711,#7712,#7713,#7714,#7715,#7716,
    #7717,#7718,#7719,#7720,#7721,#7722,#7723,#7724,#7725),
  .UNSPECIFIED.,.F.,.F.,(4,1,1,1,1,1,1,1,1,1,1,1,1,1,1,1,1,1,1,1,1,1,4),
  (1.022834283856E-18,1.829761693249E-06,3.659523386498E-06,
    5.489285079746E-06,7.319046772994E-06,9.148808466243E-06,
    1.097857015949E-05,1.280833185274E-05,1.463809354599E-05,
    1.646785523924E-05,1.829761693248E-05,2.012737862573E-05,
    2.195714031898E-05,2.378690201223E-05,2.561666370548E-05,
    2.744642539873E-05,2.927618709197E-05,3.110594878522E-05,
    3.293571047847E-05,3.476547217172E-05,3.659523386497E-05,
    3.842499555822E-05,4.025475725146E-05),.QUASI_UNIFORM_KNOTS.);
#7701 = CARTESIAN_POINT('',(1.570796326795,0.323503492356));
#7702 = CARTESIAN_POINT('',(1.559015177235,0.323345357633));
#7703 = CARTESIAN_POINT('',(1.535421907366,0.323028134557));
#7704 = CARTESIAN_POINT('',(1.499955641751,0.322550302697));
#7705 = CARTESIAN_POINT('',(1.464429036057,0.322071337162));
#7706 = CARTESIAN_POINT('',(1.428859968456,0.321592101806));
#7707 = CARTESIAN_POINT('',(1.393266881739,0.321113459421));
#7708 = CARTESIAN_POINT('',(1.357668923508,0.320636276771));
#7709 = CARTESIAN_POINT('',(1.3220839778,0.320161405785));
#7710 = CARTESIAN_POINT('',(1.286533670364,0.319689753766));
#7711 = CARTESIAN_POINT('',(1.251022591685,0.319222021357));
#7712 = CARTESIAN_POINT('',(1.215613710349,0.318759680466));
#7713 = CARTESIAN_POINT('',(1.180135511436,0.318301205967));
#7714 = CARTESIAN_POINT('',(1.14453448857,0.317846560905));
#7715 = CARTESIAN_POINT('',(1.108848724307,0.317396872278));
#7716 = CARTESIAN_POINT('',(1.073093079397,0.316952953998));
#7717 = CARTESIAN_POINT('',(1.037289883621,0.316515708376));
#7718 = CARTESIAN_POINT('',(1.001458146492,0.31608599721));
#7719 = CARTESIAN_POINT('',(0.965623129719,0.315664755946));
#7720 = CARTESIAN_POINT('',(0.929785930149,0.315252665961));
#7721 = CARTESIAN_POINT('',(0.894032672101,0.314851351252));
#7722 = CARTESIAN_POINT('',(0.858125299125,0.314458919411));
#7723 = CARTESIAN_POINT('',(0.821744645665,0.314072657828));
#7724 = CARTESIAN_POINT('',(0.797487260874,0.31382307002));
#7725 = CARTESIAN_POINT('',(0.785398163397,0.313700806639));
#7726 = ( GEOMETRIC_REPRESENTATION_CONTEXT(2) 
PARAMETRIC_REPRESENTATION_CONTEXT() REPRESENTATION_CONTEXT('2D SPACE',''
  ) );
#7727 = ORIENTED_EDGE('',*,*,#2427,.F.);
#7728 = ORIENTED_EDGE('',*,*,#1266,.F.);
#7729 = ORIENTED_EDGE('',*,*,#1040,.F.);
#7730 = ORIENTED_EDGE('',*,*,#1314,.F.);
#7731 = ORIENTED_EDGE('',*,*,#2033,.F.);
#7732 = ADVANCED_FACE('',(#7733),#2368,.T.);
#7733 = FACE_BOUND('',#7734,.T.);
#7734 = EDGE_LOOP('',(#7735,#7755,#7777));
#7735 = ORIENTED_EDGE('',*,*,#7736,.T.);
#7736 = EDGE_CURVE('',#2256,#7338,#7737,.T.);
#7737 = SURFACE_CURVE('',#7738,(#7743,#7749),.PCURVE_S1.);
#7738 = ( BOUNDED_CURVE() B_SPLINE_CURVE(3,(#7739,#7740,#7741,#7742),
.UNSPECIFIED.,.F.,.F.) B_SPLINE_CURVE_WITH_KNOTS((4,4),(1.282816420928,
1.285312256647),.PIECEWISE_BEZIER_KNOTS.) CURVE() 
GEOMETRIC_REPRESENTATION_ITEM() RATIONAL_B_SPLINE_CURVE((1.,0.9999994809
,0.9999994809,1.)) REPRESENTATION_ITEM('') );
#7739 = CARTESIAN_POINT('',(-0.592122327784,0.635355339059,
    0.635355339059));
#7740 = CARTESIAN_POINT('',(-0.591593746797,0.633570883349,
    0.633570883349));
#7741 = CARTESIAN_POINT('',(-0.591067393076,0.631785769402,
    0.631785769402));
#7742 = CARTESIAN_POINT('',(-0.590543267439,0.63,0.63));
#7743 = PCURVE('',#2368,#7744);
#7744 = DEFINITIONAL_REPRESENTATION('',(#7745),#7748);
#7745 = B_SPLINE_CURVE_WITH_KNOTS('',1,(#7746,#7747),.UNSPECIFIED.,.F.,
  .F.,(2,2),(1.282816420928,1.285312256647),.PIECEWISE_BEZIER_KNOTS.);
#7746 = CARTESIAN_POINT('',(1.858776232662,5.355339059307E-03));
#7747 = CARTESIAN_POINT('',(1.856280396943,0.));
#7748 = ( GEOMETRIC_REPRESENTATION_CONTEXT(2) 
PARAMETRIC_REPRESENTATION_CONTEXT() REPRESENTATION_CONTEXT('2D SPACE',''
  ) );
#7749 = PCURVE('',#2297,#7750);
#7750 = DEFINITIONAL_REPRESENTATION('',(#7751),#7754);
#7751 = B_SPLINE_CURVE_WITH_KNOTS('',1,(#7752,#7753),.UNSPECIFIED.,.F.,
  .F.,(2,2),(1.282816420928,1.285312256647),.PIECEWISE_BEZIER_KNOTS.);
#7752 = CARTESIAN_POINT('',(1.282816420928,5.355339059342E-03));
#7753 = CARTESIAN_POINT('',(1.285312256647,0.));
#7754 = ( GEOMETRIC_REPRESENTATION_CONTEXT(2) 
PARAMETRIC_REPRESENTATION_CONTEXT() REPRESENTATION_CONTEXT('2D SPACE',''
  ) );
#7755 = ORIENTED_EDGE('',*,*,#7756,.T.);
#7756 = EDGE_CURVE('',#7338,#2004,#7757,.T.);
#7757 = SURFACE_CURVE('',#7758,(#7763,#7770),.PCURVE_S1.);
#7758 = CIRCLE('',#7759,2.23704144294);
#7759 = AXIS2_PLACEMENT_3D('',#7760,#7761,#7762);
#7760 = CARTESIAN_POINT('',(-2.73704144294,-5.20417042793E-17,0.63));
#7761 = DIRECTION('',(0.,-1.084202172486E-16,1.));
#7762 = DIRECTION('',(0.,-1.,-1.084202172486E-16));
#7763 = PCURVE('',#2368,#7764);
#7764 = DEFINITIONAL_REPRESENTATION('',(#7765),#7769);
#7765 = LINE('',#7766,#7767);
#7766 = CARTESIAN_POINT('',(0.,0.));
#7767 = VECTOR('',#7768,1.);
#7768 = DIRECTION('',(1.,0.));
#7769 = ( GEOMETRIC_REPRESENTATION_CONTEXT(2) 
PARAMETRIC_REPRESENTATION_CONTEXT() REPRESENTATION_CONTEXT('2D SPACE',''
  ) );
#7770 = PCURVE('',#2021,#7771);
#7771 = DEFINITIONAL_REPRESENTATION('',(#7772),#7776);
#7772 = CIRCLE('',#7773,2.23704144294);
#7773 = AXIS2_PLACEMENT_2D('',#7774,#7775);
#7774 = CARTESIAN_POINT('',(0.,0.));
#7775 = DIRECTION('',(1.,0.));
#7776 = ( GEOMETRIC_REPRESENTATION_CONTEXT(2) 
PARAMETRIC_REPRESENTATION_CONTEXT() REPRESENTATION_CONTEXT('2D SPACE',''
  ) );
#7777 = ORIENTED_EDGE('',*,*,#2331,.F.);
#7778 = ADVANCED_FACE('',(#7779),#2021,.T.);
#7779 = FACE_BOUND('',#7780,.T.);
#7780 = EDGE_LOOP('',(#7781,#7782,#7783));
#7781 = ORIENTED_EDGE('',*,*,#7756,.F.);
#7782 = ORIENTED_EDGE('',*,*,#7561,.T.);
#7783 = ORIENTED_EDGE('',*,*,#2003,.F.);
#7784 = ADVANCED_FACE('',(#7785),#1966,.T.);
#7785 = FACE_BOUND('',#7786,.T.);
#7786 = EDGE_LOOP('',(#7787,#7807,#7829));
#7787 = ORIENTED_EDGE('',*,*,#7788,.T.);
#7788 = EDGE_CURVE('',#1854,#7146,#7789,.T.);
#7789 = SURFACE_CURVE('',#7790,(#7795,#7801),.PCURVE_S1.);
#7790 = ( BOUNDED_CURVE() B_SPLINE_CURVE(3,(#7791,#7792,#7793,#7794),
.UNSPECIFIED.,.F.,.F.) B_SPLINE_CURVE_WITH_KNOTS((4,4),(1.282816420928,
1.285312256647),.PIECEWISE_BEZIER_KNOTS.) CURVE() 
GEOMETRIC_REPRESENTATION_ITEM() RATIONAL_B_SPLINE_CURVE((1.,0.9999994809
,0.9999994809,1.)) REPRESENTATION_ITEM('') );
#7791 = CARTESIAN_POINT('',(-0.592122327784,-0.635355339059,
    0.635355339059));
#7792 = CARTESIAN_POINT('',(-0.591593746797,-0.633570883349,
    0.633570883349));
#7793 = CARTESIAN_POINT('',(-0.591067393076,-0.631785769402,
    0.631785769402));
#7794 = CARTESIAN_POINT('',(-0.590543267439,-0.63,0.63));
#7795 = PCURVE('',#1966,#7796);
#7796 = DEFINITIONAL_REPRESENTATION('',(#7797),#7800);
#7797 = B_SPLINE_CURVE_WITH_KNOTS('',1,(#7798,#7799),.UNSPECIFIED.,.F.,
  .F.,(2,2),(1.282816420928,1.285312256647),.PIECEWISE_BEZIER_KNOTS.);
#7798 = CARTESIAN_POINT('',(1.858776232662,5.355339059263E-03));
#7799 = CARTESIAN_POINT('',(1.856280396943,0.));
#7800 = ( GEOMETRIC_REPRESENTATION_CONTEXT(2) 
PARAMETRIC_REPRESENTATION_CONTEXT() REPRESENTATION_CONTEXT('2D SPACE',''
  ) );
#7801 = PCURVE('',#1895,#7802);
#7802 = DEFINITIONAL_REPRESENTATION('',(#7803),#7806);
#7803 = B_SPLINE_CURVE_WITH_KNOTS('',1,(#7804,#7805),.UNSPECIFIED.,.F.,
  .F.,(2,2),(1.282816420928,1.285312256647),.PIECEWISE_BEZIER_KNOTS.);
#7804 = CARTESIAN_POINT('',(1.282816420928,5.355339059394E-03));
#7805 = CARTESIAN_POINT('',(1.285312256647,0.));
#7806 = ( GEOMETRIC_REPRESENTATION_CONTEXT(2) 
PARAMETRIC_REPRESENTATION_CONTEXT() REPRESENTATION_CONTEXT('2D SPACE',''
  ) );
#7807 = ORIENTED_EDGE('',*,*,#7808,.T.);
#7808 = EDGE_CURVE('',#7146,#1602,#7809,.T.);
#7809 = SURFACE_CURVE('',#7810,(#7815,#7822),.PCURVE_S1.);
#7810 = CIRCLE('',#7811,2.23704144294);
#7811 = AXIS2_PLACEMENT_3D('',#7812,#7813,#7814);
#7812 = CARTESIAN_POINT('',(-2.73704144294,-0.63,2.147591539192E-15));
#7813 = DIRECTION('',(0.,-1.,3.383061121595E-15));
#7814 = DIRECTION('',(0.,-3.383061121595E-15,-1.));
#7815 = PCURVE('',#1966,#7816);
#7816 = DEFINITIONAL_REPRESENTATION('',(#7817),#7821);
#7817 = LINE('',#7818,#7819);
#7818 = CARTESIAN_POINT('',(0.,0.));
#7819 = VECTOR('',#7820,1.);
#7820 = DIRECTION('',(1.,0.));
#7821 = ( GEOMETRIC_REPRESENTATION_CONTEXT(2) 
PARAMETRIC_REPRESENTATION_CONTEXT() REPRESENTATION_CONTEXT('2D SPACE',''
  ) );
#7822 = PCURVE('',#1619,#7823);
#7823 = DEFINITIONAL_REPRESENTATION('',(#7824),#7828);
#7824 = CIRCLE('',#7825,2.23704144294);
#7825 = AXIS2_PLACEMENT_2D('',#7826,#7827);
#7826 = CARTESIAN_POINT('',(0.,0.));
#7827 = DIRECTION('',(1.,0.));
#7828 = ( GEOMETRIC_REPRESENTATION_CONTEXT(2) 
PARAMETRIC_REPRESENTATION_CONTEXT() REPRESENTATION_CONTEXT('2D SPACE',''
  ) );
#7829 = ORIENTED_EDGE('',*,*,#1929,.F.);
#7830 = ADVANCED_FACE('',(#7831),#1619,.T.);
#7831 = FACE_BOUND('',#7832,.T.);
#7832 = EDGE_LOOP('',(#7833,#7834,#7835));
#7833 = ORIENTED_EDGE('',*,*,#7808,.F.);
#7834 = ORIENTED_EDGE('',*,*,#7145,.T.);
#7835 = ORIENTED_EDGE('',*,*,#1601,.F.);
#7836 = ADVANCED_FACE('',(#7837),#1841,.T.);
#7837 = FACE_BOUND('',#7838,.T.);
#7838 = EDGE_LOOP('',(#7839,#7840,#7862));
#7839 = ORIENTED_EDGE('',*,*,#7534,.F.);
#7840 = ORIENTED_EDGE('',*,*,#7841,.F.);
#7841 = EDGE_CURVE('',#1826,#7146,#7842,.T.);
#7842 = SURFACE_CURVE('',#7843,(#7848,#7855),.PCURVE_S1.);
#7843 = CIRCLE('',#7844,2.23704144294);
#7844 = AXIS2_PLACEMENT_3D('',#7845,#7846,#7847);
#7845 = CARTESIAN_POINT('',(-2.73704144294,-5.20417042793E-17,0.63));
#7846 = DIRECTION('',(0.,-1.084202172486E-16,1.));
#7847 = DIRECTION('',(0.,-1.,-1.084202172486E-16));
#7848 = PCURVE('',#1841,#7849);
#7849 = DEFINITIONAL_REPRESENTATION('',(#7850),#7854);
#7850 = CIRCLE('',#7851,2.23704144294);
#7851 = AXIS2_PLACEMENT_2D('',#7852,#7853);
#7852 = CARTESIAN_POINT('',(0.,0.));
#7853 = DIRECTION('',(1.,0.));
#7854 = ( GEOMETRIC_REPRESENTATION_CONTEXT(2) 
PARAMETRIC_REPRESENTATION_CONTEXT() REPRESENTATION_CONTEXT('2D SPACE',''
  ) );
#7855 = PCURVE('',#1895,#7856);
#7856 = DEFINITIONAL_REPRESENTATION('',(#7857),#7861);
#7857 = LINE('',#7858,#7859);
#7858 = CARTESIAN_POINT('',(0.,0.));
#7859 = VECTOR('',#7860,1.);
#7860 = DIRECTION('',(1.,0.));
#7861 = ( GEOMETRIC_REPRESENTATION_CONTEXT(2) 
PARAMETRIC_REPRESENTATION_CONTEXT() REPRESENTATION_CONTEXT('2D SPACE',''
  ) );
#7862 = ORIENTED_EDGE('',*,*,#1825,.F.);
#7863 = ADVANCED_FACE('',(#7864),#1895,.T.);
#7864 = FACE_BOUND('',#7865,.T.);
#7865 = EDGE_LOOP('',(#7866,#7867,#7868));
#7866 = ORIENTED_EDGE('',*,*,#7841,.T.);
#7867 = ORIENTED_EDGE('',*,*,#7788,.F.);
#7868 = ORIENTED_EDGE('',*,*,#1853,.F.);
#7869 = ADVANCED_FACE('',(#7870),#2243,.T.);
#7870 = FACE_BOUND('',#7871,.T.);
#7871 = EDGE_LOOP('',(#7872,#7873,#7895));
#7872 = ORIENTED_EDGE('',*,*,#7359,.F.);
#7873 = ORIENTED_EDGE('',*,*,#7874,.F.);
#7874 = EDGE_CURVE('',#2228,#7338,#7875,.T.);
#7875 = SURFACE_CURVE('',#7876,(#7881,#7888),.PCURVE_S1.);
#7876 = CIRCLE('',#7877,2.23704144294);
#7877 = AXIS2_PLACEMENT_3D('',#7878,#7879,#7880);
#7878 = CARTESIAN_POINT('',(-2.73704144294,0.63,-6.546858026134E-15));
#7879 = DIRECTION('',(-0.,1.,-1.036602379928E-14));
#7880 = DIRECTION('',(0.,1.036602379928E-14,1.));
#7881 = PCURVE('',#2243,#7882);
#7882 = DEFINITIONAL_REPRESENTATION('',(#7883),#7887);
#7883 = CIRCLE('',#7884,2.23704144294);
#7884 = AXIS2_PLACEMENT_2D('',#7885,#7886);
#7885 = CARTESIAN_POINT('',(0.,0.));
#7886 = DIRECTION('',(1.,0.));
#7887 = ( GEOMETRIC_REPRESENTATION_CONTEXT(2) 
PARAMETRIC_REPRESENTATION_CONTEXT() REPRESENTATION_CONTEXT('2D SPACE',''
  ) );
#7888 = PCURVE('',#2297,#7889);
#7889 = DEFINITIONAL_REPRESENTATION('',(#7890),#7894);
#7890 = LINE('',#7891,#7892);
#7891 = CARTESIAN_POINT('',(0.,0.));
#7892 = VECTOR('',#7893,1.);
#7893 = DIRECTION('',(1.,0.));
#7894 = ( GEOMETRIC_REPRESENTATION_CONTEXT(2) 
PARAMETRIC_REPRESENTATION_CONTEXT() REPRESENTATION_CONTEXT('2D SPACE',''
  ) );
#7895 = ORIENTED_EDGE('',*,*,#2227,.F.);
#7896 = ADVANCED_FACE('',(#7897),#2297,.T.);
#7897 = FACE_BOUND('',#7898,.T.);
#7898 = EDGE_LOOP('',(#7899,#7900,#7901));
#7899 = ORIENTED_EDGE('',*,*,#7874,.T.);
#7900 = ORIENTED_EDGE('',*,*,#7736,.F.);
#7901 = ORIENTED_EDGE('',*,*,#2255,.F.);
#7902 = ADVANCED_FACE('',(#7903),#95,.T.);
#7903 = FACE_BOUND('',#7904,.T.);
#7904 = EDGE_LOOP('',(#7905,#7906,#7907,#7908,#7909,#7910));
#7905 = ORIENTED_EDGE('',*,*,#7656,.F.);
#7906 = ORIENTED_EDGE('',*,*,#79,.F.);
#7907 = ORIENTED_EDGE('',*,*,#6314,.F.);
#7908 = ORIENTED_EDGE('',*,*,#3536,.F.);
#7909 = ORIENTED_EDGE('',*,*,#201,.F.);
#7910 = ORIENTED_EDGE('',*,*,#2449,.F.);
#7911 = ADVANCED_FACE('',(#7912),#2805,.T.);
#7912 = FACE_BOUND('',#7913,.T.);
#7913 = EDGE_LOOP('',(#7914,#7915,#7916,#7917,#7918,#7919));
#7914 = ORIENTED_EDGE('',*,*,#7461,.F.);
#7915 = ORIENTED_EDGE('',*,*,#2789,.F.);
#7916 = ORIENTED_EDGE('',*,*,#6159,.F.);
#7917 = ORIENTED_EDGE('',*,*,#6014,.F.);
#7918 = ORIENTED_EDGE('',*,*,#2896,.F.);
#7919 = ORIENTED_EDGE('',*,*,#7190,.F.);
#7920 = ADVANCED_FACE('',(#7921),#271,.T.);
#7921 = FACE_BOUND('',#7922,.T.);
#7922 = EDGE_LOOP('',(#7923,#7924,#7925,#7926,#7927,#7928));
#7923 = ORIENTED_EDGE('',*,*,#2522,.F.);
#7924 = ORIENTED_EDGE('',*,*,#257,.F.);
#7925 = ORIENTED_EDGE('',*,*,#3463,.F.);
#7926 = ORIENTED_EDGE('',*,*,#6232,.F.);
#7927 = ORIENTED_EDGE('',*,*,#2841,.F.);
#7928 = ORIENTED_EDGE('',*,*,#7388,.F.);
#7929 = ADVANCED_FACE('',(#7930),#150,.T.);
#7930 = FACE_BOUND('',#7931,.T.);
#7931 = EDGE_LOOP('',(#7932,#7933,#7934,#7935,#7936,#7937));
#7932 = ORIENTED_EDGE('',*,*,#7263,.F.);
#7933 = ORIENTED_EDGE('',*,*,#2952,.F.);
#7934 = ORIENTED_EDGE('',*,*,#5941,.F.);
#7935 = ORIENTED_EDGE('',*,*,#6387,.F.);
#7936 = ORIENTED_EDGE('',*,*,#136,.F.);
#7937 = ORIENTED_EDGE('',*,*,#7583,.F.);
#7938 = ( GEOMETRIC_REPRESENTATION_CONTEXT(3) 
GLOBAL_UNCERTAINTY_ASSIGNED_CONTEXT((#7942)) 
GLOBAL_UNIT_ASSIGNED_CONTEXT((#7939,#7940,#7941)) REPRESENTATION_CONTEXT
('Context #1','3D Context with UNIT and UNCERTAINTY') );
#7939 = ( LENGTH_UNIT() NAMED_UNIT(*) SI_UNIT(.MILLI.,.METRE.) );
#7940 = ( NAMED_UNIT(*) PLANE_ANGLE_UNIT() SI_UNIT($,.RADIAN.) );
#7941 = ( NAMED_UNIT(*) SI_UNIT($,.STERADIAN.) SOLID_ANGLE_UNIT() );
#7942 = UNCERTAINTY_MEASURE_WITH_UNIT(LENGTH_MEASURE(2.E-06),#7939,
  'distance_accuracy_value','confusion accuracy');
#7943 = CONTEXT_DEPENDENT_SHAPE_REPRESENTATION(#7944,#7946);
#7944 = ( REPRESENTATION_RELATIONSHIP('','',#32,#10) 
REPRESENTATION_RELATIONSHIP_WITH_TRANSFORMATION(#7945) 
SHAPE_REPRESENTATION_RELATIONSHIP() );
#7945 = ITEM_DEFINED_TRANSFORMATION('','',#11,#15);
#7946 = PRODUCT_DEFINITION_SHAPE('Placement','Placement of an item',
  #7947);
#7947 = NEXT_ASSEMBLY_USAGE_OCCURRENCE('1','=>[0:1:1:1]','',#5,#27,$);
#7948 = PRODUCT_RELATED_PRODUCT_CATEGORY('part',$,(#29));
#7949 = MECHANICAL_DESIGN_GEOMETRIC_PRESENTATION_REPRESENTATION('',(
    #7950,#7958,#7966,#7973,#7981,#7988,#7995,#8002,#8009,#8016,#8023,
    #8030,#8037,#8044,#8051,#8058,#8065,#8072,#8079,#8086,#8093,#8100,
    #8107,#8114,#8121,#8128,#8135,#8142,#8149,#8156,#8163,#8170,#8177,
    #8184,#8191,#8198,#8205,#8212,#8219,#8226,#8233,#8240,#8247,#8254,
    #8261,#8268,#8275,#8282,#8289,#8296,#8303,#8310,#8317,#8324,#8331,
    #8338,#8345,#8352,#8359,#8366,#8373,#8380,#8387,#8394,#8401,#8408,
    #8415,#8422,#8429,#8436,#8443,#8450,#8457,#8464,#8471,#8478,#8485,
    #8492,#8499,#8506,#8513,#8520,#8527),#7938);
#7950 = STYLED_ITEM('color',(#7951),#33);
#7951 = PRESENTATION_STYLE_ASSIGNMENT((#7952));
#7952 = SURFACE_STYLE_USAGE(.BOTH.,#7953);
#7953 = SURFACE_SIDE_STYLE('',(#7954));
#7954 = SURFACE_STYLE_FILL_AREA(#7955);
#7955 = FILL_AREA_STYLE('',(#7956));
#7956 = FILL_AREA_STYLE_COLOUR('',#7957);
#7957 = DRAUGHTING_PRE_DEFINED_COLOUR('white');
#7958 = OVER_RIDING_STYLED_ITEM('overriding color',(#7959),#35,#7950);
#7959 = PRESENTATION_STYLE_ASSIGNMENT((#7960));
#7960 = SURFACE_STYLE_USAGE(.BOTH.,#7961);
#7961 = SURFACE_SIDE_STYLE('',(#7962));
#7962 = SURFACE_STYLE_FILL_AREA(#7963);
#7963 = FILL_AREA_STYLE('',(#7964));
#7964 = FILL_AREA_STYLE_COLOUR('',#7965);
#7965 = COLOUR_RGB('',0.592156864646,0.462745104622,0.);
#7966 = OVER_RIDING_STYLED_ITEM('overriding color',(#7967),#161,#7950);
#7967 = PRESENTATION_STYLE_ASSIGNMENT((#7968));
#7968 = SURFACE_STYLE_USAGE(.BOTH.,#7969);
#7969 = SURFACE_SIDE_STYLE('',(#7970));
#7970 = SURFACE_STYLE_FILL_AREA(#7971);
#7971 = FILL_AREA_STYLE('',(#7972));
#7972 = FILL_AREA_STYLE_COLOUR('',#7965);
#7973 = OVER_RIDING_STYLED_ITEM('overriding color',(#7974),#282,#7950);
#7974 = PRESENTATION_STYLE_ASSIGNMENT((#7975));
#7975 = SURFACE_STYLE_USAGE(.BOTH.,#7976);
#7976 = SURFACE_SIDE_STYLE('',(#7977));
#7977 = SURFACE_STYLE_FILL_AREA(#7978);
#7978 = FILL_AREA_STYLE('',(#7979));
#7979 = FILL_AREA_STYLE_COLOUR('',#7980);
#7980 = COLOUR_RGB('',0.854901964685,0.854901964685,0.854901964685);
#7981 = OVER_RIDING_STYLED_ITEM('overriding color',(#7982),#749,#7950);
#7982 = PRESENTATION_STYLE_ASSIGNMENT((#7983));
#7983 = SURFACE_STYLE_USAGE(.BOTH.,#7984);
#7984 = SURFACE_SIDE_STYLE('',(#7985));
#7985 = SURFACE_STYLE_FILL_AREA(#7986);
#7986 = FILL_AREA_STYLE('',(#7987));
#7987 = FILL_AREA_STYLE_COLOUR('',#7980);
#7988 = OVER_RIDING_STYLED_ITEM('overriding color',(#7989),#1212,#7950);
#7989 = PRESENTATION_STYLE_ASSIGNMENT((#7990));
#7990 = SURFACE_STYLE_USAGE(.BOTH.,#7991);
#7991 = SURFACE_SIDE_STYLE('',(#7992));
#7992 = SURFACE_STYLE_FILL_AREA(#7993);
#7993 = FILL_AREA_STYLE('',(#7994));
#7994 = FILL_AREA_STYLE_COLOUR('',#7965);
#7995 = OVER_RIDING_STYLED_ITEM('overriding color',(#7996),#1261,#7950);
#7996 = PRESENTATION_STYLE_ASSIGNMENT((#7997));
#7997 = SURFACE_STYLE_USAGE(.BOTH.,#7998);
#7998 = SURFACE_SIDE_STYLE('',(#7999));
#7999 = SURFACE_STYLE_FILL_AREA(#8000);
#8000 = FILL_AREA_STYLE('',(#8001));
#8001 = FILL_AREA_STYLE_COLOUR('',#7965);
#8002 = OVER_RIDING_STYLED_ITEM('overriding color',(#8003),#1310,#7950);
#8003 = PRESENTATION_STYLE_ASSIGNMENT((#8004));
#8004 = SURFACE_STYLE_USAGE(.BOTH.,#8005);
#8005 = SURFACE_SIDE_STYLE('',(#8006));
#8006 = SURFACE_STYLE_FILL_AREA(#8007);
#8007 = FILL_AREA_STYLE('',(#8008));
#8008 = FILL_AREA_STYLE_COLOUR('',#7980);
#8009 = OVER_RIDING_STYLED_ITEM('overriding color',(#8010),#1396,#7950);
#8010 = PRESENTATION_STYLE_ASSIGNMENT((#8011));
#8011 = SURFACE_STYLE_USAGE(.BOTH.,#8012);
#8012 = SURFACE_SIDE_STYLE('',(#8013));
#8013 = SURFACE_STYLE_FILL_AREA(#8014);
#8014 = FILL_AREA_STYLE('',(#8015));
#8015 = FILL_AREA_STYLE_COLOUR('',#7980);
#8016 = OVER_RIDING_STYLED_ITEM('overriding color',(#8017),#1516,#7950);
#8017 = PRESENTATION_STYLE_ASSIGNMENT((#8018));
#8018 = SURFACE_STYLE_USAGE(.BOTH.,#8019);
#8019 = SURFACE_SIDE_STYLE('',(#8020));
#8020 = SURFACE_STYLE_FILL_AREA(#8021);
#8021 = FILL_AREA_STYLE('',(#8022));
#8022 = FILL_AREA_STYLE_COLOUR('',#7980);
#8023 = OVER_RIDING_STYLED_ITEM('overriding color',(#8024),#1597,#7950);
#8024 = PRESENTATION_STYLE_ASSIGNMENT((#8025));
#8025 = SURFACE_STYLE_USAGE(.BOTH.,#8026);
#8026 = SURFACE_SIDE_STYLE('',(#8027));
#8027 = SURFACE_STYLE_FILL_AREA(#8028);
#8028 = FILL_AREA_STYLE('',(#8029));
#8029 = FILL_AREA_STYLE_COLOUR('',#7980);
#8030 = OVER_RIDING_STYLED_ITEM('overriding color',(#8031),#1999,#7950);
#8031 = PRESENTATION_STYLE_ASSIGNMENT((#8032));
#8032 = SURFACE_STYLE_USAGE(.BOTH.,#8033);
#8033 = SURFACE_SIDE_STYLE('',(#8034));
#8034 = SURFACE_STYLE_FILL_AREA(#8035);
#8035 = FILL_AREA_STYLE('',(#8036));
#8036 = FILL_AREA_STYLE_COLOUR('',#7980);
#8037 = OVER_RIDING_STYLED_ITEM('overriding color',(#8038),#2401,#7950);
#8038 = PRESENTATION_STYLE_ASSIGNMENT((#8039));
#8039 = SURFACE_STYLE_USAGE(.BOTH.,#8040);
#8040 = SURFACE_SIDE_STYLE('',(#8041));
#8041 = SURFACE_STYLE_FILL_AREA(#8042);
#8042 = FILL_AREA_STYLE('',(#8043));
#8043 = FILL_AREA_STYLE_COLOUR('',#7980);
#8044 = OVER_RIDING_STYLED_ITEM('overriding color',(#8045),#2663,#7950);
#8045 = PRESENTATION_STYLE_ASSIGNMENT((#8046));
#8046 = SURFACE_STYLE_USAGE(.BOTH.,#8047);
#8047 = SURFACE_SIDE_STYLE('',(#8048));
#8048 = SURFACE_STYLE_FILL_AREA(#8049);
#8049 = FILL_AREA_STYLE('',(#8050));
#8050 = FILL_AREA_STYLE_COLOUR('',#7980);
#8051 = OVER_RIDING_STYLED_ITEM('overriding color',(#8052),#2688,#7950);
#8052 = PRESENTATION_STYLE_ASSIGNMENT((#8053));
#8053 = SURFACE_STYLE_USAGE(.BOTH.,#8054);
#8054 = SURFACE_SIDE_STYLE('',(#8055));
#8055 = SURFACE_STYLE_FILL_AREA(#8056);
#8056 = FILL_AREA_STYLE('',(#8057));
#8057 = FILL_AREA_STYLE_COLOUR('',#7980);
#8058 = OVER_RIDING_STYLED_ITEM('overriding color',(#8059),#2713,#7950);
#8059 = PRESENTATION_STYLE_ASSIGNMENT((#8060));
#8060 = SURFACE_STYLE_USAGE(.BOTH.,#8061);
#8061 = SURFACE_SIDE_STYLE('',(#8062));
#8062 = SURFACE_STYLE_FILL_AREA(#8063);
#8063 = FILL_AREA_STYLE('',(#8064));
#8064 = FILL_AREA_STYLE_COLOUR('',#7980);
#8065 = OVER_RIDING_STYLED_ITEM('overriding color',(#8066),#2745,#7950);
#8066 = PRESENTATION_STYLE_ASSIGNMENT((#8067));
#8067 = SURFACE_STYLE_USAGE(.BOTH.,#8068);
#8068 = SURFACE_SIDE_STYLE('',(#8069));
#8069 = SURFACE_STYLE_FILL_AREA(#8070);
#8070 = FILL_AREA_STYLE('',(#8071));
#8071 = FILL_AREA_STYLE_COLOUR('',#7965);
#8072 = OVER_RIDING_STYLED_ITEM('overriding color',(#8073),#2861,#7950);
#8073 = PRESENTATION_STYLE_ASSIGNMENT((#8074));
#8074 = SURFACE_STYLE_USAGE(.BOTH.,#8075);
#8075 = SURFACE_SIDE_STYLE('',(#8076));
#8076 = SURFACE_STYLE_FILL_AREA(#8077);
#8077 = FILL_AREA_STYLE('',(#8078));
#8078 = FILL_AREA_STYLE_COLOUR('',#7965);
#8079 = OVER_RIDING_STYLED_ITEM('overriding color',(#8080),#2972,#7950);
#8080 = PRESENTATION_STYLE_ASSIGNMENT((#8081));
#8081 = SURFACE_STYLE_USAGE(.BOTH.,#8082);
#8082 = SURFACE_SIDE_STYLE('',(#8083));
#8083 = SURFACE_STYLE_FILL_AREA(#8084);
#8084 = FILL_AREA_STYLE('',(#8085));
#8085 = FILL_AREA_STYLE_COLOUR('',#7980);
#8086 = OVER_RIDING_STYLED_ITEM('overriding color',(#8087),#3092,#7950);
#8087 = PRESENTATION_STYLE_ASSIGNMENT((#8088));
#8088 = SURFACE_STYLE_USAGE(.BOTH.,#8089);
#8089 = SURFACE_SIDE_STYLE('',(#8090));
#8090 = SURFACE_STYLE_FILL_AREA(#8091);
#8091 = FILL_AREA_STYLE('',(#8092));
#8092 = FILL_AREA_STYLE_COLOUR('',#7980);
#8093 = OVER_RIDING_STYLED_ITEM('overriding color',(#8094),#3207,#7950);
#8094 = PRESENTATION_STYLE_ASSIGNMENT((#8095));
#8095 = SURFACE_STYLE_USAGE(.BOTH.,#8096);
#8096 = SURFACE_SIDE_STYLE('',(#8097));
#8097 = SURFACE_STYLE_FILL_AREA(#8098);
#8098 = FILL_AREA_STYLE('',(#8099));
#8099 = FILL_AREA_STYLE_COLOUR('',#7980);
#8100 = OVER_RIDING_STYLED_ITEM('overriding color',(#8101),#3322,#7950);
#8101 = PRESENTATION_STYLE_ASSIGNMENT((#8102));
#8102 = SURFACE_STYLE_USAGE(.BOTH.,#8103);
#8103 = SURFACE_SIDE_STYLE('',(#8104));
#8104 = SURFACE_STYLE_FILL_AREA(#8105);
#8105 = FILL_AREA_STYLE('',(#8106));
#8106 = FILL_AREA_STYLE_COLOUR('',#7965);
#8107 = OVER_RIDING_STYLED_ITEM('overriding color',(#8108),#3409,#7950);
#8108 = PRESENTATION_STYLE_ASSIGNMENT((#8109));
#8109 = SURFACE_STYLE_USAGE(.BOTH.,#8110);
#8110 = SURFACE_SIDE_STYLE('',(#8111));
#8111 = SURFACE_STYLE_FILL_AREA(#8112);
#8112 = FILL_AREA_STYLE('',(#8113));
#8113 = FILL_AREA_STYLE_COLOUR('',#7980);
#8114 = OVER_RIDING_STYLED_ITEM('overriding color',(#8115),#3835,#7950);
#8115 = PRESENTATION_STYLE_ASSIGNMENT((#8116));
#8116 = SURFACE_STYLE_USAGE(.BOTH.,#8117);
#8117 = SURFACE_SIDE_STYLE('',(#8118));
#8118 = SURFACE_STYLE_FILL_AREA(#8119);
#8119 = FILL_AREA_STYLE('',(#8120));
#8120 = FILL_AREA_STYLE_COLOUR('',#7980);
#8121 = OVER_RIDING_STYLED_ITEM('overriding color',(#8122),#3932,#7950);
#8122 = PRESENTATION_STYLE_ASSIGNMENT((#8123));
#8123 = SURFACE_STYLE_USAGE(.BOTH.,#8124);
#8124 = SURFACE_SIDE_STYLE('',(#8125));
#8125 = SURFACE_STYLE_FILL_AREA(#8126);
#8126 = FILL_AREA_STYLE('',(#8127));
#8127 = FILL_AREA_STYLE_COLOUR('',#7980);
#8128 = OVER_RIDING_STYLED_ITEM('overriding color',(#8129),#4008,#7950);
#8129 = PRESENTATION_STYLE_ASSIGNMENT((#8130));
#8130 = SURFACE_STYLE_USAGE(.BOTH.,#8131);
#8131 = SURFACE_SIDE_STYLE('',(#8132));
#8132 = SURFACE_STYLE_FILL_AREA(#8133);
#8133 = FILL_AREA_STYLE('',(#8134));
#8134 = FILL_AREA_STYLE_COLOUR('',#7980);
#8135 = OVER_RIDING_STYLED_ITEM('overriding color',(#8136),#4108,#7950);
#8136 = PRESENTATION_STYLE_ASSIGNMENT((#8137));
#8137 = SURFACE_STYLE_USAGE(.BOTH.,#8138);
#8138 = SURFACE_SIDE_STYLE('',(#8139));
#8139 = SURFACE_STYLE_FILL_AREA(#8140);
#8140 = FILL_AREA_STYLE('',(#8141));
#8141 = FILL_AREA_STYLE_COLOUR('',#7965);
#8142 = OVER_RIDING_STYLED_ITEM('overriding color',(#8143),#4193,#7950);
#8143 = PRESENTATION_STYLE_ASSIGNMENT((#8144));
#8144 = SURFACE_STYLE_USAGE(.BOTH.,#8145);
#8145 = SURFACE_SIDE_STYLE('',(#8146));
#8146 = SURFACE_STYLE_FILL_AREA(#8147);
#8147 = FILL_AREA_STYLE('',(#8148));
#8148 = FILL_AREA_STYLE_COLOUR('',#7980);
#8149 = OVER_RIDING_STYLED_ITEM('overriding color',(#8150),#4595,#7950);
#8150 = PRESENTATION_STYLE_ASSIGNMENT((#8151));
#8151 = SURFACE_STYLE_USAGE(.BOTH.,#8152);
#8152 = SURFACE_SIDE_STYLE('',(#8153));
#8153 = SURFACE_STYLE_FILL_AREA(#8154);
#8154 = FILL_AREA_STYLE('',(#8155));
#8155 = FILL_AREA_STYLE_COLOUR('',#7980);
#8156 = OVER_RIDING_STYLED_ITEM('overriding color',(#8157),#4649,#7950);
#8157 = PRESENTATION_STYLE_ASSIGNMENT((#8158));
#8158 = SURFACE_STYLE_USAGE(.BOTH.,#8159);
#8159 = SURFACE_SIDE_STYLE('',(#8160));
#8160 = SURFACE_STYLE_FILL_AREA(#8161);
#8161 = FILL_AREA_STYLE('',(#8162));
#8162 = FILL_AREA_STYLE_COLOUR('',#7980);
#8163 = OVER_RIDING_STYLED_ITEM('overriding color',(#8164),#4931,#7950);
#8164 = PRESENTATION_STYLE_ASSIGNMENT((#8165));
#8165 = SURFACE_STYLE_USAGE(.BOTH.,#8166);
#8166 = SURFACE_SIDE_STYLE('',(#8167));
#8167 = SURFACE_STYLE_FILL_AREA(#8168);
#8168 = FILL_AREA_STYLE('',(#8169));
#8169 = FILL_AREA_STYLE_COLOUR('',#7980);
#8170 = OVER_RIDING_STYLED_ITEM('overriding color',(#8171),#4980,#7950);
#8171 = PRESENTATION_STYLE_ASSIGNMENT((#8172));
#8172 = SURFACE_STYLE_USAGE(.BOTH.,#8173);
#8173 = SURFACE_SIDE_STYLE('',(#8174));
#8174 = SURFACE_STYLE_FILL_AREA(#8175);
#8175 = FILL_AREA_STYLE('',(#8176));
#8176 = FILL_AREA_STYLE_COLOUR('',#7980);
#8177 = OVER_RIDING_STYLED_ITEM('overriding color',(#8178),#5007,#7950);
#8178 = PRESENTATION_STYLE_ASSIGNMENT((#8179));
#8179 = SURFACE_STYLE_USAGE(.BOTH.,#8180);
#8180 = SURFACE_SIDE_STYLE('',(#8181));
#8181 = SURFACE_STYLE_FILL_AREA(#8182);
#8182 = FILL_AREA_STYLE('',(#8183));
#8183 = FILL_AREA_STYLE_COLOUR('',#7980);
#8184 = OVER_RIDING_STYLED_ITEM('overriding color',(#8185),#5409,#7950);
#8185 = PRESENTATION_STYLE_ASSIGNMENT((#8186));
#8186 = SURFACE_STYLE_USAGE(.BOTH.,#8187);
#8187 = SURFACE_SIDE_STYLE('',(#8188));
#8188 = SURFACE_STYLE_FILL_AREA(#8189);
#8189 = FILL_AREA_STYLE('',(#8190));
#8190 = FILL_AREA_STYLE_COLOUR('',#7980);
#8191 = OVER_RIDING_STYLED_ITEM('overriding color',(#8192),#5459,#7950);
#8192 = PRESENTATION_STYLE_ASSIGNMENT((#8193));
#8193 = SURFACE_STYLE_USAGE(.BOTH.,#8194);
#8194 = SURFACE_SIDE_STYLE('',(#8195));
#8195 = SURFACE_STYLE_FILL_AREA(#8196);
#8196 = FILL_AREA_STYLE('',(#8197));
#8197 = FILL_AREA_STYLE_COLOUR('',#7980);
#8198 = OVER_RIDING_STYLED_ITEM('overriding color',(#8199),#5492,#7950);
#8199 = PRESENTATION_STYLE_ASSIGNMENT((#8200));
#8200 = SURFACE_STYLE_USAGE(.BOTH.,#8201);
#8201 = SURFACE_SIDE_STYLE('',(#8202));
#8202 = SURFACE_STYLE_FILL_AREA(#8203);
#8203 = FILL_AREA_STYLE('',(#8204));
#8204 = FILL_AREA_STYLE_COLOUR('',#7980);
#8205 = OVER_RIDING_STYLED_ITEM('overriding color',(#8206),#5708,#7950);
#8206 = PRESENTATION_STYLE_ASSIGNMENT((#8207));
#8207 = SURFACE_STYLE_USAGE(.BOTH.,#8208);
#8208 = SURFACE_SIDE_STYLE('',(#8209));
#8209 = SURFACE_STYLE_FILL_AREA(#8210);
#8210 = FILL_AREA_STYLE('',(#8211));
#8211 = FILL_AREA_STYLE_COLOUR('',#7980);
#8212 = OVER_RIDING_STYLED_ITEM('overriding color',(#8213),#5735,#7950);
#8213 = PRESENTATION_STYLE_ASSIGNMENT((#8214));
#8214 = SURFACE_STYLE_USAGE(.BOTH.,#8215);
#8215 = SURFACE_SIDE_STYLE('',(#8216));
#8216 = SURFACE_STYLE_FILL_AREA(#8217);
#8217 = FILL_AREA_STYLE('',(#8218));
#8218 = FILL_AREA_STYLE_COLOUR('',#7980);
#8219 = OVER_RIDING_STYLED_ITEM('overriding color',(#8220),#5784,#7950);
#8220 = PRESENTATION_STYLE_ASSIGNMENT((#8221));
#8221 = SURFACE_STYLE_USAGE(.BOTH.,#8222);
#8222 = SURFACE_SIDE_STYLE('',(#8223));
#8223 = SURFACE_STYLE_FILL_AREA(#8224);
#8224 = FILL_AREA_STYLE('',(#8225));
#8225 = FILL_AREA_STYLE_COLOUR('',#7980);
#8226 = OVER_RIDING_STYLED_ITEM('overriding color',(#8227),#5791,#7950);
#8227 = PRESENTATION_STYLE_ASSIGNMENT((#8228));
#8228 = SURFACE_STYLE_USAGE(.BOTH.,#8229);
#8229 = SURFACE_SIDE_STYLE('',(#8230));
#8230 = SURFACE_STYLE_FILL_AREA(#8231);
#8231 = FILL_AREA_STYLE('',(#8232));
#8232 = FILL_AREA_STYLE_COLOUR('',#7980);
#8233 = OVER_RIDING_STYLED_ITEM('overriding color',(#8234),#5816,#7950);
#8234 = PRESENTATION_STYLE_ASSIGNMENT((#8235));
#8235 = SURFACE_STYLE_USAGE(.BOTH.,#8236);
#8236 = SURFACE_SIDE_STYLE('',(#8237));
#8237 = SURFACE_STYLE_FILL_AREA(#8238);
#8238 = FILL_AREA_STYLE('',(#8239));
#8239 = FILL_AREA_STYLE_COLOUR('',#7980);
#8240 = OVER_RIDING_STYLED_ITEM('overriding color',(#8241),#5847,#7950);
#8241 = PRESENTATION_STYLE_ASSIGNMENT((#8242));
#8242 = SURFACE_STYLE_USAGE(.BOTH.,#8243);
#8243 = SURFACE_SIDE_STYLE('',(#8244));
#8244 = SURFACE_STYLE_FILL_AREA(#8245);
#8245 = FILL_AREA_STYLE('',(#8246));
#8246 = FILL_AREA_STYLE_COLOUR('',#7980);
#8247 = OVER_RIDING_STYLED_ITEM('overriding color',(#8248),#5853,#7950);
#8248 = PRESENTATION_STYLE_ASSIGNMENT((#8249));
#8249 = SURFACE_STYLE_USAGE(.BOTH.,#8250);
#8250 = SURFACE_SIDE_STYLE('',(#8251));
#8251 = SURFACE_STYLE_FILL_AREA(#8252);
#8252 = FILL_AREA_STYLE('',(#8253));
#8253 = FILL_AREA_STYLE_COLOUR('',#7980);
#8254 = OVER_RIDING_STYLED_ITEM('overriding color',(#8255),#5884,#7950);
#8255 = PRESENTATION_STYLE_ASSIGNMENT((#8256));
#8256 = SURFACE_STYLE_USAGE(.BOTH.,#8257);
#8257 = SURFACE_SIDE_STYLE('',(#8258));
#8258 = SURFACE_STYLE_FILL_AREA(#8259);
#8259 = FILL_AREA_STYLE('',(#8260));
#8260 = FILL_AREA_STYLE_COLOUR('',#7980);
#8261 = OVER_RIDING_STYLED_ITEM('overriding color',(#8262),#5890,#7950);
#8262 = PRESENTATION_STYLE_ASSIGNMENT((#8263));
#8263 = SURFACE_STYLE_USAGE(.BOTH.,#8264);
#8264 = SURFACE_SIDE_STYLE('',(#8265));
#8265 = SURFACE_STYLE_FILL_AREA(#8266);
#8266 = FILL_AREA_STYLE('',(#8267));
#8267 = FILL_AREA_STYLE_COLOUR('',#7980);
#8268 = OVER_RIDING_STYLED_ITEM('overriding color',(#8269),#6131,#7950);
#8269 = PRESENTATION_STYLE_ASSIGNMENT((#8270));
#8270 = SURFACE_STYLE_USAGE(.BOTH.,#8271);
#8271 = SURFACE_SIDE_STYLE('',(#8272));
#8272 = SURFACE_STYLE_FILL_AREA(#8273);
#8273 = FILL_AREA_STYLE('',(#8274));
#8274 = FILL_AREA_STYLE_COLOUR('',#7980);
#8275 = OVER_RIDING_STYLED_ITEM('overriding color',(#8276),#6306,#7950);
#8276 = PRESENTATION_STYLE_ASSIGNMENT((#8277));
#8277 = SURFACE_STYLE_USAGE(.BOTH.,#8278);
#8278 = SURFACE_SIDE_STYLE('',(#8279));
#8279 = SURFACE_STYLE_FILL_AREA(#8280);
#8280 = FILL_AREA_STYLE('',(#8281));
#8281 = FILL_AREA_STYLE_COLOUR('',#7980);
#8282 = OVER_RIDING_STYLED_ITEM('overriding color',(#8283),#6481,#7950);
#8283 = PRESENTATION_STYLE_ASSIGNMENT((#8284));
#8284 = SURFACE_STYLE_USAGE(.BOTH.,#8285);
#8285 = SURFACE_SIDE_STYLE('',(#8286));
#8286 = SURFACE_STYLE_FILL_AREA(#8287);
#8287 = FILL_AREA_STYLE('',(#8288));
#8288 = FILL_AREA_STYLE_COLOUR('',#7980);
#8289 = OVER_RIDING_STYLED_ITEM('overriding color',(#8290),#6531,#7950);
#8290 = PRESENTATION_STYLE_ASSIGNMENT((#8291));
#8291 = SURFACE_STYLE_USAGE(.BOTH.,#8292);
#8292 = SURFACE_SIDE_STYLE('',(#8293));
#8293 = SURFACE_STYLE_FILL_AREA(#8294);
#8294 = FILL_AREA_STYLE('',(#8295));
#8295 = FILL_AREA_STYLE_COLOUR('',#7980);
#8296 = OVER_RIDING_STYLED_ITEM('overriding color',(#8297),#6537,#7950);
#8297 = PRESENTATION_STYLE_ASSIGNMENT((#8298));
#8298 = SURFACE_STYLE_USAGE(.BOTH.,#8299);
#8299 = SURFACE_SIDE_STYLE('',(#8300));
#8300 = SURFACE_STYLE_FILL_AREA(#8301);
#8301 = FILL_AREA_STYLE('',(#8302));
#8302 = FILL_AREA_STYLE_COLOUR('',#7980);
#8303 = OVER_RIDING_STYLED_ITEM('overriding color',(#8304),#6568,#7950);
#8304 = PRESENTATION_STYLE_ASSIGNMENT((#8305));
#8305 = SURFACE_STYLE_USAGE(.BOTH.,#8306);
#8306 = SURFACE_SIDE_STYLE('',(#8307));
#8307 = SURFACE_STYLE_FILL_AREA(#8308);
#8308 = FILL_AREA_STYLE('',(#8309));
#8309 = FILL_AREA_STYLE_COLOUR('',#7980);
#8310 = OVER_RIDING_STYLED_ITEM('overriding color',(#8311),#6574,#7950);
#8311 = PRESENTATION_STYLE_ASSIGNMENT((#8312));
#8312 = SURFACE_STYLE_USAGE(.BOTH.,#8313);
#8313 = SURFACE_SIDE_STYLE('',(#8314));
#8314 = SURFACE_STYLE_FILL_AREA(#8315);
#8315 = FILL_AREA_STYLE('',(#8316));
#8316 = FILL_AREA_STYLE_COLOUR('',#7980);
#8317 = OVER_RIDING_STYLED_ITEM('overriding color',(#8318),#6624,#7950);
#8318 = PRESENTATION_STYLE_ASSIGNMENT((#8319));
#8319 = SURFACE_STYLE_USAGE(.BOTH.,#8320);
#8320 = SURFACE_SIDE_STYLE('',(#8321));
#8321 = SURFACE_STYLE_FILL_AREA(#8322);
#8322 = FILL_AREA_STYLE('',(#8323));
#8323 = FILL_AREA_STYLE_COLOUR('',#7980);
#8324 = OVER_RIDING_STYLED_ITEM('overriding color',(#8325),#6630,#7950);
#8325 = PRESENTATION_STYLE_ASSIGNMENT((#8326));
#8326 = SURFACE_STYLE_USAGE(.BOTH.,#8327);
#8327 = SURFACE_SIDE_STYLE('',(#8328));
#8328 = SURFACE_STYLE_FILL_AREA(#8329);
#8329 = FILL_AREA_STYLE('',(#8330));
#8330 = FILL_AREA_STYLE_COLOUR('',#7980);
#8331 = OVER_RIDING_STYLED_ITEM('overriding color',(#8332),#6661,#7950);
#8332 = PRESENTATION_STYLE_ASSIGNMENT((#8333));
#8333 = SURFACE_STYLE_USAGE(.BOTH.,#8334);
#8334 = SURFACE_SIDE_STYLE('',(#8335));
#8335 = SURFACE_STYLE_FILL_AREA(#8336);
#8336 = FILL_AREA_STYLE('',(#8337));
#8337 = FILL_AREA_STYLE_COLOUR('',#7980);
#8338 = OVER_RIDING_STYLED_ITEM('overriding color',(#8339),#6667,#7950);
#8339 = PRESENTATION_STYLE_ASSIGNMENT((#8340));
#8340 = SURFACE_STYLE_USAGE(.BOTH.,#8341);
#8341 = SURFACE_SIDE_STYLE('',(#8342));
#8342 = SURFACE_STYLE_FILL_AREA(#8343);
#8343 = FILL_AREA_STYLE('',(#8344));
#8344 = FILL_AREA_STYLE_COLOUR('',#7980);
#8345 = OVER_RIDING_STYLED_ITEM('overriding color',(#8346),#6767,#7950);
#8346 = PRESENTATION_STYLE_ASSIGNMENT((#8347));
#8347 = SURFACE_STYLE_USAGE(.BOTH.,#8348);
#8348 = SURFACE_SIDE_STYLE('',(#8349));
#8349 = SURFACE_STYLE_FILL_AREA(#8350);
#8350 = FILL_AREA_STYLE('',(#8351));
#8351 = FILL_AREA_STYLE_COLOUR('',#7980);
#8352 = OVER_RIDING_STYLED_ITEM('overriding color',(#8353),#6860,#7950);
#8353 = PRESENTATION_STYLE_ASSIGNMENT((#8354));
#8354 = SURFACE_STYLE_USAGE(.BOTH.,#8355);
#8355 = SURFACE_SIDE_STYLE('',(#8356));
#8356 = SURFACE_STYLE_FILL_AREA(#8357);
#8357 = FILL_AREA_STYLE('',(#8358));
#8358 = FILL_AREA_STYLE_COLOUR('',#7980);
#8359 = OVER_RIDING_STYLED_ITEM('overriding color',(#8360),#6887,#7950);
#8360 = PRESENTATION_STYLE_ASSIGNMENT((#8361));
#8361 = SURFACE_STYLE_USAGE(.BOTH.,#8362);
#8362 = SURFACE_SIDE_STYLE('',(#8363));
#8363 = SURFACE_STYLE_FILL_AREA(#8364);
#8364 = FILL_AREA_STYLE('',(#8365));
#8365 = FILL_AREA_STYLE_COLOUR('',#7980);
#8366 = OVER_RIDING_STYLED_ITEM('overriding color',(#8367),#6914,#7950);
#8367 = PRESENTATION_STYLE_ASSIGNMENT((#8368));
#8368 = SURFACE_STYLE_USAGE(.BOTH.,#8369);
#8369 = SURFACE_SIDE_STYLE('',(#8370));
#8370 = SURFACE_STYLE_FILL_AREA(#8371);
#8371 = FILL_AREA_STYLE('',(#8372));
#8372 = FILL_AREA_STYLE_COLOUR('',#7980);
#8373 = OVER_RIDING_STYLED_ITEM('overriding color',(#8374),#6942,#7950);
#8374 = PRESENTATION_STYLE_ASSIGNMENT((#8375));
#8375 = SURFACE_STYLE_USAGE(.BOTH.,#8376);
#8376 = SURFACE_SIDE_STYLE('',(#8377));
#8377 = SURFACE_STYLE_FILL_AREA(#8378);
#8378 = FILL_AREA_STYLE('',(#8379));
#8379 = FILL_AREA_STYLE_COLOUR('',#7980);
#8380 = OVER_RIDING_STYLED_ITEM('overriding color',(#8381),#6970,#7950);
#8381 = PRESENTATION_STYLE_ASSIGNMENT((#8382));
#8382 = SURFACE_STYLE_USAGE(.BOTH.,#8383);
#8383 = SURFACE_SIDE_STYLE('',(#8384));
#8384 = SURFACE_STYLE_FILL_AREA(#8385);
#8385 = FILL_AREA_STYLE('',(#8386));
#8386 = FILL_AREA_STYLE_COLOUR('',#7980);
#8387 = OVER_RIDING_STYLED_ITEM('overriding color',(#8388),#7019,#7950);
#8388 = PRESENTATION_STYLE_ASSIGNMENT((#8389));
#8389 = SURFACE_STYLE_USAGE(.BOTH.,#8390);
#8390 = SURFACE_SIDE_STYLE('',(#8391));
#8391 = SURFACE_STYLE_FILL_AREA(#8392);
#8392 = FILL_AREA_STYLE('',(#8393));
#8393 = FILL_AREA_STYLE_COLOUR('',#7980);
#8394 = OVER_RIDING_STYLED_ITEM('overriding color',(#8395),#7068,#7950);
#8395 = PRESENTATION_STYLE_ASSIGNMENT((#8396));
#8396 = SURFACE_STYLE_USAGE(.BOTH.,#8397);
#8397 = SURFACE_SIDE_STYLE('',(#8398));
#8398 = SURFACE_STYLE_FILL_AREA(#8399);
#8399 = FILL_AREA_STYLE('',(#8400));
#8400 = FILL_AREA_STYLE_COLOUR('',#7980);
#8401 = OVER_RIDING_STYLED_ITEM('overriding color',(#8402),#7075,#7950);
#8402 = PRESENTATION_STYLE_ASSIGNMENT((#8403));
#8403 = SURFACE_STYLE_USAGE(.BOTH.,#8404);
#8404 = SURFACE_SIDE_STYLE('',(#8405));
#8405 = SURFACE_STYLE_FILL_AREA(#8406);
#8406 = FILL_AREA_STYLE('',(#8407));
#8407 = FILL_AREA_STYLE_COLOUR('',#7980);
#8408 = OVER_RIDING_STYLED_ITEM('overriding color',(#8409),#7102,#7950);
#8409 = PRESENTATION_STYLE_ASSIGNMENT((#8410));
#8410 = SURFACE_STYLE_USAGE(.BOTH.,#8411);
#8411 = SURFACE_SIDE_STYLE('',(#8412));
#8412 = SURFACE_STYLE_FILL_AREA(#8413);
#8413 = FILL_AREA_STYLE('',(#8414));
#8414 = FILL_AREA_STYLE_COLOUR('',#7980);
#8415 = OVER_RIDING_STYLED_ITEM('overriding color',(#8416),#7108,#7950);
#8416 = PRESENTATION_STYLE_ASSIGNMENT((#8417));
#8417 = SURFACE_STYLE_USAGE(.BOTH.,#8418);
#8418 = SURFACE_SIDE_STYLE('',(#8419));
#8419 = SURFACE_STYLE_FILL_AREA(#8420);
#8420 = FILL_AREA_STYLE('',(#8421));
#8421 = FILL_AREA_STYLE_COLOUR('',#7980);
#8422 = OVER_RIDING_STYLED_ITEM('overriding color',(#8423),#7135,#7950);
#8423 = PRESENTATION_STYLE_ASSIGNMENT((#8424));
#8424 = SURFACE_STYLE_USAGE(.BOTH.,#8425);
#8425 = SURFACE_SIDE_STYLE('',(#8426));
#8426 = SURFACE_STYLE_FILL_AREA(#8427);
#8427 = FILL_AREA_STYLE('',(#8428));
#8428 = FILL_AREA_STYLE_COLOUR('',#7980);
#8429 = OVER_RIDING_STYLED_ITEM('overriding color',(#8430),#7141,#7950);
#8430 = PRESENTATION_STYLE_ASSIGNMENT((#8431));
#8431 = SURFACE_STYLE_USAGE(.BOTH.,#8432);
#8432 = SURFACE_SIDE_STYLE('',(#8433));
#8433 = SURFACE_STYLE_FILL_AREA(#8434);
#8434 = FILL_AREA_STYLE('',(#8435));
#8435 = FILL_AREA_STYLE_COLOUR('',#7980);
#8436 = OVER_RIDING_STYLED_ITEM('overriding color',(#8437),#7382,#7950);
#8437 = PRESENTATION_STYLE_ASSIGNMENT((#8438));
#8438 = SURFACE_STYLE_USAGE(.BOTH.,#8439);
#8439 = SURFACE_SIDE_STYLE('',(#8440));
#8440 = SURFACE_STYLE_FILL_AREA(#8441);
#8441 = FILL_AREA_STYLE('',(#8442));
#8442 = FILL_AREA_STYLE_COLOUR('',#7980);
#8443 = OVER_RIDING_STYLED_ITEM('overriding color',(#8444),#7557,#7950);
#8444 = PRESENTATION_STYLE_ASSIGNMENT((#8445));
#8445 = SURFACE_STYLE_USAGE(.BOTH.,#8446);
#8446 = SURFACE_SIDE_STYLE('',(#8447));
#8447 = SURFACE_STYLE_FILL_AREA(#8448);
#8448 = FILL_AREA_STYLE('',(#8449));
#8449 = FILL_AREA_STYLE_COLOUR('',#7980);
#8450 = OVER_RIDING_STYLED_ITEM('overriding color',(#8451),#7732,#7950);
#8451 = PRESENTATION_STYLE_ASSIGNMENT((#8452));
#8452 = SURFACE_STYLE_USAGE(.BOTH.,#8453);
#8453 = SURFACE_SIDE_STYLE('',(#8454));
#8454 = SURFACE_STYLE_FILL_AREA(#8455);
#8455 = FILL_AREA_STYLE('',(#8456));
#8456 = FILL_AREA_STYLE_COLOUR('',#7980);
#8457 = OVER_RIDING_STYLED_ITEM('overriding color',(#8458),#7778,#7950);
#8458 = PRESENTATION_STYLE_ASSIGNMENT((#8459));
#8459 = SURFACE_STYLE_USAGE(.BOTH.,#8460);
#8460 = SURFACE_SIDE_STYLE('',(#8461));
#8461 = SURFACE_STYLE_FILL_AREA(#8462);
#8462 = FILL_AREA_STYLE('',(#8463));
#8463 = FILL_AREA_STYLE_COLOUR('',#7980);
#8464 = OVER_RIDING_STYLED_ITEM('overriding color',(#8465),#7784,#7950);
#8465 = PRESENTATION_STYLE_ASSIGNMENT((#8466));
#8466 = SURFACE_STYLE_USAGE(.BOTH.,#8467);
#8467 = SURFACE_SIDE_STYLE('',(#8468));
#8468 = SURFACE_STYLE_FILL_AREA(#8469);
#8469 = FILL_AREA_STYLE('',(#8470));
#8470 = FILL_AREA_STYLE_COLOUR('',#7980);
#8471 = OVER_RIDING_STYLED_ITEM('overriding color',(#8472),#7830,#7950);
#8472 = PRESENTATION_STYLE_ASSIGNMENT((#8473));
#8473 = SURFACE_STYLE_USAGE(.BOTH.,#8474);
#8474 = SURFACE_SIDE_STYLE('',(#8475));
#8475 = SURFACE_STYLE_FILL_AREA(#8476);
#8476 = FILL_AREA_STYLE('',(#8477));
#8477 = FILL_AREA_STYLE_COLOUR('',#7980);
#8478 = OVER_RIDING_STYLED_ITEM('overriding color',(#8479),#7836,#7950);
#8479 = PRESENTATION_STYLE_ASSIGNMENT((#8480));
#8480 = SURFACE_STYLE_USAGE(.BOTH.,#8481);
#8481 = SURFACE_SIDE_STYLE('',(#8482));
#8482 = SURFACE_STYLE_FILL_AREA(#8483);
#8483 = FILL_AREA_STYLE('',(#8484));
#8484 = FILL_AREA_STYLE_COLOUR('',#7980);
#8485 = OVER_RIDING_STYLED_ITEM('overriding color',(#8486),#7863,#7950);
#8486 = PRESENTATION_STYLE_ASSIGNMENT((#8487));
#8487 = SURFACE_STYLE_USAGE(.BOTH.,#8488);
#8488 = SURFACE_SIDE_STYLE('',(#8489));
#8489 = SURFACE_STYLE_FILL_AREA(#8490);
#8490 = FILL_AREA_STYLE('',(#8491));
#8491 = FILL_AREA_STYLE_COLOUR('',#7980);
#8492 = OVER_RIDING_STYLED_ITEM('overriding color',(#8493),#7869,#7950);
#8493 = PRESENTATION_STYLE_ASSIGNMENT((#8494));
#8494 = SURFACE_STYLE_USAGE(.BOTH.,#8495);
#8495 = SURFACE_SIDE_STYLE('',(#8496));
#8496 = SURFACE_STYLE_FILL_AREA(#8497);
#8497 = FILL_AREA_STYLE('',(#8498));
#8498 = FILL_AREA_STYLE_COLOUR('',#7980);
#8499 = OVER_RIDING_STYLED_ITEM('overriding color',(#8500),#7896,#7950);
#8500 = PRESENTATION_STYLE_ASSIGNMENT((#8501));
#8501 = SURFACE_STYLE_USAGE(.BOTH.,#8502);
#8502 = SURFACE_SIDE_STYLE('',(#8503));
#8503 = SURFACE_STYLE_FILL_AREA(#8504);
#8504 = FILL_AREA_STYLE('',(#8505));
#8505 = FILL_AREA_STYLE_COLOUR('',#7980);
#8506 = OVER_RIDING_STYLED_ITEM('overriding color',(#8507),#7902,#7950);
#8507 = PRESENTATION_STYLE_ASSIGNMENT((#8508));
#8508 = SURFACE_STYLE_USAGE(.BOTH.,#8509);
#8509 = SURFACE_SIDE_STYLE('',(#8510));
#8510 = SURFACE_STYLE_FILL_AREA(#8511);
#8511 = FILL_AREA_STYLE('',(#8512));
#8512 = FILL_AREA_STYLE_COLOUR('',#7965);
#8513 = OVER_RIDING_STYLED_ITEM('overriding color',(#8514),#7911,#7950);
#8514 = PRESENTATION_STYLE_ASSIGNMENT((#8515));
#8515 = SURFACE_STYLE_USAGE(.BOTH.,#8516);
#8516 = SURFACE_SIDE_STYLE('',(#8517));
#8517 = SURFACE_STYLE_FILL_AREA(#8518);
#8518 = FILL_AREA_STYLE('',(#8519));
#8519 = FILL_AREA_STYLE_COLOUR('',#7965);
#8520 = OVER_RIDING_STYLED_ITEM('overriding color',(#8521),#7920,#7950);
#8521 = PRESENTATION_STYLE_ASSIGNMENT((#8522));
#8522 = SURFACE_STYLE_USAGE(.BOTH.,#8523);
#8523 = SURFACE_SIDE_STYLE('',(#8524));
#8524 = SURFACE_STYLE_FILL_AREA(#8525);
#8525 = FILL_AREA_STYLE('',(#8526));
#8526 = FILL_AREA_STYLE_COLOUR('',#7965);
#8527 = OVER_RIDING_STYLED_ITEM('overriding color',(#8528),#7929,#7950);
#8528 = PRESENTATION_STYLE_ASSIGNMENT((#8529));
#8529 = SURFACE_STYLE_USAGE(.BOTH.,#8530);
#8530 = SURFACE_SIDE_STYLE('',(#8531));
#8531 = SURFACE_STYLE_FILL_AREA(#8532);
#8532 = FILL_AREA_STYLE('',(#8533));
#8533 = FILL_AREA_STYLE_COLOUR('',#7965);
ENDSEC;
END-ISO-10303-21;
