ISO-10303-21;
HEADER;
FILE_DESCRIPTION(('Open CASCADE Model'),'2;1');
FILE_NAME('Open CASCADE Shape Model','2026-08-03T20:17:45',('Author'),(
    'Open CASCADE'),'Open CASCADE STEP processor 7.9','Open CASCADE 7.9'
  ,'Unknown');
FILE_SCHEMA(('AUTOMOTIVE_DESIGN { 1 0 10303 214 1 1 1 1 }'));
ENDSEC;
DATA;
#1 = APPLICATION_PROTOCOL_DEFINITION('international standard',
  'automotive_design',2000,#2);
#2 = APPLICATION_CONTEXT(
  'core data for automotive mechanical design processes');
#3 = SHAPE_DEFINITION_REPRESENTATION(#4,#10);
#4 = PRODUCT_DEFINITION_SHAPE('','',#5);
#5 = PRODUCT_DEFINITION('design','',#6,#9);
#6 = PRODUCT_DEFINITION_FORMATION('','',#7);
#7 = PRODUCT('Open CASCADE STEP translator 7.9 1',
  'Open CASCADE STEP translator 7.9 1','',(#8));
#8 = PRODUCT_CONTEXT('',#2,'mechanical');
#9 = PRODUCT_DEFINITION_CONTEXT('part definition',#2,'design');
#10 = SHAPE_REPRESENTATION('',(#11,#15),#19);
#11 = AXIS2_PLACEMENT_3D('',#12,#13,#14);
#12 = CARTESIAN_POINT('',(0.,0.,0.));
#13 = DIRECTION('',(0.,0.,1.));
#14 = DIRECTION('',(1.,0.,-0.));
#15 = AXIS2_PLACEMENT_3D('',#16,#17,#18);
#16 = CARTESIAN_POINT('',(0.,1.299999996676E-05,0.2500001));
#17 = DIRECTION('',(0.,0.,1.));
#18 = DIRECTION('',(1.,0.,0.));
#19 = ( GEOMETRIC_REPRESENTATION_CONTEXT(3) 
GLOBAL_UNCERTAINTY_ASSIGNED_CONTEXT((#23)) GLOBAL_UNIT_ASSIGNED_CONTEXT(
(#20,#21,#22)) REPRESENTATION_CONTEXT('Context #1',
  '3D Context with UNIT and UNCERTAINTY') );
#20 = ( LENGTH_UNIT() NAMED_UNIT(*) SI_UNIT(.MILLI.,.METRE.) );
#21 = ( NAMED_UNIT(*) PLANE_ANGLE_UNIT() SI_UNIT($,.RADIAN.) );
#22 = ( NAMED_UNIT(*) SI_UNIT($,.STERADIAN.) SOLID_ANGLE_UNIT() );
#23 = UNCERTAINTY_MEASURE_WITH_UNIT(LENGTH_MEASURE(5.E-07),#20,
  'distance_accuracy_value','confusion accuracy');
#24 = PRODUCT_RELATED_PRODUCT_CATEGORY('part',$,(#7));
#25 = SHAPE_DEFINITION_REPRESENTATION(#26,#32);
#26 = PRODUCT_DEFINITION_SHAPE('','',#27);
#27 = PRODUCT_DEFINITION('design','',#28,#31);
#28 = PRODUCT_DEFINITION_FORMATION('','',#29);
#29 = PRODUCT('C0402_L1.0-W0.5-H0.5','C0402_L1.0-W0.5-H0.5','',(#30));
#30 = PRODUCT_CONTEXT('',#2,'mechanical');
#31 = PRODUCT_DEFINITION_CONTEXT('part definition',#2,'design');
#32 = ADVANCED_BREP_SHAPE_REPRESENTATION('',(#11,#33),#7919);
#33 = MANIFOLD_SOLID_BREP('',#34);
#34 = CLOSED_SHELL('',(#35,#161,#282,#752,#1212,#1261,#1310,#1396,#1516,
    #1597,#1999,#2401,#2663,#2688,#2713,#2745,#2861,#2972,#3092,#3207,
    #3322,#3409,#3832,#3929,#4005,#4105,#4190,#4595,#4649,#4934,#4983,
    #5010,#5415,#5465,#5498,#5711,#5738,#5765,#5772,#5797,#5828,#5834,
    #5865,#5871,#6112,#6287,#6462,#6512,#6518,#6549,#6555,#6605,#6611,
    #6642,#6648,#6748,#6841,#6868,#6895,#6923,#6951,#7000,#7049,#7056,
    #7083,#7089,#7116,#7122,#7363,#7538,#7713,#7759,#7765,#7811,#7817,
    #7844,#7850,#7877,#7883,#7892,#7901,#7910));
#35 = ADVANCED_FACE('',(#36),#51,.T.);
#36 = FACE_BOUND('',#37,.T.);
#37 = EDGE_LOOP('',(#38,#78,#106,#135));
#38 = ORIENTED_EDGE('',*,*,#39,.T.);
#39 = EDGE_CURVE('',#40,#42,#44,.T.);
#40 = VERTEX_POINT('',#41);
#41 = CARTESIAN_POINT('',(0.276809371192,0.24,0.23));
#42 = VERTEX_POINT('',#43);
#43 = CARTESIAN_POINT('',(0.276809371192,0.24,-0.23));
#44 = SURFACE_CURVE('',#45,(#50,#66),.PCURVE_S1.);
#45 = CIRCLE('',#46,1.);
#46 = AXIS2_PLACEMENT_3D('',#47,#48,#49);
#47 = CARTESIAN_POINT('',(1.25,0.24,-2.487845711827E-15));
#48 = DIRECTION('',(0.,-1.,1.036602379928E-14));
#49 = DIRECTION('',(0.,1.036602379928E-14,1.));
#50 = PCURVE('',#51,#56);
#51 = PLANE('',#52);
#52 = AXIS2_PLACEMENT_3D('',#53,#54,#55);
#53 = CARTESIAN_POINT('',(-0.4,0.24,0.24));
#54 = DIRECTION('',(-0.,1.,0.));
#55 = DIRECTION('',(0.,0.,1.));
#56 = DEFINITIONAL_REPRESENTATION('',(#57),#65);
#57 = ( BOUNDED_CURVE() B_SPLINE_CURVE(2,(#58,#59,#60,#61,#62,#63,#64),
.UNSPECIFIED.,.T.,.F.) B_SPLINE_CURVE_WITH_KNOTS((1,2,2,2,2,1),(
    -2.094395102393,0.,2.094395102393,4.188790204786,6.28318530718,
8.377580409573),.UNSPECIFIED.) CURVE() GEOMETRIC_REPRESENTATION_ITEM() 
RATIONAL_B_SPLINE_CURVE((1.,0.5,1.,0.5,1.,0.5,1.)) REPRESENTATION_ITEM(
  '') );
#58 = CARTESIAN_POINT('',(0.76,1.65));
#59 = CARTESIAN_POINT('',(0.76,-8.205080756888E-02));
#60 = CARTESIAN_POINT('',(-0.74,0.783974596216));
#61 = CARTESIAN_POINT('',(-2.24,1.65));
#62 = CARTESIAN_POINT('',(-0.74,2.516025403784));
#63 = CARTESIAN_POINT('',(0.76,3.382050807569));
#64 = CARTESIAN_POINT('',(0.76,1.65));
#65 = ( GEOMETRIC_REPRESENTATION_CONTEXT(2) 
PARAMETRIC_REPRESENTATION_CONTEXT() REPRESENTATION_CONTEXT('2D SPACE',''
  ) );
#66 = PCURVE('',#67,#72);
#67 = CYLINDRICAL_SURFACE('',#68,1.);
#68 = AXIS2_PLACEMENT_3D('',#69,#70,#71);
#69 = CARTESIAN_POINT('',(1.25,0.24,-2.487845711827E-15));
#70 = DIRECTION('',(-0.,1.,-1.036602379928E-14));
#71 = DIRECTION('',(0.,1.036602379928E-14,1.));
#72 = DEFINITIONAL_REPRESENTATION('',(#73),#77);
#73 = LINE('',#74,#75);
#74 = CARTESIAN_POINT('',(6.28318530718,0.));
#75 = VECTOR('',#76,1.);
#76 = DIRECTION('',(-1.,0.));
#77 = ( GEOMETRIC_REPRESENTATION_CONTEXT(2) 
PARAMETRIC_REPRESENTATION_CONTEXT() REPRESENTATION_CONTEXT('2D SPACE',''
  ) );
#78 = ORIENTED_EDGE('',*,*,#79,.T.);
#79 = EDGE_CURVE('',#42,#80,#82,.T.);
#80 = VERTEX_POINT('',#81);
#81 = CARTESIAN_POINT('',(-0.276809371192,0.24,-0.23));
#82 = SURFACE_CURVE('',#83,(#87,#94),.PCURVE_S1.);
#83 = LINE('',#84,#85);
#84 = CARTESIAN_POINT('',(-0.4,0.24,-0.23));
#85 = VECTOR('',#86,1.);
#86 = DIRECTION('',(-1.,-0.,-0.));
#87 = PCURVE('',#51,#88);
#88 = DEFINITIONAL_REPRESENTATION('',(#89),#93);
#89 = LINE('',#90,#91);
#90 = CARTESIAN_POINT('',(-0.47,0.));
#91 = VECTOR('',#92,1.);
#92 = DIRECTION('',(-0.,-1.));
#93 = ( GEOMETRIC_REPRESENTATION_CONTEXT(2) 
PARAMETRIC_REPRESENTATION_CONTEXT() REPRESENTATION_CONTEXT('2D SPACE',''
  ) );
#94 = PCURVE('',#95,#100);
#95 = CYLINDRICAL_SURFACE('',#96,1.E-02);
#96 = AXIS2_PLACEMENT_3D('',#97,#98,#99);
#97 = CARTESIAN_POINT('',(-0.4,0.23,-0.23));
#98 = DIRECTION('',(1.,0.,0.));
#99 = DIRECTION('',(0.,0.,-1.));
#100 = DEFINITIONAL_REPRESENTATION('',(#101),#105);
#101 = LINE('',#102,#103);
#102 = CARTESIAN_POINT('',(1.570796326795,0.));
#103 = VECTOR('',#104,1.);
#104 = DIRECTION('',(0.,-1.));
#105 = ( GEOMETRIC_REPRESENTATION_CONTEXT(2) 
PARAMETRIC_REPRESENTATION_CONTEXT() REPRESENTATION_CONTEXT('2D SPACE',''
  ) );
#106 = ORIENTED_EDGE('',*,*,#107,.F.);
#107 = EDGE_CURVE('',#108,#80,#110,.T.);
#108 = VERTEX_POINT('',#109);
#109 = CARTESIAN_POINT('',(-0.276809371192,0.24,0.23));
#110 = SURFACE_CURVE('',#111,(#116,#123),.PCURVE_S1.);
#111 = CIRCLE('',#112,1.);
#112 = AXIS2_PLACEMENT_3D('',#113,#114,#115);
#113 = CARTESIAN_POINT('',(-1.25,0.24,-2.487845711827E-15));
#114 = DIRECTION('',(-0.,1.,-1.036602379928E-14));
#115 = DIRECTION('',(0.,1.036602379928E-14,1.));
#116 = PCURVE('',#51,#117);
#117 = DEFINITIONAL_REPRESENTATION('',(#118),#122);
#118 = CIRCLE('',#119,1.);
#119 = AXIS2_PLACEMENT_2D('',#120,#121);
#120 = CARTESIAN_POINT('',(-0.24,-0.85));
#121 = DIRECTION('',(1.,0.));
#122 = ( GEOMETRIC_REPRESENTATION_CONTEXT(2) 
PARAMETRIC_REPRESENTATION_CONTEXT() REPRESENTATION_CONTEXT('2D SPACE',''
  ) );
#123 = PCURVE('',#124,#129);
#124 = CYLINDRICAL_SURFACE('',#125,1.);
#125 = AXIS2_PLACEMENT_3D('',#126,#127,#128);
#126 = CARTESIAN_POINT('',(-1.25,0.24,-2.487845711827E-15));
#127 = DIRECTION('',(-0.,1.,-1.036602379928E-14));
#128 = DIRECTION('',(0.,1.036602379928E-14,1.));
#129 = DEFINITIONAL_REPRESENTATION('',(#130),#134);
#130 = LINE('',#131,#132);
#131 = CARTESIAN_POINT('',(0.,0.));
#132 = VECTOR('',#133,1.);
#133 = DIRECTION('',(1.,0.));
#134 = ( GEOMETRIC_REPRESENTATION_CONTEXT(2) 
PARAMETRIC_REPRESENTATION_CONTEXT() REPRESENTATION_CONTEXT('2D SPACE',''
  ) );
#135 = ORIENTED_EDGE('',*,*,#136,.T.);
#136 = EDGE_CURVE('',#108,#40,#137,.T.);
#137 = SURFACE_CURVE('',#138,(#142,#149),.PCURVE_S1.);
#138 = LINE('',#139,#140);
#139 = CARTESIAN_POINT('',(-0.4,0.24,0.23));
#140 = VECTOR('',#141,1.);
#141 = DIRECTION('',(1.,0.,0.));
#142 = PCURVE('',#51,#143);
#143 = DEFINITIONAL_REPRESENTATION('',(#144),#148);
#144 = LINE('',#145,#146);
#145 = CARTESIAN_POINT('',(-1.E-02,0.));
#146 = VECTOR('',#147,1.);
#147 = DIRECTION('',(0.,1.));
#148 = ( GEOMETRIC_REPRESENTATION_CONTEXT(2) 
PARAMETRIC_REPRESENTATION_CONTEXT() REPRESENTATION_CONTEXT('2D SPACE',''
  ) );
#149 = PCURVE('',#150,#155);
#150 = CYLINDRICAL_SURFACE('',#151,1.E-02);
#151 = AXIS2_PLACEMENT_3D('',#152,#153,#154);
#152 = CARTESIAN_POINT('',(-0.4,0.23,0.23));
#153 = DIRECTION('',(1.,0.,0.));
#154 = DIRECTION('',(0.,0.,-1.));
#155 = DEFINITIONAL_REPRESENTATION('',(#156),#160);
#156 = LINE('',#157,#158);
#157 = CARTESIAN_POINT('',(1.570796326795,0.));
#158 = VECTOR('',#159,1.);
#159 = DIRECTION('',(0.,1.));
#160 = ( GEOMETRIC_REPRESENTATION_CONTEXT(2) 
PARAMETRIC_REPRESENTATION_CONTEXT() REPRESENTATION_CONTEXT('2D SPACE',''
  ) );
#161 = ADVANCED_FACE('',(#162),#177,.T.);
#162 = FACE_BOUND('',#163,.T.);
#163 = EDGE_LOOP('',(#164,#200,#223,#256));
#164 = ORIENTED_EDGE('',*,*,#165,.F.);
#165 = EDGE_CURVE('',#166,#168,#170,.T.);
#166 = VERTEX_POINT('',#167);
#167 = CARTESIAN_POINT('',(-0.276809371192,0.23,-0.24));
#168 = VERTEX_POINT('',#169);
#169 = CARTESIAN_POINT('',(-0.276809371192,-0.23,-0.24));
#170 = SURFACE_CURVE('',#171,(#176,#188),.PCURVE_S1.);
#171 = CIRCLE('',#172,1.);
#172 = AXIS2_PLACEMENT_3D('',#173,#174,#175);
#173 = CARTESIAN_POINT('',(-1.25,2.602085213965E-17,-0.24));
#174 = DIRECTION('',(-0.,1.084202172486E-16,-1.));
#175 = DIRECTION('',(0.,1.,1.084202172486E-16));
#176 = PCURVE('',#177,#182);
#177 = PLANE('',#178);
#178 = AXIS2_PLACEMENT_3D('',#179,#180,#181);
#179 = CARTESIAN_POINT('',(-0.4,0.24,-0.24));
#180 = DIRECTION('',(0.,1.129377263006E-16,-1.));
#181 = DIRECTION('',(0.,1.,1.129377263006E-16));
#182 = DEFINITIONAL_REPRESENTATION('',(#183),#187);
#183 = CIRCLE('',#184,1.);
#184 = AXIS2_PLACEMENT_2D('',#185,#186);
#185 = CARTESIAN_POINT('',(-0.24,-0.85));
#186 = DIRECTION('',(1.,0.));
#187 = ( GEOMETRIC_REPRESENTATION_CONTEXT(2) 
PARAMETRIC_REPRESENTATION_CONTEXT() REPRESENTATION_CONTEXT('2D SPACE',''
  ) );
#188 = PCURVE('',#189,#194);
#189 = CYLINDRICAL_SURFACE('',#190,1.);
#190 = AXIS2_PLACEMENT_3D('',#191,#192,#193);
#191 = CARTESIAN_POINT('',(-1.25,2.602085213965E-17,-0.24));
#192 = DIRECTION('',(-0.,1.084202172486E-16,-1.));
#193 = DIRECTION('',(0.,1.,1.084202172486E-16));
#194 = DEFINITIONAL_REPRESENTATION('',(#195),#199);
#195 = LINE('',#196,#197);
#196 = CARTESIAN_POINT('',(0.,0.));
#197 = VECTOR('',#198,1.);
#198 = DIRECTION('',(1.,0.));
#199 = ( GEOMETRIC_REPRESENTATION_CONTEXT(2) 
PARAMETRIC_REPRESENTATION_CONTEXT() REPRESENTATION_CONTEXT('2D SPACE',''
  ) );
#200 = ORIENTED_EDGE('',*,*,#201,.T.);
#201 = EDGE_CURVE('',#166,#202,#204,.T.);
#202 = VERTEX_POINT('',#203);
#203 = CARTESIAN_POINT('',(0.276809371192,0.23,-0.24));
#204 = SURFACE_CURVE('',#205,(#209,#216),.PCURVE_S1.);
#205 = LINE('',#206,#207);
#206 = CARTESIAN_POINT('',(-0.4,0.23,-0.24));
#207 = VECTOR('',#208,1.);
#208 = DIRECTION('',(1.,0.,0.));
#209 = PCURVE('',#177,#210);
#210 = DEFINITIONAL_REPRESENTATION('',(#211),#215);
#211 = LINE('',#212,#213);
#212 = CARTESIAN_POINT('',(-1.E-02,0.));
#213 = VECTOR('',#214,1.);
#214 = DIRECTION('',(0.,1.));
#215 = ( GEOMETRIC_REPRESENTATION_CONTEXT(2) 
PARAMETRIC_REPRESENTATION_CONTEXT() REPRESENTATION_CONTEXT('2D SPACE',''
  ) );
#216 = PCURVE('',#95,#217);
#217 = DEFINITIONAL_REPRESENTATION('',(#218),#222);
#218 = LINE('',#219,#220);
#219 = CARTESIAN_POINT('',(0.,0.));
#220 = VECTOR('',#221,1.);
#221 = DIRECTION('',(0.,1.));
#222 = ( GEOMETRIC_REPRESENTATION_CONTEXT(2) 
PARAMETRIC_REPRESENTATION_CONTEXT() REPRESENTATION_CONTEXT('2D SPACE',''
  ) );
#223 = ORIENTED_EDGE('',*,*,#224,.T.);
#224 = EDGE_CURVE('',#202,#225,#227,.T.);
#225 = VERTEX_POINT('',#226);
#226 = CARTESIAN_POINT('',(0.276809371192,-0.23,-0.24));
#227 = SURFACE_CURVE('',#228,(#233,#244),.PCURVE_S1.);
#228 = CIRCLE('',#229,1.);
#229 = AXIS2_PLACEMENT_3D('',#230,#231,#232);
#230 = CARTESIAN_POINT('',(1.25,2.602085213965E-17,-0.24));
#231 = DIRECTION('',(0.,-1.084202172486E-16,1.));
#232 = DIRECTION('',(0.,1.,1.084202172486E-16));
#233 = PCURVE('',#177,#234);
#234 = DEFINITIONAL_REPRESENTATION('',(#235),#243);
#235 = ( BOUNDED_CURVE() B_SPLINE_CURVE(2,(#236,#237,#238,#239,#240,#241
,#242),.UNSPECIFIED.,.T.,.F.) B_SPLINE_CURVE_WITH_KNOTS((1,2,2,2,2,1),(
    -2.094395102393,0.,2.094395102393,4.188790204786,6.28318530718,
8.377580409573),.UNSPECIFIED.) CURVE() GEOMETRIC_REPRESENTATION_ITEM() 
RATIONAL_B_SPLINE_CURVE((1.,0.5,1.,0.5,1.,0.5,1.)) REPRESENTATION_ITEM(
  '') );
#236 = CARTESIAN_POINT('',(0.76,1.65));
#237 = CARTESIAN_POINT('',(0.76,-8.205080756888E-02));
#238 = CARTESIAN_POINT('',(-0.74,0.783974596216));
#239 = CARTESIAN_POINT('',(-2.24,1.65));
#240 = CARTESIAN_POINT('',(-0.74,2.516025403784));
#241 = CARTESIAN_POINT('',(0.76,3.382050807569));
#242 = CARTESIAN_POINT('',(0.76,1.65));
#243 = ( GEOMETRIC_REPRESENTATION_CONTEXT(2) 
PARAMETRIC_REPRESENTATION_CONTEXT() REPRESENTATION_CONTEXT('2D SPACE',''
  ) );
#244 = PCURVE('',#245,#250);
#245 = CYLINDRICAL_SURFACE('',#246,1.);
#246 = AXIS2_PLACEMENT_3D('',#247,#248,#249);
#247 = CARTESIAN_POINT('',(1.25,2.602085213965E-17,-0.24));
#248 = DIRECTION('',(-0.,1.084202172486E-16,-1.));
#249 = DIRECTION('',(0.,1.,1.084202172486E-16));
#250 = DEFINITIONAL_REPRESENTATION('',(#251),#255);
#251 = LINE('',#252,#253);
#252 = CARTESIAN_POINT('',(6.28318530718,0.));
#253 = VECTOR('',#254,1.);
#254 = DIRECTION('',(-1.,0.));
#255 = ( GEOMETRIC_REPRESENTATION_CONTEXT(2) 
PARAMETRIC_REPRESENTATION_CONTEXT() REPRESENTATION_CONTEXT('2D SPACE',''
  ) );
#256 = ORIENTED_EDGE('',*,*,#257,.T.);
#257 = EDGE_CURVE('',#225,#168,#258,.T.);
#258 = SURFACE_CURVE('',#259,(#263,#270),.PCURVE_S1.);
#259 = LINE('',#260,#261);
#260 = CARTESIAN_POINT('',(-0.4,-0.23,-0.24));
#261 = VECTOR('',#262,1.);
#262 = DIRECTION('',(-1.,-0.,-0.));
#263 = PCURVE('',#177,#264);
#264 = DEFINITIONAL_REPRESENTATION('',(#265),#269);
#265 = LINE('',#266,#267);
#266 = CARTESIAN_POINT('',(-0.47,0.));
#267 = VECTOR('',#268,1.);
#268 = DIRECTION('',(0.,-1.));
#269 = ( GEOMETRIC_REPRESENTATION_CONTEXT(2) 
PARAMETRIC_REPRESENTATION_CONTEXT() REPRESENTATION_CONTEXT('2D SPACE',''
  ) );
#270 = PCURVE('',#271,#276);
#271 = CYLINDRICAL_SURFACE('',#272,1.E-02);
#272 = AXIS2_PLACEMENT_3D('',#273,#274,#275);
#273 = CARTESIAN_POINT('',(-0.4,-0.23,-0.23));
#274 = DIRECTION('',(1.,0.,0.));
#275 = DIRECTION('',(0.,0.,-1.));
#276 = DEFINITIONAL_REPRESENTATION('',(#277),#281);
#277 = LINE('',#278,#279);
#278 = CARTESIAN_POINT('',(6.28318530718,0.));
#279 = VECTOR('',#280,1.);
#280 = DIRECTION('',(0.,-1.));
#281 = ( GEOMETRIC_REPRESENTATION_CONTEXT(2) 
PARAMETRIC_REPRESENTATION_CONTEXT() REPRESENTATION_CONTEXT('2D SPACE',''
  ) );
#282 = ADVANCED_FACE('',(#283),#301,.T.);
#283 = FACE_BOUND('',#284,.T.);
#284 = EDGE_LOOP('',(#285,#363,#391,#467,#540,#568,#647,#675,#726));
#285 = ORIENTED_EDGE('',*,*,#286,.T.);
#286 = EDGE_CURVE('',#287,#289,#291,.T.);
#287 = VERTEX_POINT('',#288);
#288 = CARTESIAN_POINT('',(-0.276809371192,-0.23,-0.25));
#289 = VERTEX_POINT('',#290);
#290 = CARTESIAN_POINT('',(-0.279227112039,-0.24,-0.247320508076));
#291 = SURFACE_CURVE('',#292,(#300,#334),.PCURVE_S1.);
#292 = B_SPLINE_CURVE_WITH_KNOTS('',3,(#293,#294,#295,#296,#297,#298,
    #299),.UNSPECIFIED.,.F.,.F.,(4,3,4),(2.710505431214E-20,
    7.065715423434E-06,1.069814982429E-05),.UNSPECIFIED.);
#293 = CARTESIAN_POINT('',(-0.276809371192,-0.23,-0.25));
#294 = CARTESIAN_POINT('',(-0.277351076041,-0.232292096012,-0.25));
#295 = CARTESIAN_POINT('',(-0.277908791819,-0.234613779644,
    -0.249595486595));
#296 = CARTESIAN_POINT('',(-0.278435187443,-0.23677376333,-0.24881797364
    ));
#297 = CARTESIAN_POINT('',(-0.27870665937,-0.237887706734,
    -0.248416995877));
#298 = CARTESIAN_POINT('',(-0.278972816309,-0.238971402497,
    -0.247914369121));
#299 = CARTESIAN_POINT('',(-0.279227112039,-0.24,-0.247320508076));
#300 = PCURVE('',#301,#306);
#301 = CYLINDRICAL_SURFACE('',#302,2.E-02);
#302 = AXIS2_PLACEMENT_3D('',#303,#304,#305);
#303 = CARTESIAN_POINT('',(-0.25,-0.23,-0.23));
#304 = DIRECTION('',(-1.,0.,0.));
#305 = DIRECTION('',(0.,0.,1.));
#306 = DEFINITIONAL_REPRESENTATION('',(#307),#333);
#307 = B_SPLINE_CURVE_WITH_KNOTS('',3,(#308,#309,#310,#311,#312,#313,
    #314,#315,#316,#317,#318,#319,#320,#321,#322,#323,#324,#325,#326,
    #327,#328,#329,#330,#331,#332),.UNSPECIFIED.,.F.,.F.,(4,1,1,1,1,1,1,
    1,1,1,1,1,1,1,1,1,1,1,1,1,1,1,4),(2.710505431214E-20,
    4.862795374679E-07,9.725590749357E-07,1.458838612404E-06,
    1.945118149871E-06,2.431397687339E-06,2.917677224807E-06,
    3.403956762275E-06,3.890236299743E-06,4.376515837211E-06,
    4.862795374678E-06,5.349074912146E-06,5.835354449614E-06,
    6.321633987082E-06,6.80791352455E-06,7.294193062018E-06,
    7.780472599485E-06,8.266752136953E-06,8.753031674421E-06,
    9.239311211889E-06,9.725590749357E-06,1.021187028682E-05,
    1.069814982429E-05),.QUASI_UNIFORM_KNOTS.);
#308 = CARTESIAN_POINT('',(3.14159265359,2.680937119185E-02));
#309 = CARTESIAN_POINT('',(3.149480001607,2.684665262306E-02));
#310 = CARTESIAN_POINT('',(3.165268827831,2.692136715775E-02));
#311 = CARTESIAN_POINT('',(3.18898945136,2.703380140302E-02));
#312 = CARTESIAN_POINT('',(3.212742581238,2.714650551792E-02));
#313 = CARTESIAN_POINT('',(3.236522889771,2.725938692874E-02));
#314 = CARTESIAN_POINT('',(3.260324829362,2.737235306223E-02));
#315 = CARTESIAN_POINT('',(3.284142647021,2.748531134333E-02));
#316 = CARTESIAN_POINT('',(3.307970460258,2.759816920382E-02));
#317 = CARTESIAN_POINT('',(3.331802309197,2.771083404994E-02));
#318 = CARTESIAN_POINT('',(3.355632246872,2.782321338327E-02));
#319 = CARTESIAN_POINT('',(3.379454303119,2.793521434946E-02));
#320 = CARTESIAN_POINT('',(3.403262916367,2.804674542267E-02));
#321 = CARTESIAN_POINT('',(3.427051618745,2.81577101189E-02));
#322 = CARTESIAN_POINT('',(3.450818236522,2.826803045823E-02));
#323 = CARTESIAN_POINT('',(3.474545770486,2.837755940265E-02));
#324 = CARTESIAN_POINT('',(3.498274034129,2.84864076424E-02));
#325 = CARTESIAN_POINT('',(3.522089204871,2.859490358418E-02));
#326 = CARTESIAN_POINT('',(3.545912591897,2.870261889502E-02));
#327 = CARTESIAN_POINT('',(3.569757805029,2.880954886284E-02));
#328 = CARTESIAN_POINT('',(3.593613644856,2.891557526647E-02));
#329 = CARTESIAN_POINT('',(3.617475569927,2.902061030019E-02));
#330 = CARTESIAN_POINT('',(3.641337322892,2.912455800564E-02));
#331 = CARTESIAN_POINT('',(3.657241337141,2.919306908151E-02));
#332 = CARTESIAN_POINT('',(3.665191429188,2.922711203907E-02));
#333 = ( GEOMETRIC_REPRESENTATION_CONTEXT(2) 
PARAMETRIC_REPRESENTATION_CONTEXT() REPRESENTATION_CONTEXT('2D SPACE',''
  ) );
#334 = PCURVE('',#189,#335);
#335 = DEFINITIONAL_REPRESENTATION('',(#336),#362);
#336 = B_SPLINE_CURVE_WITH_KNOTS('',3,(#337,#338,#339,#340,#341,#342,
    #343,#344,#345,#346,#347,#348,#349,#350,#351,#352,#353,#354,#355,
    #356,#357,#358,#359,#360,#361),.UNSPECIFIED.,.F.,.F.,(4,1,1,1,1,1,1,
    1,1,1,1,1,1,1,1,1,1,1,1,1,1,1,4),(2.710505431214E-20,
    4.862795374679E-07,9.725590749357E-07,1.458838612404E-06,
    1.945118149871E-06,2.431397687339E-06,2.917677224807E-06,
    3.403956762275E-06,3.890236299743E-06,4.376515837211E-06,
    4.862795374678E-06,5.349074912146E-06,5.835354449614E-06,
    6.321633987082E-06,6.80791352455E-06,7.294193062018E-06,
    7.780472599485E-06,8.266752136953E-06,8.753031674421E-06,
    9.239311211889E-06,9.725590749357E-06,1.021187028682E-05,
    1.069814982429E-05),.QUASI_UNIFORM_KNOTS.);
#337 = CARTESIAN_POINT('',(1.802874009658,1.E-02));
#338 = CARTESIAN_POINT('',(1.803036102836,1.E-02));
#339 = CARTESIAN_POINT('',(1.803360596851,9.996168025413E-03));
#340 = CARTESIAN_POINT('',(1.803847875571,9.97898577691E-03));
#341 = CARTESIAN_POINT('',(1.804335306718,9.95043087886E-03));
#342 = CARTESIAN_POINT('',(1.804822505006,9.910564968555E-03));
#343 = CARTESIAN_POINT('',(1.805309085151,9.859449682489E-03));
#344 = CARTESIAN_POINT('',(1.805794661851,9.797146660122E-03));
#345 = CARTESIAN_POINT('',(1.80627884983,9.723717529858E-03));
#346 = CARTESIAN_POINT('',(1.806761263702,9.639223961354E-03));
#347 = CARTESIAN_POINT('',(1.807241518476,9.543727470314E-03));
#348 = CARTESIAN_POINT('',(1.807719227669,9.437290146995E-03));
#349 = CARTESIAN_POINT('',(1.808194010362,9.319971937398E-03));
#350 = CARTESIAN_POINT('',(1.808665464867,9.191840790003E-03));
#351 = CARTESIAN_POINT('',(1.809133267011,9.052934787618E-03));
#352 = CARTESIAN_POINT('',(1.809596803333,8.903403473263E-03));
#353 = CARTESIAN_POINT('',(1.810056540011,8.742980414785E-03));
#354 = CARTESIAN_POINT('',(1.810513921095,8.571311358666E-03));
#355 = CARTESIAN_POINT('',(1.810967164963,8.389035871408E-03));
#356 = CARTESIAN_POINT('',(1.811416280136,8.196172673979E-03));
#357 = CARTESIAN_POINT('',(1.811860795459,7.992906842701E-03));
#358 = CARTESIAN_POINT('',(1.812300368303,7.779378878011E-03));
#359 = CARTESIAN_POINT('',(1.812734621581,7.555741228525E-03));
#360 = CARTESIAN_POINT('',(1.813020332177,7.400009160202E-03));
#361 = CARTESIAN_POINT('',(1.813162177834,7.320508075688E-03));
#362 = ( GEOMETRIC_REPRESENTATION_CONTEXT(2) 
PARAMETRIC_REPRESENTATION_CONTEXT() REPRESENTATION_CONTEXT('2D SPACE',''
  ) );
#363 = ORIENTED_EDGE('',*,*,#364,.T.);
#364 = EDGE_CURVE('',#289,#365,#367,.T.);
#365 = VERTEX_POINT('',#366);
#366 = CARTESIAN_POINT('',(-0.281066273533,-0.24,-0.247320508076));
#367 = SURFACE_CURVE('',#368,(#372,#379),.PCURVE_S1.);
#368 = LINE('',#369,#370);
#369 = CARTESIAN_POINT('',(-0.25,-0.24,-0.247320508076));
#370 = VECTOR('',#371,1.);
#371 = DIRECTION('',(-1.,0.,0.));
#372 = PCURVE('',#301,#373);
#373 = DEFINITIONAL_REPRESENTATION('',(#374),#378);
#374 = LINE('',#375,#376);
#375 = CARTESIAN_POINT('',(3.665191429188,0.));
#376 = VECTOR('',#377,1.);
#377 = DIRECTION('',(0.,1.));
#378 = ( GEOMETRIC_REPRESENTATION_CONTEXT(2) 
PARAMETRIC_REPRESENTATION_CONTEXT() REPRESENTATION_CONTEXT('2D SPACE',''
  ) );
#379 = PCURVE('',#380,#385);
#380 = PLANE('',#381);
#381 = AXIS2_PLACEMENT_3D('',#382,#383,#384);
#382 = CARTESIAN_POINT('',(-1.25,-0.24,8.119346691827E-16));
#383 = DIRECTION('',(0.,-1.,3.383061121595E-15));
#384 = DIRECTION('',(0.,-3.383061121595E-15,-1.));
#385 = DEFINITIONAL_REPRESENTATION('',(#386),#390);
#386 = LINE('',#387,#388);
#387 = CARTESIAN_POINT('',(0.247320508076,1.));
#388 = VECTOR('',#389,1.);
#389 = DIRECTION('',(-0.,-1.));
#390 = ( GEOMETRIC_REPRESENTATION_CONTEXT(2) 
PARAMETRIC_REPRESENTATION_CONTEXT() REPRESENTATION_CONTEXT('2D SPACE',''
  ) );
#391 = ORIENTED_EDGE('',*,*,#392,.T.);
#392 = EDGE_CURVE('',#365,#393,#395,.T.);
#393 = VERTEX_POINT('',#394);
#394 = CARTESIAN_POINT('',(-0.280260541376,-0.244142135624,
    -0.244142135624));
#395 = SURFACE_CURVE('',#396,(#404,#433),.PCURVE_S1.);
#396 = B_SPLINE_CURVE_WITH_KNOTS('',3,(#397,#398,#399,#400,#401,#402,
    #403),.UNSPECIFIED.,.F.,.F.,(4,3,4),(7.386919116223E-05,
    7.452351874334E-05,7.914066333969E-05),.UNSPECIFIED.);
#397 = CARTESIAN_POINT('',(-0.281066273533,-0.24,-0.247320508076));
#398 = CARTESIAN_POINT('',(-0.281038337125,-0.240189568048,
    -0.247211060912));
#399 = CARTESIAN_POINT('',(-0.281009634434,-0.240377280657,
    -0.247098534301));
#400 = CARTESIAN_POINT('',(-0.28098019466,-0.240562987714,
    -0.246983029505));
#401 = CARTESIAN_POINT('',(-0.280774479739,-0.241860644138,-0.2461759221
    ));
#402 = CARTESIAN_POINT('',(-0.280530795271,-0.24306867952,
    -0.245215591728));
#403 = CARTESIAN_POINT('',(-0.280260541376,-0.244142135624,
    -0.244142135624));
#404 = PCURVE('',#301,#405);
#405 = DEFINITIONAL_REPRESENTATION('',(#406),#432);
#406 = B_SPLINE_CURVE_WITH_KNOTS('',3,(#407,#408,#409,#410,#411,#412,
    #413,#414,#415,#416,#417,#418,#419,#420,#421,#422,#423,#424,#425,
    #426,#427,#428,#429,#430,#431),.UNSPECIFIED.,.F.,.F.,(4,1,1,1,1,1,1,
    1,1,1,1,1,1,1,1,1,1,1,1,1,1,1,4),(7.386919116223E-05,
    7.410880353393E-05,7.434841590564E-05,7.458802827734E-05,
    7.482764064904E-05,7.506725302074E-05,7.530686539245E-05,
    7.554647776415E-05,7.578609013585E-05,7.602570250756E-05,
    7.626531487926E-05,7.650492725096E-05,7.674453962266E-05,
    7.698415199437E-05,7.722376436607E-05,7.746337673777E-05,
    7.770298910948E-05,7.794260148118E-05,7.818221385288E-05,
    7.842182622458E-05,7.866143859629E-05,7.890105096799E-05,
    7.914066333969E-05),.QUASI_UNIFORM_KNOTS.);
#407 = CARTESIAN_POINT('',(3.665191429188,3.106627353302E-02));
#408 = CARTESIAN_POINT('',(3.66919588393,3.105605265489E-02));
#409 = CARTESIAN_POINT('',(3.677215090348,3.103537514243E-02));
#410 = CARTESIAN_POINT('',(3.689235381027,3.100376437792E-02));
#411 = CARTESIAN_POINT('',(3.701237104151,3.097159118512E-02));
#412 = CARTESIAN_POINT('',(3.713107447111,3.093917010002E-02));
#413 = CARTESIAN_POINT('',(3.72501692612,3.090605029618E-02));
#414 = CARTESIAN_POINT('',(3.736918870486,3.087236469407E-02));
#415 = CARTESIAN_POINT('',(3.74882477972,3.083808979963E-02));
#416 = CARTESIAN_POINT('',(3.760730544466,3.080324402995E-02));
#417 = CARTESIAN_POINT('',(3.772636218215,3.076783457207E-02));
#418 = CARTESIAN_POINT('',(3.784540722181,3.073187162211E-02));
#419 = CARTESIAN_POINT('',(3.796443266835,3.069536456989E-02));
#420 = CARTESIAN_POINT('',(3.808342973729,3.06583230213E-02));
#421 = CARTESIAN_POINT('',(3.820238979561,3.062075652434E-02));
#422 = CARTESIAN_POINT('',(3.832130411033,3.05826746425E-02));
#423 = CARTESIAN_POINT('',(3.844016394328,3.054408693512E-02));
#424 = CARTESIAN_POINT('',(3.855896055313,3.050500296268E-02));
#425 = CARTESIAN_POINT('',(3.867768522214,3.046543228532E-02));
#426 = CARTESIAN_POINT('',(3.879632927654,3.042538446329E-02));
#427 = CARTESIAN_POINT('',(3.891488410701,3.03848690568E-02));
#428 = CARTESIAN_POINT('',(3.903334119465,3.034389562609E-02));
#429 = CARTESIAN_POINT('',(3.915169211377,3.030247373138E-02));
#430 = CARTESIAN_POINT('',(3.923051645197,3.027456653239E-02));
#431 = CARTESIAN_POINT('',(3.926990816987,3.026054137563E-02));
#432 = ( GEOMETRIC_REPRESENTATION_CONTEXT(2) 
PARAMETRIC_REPRESENTATION_CONTEXT() REPRESENTATION_CONTEXT('2D SPACE',''
  ) );
#433 = PCURVE('',#434,#439);
#434 = CYLINDRICAL_SURFACE('',#435,1.);
#435 = AXIS2_PLACEMENT_3D('',#436,#437,#438);
#436 = CARTESIAN_POINT('',(-1.25,-0.24,8.119346691827E-16));
#437 = DIRECTION('',(-0.,-1.,3.383061121595E-15));
#438 = DIRECTION('',(0.,-3.383061121595E-15,-1.));
#439 = DEFINITIONAL_REPRESENTATION('',(#440),#466);
#440 = B_SPLINE_CURVE_WITH_KNOTS('',3,(#441,#442,#443,#444,#445,#446,
    #447,#448,#449,#450,#451,#452,#453,#454,#455,#456,#457,#458,#459,
    #460,#461,#462,#463,#464,#465),.UNSPECIFIED.,.F.,.F.,(4,1,1,1,1,1,1,
    1,1,1,1,1,1,1,1,1,1,1,1,1,1,1,4),(7.386919116223E-05,
    7.410880353393E-05,7.434841590564E-05,7.458802827734E-05,
    7.482764064904E-05,7.506725302074E-05,7.530686539245E-05,
    7.554647776415E-05,7.578609013585E-05,7.602570250756E-05,
    7.626531487926E-05,7.650492725096E-05,7.674453962266E-05,
    7.698415199437E-05,7.722376436607E-05,7.746337673777E-05,
    7.770298910948E-05,7.794260148118E-05,7.818221385288E-05,
    7.842182622458E-05,7.866143859629E-05,7.890105096799E-05,
    7.914066333969E-05),.QUASI_UNIFORM_KNOTS.);
#441 = CARTESIAN_POINT('',(1.32088245456,0.));
#442 = CARTESIAN_POINT('',(1.320923780954,6.936040693674E-05));
#443 = CARTESIAN_POINT('',(1.321007407269,2.077734883389E-04));
#444 = CARTESIAN_POINT('',(1.321135314435,4.137735906126E-04));
#445 = CARTESIAN_POINT('',(1.321265563426,6.179522909231E-04));
#446 = CARTESIAN_POINT('',(1.321396883778,8.183771661493E-04));
#447 = CARTESIAN_POINT('',(1.321531104486,1.017921041451E-03));
#448 = CARTESIAN_POINT('',(1.321667691167,1.215766341051E-03));
#449 = CARTESIAN_POINT('',(1.321806742703,1.412084329122E-03));
#450 = CARTESIAN_POINT('',(1.321948188294,1.606781310972E-03));
#451 = CARTESIAN_POINT('',(1.322092002607,1.799834587423E-03));
#452 = CARTESIAN_POINT('',(1.322238148125,1.991202436104E-03));
#453 = CARTESIAN_POINT('',(1.322386590597,2.180848231896E-03));
#454 = CARTESIAN_POINT('',(1.322537294897,2.368733983874E-03));
#455 = CARTESIAN_POINT('',(1.322690226133,2.55482206708E-03));
#456 = CARTESIAN_POINT('',(1.322845349353,2.739074758495E-03));
#457 = CARTESIAN_POINT('',(1.323002629619,2.921454361376E-03));
#458 = CARTESIAN_POINT('',(1.323162031991,3.101923171939E-03));
#459 = CARTESIAN_POINT('',(1.32332352153,3.280443488286E-03));
#460 = CARTESIAN_POINT('',(1.323487063295,3.456977608016E-03));
#461 = CARTESIAN_POINT('',(1.32365262235,3.631487828859E-03));
#462 = CARTESIAN_POINT('',(1.323820163755,3.803936448514E-03));
#463 = CARTESIAN_POINT('',(1.323989652572,3.974285764685E-03));
#464 = CARTESIAN_POINT('',(1.324103920099,4.086427304946E-03));
#465 = CARTESIAN_POINT('',(1.324161366786,4.14213562373E-03));
#466 = ( GEOMETRIC_REPRESENTATION_CONTEXT(2) 
PARAMETRIC_REPRESENTATION_CONTEXT() REPRESENTATION_CONTEXT('2D SPACE',''
  ) );
#467 = ORIENTED_EDGE('',*,*,#468,.T.);
#468 = EDGE_CURVE('',#393,#469,#471,.T.);
#469 = VERTEX_POINT('',#470);
#470 = CARTESIAN_POINT('',(-0.281066273533,-0.247320508076,-0.24));
#471 = SURFACE_CURVE('',#472,(#477,#506),.PCURVE_S1.);
#472 = B_SPLINE_CURVE_WITH_KNOTS('',3,(#473,#474,#475,#476),
  .UNSPECIFIED.,.F.,.F.,(4,4),(1.600470957399E-05,2.128837104461E-05),
  .PIECEWISE_BEZIER_KNOTS.);
#473 = CARTESIAN_POINT('',(-0.280260541376,-0.244142135624,
    -0.244142135624));
#474 = CARTESIAN_POINT('',(-0.280569176279,-0.245368042176,
    -0.242916229071));
#475 = CARTESIAN_POINT('',(-0.280843340227,-0.246447116698,
    -0.241512758241));
#476 = CARTESIAN_POINT('',(-0.281066273533,-0.247320508076,-0.24));
#477 = PCURVE('',#301,#478);
#478 = DEFINITIONAL_REPRESENTATION('',(#479),#505);
#479 = B_SPLINE_CURVE_WITH_KNOTS('',3,(#480,#481,#482,#483,#484,#485,
    #486,#487,#488,#489,#490,#491,#492,#493,#494,#495,#496,#497,#498,
    #499,#500,#501,#502,#503,#504),.UNSPECIFIED.,.F.,.F.,(4,1,1,1,1,1,1,
    1,1,1,1,1,1,1,1,1,1,1,1,1,1,1,4),(1.600470957399E-05,
    1.624487600448E-05,1.648504243496E-05,1.672520886544E-05,
    1.696537529592E-05,1.720554172641E-05,1.744570815689E-05,
    1.768587458737E-05,1.792604101785E-05,1.816620744834E-05,
    1.840637387882E-05,1.86465403093E-05,1.888670673978E-05,
    1.912687317027E-05,1.936703960075E-05,1.960720603123E-05,
    1.984737246172E-05,2.00875388922E-05,2.032770532268E-05,
    2.056787175316E-05,2.080803818365E-05,2.104820461413E-05,
    2.128837104461E-05),.QUASI_UNIFORM_KNOTS.);
#480 = CARTESIAN_POINT('',(3.926990816987,3.026054137563E-02));
#481 = CARTESIAN_POINT('',(3.930931028417,3.027457023486E-02));
#482 = CARTESIAN_POINT('',(3.938815946755,3.030248551135E-02));
#483 = CARTESIAN_POINT('',(3.950655987608,3.034392165635E-02));
#484 = CARTESIAN_POINT('',(3.962507875126,3.038491158776E-02));
#485 = CARTESIAN_POINT('',(3.974370770198,3.042544586173E-02));
#486 = CARTESIAN_POINT('',(3.986243821637,3.046551503441E-02));
#487 = CARTESIAN_POINT('',(3.99812616606,3.050510966195E-02));
#488 = CARTESIAN_POINT('',(4.01001693061,3.05442203005E-02));
#489 = CARTESIAN_POINT('',(4.021915234934,3.058283750621E-02));
#490 = CARTESIAN_POINT('',(4.033820193388,3.062095183523E-02));
#491 = CARTESIAN_POINT('',(4.045730917197,3.06585538437E-02));
#492 = CARTESIAN_POINT('',(4.057646516633,3.069563408778E-02));
#493 = CARTESIAN_POINT('',(4.069566103208,3.073218312362E-02));
#494 = CARTESIAN_POINT('',(4.081488791857,3.076819150736E-02));
#495 = CARTESIAN_POINT('',(4.093413703138,3.080364979516E-02));
#496 = CARTESIAN_POINT('',(4.105339965408,3.083854854316E-02));
#497 = CARTESIAN_POINT('',(4.117266717013,3.087287830752E-02));
#498 = CARTESIAN_POINT('',(4.129193108441,3.090662964438E-02));
#499 = CARTESIAN_POINT('',(4.141118304541,3.093979310989E-02));
#500 = CARTESIAN_POINT('',(4.15304148644,3.09723592602E-02));
#501 = CARTESIAN_POINT('',(4.164961854498,3.100431865147E-02));
#502 = CARTESIAN_POINT('',(4.17687862732,3.103566183984E-02));
#503 = CARTESIAN_POINT('',(4.184820246012,3.105614020092E-02));
#504 = CARTESIAN_POINT('',(4.188790204786,3.106627353302E-02));
#505 = ( GEOMETRIC_REPRESENTATION_CONTEXT(2) 
PARAMETRIC_REPRESENTATION_CONTEXT() REPRESENTATION_CONTEXT('2D SPACE',''
  ) );
#506 = PCURVE('',#507,#512);
#507 = CYLINDRICAL_SURFACE('',#508,1.);
#508 = AXIS2_PLACEMENT_3D('',#509,#510,#511);
#509 = CARTESIAN_POINT('',(-1.25,2.602085213965E-17,-0.24));
#510 = DIRECTION('',(-0.,1.084202172486E-16,-1.));
#511 = DIRECTION('',(0.,1.,1.084202172486E-16));
#512 = DEFINITIONAL_REPRESENTATION('',(#513),#539);
#513 = B_SPLINE_CURVE_WITH_KNOTS('',3,(#514,#515,#516,#517,#518,#519,
    #520,#521,#522,#523,#524,#525,#526,#527,#528,#529,#530,#531,#532,
    #533,#534,#535,#536,#537,#538),.UNSPECIFIED.,.F.,.F.,(4,1,1,1,1,1,1,
    1,1,1,1,1,1,1,1,1,1,1,1,1,1,1,4),(1.600470957399E-05,
    1.624487600448E-05,1.648504243496E-05,1.672520886544E-05,
    1.696537529592E-05,1.720554172641E-05,1.744570815689E-05,
    1.768587458737E-05,1.792604101785E-05,1.816620744834E-05,
    1.840637387882E-05,1.86465403093E-05,1.888670673978E-05,
    1.912687317027E-05,1.936703960075E-05,1.960720603123E-05,
    1.984737246172E-05,2.00875388922E-05,2.032770532268E-05,
    2.056787175316E-05,2.080803818365E-05,2.104820461413E-05,
    2.128837104461E-05),.QUASI_UNIFORM_KNOTS.);
#514 = CARTESIAN_POINT('',(1.817431286804,4.14213562373E-03));
#515 = CARTESIAN_POINT('',(1.817488748656,4.086412598627E-03));
#516 = CARTESIAN_POINT('',(1.8176030492,3.974232811734E-03));
#517 = CARTESIAN_POINT('',(1.817772596078,3.803800394399E-03));
#518 = CARTESIAN_POINT('',(1.81794020456,3.631243713136E-03));
#519 = CARTESIAN_POINT('',(1.818105840185,3.456601241009E-03));
#520 = CARTESIAN_POINT('',(1.818269468493,3.279911451086E-03));
#521 = CARTESIAN_POINT('',(1.818431055025,3.101212816432E-03));
#522 = CARTESIAN_POINT('',(1.818590565319,2.920543810113E-03));
#523 = CARTESIAN_POINT('',(1.818747964914,2.737942905195E-03));
#524 = CARTESIAN_POINT('',(1.818903219349,2.553448574744E-03));
#525 = CARTESIAN_POINT('',(1.819056294163,2.367099291826E-03));
#526 = CARTESIAN_POINT('',(1.819207154893,2.178933529508E-03));
#527 = CARTESIAN_POINT('',(1.819355767076,1.988989760855E-03));
#528 = CARTESIAN_POINT('',(1.819502096251,1.797306458933E-03));
#529 = CARTESIAN_POINT('',(1.819646107955,1.603922096808E-03));
#530 = CARTESIAN_POINT('',(1.819787767724,1.408875147547E-03));
#531 = CARTESIAN_POINT('',(1.819927041095,1.212204084215E-03));
#532 = CARTESIAN_POINT('',(1.820063893603,1.013947379878E-03));
#533 = CARTESIAN_POINT('',(1.820198290786,8.141435076027E-04));
#534 = CARTESIAN_POINT('',(1.820330198179,6.128309404546E-04));
#535 = CARTESIAN_POINT('',(1.820459581318,4.100481514999E-04));
#536 = CARTESIAN_POINT('',(1.820586405737,2.058336138046E-04));
#537 = CARTESIAN_POINT('',(1.82066922656,6.87617382247E-05));
#538 = CARTESIAN_POINT('',(1.82071019903,0.));
#539 = ( GEOMETRIC_REPRESENTATION_CONTEXT(2) 
PARAMETRIC_REPRESENTATION_CONTEXT() REPRESENTATION_CONTEXT('2D SPACE',''
  ) );
#540 = ORIENTED_EDGE('',*,*,#541,.T.);
#541 = EDGE_CURVE('',#469,#542,#544,.T.);
#542 = VERTEX_POINT('',#543);
#543 = CARTESIAN_POINT('',(-0.279227112039,-0.247320508076,-0.24));
#544 = SURFACE_CURVE('',#545,(#549,#556),.PCURVE_S1.);
#545 = LINE('',#546,#547);
#546 = CARTESIAN_POINT('',(-0.25,-0.247320508076,-0.24));
#547 = VECTOR('',#548,1.);
#548 = DIRECTION('',(1.,-0.,-0.));
#549 = PCURVE('',#301,#550);
#550 = DEFINITIONAL_REPRESENTATION('',(#551),#555);
#551 = LINE('',#552,#553);
#552 = CARTESIAN_POINT('',(4.188790204786,0.));
#553 = VECTOR('',#554,1.);
#554 = DIRECTION('',(0.,-1.));
#555 = ( GEOMETRIC_REPRESENTATION_CONTEXT(2) 
PARAMETRIC_REPRESENTATION_CONTEXT() REPRESENTATION_CONTEXT('2D SPACE',''
  ) );
#556 = PCURVE('',#557,#562);
#557 = PLANE('',#558);
#558 = AXIS2_PLACEMENT_3D('',#559,#560,#561);
#559 = CARTESIAN_POINT('',(-0.4,0.24,-0.24));
#560 = DIRECTION('',(0.,1.129377263006E-16,-1.));
#561 = DIRECTION('',(0.,1.,1.129377263006E-16));
#562 = DEFINITIONAL_REPRESENTATION('',(#563),#567);
#563 = LINE('',#564,#565);
#564 = CARTESIAN_POINT('',(-0.487320508076,0.15));
#565 = VECTOR('',#566,1.);
#566 = DIRECTION('',(0.,1.));
#567 = ( GEOMETRIC_REPRESENTATION_CONTEXT(2) 
PARAMETRIC_REPRESENTATION_CONTEXT() REPRESENTATION_CONTEXT('2D SPACE',''
  ) );
#568 = ORIENTED_EDGE('',*,*,#569,.T.);
#569 = EDGE_CURVE('',#542,#570,#572,.T.);
#570 = VERTEX_POINT('',#571);
#571 = CARTESIAN_POINT('',(-0.276809371192,-0.25,-0.23));
#572 = SURFACE_CURVE('',#573,(#584,#613),.PCURVE_S1.);
#573 = B_SPLINE_CURVE_WITH_KNOTS('',3,(#574,#575,#576,#577,#578,#579,
    #580,#581,#582,#583),.UNSPECIFIED.,.F.,.F.,(4,3,3,4),(
    8.444605093577E-05,8.790807228044E-05,9.488733255371E-05,
    9.514204838077E-05),.UNSPECIFIED.);
#574 = CARTESIAN_POINT('',(-0.279227112039,-0.247320508076,-0.24));
#575 = CARTESIAN_POINT('',(-0.278984625708,-0.247886790435,
    -0.239019170182));
#576 = CARTESIAN_POINT('',(-0.278731398474,-0.248370078795,
    -0.237988428651));
#577 = CARTESIAN_POINT('',(-0.278473104262,-0.248761259835,
    -0.236929295064));
#578 = CARTESIAN_POINT('',(-0.277954331175,-0.249546930539,
    -0.234802069698));
#579 = CARTESIAN_POINT('',(-0.277404323379,-0.249970007487,
    -0.232514645781));
#580 = CARTESIAN_POINT('',(-0.276868739216,-0.249998424224,
    -0.230251057077));
#581 = CARTESIAN_POINT('',(-0.276848940188,-0.24999947471,
    -0.230167378621));
#582 = CARTESIAN_POINT('',(-0.276829150107,-0.25,-0.230083689805));
#583 = CARTESIAN_POINT('',(-0.276809371192,-0.25,-0.23));
#584 = PCURVE('',#301,#585);
#585 = DEFINITIONAL_REPRESENTATION('',(#586),#612);
#586 = B_SPLINE_CURVE_WITH_KNOTS('',3,(#587,#588,#589,#590,#591,#592,
    #593,#594,#595,#596,#597,#598,#599,#600,#601,#602,#603,#604,#605,
    #606,#607,#608,#609,#610,#611),.UNSPECIFIED.,.F.,.F.,(4,1,1,1,1,1,1,
    1,1,1,1,1,1,1,1,1,1,1,1,1,1,1,4),(8.444605093577E-05,
    8.493223263782E-05,8.541841433986E-05,8.590459604191E-05,
    8.639077774395E-05,8.6876959446E-05,8.736314114804E-05,
    8.784932285009E-05,8.833550455213E-05,8.882168625418E-05,
    8.930786795622E-05,8.979404965827E-05,9.028023136031E-05,
    9.076641306236E-05,9.12525947644E-05,9.173877646645E-05,
    9.222495816849E-05,9.271113987054E-05,9.319732157258E-05,
    9.368350327463E-05,9.416968497668E-05,9.465586667872E-05,
    9.514204838077E-05),.QUASI_UNIFORM_KNOTS.);
#587 = CARTESIAN_POINT('',(4.188790204786,2.922711203907E-02));
#588 = CARTESIAN_POINT('',(4.19674265672,2.919305898E-02));
#589 = CARTESIAN_POINT('',(4.212651035992,2.912452917768E-02));
#590 = CARTESIAN_POINT('',(4.236518211829,2.902055800274E-02));
#591 = CARTESIAN_POINT('',(4.260384493387,2.891550375191E-02));
#592 = CARTESIAN_POINT('',(4.284243266181,2.88094639702E-02));
#593 = CARTESIAN_POINT('',(4.308091237944,2.870252079034E-02));
#594 = CARTESIAN_POINT('',(4.331912512907,2.859481384482E-02));
#595 = CARTESIAN_POINT('',(4.355738245329,2.84862681793E-02));
#596 = CARTESIAN_POINT('',(4.379424336435,2.837760968699E-02));
#597 = CARTESIAN_POINT('',(4.403171625627,2.826798893461E-02));
#598 = CARTESIAN_POINT('',(4.426938202163,2.815766875038E-02));
#599 = CARTESIAN_POINT('',(4.450728802658,2.804669612987E-02));
#600 = CARTESIAN_POINT('',(4.474535299853,2.793517589843E-02));
#601 = CARTESIAN_POINT('',(4.498352722534,2.782319739502E-02));
#602 = CARTESIAN_POINT('',(4.522175049858,2.771085407434E-02));
#603 = CARTESIAN_POINT('',(4.545996383301,2.759823841452E-02));
#604 = CARTESIAN_POINT('',(4.56981083825,2.748544268428E-02));
#605 = CARTESIAN_POINT('',(4.593612182065,2.737256096652E-02));
#606 = CARTESIAN_POINT('',(4.617395767245,2.725968029676E-02));
#607 = CARTESIAN_POINT('',(4.641151536323,2.714691408596E-02));
#608 = CARTESIAN_POINT('',(4.664890441398,2.703427729067E-02));
#609 = CARTESIAN_POINT('',(4.688546128097,2.69221523096E-02));
#610 = CARTESIAN_POINT('',(4.704410136163,2.684708425473E-02));
#611 = CARTESIAN_POINT('',(4.712388980385,2.680937119185E-02));
#612 = ( GEOMETRIC_REPRESENTATION_CONTEXT(2) 
PARAMETRIC_REPRESENTATION_CONTEXT() REPRESENTATION_CONTEXT('2D SPACE',''
  ) );
#613 = PCURVE('',#614,#619);
#614 = CYLINDRICAL_SURFACE('',#615,1.);
#615 = AXIS2_PLACEMENT_3D('',#616,#617,#618);
#616 = CARTESIAN_POINT('',(-1.25,-0.24,8.119346691827E-16));
#617 = DIRECTION('',(-0.,-1.,3.383061121595E-15));
#618 = DIRECTION('',(0.,-3.383061121595E-15,-1.));
#619 = DEFINITIONAL_REPRESENTATION('',(#620),#646);
#620 = B_SPLINE_CURVE_WITH_KNOTS('',3,(#621,#622,#623,#624,#625,#626,
    #627,#628,#629,#630,#631,#632,#633,#634,#635,#636,#637,#638,#639,
    #640,#641,#642,#643,#644,#645),.UNSPECIFIED.,.F.,.F.,(4,1,1,1,1,1,1,
    1,1,1,1,1,1,1,1,1,1,1,1,1,1,1,4),(8.444605093577E-05,
    8.493223263782E-05,8.541841433986E-05,8.590459604191E-05,
    8.639077774395E-05,8.6876959446E-05,8.736314114804E-05,
    8.784932285009E-05,8.833550455213E-05,8.882168625418E-05,
    8.930786795622E-05,8.979404965827E-05,9.028023136031E-05,
    9.076641306236E-05,9.12525947644E-05,9.173877646645E-05,
    9.222495816849E-05,9.271113987054E-05,9.319732157258E-05,
    9.368350327463E-05,9.416968497668E-05,9.465586667872E-05,
    9.514204838077E-05),.QUASI_UNIFORM_KNOTS.);
#621 = CARTESIAN_POINT('',(1.328430475756,7.320508075688E-03));
#622 = CARTESIAN_POINT('',(1.328572363502,7.400032750406E-03));
#623 = CARTESIAN_POINT('',(1.328858151928,7.555808636888E-03));
#624 = CARTESIAN_POINT('',(1.329292502434,7.779500165303E-03));
#625 = CARTESIAN_POINT('',(1.329732154851,7.993069378283E-03));
#626 = CARTESIAN_POINT('',(1.33017672581,8.196359617583E-03));
#627 = CARTESIAN_POINT('',(1.330625896647,8.389238903109E-03));
#628 = CARTESIAN_POINT('',(1.331079107317,8.571483186278E-03));
#629 = CARTESIAN_POINT('',(1.331536698636,8.743212014315E-03));
#630 = CARTESIAN_POINT('',(1.331995649389,8.903262619702E-03));
#631 = CARTESIAN_POINT('',(1.332459581932,9.052878342912E-03));
#632 = CARTESIAN_POINT('',(1.332927385496,9.191766513738E-03));
#633 = CARTESIAN_POINT('',(1.333398870219,9.319923087514E-03));
#634 = CARTESIAN_POINT('',(1.333873599494,9.437266682726E-03));
#635 = CARTESIAN_POINT('',(1.33435120279,9.543736639711E-03));
#636 = CARTESIAN_POINT('',(1.334831292016,9.639266748252E-03));
#637 = CARTESIAN_POINT('',(1.335313483242,9.723792278499E-03));
#638 = CARTESIAN_POINT('',(1.335797393467,9.797248129687E-03));
#639 = CARTESIAN_POINT('',(1.336282631822,9.859569204339E-03));
#640 = CARTESIAN_POINT('',(1.33676883801,9.91069076275E-03));
#641 = CARTESIAN_POINT('',(1.337255537329,9.95054663083E-03));
#642 = CARTESIAN_POINT('',(1.337742682162,9.979076014259E-03));
#643 = CARTESIAN_POINT('',(1.338228630995,9.996198034031E-03));
#644 = CARTESIAN_POINT('',(1.338554670901,1.000000385808E-02));
#645 = CARTESIAN_POINT('',(1.338718643932,1.E-02));
#646 = ( GEOMETRIC_REPRESENTATION_CONTEXT(2) 
PARAMETRIC_REPRESENTATION_CONTEXT() REPRESENTATION_CONTEXT('2D SPACE',''
  ) );
#647 = ORIENTED_EDGE('',*,*,#648,.F.);
#648 = EDGE_CURVE('',#649,#570,#651,.T.);
#649 = VERTEX_POINT('',#650);
#650 = CARTESIAN_POINT('',(-0.48,-0.25,-0.23));
#651 = SURFACE_CURVE('',#652,(#656,#663),.PCURVE_S1.);
#652 = LINE('',#653,#654);
#653 = CARTESIAN_POINT('',(-0.25,-0.25,-0.23));
#654 = VECTOR('',#655,1.);
#655 = DIRECTION('',(1.,-0.,-0.));
#656 = PCURVE('',#301,#657);
#657 = DEFINITIONAL_REPRESENTATION('',(#658),#662);
#658 = LINE('',#659,#660);
#659 = CARTESIAN_POINT('',(4.712388980385,0.));
#660 = VECTOR('',#661,1.);
#661 = DIRECTION('',(0.,-1.));
#662 = ( GEOMETRIC_REPRESENTATION_CONTEXT(2) 
PARAMETRIC_REPRESENTATION_CONTEXT() REPRESENTATION_CONTEXT('2D SPACE',''
  ) );
#663 = PCURVE('',#664,#669);
#664 = PLANE('',#665);
#665 = AXIS2_PLACEMENT_3D('',#666,#667,#668);
#666 = CARTESIAN_POINT('',(-0.25,-0.25,0.25));
#667 = DIRECTION('',(0.,1.,0.));
#668 = DIRECTION('',(0.,-0.,1.));
#669 = DEFINITIONAL_REPRESENTATION('',(#670),#674);
#670 = LINE('',#671,#672);
#671 = CARTESIAN_POINT('',(-0.48,0.));
#672 = VECTOR('',#673,1.);
#673 = DIRECTION('',(0.,1.));
#674 = ( GEOMETRIC_REPRESENTATION_CONTEXT(2) 
PARAMETRIC_REPRESENTATION_CONTEXT() REPRESENTATION_CONTEXT('2D SPACE',''
  ) );
#675 = ORIENTED_EDGE('',*,*,#676,.F.);
#676 = EDGE_CURVE('',#677,#649,#679,.T.);
#677 = VERTEX_POINT('',#678);
#678 = CARTESIAN_POINT('',(-0.48,-0.23,-0.25));
#679 = SURFACE_CURVE('',#680,(#685,#692),.PCURVE_S1.);
#680 = CIRCLE('',#681,2.E-02);
#681 = AXIS2_PLACEMENT_3D('',#682,#683,#684);
#682 = CARTESIAN_POINT('',(-0.48,-0.23,-0.23));
#683 = DIRECTION('',(-1.,0.,-0.));
#684 = DIRECTION('',(-0.,0.,1.));
#685 = PCURVE('',#301,#686);
#686 = DEFINITIONAL_REPRESENTATION('',(#687),#691);
#687 = LINE('',#688,#689);
#688 = CARTESIAN_POINT('',(0.,0.23));
#689 = VECTOR('',#690,1.);
#690 = DIRECTION('',(1.,0.));
#691 = ( GEOMETRIC_REPRESENTATION_CONTEXT(2) 
PARAMETRIC_REPRESENTATION_CONTEXT() REPRESENTATION_CONTEXT('2D SPACE',''
  ) );
#692 = PCURVE('',#693,#698);
#693 = SPHERICAL_SURFACE('',#694,2.E-02);
#694 = AXIS2_PLACEMENT_3D('',#695,#696,#697);
#695 = CARTESIAN_POINT('',(-0.48,-0.23,-0.23));
#696 = DIRECTION('',(0.,1.,0.));
#697 = DIRECTION('',(1.,0.,0.));
#698 = DEFINITIONAL_REPRESENTATION('',(#699),#725);
#699 = B_SPLINE_CURVE_WITH_KNOTS('',3,(#700,#701,#702,#703,#704,#705,
    #706,#707,#708,#709,#710,#711,#712,#713,#714,#715,#716,#717,#718,
    #719,#720,#721,#722,#723,#724),.UNSPECIFIED.,.F.,.F.,(4,1,1,1,1,1,1,
    1,1,1,1,1,1,1,1,1,1,1,1,1,1,1,4),(3.14159265359,3.212992486626,
    3.284392319662,3.355792152698,3.427191985734,3.49859181877,
    3.569991651807,3.641391484843,3.712791317879,3.784191150915,
    3.855590983951,3.926990816987,3.998390650023,4.06979048306,
    4.141190316096,4.212590149132,4.283989982168,4.355389815204,
    4.42678964824,4.498189481276,4.569589314312,4.640989147349,
    4.712388980385),.QUASI_UNIFORM_KNOTS.);
#700 = CARTESIAN_POINT('',(1.570796326795,0.));
#701 = CARTESIAN_POINT('',(1.570796326795,-2.379994434538E-02));
#702 = CARTESIAN_POINT('',(1.570796326795,-7.139983303613E-02));
#703 = CARTESIAN_POINT('',(1.570796326795,-0.142799666072));
#704 = CARTESIAN_POINT('',(1.570796326795,-0.214199499108));
#705 = CARTESIAN_POINT('',(1.570796326795,-0.285599332145));
#706 = CARTESIAN_POINT('',(1.570796326795,-0.356999165181));
#707 = CARTESIAN_POINT('',(1.570796326795,-0.428398998217));
#708 = CARTESIAN_POINT('',(1.570796326795,-0.499798831253));
#709 = CARTESIAN_POINT('',(1.570796326795,-0.571198664289));
#710 = CARTESIAN_POINT('',(1.570796326795,-0.642598497325));
#711 = CARTESIAN_POINT('',(1.570796326795,-0.713998330361));
#712 = CARTESIAN_POINT('',(1.570796326795,-0.785398163397));
#713 = CARTESIAN_POINT('',(1.570796326795,-0.856797996434));
#714 = CARTESIAN_POINT('',(1.570796326795,-0.92819782947));
#715 = CARTESIAN_POINT('',(1.570796326795,-0.999597662506));
#716 = CARTESIAN_POINT('',(1.570796326795,-1.070997495542));
#717 = CARTESIAN_POINT('',(1.570796326795,-1.142397328578));
#718 = CARTESIAN_POINT('',(1.570796326795,-1.213797161614));
#719 = CARTESIAN_POINT('',(1.570796326795,-1.28519699465));
#720 = CARTESIAN_POINT('',(1.570796326795,-1.356596827687));
#721 = CARTESIAN_POINT('',(1.570796326795,-1.427996660723));
#722 = CARTESIAN_POINT('',(1.570796326795,-1.499396493759));
#723 = CARTESIAN_POINT('',(1.570796326795,-1.54699638245));
#724 = CARTESIAN_POINT('',(1.570796326795,-1.570796326795));
#725 = ( GEOMETRIC_REPRESENTATION_CONTEXT(2) 
PARAMETRIC_REPRESENTATION_CONTEXT() REPRESENTATION_CONTEXT('2D SPACE',''
  ) );
#726 = ORIENTED_EDGE('',*,*,#727,.F.);
#727 = EDGE_CURVE('',#287,#677,#728,.T.);
#728 = SURFACE_CURVE('',#729,(#733,#740),.PCURVE_S1.);
#729 = LINE('',#730,#731);
#730 = CARTESIAN_POINT('',(-0.25,-0.23,-0.25));
#731 = VECTOR('',#732,1.);
#732 = DIRECTION('',(-1.,0.,0.));
#733 = PCURVE('',#301,#734);
#734 = DEFINITIONAL_REPRESENTATION('',(#735),#739);
#735 = LINE('',#736,#737);
#736 = CARTESIAN_POINT('',(3.14159265359,0.));
#737 = VECTOR('',#738,1.);
#738 = DIRECTION('',(0.,1.));
#739 = ( GEOMETRIC_REPRESENTATION_CONTEXT(2) 
PARAMETRIC_REPRESENTATION_CONTEXT() REPRESENTATION_CONTEXT('2D SPACE',''
  ) );
#740 = PCURVE('',#741,#746);
#741 = PLANE('',#742);
#742 = AXIS2_PLACEMENT_3D('',#743,#744,#745);
#743 = CARTESIAN_POINT('',(-0.25,0.25,-0.25));
#744 = DIRECTION('',(0.,-1.084202172486E-16,1.));
#745 = DIRECTION('',(0.,-1.,-1.084202172486E-16));
#746 = DEFINITIONAL_REPRESENTATION('',(#747),#751);
#747 = LINE('',#748,#749);
#748 = CARTESIAN_POINT('',(0.48,0.));
#749 = VECTOR('',#750,1.);
#750 = DIRECTION('',(-0.,-1.));
#751 = ( GEOMETRIC_REPRESENTATION_CONTEXT(2) 
PARAMETRIC_REPRESENTATION_CONTEXT() REPRESENTATION_CONTEXT('2D SPACE',''
  ) );
#752 = ADVANCED_FACE('',(#753),#771,.T.);
#753 = FACE_BOUND('',#754,.T.);
#754 = EDGE_LOOP('',(#755,#838,#866,#937,#960,#1011,#1039,#1113,#1141));
#755 = ORIENTED_EDGE('',*,*,#756,.T.);
#756 = EDGE_CURVE('',#757,#759,#761,.T.);
#757 = VERTEX_POINT('',#758);
#758 = CARTESIAN_POINT('',(-0.280260541376,0.244142135624,
    -0.244142135624));
#759 = VERTEX_POINT('',#760);
#760 = CARTESIAN_POINT('',(-0.281066273533,0.24,-0.247320508076));
#761 = SURFACE_CURVE('',#762,(#770,#804),.PCURVE_S1.);
#762 = B_SPLINE_CURVE_WITH_KNOTS('',3,(#763,#764,#765,#766,#767,#768,
    #769),.UNSPECIFIED.,.F.,.F.,(4,3,4),(4.768478967379E-05,
    4.777703300455E-05,5.296728263383E-05),.UNSPECIFIED.);
#763 = CARTESIAN_POINT('',(-0.280260541376,0.244142135624,
    -0.244142135624));
#764 = CARTESIAN_POINT('',(-0.280266004595,0.244120435562,
    -0.244163835685));
#765 = CARTESIAN_POINT('',(-0.2802714564,0.244098684103,-0.244185487341)
  );
#766 = CARTESIAN_POINT('',(-0.280276896672,0.244076881479,
    -0.244207090143));
#767 = CARTESIAN_POINT('',(-0.280578840866,0.242866799374,
    -0.245406081787));
#768 = CARTESIAN_POINT('',(-0.280847253111,0.241486206584,
    -0.246462446304));
#769 = CARTESIAN_POINT('',(-0.281066273533,0.24,-0.247320508076));
#770 = PCURVE('',#771,#776);
#771 = CYLINDRICAL_SURFACE('',#772,2.E-02);
#772 = AXIS2_PLACEMENT_3D('',#773,#774,#775);
#773 = CARTESIAN_POINT('',(-0.25,0.23,-0.23));
#774 = DIRECTION('',(-1.,0.,0.));
#775 = DIRECTION('',(0.,0.,1.));
#776 = DEFINITIONAL_REPRESENTATION('',(#777),#803);
#777 = B_SPLINE_CURVE_WITH_KNOTS('',3,(#778,#779,#780,#781,#782,#783,
    #784,#785,#786,#787,#788,#789,#790,#791,#792,#793,#794,#795,#796,
    #797,#798,#799,#800,#801,#802),.UNSPECIFIED.,.F.,.F.,(4,1,1,1,1,1,1,
    1,1,1,1,1,1,1,1,1,1,1,1,1,1,1,4),(4.768478967379E-05,
    4.792490299016E-05,4.816501630653E-05,4.840512962289E-05,
    4.864524293926E-05,4.888535625562E-05,4.912546957199E-05,
    4.936558288835E-05,4.960569620472E-05,4.984580952108E-05,
    5.008592283745E-05,5.032603615381E-05,5.056614947018E-05,
    5.080626278654E-05,5.104637610291E-05,5.128648941927E-05,
    5.152660273564E-05,5.176671605201E-05,5.200682936837E-05,
    5.224694268474E-05,5.24870560011E-05,5.272716931747E-05,
    5.296728263383E-05),.QUASI_UNIFORM_KNOTS.);
#778 = CARTESIAN_POINT('',(2.356194490192,3.026054137563E-02));
#779 = CARTESIAN_POINT('',(2.360171826299,3.02747023E-02));
#780 = CARTESIAN_POINT('',(2.368089715865,3.030273508453E-02));
#781 = CARTESIAN_POINT('',(2.379910814516,3.034410446418E-02));
#782 = CARTESIAN_POINT('',(2.391762285053,3.038509324721E-02));
#783 = CARTESIAN_POINT('',(2.403620001376,3.04256093167E-02));
#784 = CARTESIAN_POINT('',(2.415489355822,3.046566540891E-02));
#785 = CARTESIAN_POINT('',(2.427367815352,3.050524616476E-02));
#786 = CARTESIAN_POINT('',(2.439254957267,3.054434375333E-02));
#787 = CARTESIAN_POINT('',(2.451149782855,3.058294832649E-02));
#788 = CARTESIAN_POINT('',(2.463051439922,3.062105057666E-02));
#789 = CARTESIAN_POINT('',(2.474959031936,3.06586410514E-02));
#790 = CARTESIAN_POINT('',(2.486871671927,3.069571033708E-02));
#791 = CARTESIAN_POINT('',(2.498788470811,3.073224900969E-02));
#792 = CARTESIAN_POINT('',(2.510708543297,3.076824764799E-02));
#793 = CARTESIAN_POINT('',(2.522631009075,3.080369683E-02));
#794 = CARTESIAN_POINT('',(2.534554995276,3.083858713393E-02));
#795 = CARTESIAN_POINT('',(2.54647963858,3.087290913795E-02));
#796 = CARTESIAN_POINT('',(2.558404087392,3.090665342023E-02));
#797 = CARTESIAN_POINT('',(2.570327504059,3.093981055896E-02));
#798 = CARTESIAN_POINT('',(2.582249066795,3.097237113231E-02));
#799 = CARTESIAN_POINT('',(2.59416797262,3.100432571845E-02));
#800 = CARTESIAN_POINT('',(2.606083436432,3.103566489555E-02));
#801 = CARTESIAN_POINT('',(2.614024281758,3.105614112639E-02));
#802 = CARTESIAN_POINT('',(2.617993877992,3.106627353302E-02));
#803 = ( GEOMETRIC_REPRESENTATION_CONTEXT(2) 
PARAMETRIC_REPRESENTATION_CONTEXT() REPRESENTATION_CONTEXT('2D SPACE',''
  ) );
#804 = PCURVE('',#805,#810);
#805 = CYLINDRICAL_SURFACE('',#806,1.);
#806 = AXIS2_PLACEMENT_3D('',#807,#808,#809);
#807 = CARTESIAN_POINT('',(-1.25,0.24,-2.487845711827E-15));
#808 = DIRECTION('',(-0.,1.,-1.036602379928E-14));
#809 = DIRECTION('',(0.,1.036602379928E-14,1.));
#810 = DEFINITIONAL_REPRESENTATION('',(#811),#837);
#811 = B_SPLINE_CURVE_WITH_KNOTS('',3,(#812,#813,#814,#815,#816,#817,
    #818,#819,#820,#821,#822,#823,#824,#825,#826,#827,#828,#829,#830,
    #831,#832,#833,#834,#835,#836),.UNSPECIFIED.,.F.,.F.,(4,1,1,1,1,1,1,
    1,1,1,1,1,1,1,1,1,1,1,1,1,1,1,4),(4.768478967379E-05,
    4.792490299016E-05,4.816501630653E-05,4.840512962289E-05,
    4.864524293926E-05,4.888535625562E-05,4.912546957199E-05,
    4.936558288835E-05,4.960569620472E-05,4.984580952108E-05,
    5.008592283745E-05,5.032603615381E-05,5.056614947018E-05,
    5.080626278654E-05,5.104637610291E-05,5.128648941927E-05,
    5.152660273564E-05,5.176671605201E-05,5.200682936837E-05,
    5.224694268474E-05,5.24870560011E-05,5.272716931747E-05,
    5.296728263383E-05),.QUASI_UNIFORM_KNOTS.);
#812 = CARTESIAN_POINT('',(1.817431286804,4.142135623732E-03));
#813 = CARTESIAN_POINT('',(1.817489289479,4.085887023676E-03));
#814 = CARTESIAN_POINT('',(1.817604071166,3.973241154865E-03));
#815 = CARTESIAN_POINT('',(1.817773344431,3.803078749499E-03));
#816 = CARTESIAN_POINT('',(1.817940948063,3.630528562388E-03));
#817 = CARTESIAN_POINT('',(1.818106509005,3.455959456341E-03));
#818 = CARTESIAN_POINT('',(1.818270083638,3.27932147822E-03));
#819 = CARTESIAN_POINT('',(1.818431613273,3.10067689628E-03));
#820 = CARTESIAN_POINT('',(1.818591070055,2.920057909145E-03));
#821 = CARTESIAN_POINT('',(1.818748417866,2.737504772572E-03));
#822 = CARTESIAN_POINT('',(1.818903622804,2.553055583415E-03));
#823 = CARTESIAN_POINT('',(1.819056650369,2.366749017006E-03));
#824 = CARTESIAN_POINT('',(1.819207466224,2.178623593674E-03));
#825 = CARTESIAN_POINT('',(1.819356035985,1.988717875279E-03));
#826 = CARTESIAN_POINT('',(1.819502325284,1.797070412555E-03));
#827 = CARTESIAN_POINT('',(1.819646299745,1.603719759216E-03));
#828 = CARTESIAN_POINT('',(1.819787924996,1.408704468178E-03));
#829 = CARTESIAN_POINT('',(1.819927166661,1.212063092571E-03));
#830 = CARTESIAN_POINT('',(1.820063990367,1.013834185468E-03));
#831 = CARTESIAN_POINT('',(1.82019836174,8.14056299955E-04));
#832 = CARTESIAN_POINT('',(1.820330246405,6.127679891169E-04));
#833 = CARTESIAN_POINT('',(1.820459609986,4.100078060384E-04));
#834 = CARTESIAN_POINT('',(1.820586418109,2.058143038038E-04));
#835 = CARTESIAN_POINT('',(1.820669230302,6.875545826647E-05));
#836 = CARTESIAN_POINT('',(1.82071019903,-2.775557561563E-17));
#837 = ( GEOMETRIC_REPRESENTATION_CONTEXT(2) 
PARAMETRIC_REPRESENTATION_CONTEXT() REPRESENTATION_CONTEXT('2D SPACE',''
  ) );
#838 = ORIENTED_EDGE('',*,*,#839,.T.);
#839 = EDGE_CURVE('',#759,#840,#842,.T.);
#840 = VERTEX_POINT('',#841);
#841 = CARTESIAN_POINT('',(-0.279227112039,0.24,-0.247320508076));
#842 = SURFACE_CURVE('',#843,(#847,#854),.PCURVE_S1.);
#843 = LINE('',#844,#845);
#844 = CARTESIAN_POINT('',(-0.25,0.24,-0.247320508076));
#845 = VECTOR('',#846,1.);
#846 = DIRECTION('',(1.,-0.,-0.));
#847 = PCURVE('',#771,#848);
#848 = DEFINITIONAL_REPRESENTATION('',(#849),#853);
#849 = LINE('',#850,#851);
#850 = CARTESIAN_POINT('',(2.617993877992,0.));
#851 = VECTOR('',#852,1.);
#852 = DIRECTION('',(0.,-1.));
#853 = ( GEOMETRIC_REPRESENTATION_CONTEXT(2) 
PARAMETRIC_REPRESENTATION_CONTEXT() REPRESENTATION_CONTEXT('2D SPACE',''
  ) );
#854 = PCURVE('',#855,#860);
#855 = PLANE('',#856);
#856 = AXIS2_PLACEMENT_3D('',#857,#858,#859);
#857 = CARTESIAN_POINT('',(-1.25,0.24,-2.487845711827E-15));
#858 = DIRECTION('',(0.,1.,-1.036602379928E-14));
#859 = DIRECTION('',(0.,1.036602379928E-14,1.));
#860 = DEFINITIONAL_REPRESENTATION('',(#861),#865);
#861 = LINE('',#862,#863);
#862 = CARTESIAN_POINT('',(-0.247320508076,1.));
#863 = VECTOR('',#864,1.);
#864 = DIRECTION('',(0.,1.));
#865 = ( GEOMETRIC_REPRESENTATION_CONTEXT(2) 
PARAMETRIC_REPRESENTATION_CONTEXT() REPRESENTATION_CONTEXT('2D SPACE',''
  ) );
#866 = ORIENTED_EDGE('',*,*,#867,.T.);
#867 = EDGE_CURVE('',#840,#868,#870,.T.);
#868 = VERTEX_POINT('',#869);
#869 = CARTESIAN_POINT('',(-0.276809371192,0.23,-0.25));
#870 = SURFACE_CURVE('',#871,(#879,#908),.PCURVE_S1.);
#871 = B_SPLINE_CURVE_WITH_KNOTS('',3,(#872,#873,#874,#875,#876,#877,
    #878),.UNSPECIFIED.,.F.,.F.,(4,3,4),(1.058466535983E-05,
    1.364972369942E-05,2.129201596795E-05),.UNSPECIFIED.);
#872 = CARTESIAN_POINT('',(-0.279227112039,0.24,-0.247320508076));
#873 = CARTESIAN_POINT('',(-0.279012205157,0.23913072594,-0.247822383688
    ));
#874 = CARTESIAN_POINT('',(-0.278788942455,0.238222589776,
    -0.248258994634));
#875 = CARTESIAN_POINT('',(-0.278561270396,0.237290527893,
    -0.248623861141));
#876 = CARTESIAN_POINT('',(-0.27799766816,0.234983208488,-0.249527088262
    ));
#877 = CARTESIAN_POINT('',(-0.277393824207,0.232472974772,-0.25));
#878 = CARTESIAN_POINT('',(-0.276809371192,0.23,-0.25));
#879 = PCURVE('',#771,#880);
#880 = DEFINITIONAL_REPRESENTATION('',(#881),#907);
#881 = B_SPLINE_CURVE_WITH_KNOTS('',3,(#882,#883,#884,#885,#886,#887,
    #888,#889,#890,#891,#892,#893,#894,#895,#896,#897,#898,#899,#900,
    #901,#902,#903,#904,#905,#906),.UNSPECIFIED.,.F.,.F.,(4,1,1,1,1,1,1,
    1,1,1,1,1,1,1,1,1,1,1,1,1,1,1,4),(1.058466535983E-05,
    1.107136311475E-05,1.155806086966E-05,1.204475862458E-05,
    1.253145637949E-05,1.301815413441E-05,1.350485188932E-05,
    1.399154964423E-05,1.447824739915E-05,1.496494515406E-05,
    1.545164290898E-05,1.593834066389E-05,1.64250384188E-05,
    1.691173617372E-05,1.739843392863E-05,1.788513168355E-05,
    1.837182943846E-05,1.885852719338E-05,1.934522494829E-05,
    1.98319227032E-05,2.031862045812E-05,2.080531821303E-05,
    2.129201596795E-05),.QUASI_UNIFORM_KNOTS.);
#882 = CARTESIAN_POINT('',(2.617993877992,2.922711203907E-02));
#883 = CARTESIAN_POINT('',(2.625963100463,2.919298717574E-02));
#884 = CARTESIAN_POINT('',(2.641904134559,2.912431628276E-02));
#885 = CARTESIAN_POINT('',(2.665818005692,2.902013944317E-02));
#886 = CARTESIAN_POINT('',(2.689727211215,2.891489231803E-02));
#887 = CARTESIAN_POINT('',(2.713630148976,2.880864986678E-02));
#888 = CARTESIAN_POINT('',(2.737504554582,2.870158085367E-02));
#889 = CARTESIAN_POINT('',(2.761405152355,2.859350407887E-02));
#890 = CARTESIAN_POINT('',(2.785099487391,2.848554439399E-02));
#891 = CARTESIAN_POINT('',(2.808809433928,2.837676319053E-02));
#892 = CARTESIAN_POINT('',(2.832556422949,2.826713517026E-02));
#893 = CARTESIAN_POINT('',(2.856328517676,2.815678428936E-02));
#894 = CARTESIAN_POINT('',(2.880122292846,2.80457945114E-02));
#895 = CARTESIAN_POINT('',(2.903931688073,2.793426051594E-02));
#896 = CARTESIAN_POINT('',(2.92775107119,2.78222741112E-02));
#897 = CARTESIAN_POINT('',(2.951574495438,2.770992787477E-02));
#898 = CARTESIAN_POINT('',(2.975395977487,2.759731417811E-02));
#899 = CARTESIAN_POINT('',(2.999209502596,2.748452544788E-02));
#900 = CARTESIAN_POINT('',(3.02300910276,2.737165409597E-02));
#901 = CARTESIAN_POINT('',(3.046788916141,2.725879253821E-02));
#902 = CARTESIAN_POINT('',(3.07054324664,2.71460331894E-02));
#903 = CARTESIAN_POINT('',(3.094266637974,2.703346846461E-02));
#904 = CARTESIAN_POINT('',(3.117953883967,2.69211907788E-02));
#905 = CARTESIAN_POINT('',(3.133718142754,2.684659195761E-02));
#906 = CARTESIAN_POINT('',(3.14159265359,2.680937119185E-02));
#907 = ( GEOMETRIC_REPRESENTATION_CONTEXT(2) 
PARAMETRIC_REPRESENTATION_CONTEXT() REPRESENTATION_CONTEXT('2D SPACE',''
  ) );
#908 = PCURVE('',#189,#909);
#909 = DEFINITIONAL_REPRESENTATION('',(#910),#936);
#910 = B_SPLINE_CURVE_WITH_KNOTS('',3,(#911,#912,#913,#914,#915,#916,
    #917,#918,#919,#920,#921,#922,#923,#924,#925,#926,#927,#928,#929,
    #930,#931,#932,#933,#934,#935),.UNSPECIFIED.,.F.,.F.,(4,1,1,1,1,1,1,
    1,1,1,1,1,1,1,1,1,1,1,1,1,1,1,4),(1.058466535983E-05,
    1.107136311475E-05,1.155806086966E-05,1.204475862458E-05,
    1.253145637949E-05,1.301815413441E-05,1.350485188932E-05,
    1.399154964423E-05,1.447824739915E-05,1.496494515406E-05,
    1.545164290898E-05,1.593834066389E-05,1.64250384188E-05,
    1.691173617372E-05,1.739843392863E-05,1.788513168355E-05,
    1.837182943846E-05,1.885852719338E-05,1.934522494829E-05,
    1.98319227032E-05,2.031862045812E-05,2.080531821303E-05,
    2.129201596795E-05),.QUASI_UNIFORM_KNOTS.);
#911 = CARTESIAN_POINT('',(1.328430475756,7.32050807569E-03));
#912 = CARTESIAN_POINT('',(1.328572662687,7.400200436095E-03));
#913 = CARTESIAN_POINT('',(1.32885903929,7.556293669138E-03));
#914 = CARTESIAN_POINT('',(1.329294249026,7.780406324929E-03));
#915 = CARTESIAN_POINT('',(1.329734709835,7.994327344506E-03));
#916 = CARTESIAN_POINT('',(1.330180134237,8.19793327732E-03));
#917 = CARTESIAN_POINT('',(1.330629840026,8.390948417212E-03));
#918 = CARTESIAN_POINT('',(1.331084617666,8.573665088579E-03));
#919 = CARTESIAN_POINT('',(1.331539761695,8.7442557492E-03));
#920 = CARTESIAN_POINT('',(1.331999282335,8.904154749704E-03));
#921 = CARTESIAN_POINT('',(1.332463282169,9.053516423026E-03));
#922 = CARTESIAN_POINT('',(1.332931247584,9.192215714394E-03));
#923 = CARTESIAN_POINT('',(1.333402830072,9.320202430748E-03));
#924 = CARTESIAN_POINT('',(1.333877636886,9.437406319892E-03));
#925 = CARTESIAN_POINT('',(1.334355287132,9.54376250446E-03));
#926 = CARTESIAN_POINT('',(1.334835396738,9.639204666904E-03));
#927 = CARTESIAN_POINT('',(1.335317582489,9.723666875572E-03));
#928 = CARTESIAN_POINT('',(1.335801460942,9.79708309541E-03));
#929 = CARTESIAN_POINT('',(1.336286648719,9.859387319073E-03));
#930 = CARTESIAN_POINT('',(1.336772762429,9.910513531789E-03));
#931 = CARTESIAN_POINT('',(1.337259418692,9.950395720778E-03));
#932 = CARTESIAN_POINT('',(1.337746234133,9.978967872725E-03));
#933 = CARTESIAN_POINT('',(1.338232825382,9.996163974459E-03));
#934 = CARTESIAN_POINT('',(1.338556814517,1.E-02));
#935 = CARTESIAN_POINT('',(1.338718643932,1.E-02));
#936 = ( GEOMETRIC_REPRESENTATION_CONTEXT(2) 
PARAMETRIC_REPRESENTATION_CONTEXT() REPRESENTATION_CONTEXT('2D SPACE',''
  ) );
#937 = ORIENTED_EDGE('',*,*,#938,.F.);
#938 = EDGE_CURVE('',#939,#868,#941,.T.);
#939 = VERTEX_POINT('',#940);
#940 = CARTESIAN_POINT('',(-0.48,0.23,-0.25));
#941 = SURFACE_CURVE('',#942,(#946,#953),.PCURVE_S1.);
#942 = LINE('',#943,#944);
#943 = CARTESIAN_POINT('',(-0.25,0.23,-0.25));
#944 = VECTOR('',#945,1.);
#945 = DIRECTION('',(1.,-0.,-0.));
#946 = PCURVE('',#771,#947);
#947 = DEFINITIONAL_REPRESENTATION('',(#948),#952);
#948 = LINE('',#949,#950);
#949 = CARTESIAN_POINT('',(3.14159265359,0.));
#950 = VECTOR('',#951,1.);
#951 = DIRECTION('',(0.,-1.));
#952 = ( GEOMETRIC_REPRESENTATION_CONTEXT(2) 
PARAMETRIC_REPRESENTATION_CONTEXT() REPRESENTATION_CONTEXT('2D SPACE',''
  ) );
#953 = PCURVE('',#741,#954);
#954 = DEFINITIONAL_REPRESENTATION('',(#955),#959);
#955 = LINE('',#956,#957);
#956 = CARTESIAN_POINT('',(2.E-02,0.));
#957 = VECTOR('',#958,1.);
#958 = DIRECTION('',(0.,1.));
#959 = ( GEOMETRIC_REPRESENTATION_CONTEXT(2) 
PARAMETRIC_REPRESENTATION_CONTEXT() REPRESENTATION_CONTEXT('2D SPACE',''
  ) );
#960 = ORIENTED_EDGE('',*,*,#961,.F.);
#961 = EDGE_CURVE('',#962,#939,#964,.T.);
#962 = VERTEX_POINT('',#963);
#963 = CARTESIAN_POINT('',(-0.48,0.25,-0.23));
#964 = SURFACE_CURVE('',#965,(#970,#977),.PCURVE_S1.);
#965 = CIRCLE('',#966,2.E-02);
#966 = AXIS2_PLACEMENT_3D('',#967,#968,#969);
#967 = CARTESIAN_POINT('',(-0.48,0.23,-0.23));
#968 = DIRECTION('',(-1.,0.,0.));
#969 = DIRECTION('',(0.,0.,1.));
#970 = PCURVE('',#771,#971);
#971 = DEFINITIONAL_REPRESENTATION('',(#972),#976);
#972 = LINE('',#973,#974);
#973 = CARTESIAN_POINT('',(0.,0.23));
#974 = VECTOR('',#975,1.);
#975 = DIRECTION('',(1.,0.));
#976 = ( GEOMETRIC_REPRESENTATION_CONTEXT(2) 
PARAMETRIC_REPRESENTATION_CONTEXT() REPRESENTATION_CONTEXT('2D SPACE',''
  ) );
#977 = PCURVE('',#978,#983);
#978 = SPHERICAL_SURFACE('',#979,2.E-02);
#979 = AXIS2_PLACEMENT_3D('',#980,#981,#982);
#980 = CARTESIAN_POINT('',(-0.48,0.23,-0.23));
#981 = DIRECTION('',(0.,1.,0.));
#982 = DIRECTION('',(1.,0.,0.));
#983 = DEFINITIONAL_REPRESENTATION('',(#984),#1010);
#984 = B_SPLINE_CURVE_WITH_KNOTS('',3,(#985,#986,#987,#988,#989,#990,
    #991,#992,#993,#994,#995,#996,#997,#998,#999,#1000,#1001,#1002,#1003
    ,#1004,#1005,#1006,#1007,#1008,#1009),.UNSPECIFIED.,.F.,.F.,(4,1,1,1
    ,1,1,1,1,1,1,1,1,1,1,1,1,1,1,1,1,1,1,4),(1.570796326795,
    1.642196159831,1.713595992867,1.784995825903,1.856395658939,
    1.927795491976,1.999195325012,2.070595158048,2.141994991084,
    2.21339482412,2.284794657156,2.356194490192,2.427594323228,
    2.498994156265,2.570393989301,2.641793822337,2.713193655373,
    2.784593488409,2.855993321445,2.927393154481,2.998792987518,
    3.070192820554,3.14159265359),.QUASI_UNIFORM_KNOTS.);
#985 = CARTESIAN_POINT('',(1.570796326795,1.570796326795));
#986 = CARTESIAN_POINT('',(1.570796326795,1.54699638245));
#987 = CARTESIAN_POINT('',(1.570796326795,1.499396493759));
#988 = CARTESIAN_POINT('',(1.570796326795,1.427996660723));
#989 = CARTESIAN_POINT('',(1.570796326795,1.356596827687));
#990 = CARTESIAN_POINT('',(1.570796326795,1.28519699465));
#991 = CARTESIAN_POINT('',(1.570796326795,1.213797161614));
#992 = CARTESIAN_POINT('',(1.570796326795,1.142397328578));
#993 = CARTESIAN_POINT('',(1.570796326795,1.070997495542));
#994 = CARTESIAN_POINT('',(1.570796326795,0.999597662506));
#995 = CARTESIAN_POINT('',(1.570796326795,0.92819782947));
#996 = CARTESIAN_POINT('',(1.570796326795,0.856797996434));
#997 = CARTESIAN_POINT('',(1.570796326795,0.785398163397));
#998 = CARTESIAN_POINT('',(1.570796326795,0.713998330361));
#999 = CARTESIAN_POINT('',(1.570796326795,0.642598497325));
#1000 = CARTESIAN_POINT('',(1.570796326795,0.571198664289));
#1001 = CARTESIAN_POINT('',(1.570796326795,0.499798831253));
#1002 = CARTESIAN_POINT('',(1.570796326795,0.428398998217));
#1003 = CARTESIAN_POINT('',(1.570796326795,0.356999165181));
#1004 = CARTESIAN_POINT('',(1.570796326795,0.285599332145));
#1005 = CARTESIAN_POINT('',(1.570796326795,0.214199499108));
#1006 = CARTESIAN_POINT('',(1.570796326795,0.142799666072));
#1007 = CARTESIAN_POINT('',(1.570796326795,7.139983303613E-02));
#1008 = CARTESIAN_POINT('',(1.570796326795,2.379994434538E-02));
#1009 = CARTESIAN_POINT('',(1.570796326795,0.));
#1010 = ( GEOMETRIC_REPRESENTATION_CONTEXT(2) 
PARAMETRIC_REPRESENTATION_CONTEXT() REPRESENTATION_CONTEXT('2D SPACE',''
  ) );
#1011 = ORIENTED_EDGE('',*,*,#1012,.F.);
#1012 = EDGE_CURVE('',#1013,#962,#1015,.T.);
#1013 = VERTEX_POINT('',#1014);
#1014 = CARTESIAN_POINT('',(-0.276809371192,0.25,-0.23));
#1015 = SURFACE_CURVE('',#1016,(#1020,#1027),.PCURVE_S1.);
#1016 = LINE('',#1017,#1018);
#1017 = CARTESIAN_POINT('',(-0.25,0.25,-0.23));
#1018 = VECTOR('',#1019,1.);
#1019 = DIRECTION('',(-1.,0.,0.));
#1020 = PCURVE('',#771,#1021);
#1021 = DEFINITIONAL_REPRESENTATION('',(#1022),#1026);
#1022 = LINE('',#1023,#1024);
#1023 = CARTESIAN_POINT('',(1.570796326795,0.));
#1024 = VECTOR('',#1025,1.);
#1025 = DIRECTION('',(0.,1.));
#1026 = ( GEOMETRIC_REPRESENTATION_CONTEXT(2) 
PARAMETRIC_REPRESENTATION_CONTEXT() REPRESENTATION_CONTEXT('2D SPACE',''
  ) );
#1027 = PCURVE('',#1028,#1033);
#1028 = PLANE('',#1029);
#1029 = AXIS2_PLACEMENT_3D('',#1030,#1031,#1032);
#1030 = CARTESIAN_POINT('',(-0.25,0.25,0.25));
#1031 = DIRECTION('',(0.,-1.,0.));
#1032 = DIRECTION('',(0.,-0.,-1.));
#1033 = DEFINITIONAL_REPRESENTATION('',(#1034),#1038);
#1034 = LINE('',#1035,#1036);
#1035 = CARTESIAN_POINT('',(0.48,0.));
#1036 = VECTOR('',#1037,1.);
#1037 = DIRECTION('',(-0.,-1.));
#1038 = ( GEOMETRIC_REPRESENTATION_CONTEXT(2) 
PARAMETRIC_REPRESENTATION_CONTEXT() REPRESENTATION_CONTEXT('2D SPACE',''
  ) );
#1039 = ORIENTED_EDGE('',*,*,#1040,.T.);
#1040 = EDGE_CURVE('',#1013,#1041,#1043,.T.);
#1041 = VERTEX_POINT('',#1042);
#1042 = CARTESIAN_POINT('',(-0.279227112039,0.247320508076,-0.24));
#1043 = SURFACE_CURVE('',#1044,(#1055,#1084),.PCURVE_S1.);
#1044 = B_SPLINE_CURVE_WITH_KNOTS('',3,(#1045,#1046,#1047,#1048,#1049,
    #1050,#1051,#1052,#1053,#1054),.UNSPECIFIED.,.F.,.F.,(4,3,3,4),(
    3.167100127873E-05,3.362104032773E-05,4.069779286089E-05,
    4.236128272409E-05),.UNSPECIFIED.);
#1045 = CARTESIAN_POINT('',(-0.276809371192,0.25,-0.23));
#1046 = CARTESIAN_POINT('',(-0.276959928035,0.25,-0.230637045692));
#1047 = CARTESIAN_POINT('',(-0.277111275392,0.249969500954,
    -0.231274629676));
#1048 = CARTESIAN_POINT('',(-0.277262425793,0.249908720208,
    -0.231908627968));
#1049 = CARTESIAN_POINT('',(-0.277806808787,0.249689812388,
    -0.234192035005));
#1050 = CARTESIAN_POINT('',(-0.278358527603,0.249064446226,
    -0.236468685938));
#1051 = CARTESIAN_POINT('',(-0.27886961982,0.248080622005,
    -0.238549333872));
#1052 = CARTESIAN_POINT('',(-0.27899075317,0.247847447012,
    -0.239042465733));
#1053 = CARTESIAN_POINT('',(-0.27911012873,0.247593701141,-0.23952681573
    ));
#1054 = CARTESIAN_POINT('',(-0.279227112039,0.247320508076,-0.24));
#1055 = PCURVE('',#771,#1056);
#1056 = DEFINITIONAL_REPRESENTATION('',(#1057),#1083);
#1057 = B_SPLINE_CURVE_WITH_KNOTS('',3,(#1058,#1059,#1060,#1061,#1062,
    #1063,#1064,#1065,#1066,#1067,#1068,#1069,#1070,#1071,#1072,#1073,
    #1074,#1075,#1076,#1077,#1078,#1079,#1080,#1081,#1082),
  .UNSPECIFIED.,.F.,.F.,(4,1,1,1,1,1,1,1,1,1,1,1,1,1,1,1,1,1,1,1,1,1,4),
  (3.167100127873E-05,3.215692316261E-05,3.264284504649E-05,
    3.312876693037E-05,3.361468881425E-05,3.410061069813E-05,
    3.458653258201E-05,3.507245446589E-05,3.555837634977E-05,
    3.604429823365E-05,3.653022011753E-05,3.701614200141E-05,
    3.750206388529E-05,3.798798576917E-05,3.847390765305E-05,
    3.895982953693E-05,3.944575142081E-05,3.993167330469E-05,
    4.041759518857E-05,4.090351707245E-05,4.138943895633E-05,
    4.187536084021E-05,4.236128272409E-05),.QUASI_UNIFORM_KNOTS.);
#1058 = CARTESIAN_POINT('',(1.570796326795,2.680937119185E-02));
#1059 = CARTESIAN_POINT('',(1.578733456666,2.684688780724E-02));
#1060 = CARTESIAN_POINT('',(1.59461011982,2.692201467068E-02));
#1061 = CARTESIAN_POINT('',(1.618435269551,2.70349350399E-02));
#1062 = CARTESIAN_POINT('',(1.642239032807,2.714787126047E-02));
#1063 = CARTESIAN_POINT('',(1.666110569957,2.726118100534E-02));
#1064 = CARTESIAN_POINT('',(1.689690691197,2.737309776365E-02));
#1065 = CARTESIAN_POINT('',(1.713398040521,2.748554129103E-02));
#1066 = CARTESIAN_POINT('',(1.737117920101,2.759789705102E-02));
#1067 = CARTESIAN_POINT('',(1.760874345362,2.771021158029E-02));
#1068 = CARTESIAN_POINT('',(1.784653833162,2.782235428257E-02));
#1069 = CARTESIAN_POINT('',(1.808452693065,2.793424202025E-02));
#1070 = CARTESIAN_POINT('',(1.83226443792,2.804577895398E-02));
#1071 = CARTESIAN_POINT('',(1.856083220484,2.815687259275E-02));
#1072 = CARTESIAN_POINT('',(1.879903051075,2.826742975398E-02));
#1073 = CARTESIAN_POINT('',(1.903717867594,2.837735667293E-02));
#1074 = CARTESIAN_POINT('',(1.927522415587,2.848656260511E-02));
#1075 = CARTESIAN_POINT('',(1.95130903426,2.859494530719E-02));
#1076 = CARTESIAN_POINT('',(1.97508000518,2.8702445511E-02));
#1077 = CARTESIAN_POINT('',(1.99880173888,2.880884354652E-02));
#1078 = CARTESIAN_POINT('',(2.022576040042,2.891451837592E-02));
#1079 = CARTESIAN_POINT('',(2.046529247804,2.901996140813E-02));
#1080 = CARTESIAN_POINT('',(2.070452787931,2.912417875164E-02));
#1081 = CARTESIAN_POINT('',(2.086414868168,2.919294005453E-02));
#1082 = CARTESIAN_POINT('',(2.094395102393,2.922711203907E-02));
#1083 = ( GEOMETRIC_REPRESENTATION_CONTEXT(2) 
PARAMETRIC_REPRESENTATION_CONTEXT() REPRESENTATION_CONTEXT('2D SPACE',''
  ) );
#1084 = PCURVE('',#124,#1085);
#1085 = DEFINITIONAL_REPRESENTATION('',(#1086),#1112);
#1086 = B_SPLINE_CURVE_WITH_KNOTS('',3,(#1087,#1088,#1089,#1090,#1091,
    #1092,#1093,#1094,#1095,#1096,#1097,#1098,#1099,#1100,#1101,#1102,
    #1103,#1104,#1105,#1106,#1107,#1108,#1109,#1110,#1111),
  .UNSPECIFIED.,.F.,.F.,(4,1,1,1,1,1,1,1,1,1,1,1,1,1,1,1,1,1,1,1,1,1,4),
  (3.167100127873E-05,3.215692316261E-05,3.264284504649E-05,
    3.312876693037E-05,3.361468881425E-05,3.410061069813E-05,
    3.458653258201E-05,3.507245446589E-05,3.555837634977E-05,
    3.604429823365E-05,3.653022011753E-05,3.701614200141E-05,
    3.750206388529E-05,3.798798576917E-05,3.847390765305E-05,
    3.895982953693E-05,3.944575142081E-05,3.993167330469E-05,
    4.041759518857E-05,4.090351707245E-05,4.138943895633E-05,
    4.187536084021E-05,4.236128272409E-05),.QUASI_UNIFORM_KNOTS.);
#1087 = CARTESIAN_POINT('',(1.802874009658,1.E-02));
#1088 = CARTESIAN_POINT('',(1.803037125377,1.E-02));
#1089 = CARTESIAN_POINT('',(1.803363424826,9.99621406724E-03));
#1090 = CARTESIAN_POINT('',(1.8038528611,9.979182664361E-03));
#1091 = CARTESIAN_POINT('',(1.804341361021,9.950863585102E-03));
#1092 = CARTESIAN_POINT('',(1.80483047396,9.911113291998E-03));
#1093 = CARTESIAN_POINT('',(1.805312564502,9.860562174057E-03));
#1094 = CARTESIAN_POINT('',(1.805795911647,9.798424857007E-03));
#1095 = CARTESIAN_POINT('',(1.806277893968,9.725022754383E-03));
#1096 = CARTESIAN_POINT('',(1.806758733223,9.640387965024E-03));
#1097 = CARTESIAN_POINT('',(1.807237889339,9.544630107323E-03));
#1098 = CARTESIAN_POINT('',(1.807715026348,9.437838036162E-03));
#1099 = CARTESIAN_POINT('',(1.808189753646,9.3201061409E-03));
#1100 = CARTESIAN_POINT('',(1.808661695034,9.191527436508E-03));
#1101 = CARTESIAN_POINT('',(1.809130471304,9.052194901032E-03));
#1102 = CARTESIAN_POINT('',(1.809595700848,8.902203034597E-03));
#1103 = CARTESIAN_POINT('',(1.810057014659,8.741640285948E-03));
#1104 = CARTESIAN_POINT('',(1.810513995703,8.570617787266E-03));
#1105 = CARTESIAN_POINT('',(1.810966406449,8.389161988369E-03));
#1106 = CARTESIAN_POINT('',(1.811413339373,8.197615385089E-03));
#1107 = CARTESIAN_POINT('',(1.811856387424,7.99514097157E-03));
#1108 = CARTESIAN_POINT('',(1.812297667372,7.780839805757E-03));
#1109 = CARTESIAN_POINT('',(1.812733042173,7.556614013281E-03));
#1110 = CARTESIAN_POINT('',(1.813019794564,7.400310479046E-03));
#1111 = CARTESIAN_POINT('',(1.813162177834,7.320508075691E-03));
#1112 = ( GEOMETRIC_REPRESENTATION_CONTEXT(2) 
PARAMETRIC_REPRESENTATION_CONTEXT() REPRESENTATION_CONTEXT('2D SPACE',''
  ) );
#1113 = ORIENTED_EDGE('',*,*,#1114,.T.);
#1114 = EDGE_CURVE('',#1041,#1115,#1117,.T.);
#1115 = VERTEX_POINT('',#1116);
#1116 = CARTESIAN_POINT('',(-0.281066273533,0.247320508076,-0.24));
#1117 = SURFACE_CURVE('',#1118,(#1122,#1129),.PCURVE_S1.);
#1118 = LINE('',#1119,#1120);
#1119 = CARTESIAN_POINT('',(-0.25,0.247320508076,-0.24));
#1120 = VECTOR('',#1121,1.);
#1121 = DIRECTION('',(-1.,0.,0.));
#1122 = PCURVE('',#771,#1123);
#1123 = DEFINITIONAL_REPRESENTATION('',(#1124),#1128);
#1124 = LINE('',#1125,#1126);
#1125 = CARTESIAN_POINT('',(2.094395102393,0.));
#1126 = VECTOR('',#1127,1.);
#1127 = DIRECTION('',(0.,1.));
#1128 = ( GEOMETRIC_REPRESENTATION_CONTEXT(2) 
PARAMETRIC_REPRESENTATION_CONTEXT() REPRESENTATION_CONTEXT('2D SPACE',''
  ) );
#1129 = PCURVE('',#1130,#1135);
#1130 = PLANE('',#1131);
#1131 = AXIS2_PLACEMENT_3D('',#1132,#1133,#1134);
#1132 = CARTESIAN_POINT('',(-0.4,0.24,-0.24));
#1133 = DIRECTION('',(0.,1.129377263006E-16,-1.));
#1134 = DIRECTION('',(0.,1.,1.129377263006E-16));
#1135 = DEFINITIONAL_REPRESENTATION('',(#1136),#1140);
#1136 = LINE('',#1137,#1138);
#1137 = CARTESIAN_POINT('',(7.320508075689E-03,0.15));
#1138 = VECTOR('',#1139,1.);
#1139 = DIRECTION('',(0.,-1.));
#1140 = ( GEOMETRIC_REPRESENTATION_CONTEXT(2) 
PARAMETRIC_REPRESENTATION_CONTEXT() REPRESENTATION_CONTEXT('2D SPACE',''
  ) );
#1141 = ORIENTED_EDGE('',*,*,#1142,.T.);
#1142 = EDGE_CURVE('',#1115,#757,#1143,.T.);
#1143 = SURFACE_CURVE('',#1144,(#1149,#1178),.PCURVE_S1.);
#1144 = B_SPLINE_CURVE_WITH_KNOTS('',3,(#1145,#1146,#1147,#1148),
  .UNSPECIFIED.,.F.,.F.,(4,4),(2.710505431214E-20,5.27890912456E-06),
  .PIECEWISE_BEZIER_KNOTS.);
#1145 = CARTESIAN_POINT('',(-0.281066273533,0.247320508076,-0.24));
#1146 = CARTESIAN_POINT('',(-0.280843340227,0.246447116698,
    -0.241512758241));
#1147 = CARTESIAN_POINT('',(-0.280569176279,0.245368042176,
    -0.242916229071));
#1148 = CARTESIAN_POINT('',(-0.280260541376,0.244142135624,
    -0.244142135624));
#1149 = PCURVE('',#771,#1150);
#1150 = DEFINITIONAL_REPRESENTATION('',(#1151),#1177);
#1151 = B_SPLINE_CURVE_WITH_KNOTS('',3,(#1152,#1153,#1154,#1155,#1156,
    #1157,#1158,#1159,#1160,#1161,#1162,#1163,#1164,#1165,#1166,#1167,
    #1168,#1169,#1170,#1171,#1172,#1173,#1174,#1175,#1176),
  .UNSPECIFIED.,.F.,.F.,(4,1,1,1,1,1,1,1,1,1,1,1,1,1,1,1,1,1,1,1,1,1,4),
  (2.710505431214E-20,2.399504147528E-07,4.799008295055E-07,
    7.198512442582E-07,9.59801659011E-07,1.199752073764E-06,
    1.439702488516E-06,1.679652903269E-06,1.919603318022E-06,
    2.159553732775E-06,2.399504147527E-06,2.63945456228E-06,
    2.879404977033E-06,3.119355391786E-06,3.359305806538E-06,
    3.599256221291E-06,3.839206636044E-06,4.079157050797E-06,
    4.319107465549E-06,4.559057880302E-06,4.799008295055E-06,
    5.038958709807E-06,5.27890912456E-06),.QUASI_UNIFORM_KNOTS.);
#1152 = CARTESIAN_POINT('',(2.094395102393,3.106627353302E-02));
#1153 = CARTESIAN_POINT('',(2.098365061167,3.105614020092E-02));
#1154 = CARTESIAN_POINT('',(2.106306679859,3.103566183984E-02));
#1155 = CARTESIAN_POINT('',(2.118223452681,3.100431865147E-02));
#1156 = CARTESIAN_POINT('',(2.130143820739,3.09723592602E-02));
#1157 = CARTESIAN_POINT('',(2.142067002639,3.093979310989E-02));
#1158 = CARTESIAN_POINT('',(2.153992198738,3.090662964438E-02));
#1159 = CARTESIAN_POINT('',(2.165918590167,3.087287830752E-02));
#1160 = CARTESIAN_POINT('',(2.177845341772,3.083854854316E-02));
#1161 = CARTESIAN_POINT('',(2.189771604041,3.080364979516E-02));
#1162 = CARTESIAN_POINT('',(2.201696515322,3.076819150736E-02));
#1163 = CARTESIAN_POINT('',(2.213619203972,3.073218312362E-02));
#1164 = CARTESIAN_POINT('',(2.225538790546,3.069563408778E-02));
#1165 = CARTESIAN_POINT('',(2.237454389983,3.06585538437E-02));
#1166 = CARTESIAN_POINT('',(2.249365113791,3.062095183523E-02));
#1167 = CARTESIAN_POINT('',(2.261270072246,3.058283750621E-02));
#1168 = CARTESIAN_POINT('',(2.27316837657,3.05442203005E-02));
#1169 = CARTESIAN_POINT('',(2.285059141119,3.050510966195E-02));
#1170 = CARTESIAN_POINT('',(2.296941485542,3.046551503441E-02));
#1171 = CARTESIAN_POINT('',(2.308814536981,3.042544586173E-02));
#1172 = CARTESIAN_POINT('',(2.320677432054,3.038491158776E-02));
#1173 = CARTESIAN_POINT('',(2.332529319572,3.034392165635E-02));
#1174 = CARTESIAN_POINT('',(2.344369360424,3.030248551135E-02));
#1175 = CARTESIAN_POINT('',(2.352254278762,3.027457023486E-02));
#1176 = CARTESIAN_POINT('',(2.356194490192,3.026054137563E-02));
#1177 = ( GEOMETRIC_REPRESENTATION_CONTEXT(2) 
PARAMETRIC_REPRESENTATION_CONTEXT() REPRESENTATION_CONTEXT('2D SPACE',''
  ) );
#1178 = PCURVE('',#1179,#1184);
#1179 = CYLINDRICAL_SURFACE('',#1180,1.);
#1180 = AXIS2_PLACEMENT_3D('',#1181,#1182,#1183);
#1181 = CARTESIAN_POINT('',(-1.25,2.602085213965E-17,-0.24));
#1182 = DIRECTION('',(-0.,1.084202172486E-16,-1.));
#1183 = DIRECTION('',(0.,1.,1.084202172486E-16));
#1184 = DEFINITIONAL_REPRESENTATION('',(#1185),#1211);
#1185 = B_SPLINE_CURVE_WITH_KNOTS('',3,(#1186,#1187,#1188,#1189,#1190,
    #1191,#1192,#1193,#1194,#1195,#1196,#1197,#1198,#1199,#1200,#1201,
    #1202,#1203,#1204,#1205,#1206,#1207,#1208,#1209,#1210),
  .UNSPECIFIED.,.F.,.F.,(4,1,1,1,1,1,1,1,1,1,1,1,1,1,1,1,1,1,1,1,1,1,4),
  (2.710505431214E-20,2.399504147528E-07,4.799008295055E-07,
    7.198512442582E-07,9.59801659011E-07,1.199752073764E-06,
    1.439702488516E-06,1.679652903269E-06,1.919603318022E-06,
    2.159553732775E-06,2.399504147527E-06,2.63945456228E-06,
    2.879404977033E-06,3.119355391786E-06,3.359305806538E-06,
    3.599256221291E-06,3.839206636044E-06,4.079157050797E-06,
    4.319107465549E-06,4.559057880302E-06,4.799008295055E-06,
    5.038958709807E-06,5.27890912456E-06),.QUASI_UNIFORM_KNOTS.);
#1186 = CARTESIAN_POINT('',(1.32088245456,0.));
#1187 = CARTESIAN_POINT('',(1.32092342703,6.876173822476E-05));
#1188 = CARTESIAN_POINT('',(1.321006247853,2.058336138047E-04));
#1189 = CARTESIAN_POINT('',(1.321133072272,4.100481515001E-04));
#1190 = CARTESIAN_POINT('',(1.321262455411,6.128309404549E-04));
#1191 = CARTESIAN_POINT('',(1.321394362803,8.14143507603E-04));
#1192 = CARTESIAN_POINT('',(1.321528759986,1.013947379879E-03));
#1193 = CARTESIAN_POINT('',(1.321665612495,1.212204084215E-03));
#1194 = CARTESIAN_POINT('',(1.321804885866,1.408875147548E-03));
#1195 = CARTESIAN_POINT('',(1.321946545635,1.603922096809E-03));
#1196 = CARTESIAN_POINT('',(1.322090557338,1.797306458934E-03));
#1197 = CARTESIAN_POINT('',(1.322236886513,1.988989760856E-03));
#1198 = CARTESIAN_POINT('',(1.322385498697,2.178933529509E-03));
#1199 = CARTESIAN_POINT('',(1.322536359427,2.367099291828E-03));
#1200 = CARTESIAN_POINT('',(1.32268943424,2.553448574745E-03));
#1201 = CARTESIAN_POINT('',(1.322844688676,2.737942905196E-03));
#1202 = CARTESIAN_POINT('',(1.323002088271,2.920543810114E-03));
#1203 = CARTESIAN_POINT('',(1.323161598565,3.101212816433E-03));
#1204 = CARTESIAN_POINT('',(1.323323185096,3.279911451088E-03));
#1205 = CARTESIAN_POINT('',(1.323486813405,3.456601241011E-03));
#1206 = CARTESIAN_POINT('',(1.32365244903,3.631243713138E-03));
#1207 = CARTESIAN_POINT('',(1.323820057511,3.803800394401E-03));
#1208 = CARTESIAN_POINT('',(1.32398960439,3.974232811736E-03));
#1209 = CARTESIAN_POINT('',(1.324103904934,4.086412598629E-03));
#1210 = CARTESIAN_POINT('',(1.324161366786,4.142135623732E-03));
#1211 = ( GEOMETRIC_REPRESENTATION_CONTEXT(2) 
PARAMETRIC_REPRESENTATION_CONTEXT() REPRESENTATION_CONTEXT('2D SPACE',''
  ) );
#1212 = ADVANCED_FACE('',(#1213),#557,.T.);
#1213 = FACE_BOUND('',#1214,.T.);
#1214 = EDGE_LOOP('',(#1215,#1239,#1260));
#1215 = ORIENTED_EDGE('',*,*,#1216,.F.);
#1216 = EDGE_CURVE('',#1217,#469,#1219,.T.);
#1217 = VERTEX_POINT('',#1218);
#1218 = CARTESIAN_POINT('',(-0.279227112039,-0.24,-0.24));
#1219 = SURFACE_CURVE('',#1220,(#1225,#1232),.PCURVE_S1.);
#1220 = CIRCLE('',#1221,1.);
#1221 = AXIS2_PLACEMENT_3D('',#1222,#1223,#1224);
#1222 = CARTESIAN_POINT('',(-1.25,2.602085213965E-17,-0.24));
#1223 = DIRECTION('',(-0.,1.084202172486E-16,-1.));
#1224 = DIRECTION('',(0.,1.,1.084202172486E-16));
#1225 = PCURVE('',#557,#1226);
#1226 = DEFINITIONAL_REPRESENTATION('',(#1227),#1231);
#1227 = CIRCLE('',#1228,1.);
#1228 = AXIS2_PLACEMENT_2D('',#1229,#1230);
#1229 = CARTESIAN_POINT('',(-0.24,-0.85));
#1230 = DIRECTION('',(1.,0.));
#1231 = ( GEOMETRIC_REPRESENTATION_CONTEXT(2) 
PARAMETRIC_REPRESENTATION_CONTEXT() REPRESENTATION_CONTEXT('2D SPACE',''
  ) );
#1232 = PCURVE('',#507,#1233);
#1233 = DEFINITIONAL_REPRESENTATION('',(#1234),#1238);
#1234 = LINE('',#1235,#1236);
#1235 = CARTESIAN_POINT('',(0.,0.));
#1236 = VECTOR('',#1237,1.);
#1237 = DIRECTION('',(1.,0.));
#1238 = ( GEOMETRIC_REPRESENTATION_CONTEXT(2) 
PARAMETRIC_REPRESENTATION_CONTEXT() REPRESENTATION_CONTEXT('2D SPACE',''
  ) );
#1239 = ORIENTED_EDGE('',*,*,#1240,.T.);
#1240 = EDGE_CURVE('',#1217,#542,#1241,.T.);
#1241 = SURFACE_CURVE('',#1242,(#1246,#1253),.PCURVE_S1.);
#1242 = LINE('',#1243,#1244);
#1243 = CARTESIAN_POINT('',(-0.279227112039,-0.24,-0.24));
#1244 = VECTOR('',#1245,1.);
#1245 = DIRECTION('',(-0.,-1.,3.383061121595E-15));
#1246 = PCURVE('',#557,#1247);
#1247 = DEFINITIONAL_REPRESENTATION('',(#1248),#1252);
#1248 = LINE('',#1249,#1250);
#1249 = CARTESIAN_POINT('',(-0.48,0.120772887961));
#1250 = VECTOR('',#1251,1.);
#1251 = DIRECTION('',(-1.,0.));
#1252 = ( GEOMETRIC_REPRESENTATION_CONTEXT(2) 
PARAMETRIC_REPRESENTATION_CONTEXT() REPRESENTATION_CONTEXT('2D SPACE',''
  ) );
#1253 = PCURVE('',#614,#1254);
#1254 = DEFINITIONAL_REPRESENTATION('',(#1255),#1259);
#1255 = LINE('',#1256,#1257);
#1256 = CARTESIAN_POINT('',(1.328430475756,-8.326672684689E-16));
#1257 = VECTOR('',#1258,1.);
#1258 = DIRECTION('',(0.,1.));
#1259 = ( GEOMETRIC_REPRESENTATION_CONTEXT(2) 
PARAMETRIC_REPRESENTATION_CONTEXT() REPRESENTATION_CONTEXT('2D SPACE',''
  ) );
#1260 = ORIENTED_EDGE('',*,*,#541,.F.);
#1261 = ADVANCED_FACE('',(#1262),#1130,.T.);
#1262 = FACE_BOUND('',#1263,.T.);
#1263 = EDGE_LOOP('',(#1264,#1265,#1288));
#1264 = ORIENTED_EDGE('',*,*,#1114,.F.);
#1265 = ORIENTED_EDGE('',*,*,#1266,.T.);
#1266 = EDGE_CURVE('',#1041,#1267,#1269,.T.);
#1267 = VERTEX_POINT('',#1268);
#1268 = CARTESIAN_POINT('',(-0.279227112039,0.24,-0.24));
#1269 = SURFACE_CURVE('',#1270,(#1274,#1281),.PCURVE_S1.);
#1270 = LINE('',#1271,#1272);
#1271 = CARTESIAN_POINT('',(-0.279227112039,0.24,-0.24));
#1272 = VECTOR('',#1273,1.);
#1273 = DIRECTION('',(0.,-1.,1.036602379928E-14));
#1274 = PCURVE('',#1130,#1275);
#1275 = DEFINITIONAL_REPRESENTATION('',(#1276),#1280);
#1276 = LINE('',#1277,#1278);
#1277 = CARTESIAN_POINT('',(1.110223024625E-16,0.120772887961));
#1278 = VECTOR('',#1279,1.);
#1279 = DIRECTION('',(-1.,0.));
#1280 = ( GEOMETRIC_REPRESENTATION_CONTEXT(2) 
PARAMETRIC_REPRESENTATION_CONTEXT() REPRESENTATION_CONTEXT('2D SPACE',''
  ) );
#1281 = PCURVE('',#124,#1282);
#1282 = DEFINITIONAL_REPRESENTATION('',(#1283),#1287);
#1283 = LINE('',#1284,#1285);
#1284 = CARTESIAN_POINT('',(1.813162177834,2.525757381022E-15));
#1285 = VECTOR('',#1286,1.);
#1286 = DIRECTION('',(0.,-1.));
#1287 = ( GEOMETRIC_REPRESENTATION_CONTEXT(2) 
PARAMETRIC_REPRESENTATION_CONTEXT() REPRESENTATION_CONTEXT('2D SPACE',''
  ) );
#1288 = ORIENTED_EDGE('',*,*,#1289,.F.);
#1289 = EDGE_CURVE('',#1115,#1267,#1290,.T.);
#1290 = SURFACE_CURVE('',#1291,(#1296,#1303),.PCURVE_S1.);
#1291 = CIRCLE('',#1292,1.);
#1292 = AXIS2_PLACEMENT_3D('',#1293,#1294,#1295);
#1293 = CARTESIAN_POINT('',(-1.25,2.602085213965E-17,-0.24));
#1294 = DIRECTION('',(-0.,1.084202172486E-16,-1.));
#1295 = DIRECTION('',(0.,1.,1.084202172486E-16));
#1296 = PCURVE('',#1130,#1297);
#1297 = DEFINITIONAL_REPRESENTATION('',(#1298),#1302);
#1298 = CIRCLE('',#1299,1.);
#1299 = AXIS2_PLACEMENT_2D('',#1300,#1301);
#1300 = CARTESIAN_POINT('',(-0.24,-0.85));
#1301 = DIRECTION('',(1.,0.));
#1302 = ( GEOMETRIC_REPRESENTATION_CONTEXT(2) 
PARAMETRIC_REPRESENTATION_CONTEXT() REPRESENTATION_CONTEXT('2D SPACE',''
  ) );
#1303 = PCURVE('',#1179,#1304);
#1304 = DEFINITIONAL_REPRESENTATION('',(#1305),#1309);
#1305 = LINE('',#1306,#1307);
#1306 = CARTESIAN_POINT('',(0.,0.));
#1307 = VECTOR('',#1308,1.);
#1308 = DIRECTION('',(1.,0.));
#1309 = ( GEOMETRIC_REPRESENTATION_CONTEXT(2) 
PARAMETRIC_REPRESENTATION_CONTEXT() REPRESENTATION_CONTEXT('2D SPACE',''
  ) );
#1310 = ADVANCED_FACE('',(#1311),#1028,.F.);
#1311 = FACE_BOUND('',#1312,.T.);
#1312 = EDGE_LOOP('',(#1313,#1341,#1342,#1370));
#1313 = ORIENTED_EDGE('',*,*,#1314,.T.);
#1314 = EDGE_CURVE('',#1315,#1013,#1317,.T.);
#1315 = VERTEX_POINT('',#1316);
#1316 = CARTESIAN_POINT('',(-0.276809371192,0.25,0.23));
#1317 = SURFACE_CURVE('',#1318,(#1323,#1334),.PCURVE_S1.);
#1318 = CIRCLE('',#1319,1.);
#1319 = AXIS2_PLACEMENT_3D('',#1320,#1321,#1322);
#1320 = CARTESIAN_POINT('',(-1.25,0.25,-2.59150594982E-15));
#1321 = DIRECTION('',(-0.,1.,-1.036602379928E-14));
#1322 = DIRECTION('',(0.,1.036602379928E-14,1.));
#1323 = PCURVE('',#1028,#1324);
#1324 = DEFINITIONAL_REPRESENTATION('',(#1325),#1333);
#1325 = ( BOUNDED_CURVE() B_SPLINE_CURVE(2,(#1326,#1327,#1328,#1329,
#1330,#1331,#1332),.UNSPECIFIED.,.T.,.F.) B_SPLINE_CURVE_WITH_KNOTS((1,2
    ,2,2,2,1),(-2.094395102393,0.,2.094395102393,4.188790204786,
6.28318530718,8.377580409573),.UNSPECIFIED.) CURVE() 
GEOMETRIC_REPRESENTATION_ITEM() RATIONAL_B_SPLINE_CURVE((1.,0.5,1.,0.5,
1.,0.5,1.)) REPRESENTATION_ITEM('') );
#1326 = CARTESIAN_POINT('',(-0.75,-1.));
#1327 = CARTESIAN_POINT('',(-0.75,0.732050807569));
#1328 = CARTESIAN_POINT('',(0.75,-0.133974596216));
#1329 = CARTESIAN_POINT('',(2.25,-1.));
#1330 = CARTESIAN_POINT('',(0.75,-1.866025403784));
#1331 = CARTESIAN_POINT('',(-0.75,-2.732050807569));
#1332 = CARTESIAN_POINT('',(-0.75,-1.));
#1333 = ( GEOMETRIC_REPRESENTATION_CONTEXT(2) 
PARAMETRIC_REPRESENTATION_CONTEXT() REPRESENTATION_CONTEXT('2D SPACE',''
  ) );
#1334 = PCURVE('',#124,#1335);
#1335 = DEFINITIONAL_REPRESENTATION('',(#1336),#1340);
#1336 = LINE('',#1337,#1338);
#1337 = CARTESIAN_POINT('',(0.,1.E-02));
#1338 = VECTOR('',#1339,1.);
#1339 = DIRECTION('',(1.,0.));
#1340 = ( GEOMETRIC_REPRESENTATION_CONTEXT(2) 
PARAMETRIC_REPRESENTATION_CONTEXT() REPRESENTATION_CONTEXT('2D SPACE',''
  ) );
#1341 = ORIENTED_EDGE('',*,*,#1012,.T.);
#1342 = ORIENTED_EDGE('',*,*,#1343,.T.);
#1343 = EDGE_CURVE('',#962,#1344,#1346,.T.);
#1344 = VERTEX_POINT('',#1345);
#1345 = CARTESIAN_POINT('',(-0.48,0.25,0.23));
#1346 = SURFACE_CURVE('',#1347,(#1351,#1358),.PCURVE_S1.);
#1347 = LINE('',#1348,#1349);
#1348 = CARTESIAN_POINT('',(-0.48,0.25,0.25));
#1349 = VECTOR('',#1350,1.);
#1350 = DIRECTION('',(0.,0.,1.));
#1351 = PCURVE('',#1028,#1352);
#1352 = DEFINITIONAL_REPRESENTATION('',(#1353),#1357);
#1353 = LINE('',#1354,#1355);
#1354 = CARTESIAN_POINT('',(-0.,-0.23));
#1355 = VECTOR('',#1356,1.);
#1356 = DIRECTION('',(-1.,0.));
#1357 = ( GEOMETRIC_REPRESENTATION_CONTEXT(2) 
PARAMETRIC_REPRESENTATION_CONTEXT() REPRESENTATION_CONTEXT('2D SPACE',''
  ) );
#1358 = PCURVE('',#1359,#1364);
#1359 = CYLINDRICAL_SURFACE('',#1360,2.E-02);
#1360 = AXIS2_PLACEMENT_3D('',#1361,#1362,#1363);
#1361 = CARTESIAN_POINT('',(-0.48,0.23,0.25));
#1362 = DIRECTION('',(0.,0.,-1.));
#1363 = DIRECTION('',(-1.,0.,0.));
#1364 = DEFINITIONAL_REPRESENTATION('',(#1365),#1369);
#1365 = LINE('',#1366,#1367);
#1366 = CARTESIAN_POINT('',(1.570796326795,0.));
#1367 = VECTOR('',#1368,1.);
#1368 = DIRECTION('',(0.,-1.));
#1369 = ( GEOMETRIC_REPRESENTATION_CONTEXT(2) 
PARAMETRIC_REPRESENTATION_CONTEXT() REPRESENTATION_CONTEXT('2D SPACE',''
  ) );
#1370 = ORIENTED_EDGE('',*,*,#1371,.T.);
#1371 = EDGE_CURVE('',#1344,#1315,#1372,.T.);
#1372 = SURFACE_CURVE('',#1373,(#1377,#1384),.PCURVE_S1.);
#1373 = LINE('',#1374,#1375);
#1374 = CARTESIAN_POINT('',(-0.25,0.25,0.23));
#1375 = VECTOR('',#1376,1.);
#1376 = DIRECTION('',(1.,-0.,-0.));
#1377 = PCURVE('',#1028,#1378);
#1378 = DEFINITIONAL_REPRESENTATION('',(#1379),#1383);
#1379 = LINE('',#1380,#1381);
#1380 = CARTESIAN_POINT('',(2.E-02,0.));
#1381 = VECTOR('',#1382,1.);
#1382 = DIRECTION('',(0.,1.));
#1383 = ( GEOMETRIC_REPRESENTATION_CONTEXT(2) 
PARAMETRIC_REPRESENTATION_CONTEXT() REPRESENTATION_CONTEXT('2D SPACE',''
  ) );
#1384 = PCURVE('',#1385,#1390);
#1385 = CYLINDRICAL_SURFACE('',#1386,2.E-02);
#1386 = AXIS2_PLACEMENT_3D('',#1387,#1388,#1389);
#1387 = CARTESIAN_POINT('',(-0.25,0.23,0.23));
#1388 = DIRECTION('',(-1.,0.,0.));
#1389 = DIRECTION('',(0.,0.,1.));
#1390 = DEFINITIONAL_REPRESENTATION('',(#1391),#1395);
#1391 = LINE('',#1392,#1393);
#1392 = CARTESIAN_POINT('',(1.570796326795,0.));
#1393 = VECTOR('',#1394,1.);
#1394 = DIRECTION('',(0.,-1.));
#1395 = ( GEOMETRIC_REPRESENTATION_CONTEXT(2) 
PARAMETRIC_REPRESENTATION_CONTEXT() REPRESENTATION_CONTEXT('2D SPACE',''
  ) );
#1396 = ADVANCED_FACE('',(#1397),#1412,.F.);
#1397 = FACE_BOUND('',#1398,.T.);
#1398 = EDGE_LOOP('',(#1399,#1439,#1462,#1490));
#1399 = ORIENTED_EDGE('',*,*,#1400,.T.);
#1400 = EDGE_CURVE('',#1401,#1403,#1405,.T.);
#1401 = VERTEX_POINT('',#1402);
#1402 = CARTESIAN_POINT('',(-0.276809371192,-0.23,0.25));
#1403 = VERTEX_POINT('',#1404);
#1404 = CARTESIAN_POINT('',(-0.276809371192,0.23,0.25));
#1405 = SURFACE_CURVE('',#1406,(#1411,#1427),.PCURVE_S1.);
#1406 = CIRCLE('',#1407,1.);
#1407 = AXIS2_PLACEMENT_3D('',#1408,#1409,#1410);
#1408 = CARTESIAN_POINT('',(-1.25,-2.710505431214E-17,0.25));
#1409 = DIRECTION('',(0.,-1.084202172486E-16,1.));
#1410 = DIRECTION('',(0.,-1.,-1.084202172486E-16));
#1411 = PCURVE('',#1412,#1417);
#1412 = PLANE('',#1413);
#1413 = AXIS2_PLACEMENT_3D('',#1414,#1415,#1416);
#1414 = CARTESIAN_POINT('',(-0.25,0.25,0.25));
#1415 = DIRECTION('',(0.,1.084202172486E-16,-1.));
#1416 = DIRECTION('',(0.,1.,1.084202172486E-16));
#1417 = DEFINITIONAL_REPRESENTATION('',(#1418),#1426);
#1418 = ( BOUNDED_CURVE() B_SPLINE_CURVE(2,(#1419,#1420,#1421,#1422,
#1423,#1424,#1425),.UNSPECIFIED.,.T.,.F.) B_SPLINE_CURVE_WITH_KNOTS((1,2
    ,2,2,2,1),(-2.094395102393,0.,2.094395102393,4.188790204786,
6.28318530718,8.377580409573),.UNSPECIFIED.) CURVE() 
GEOMETRIC_REPRESENTATION_ITEM() RATIONAL_B_SPLINE_CURVE((1.,0.5,1.,0.5,
1.,0.5,1.)) REPRESENTATION_ITEM('') );
#1419 = CARTESIAN_POINT('',(-1.25,-1.));
#1420 = CARTESIAN_POINT('',(-1.25,0.732050807569));
#1421 = CARTESIAN_POINT('',(0.25,-0.133974596216));
#1422 = CARTESIAN_POINT('',(1.75,-1.));
#1423 = CARTESIAN_POINT('',(0.25,-1.866025403784));
#1424 = CARTESIAN_POINT('',(-1.25,-2.732050807569));
#1425 = CARTESIAN_POINT('',(-1.25,-1.));
#1426 = ( GEOMETRIC_REPRESENTATION_CONTEXT(2) 
PARAMETRIC_REPRESENTATION_CONTEXT() REPRESENTATION_CONTEXT('2D SPACE',''
  ) );
#1427 = PCURVE('',#1428,#1433);
#1428 = CYLINDRICAL_SURFACE('',#1429,1.);
#1429 = AXIS2_PLACEMENT_3D('',#1430,#1431,#1432);
#1430 = CARTESIAN_POINT('',(-1.25,-2.602085213965E-17,0.24));
#1431 = DIRECTION('',(-0.,-1.084202172486E-16,1.));
#1432 = DIRECTION('',(0.,-1.,-1.084202172486E-16));
#1433 = DEFINITIONAL_REPRESENTATION('',(#1434),#1438);
#1434 = LINE('',#1435,#1436);
#1435 = CARTESIAN_POINT('',(0.,1.E-02));
#1436 = VECTOR('',#1437,1.);
#1437 = DIRECTION('',(1.,-5.979802812847E-17));
#1438 = ( GEOMETRIC_REPRESENTATION_CONTEXT(2) 
PARAMETRIC_REPRESENTATION_CONTEXT() REPRESENTATION_CONTEXT('2D SPACE',''
  ) );
#1439 = ORIENTED_EDGE('',*,*,#1440,.T.);
#1440 = EDGE_CURVE('',#1403,#1441,#1443,.T.);
#1441 = VERTEX_POINT('',#1442);
#1442 = CARTESIAN_POINT('',(-0.48,0.23,0.25));
#1443 = SURFACE_CURVE('',#1444,(#1448,#1455),.PCURVE_S1.);
#1444 = LINE('',#1445,#1446);
#1445 = CARTESIAN_POINT('',(-0.25,0.23,0.25));
#1446 = VECTOR('',#1447,1.);
#1447 = DIRECTION('',(-1.,0.,0.));
#1448 = PCURVE('',#1412,#1449);
#1449 = DEFINITIONAL_REPRESENTATION('',(#1450),#1454);
#1450 = LINE('',#1451,#1452);
#1451 = CARTESIAN_POINT('',(-2.E-02,0.));
#1452 = VECTOR('',#1453,1.);
#1453 = DIRECTION('',(0.,-1.));
#1454 = ( GEOMETRIC_REPRESENTATION_CONTEXT(2) 
PARAMETRIC_REPRESENTATION_CONTEXT() REPRESENTATION_CONTEXT('2D SPACE',''
  ) );
#1455 = PCURVE('',#1385,#1456);
#1456 = DEFINITIONAL_REPRESENTATION('',(#1457),#1461);
#1457 = LINE('',#1458,#1459);
#1458 = CARTESIAN_POINT('',(0.,0.));
#1459 = VECTOR('',#1460,1.);
#1460 = DIRECTION('',(0.,1.));
#1461 = ( GEOMETRIC_REPRESENTATION_CONTEXT(2) 
PARAMETRIC_REPRESENTATION_CONTEXT() REPRESENTATION_CONTEXT('2D SPACE',''
  ) );
#1462 = ORIENTED_EDGE('',*,*,#1463,.T.);
#1463 = EDGE_CURVE('',#1441,#1464,#1466,.T.);
#1464 = VERTEX_POINT('',#1465);
#1465 = CARTESIAN_POINT('',(-0.48,-0.23,0.25));
#1466 = SURFACE_CURVE('',#1467,(#1471,#1478),.PCURVE_S1.);
#1467 = LINE('',#1468,#1469);
#1468 = CARTESIAN_POINT('',(-0.48,-0.25,0.25));
#1469 = VECTOR('',#1470,1.);
#1470 = DIRECTION('',(0.,-1.,-1.084202172486E-16));
#1471 = PCURVE('',#1412,#1472);
#1472 = DEFINITIONAL_REPRESENTATION('',(#1473),#1477);
#1473 = LINE('',#1474,#1475);
#1474 = CARTESIAN_POINT('',(-0.5,-0.23));
#1475 = VECTOR('',#1476,1.);
#1476 = DIRECTION('',(-1.,0.));
#1477 = ( GEOMETRIC_REPRESENTATION_CONTEXT(2) 
PARAMETRIC_REPRESENTATION_CONTEXT() REPRESENTATION_CONTEXT('2D SPACE',''
  ) );
#1478 = PCURVE('',#1479,#1484);
#1479 = CYLINDRICAL_SURFACE('',#1480,2.E-02);
#1480 = AXIS2_PLACEMENT_3D('',#1481,#1482,#1483);
#1481 = CARTESIAN_POINT('',(-0.48,0.25,0.23));
#1482 = DIRECTION('',(0.,1.,1.084202172486E-16));
#1483 = DIRECTION('',(0.,-1.084202172486E-16,1.));
#1484 = DEFINITIONAL_REPRESENTATION('',(#1485),#1489);
#1485 = LINE('',#1486,#1487);
#1486 = CARTESIAN_POINT('',(6.28318530718,-0.5));
#1487 = VECTOR('',#1488,1.);
#1488 = DIRECTION('',(0.,-1.));
#1489 = ( GEOMETRIC_REPRESENTATION_CONTEXT(2) 
PARAMETRIC_REPRESENTATION_CONTEXT() REPRESENTATION_CONTEXT('2D SPACE',''
  ) );
#1490 = ORIENTED_EDGE('',*,*,#1491,.T.);
#1491 = EDGE_CURVE('',#1464,#1401,#1492,.T.);
#1492 = SURFACE_CURVE('',#1493,(#1497,#1504),.PCURVE_S1.);
#1493 = LINE('',#1494,#1495);
#1494 = CARTESIAN_POINT('',(-0.25,-0.23,0.25));
#1495 = VECTOR('',#1496,1.);
#1496 = DIRECTION('',(1.,-0.,-0.));
#1497 = PCURVE('',#1412,#1498);
#1498 = DEFINITIONAL_REPRESENTATION('',(#1499),#1503);
#1499 = LINE('',#1500,#1501);
#1500 = CARTESIAN_POINT('',(-0.48,0.));
#1501 = VECTOR('',#1502,1.);
#1502 = DIRECTION('',(0.,1.));
#1503 = ( GEOMETRIC_REPRESENTATION_CONTEXT(2) 
PARAMETRIC_REPRESENTATION_CONTEXT() REPRESENTATION_CONTEXT('2D SPACE',''
  ) );
#1504 = PCURVE('',#1505,#1510);
#1505 = CYLINDRICAL_SURFACE('',#1506,2.E-02);
#1506 = AXIS2_PLACEMENT_3D('',#1507,#1508,#1509);
#1507 = CARTESIAN_POINT('',(-0.25,-0.23,0.23));
#1508 = DIRECTION('',(-1.,0.,0.));
#1509 = DIRECTION('',(0.,0.,1.));
#1510 = DEFINITIONAL_REPRESENTATION('',(#1511),#1515);
#1511 = LINE('',#1512,#1513);
#1512 = CARTESIAN_POINT('',(6.28318530718,0.));
#1513 = VECTOR('',#1514,1.);
#1514 = DIRECTION('',(0.,-1.));
#1515 = ( GEOMETRIC_REPRESENTATION_CONTEXT(2) 
PARAMETRIC_REPRESENTATION_CONTEXT() REPRESENTATION_CONTEXT('2D SPACE',''
  ) );
#1516 = ADVANCED_FACE('',(#1517),#664,.F.);
#1517 = FACE_BOUND('',#1518,.T.);
#1518 = EDGE_LOOP('',(#1519,#1547,#1570,#1596));
#1519 = ORIENTED_EDGE('',*,*,#1520,.T.);
#1520 = EDGE_CURVE('',#570,#1521,#1523,.T.);
#1521 = VERTEX_POINT('',#1522);
#1522 = CARTESIAN_POINT('',(-0.276809371192,-0.25,0.23));
#1523 = SURFACE_CURVE('',#1524,(#1529,#1540),.PCURVE_S1.);
#1524 = CIRCLE('',#1525,1.);
#1525 = AXIS2_PLACEMENT_3D('',#1526,#1527,#1528);
#1526 = CARTESIAN_POINT('',(-1.25,-0.25,8.457652803986E-16));
#1527 = DIRECTION('',(0.,-1.,3.383061121595E-15));
#1528 = DIRECTION('',(0.,-3.383061121595E-15,-1.));
#1529 = PCURVE('',#664,#1530);
#1530 = DEFINITIONAL_REPRESENTATION('',(#1531),#1539);
#1531 = ( BOUNDED_CURVE() B_SPLINE_CURVE(2,(#1532,#1533,#1534,#1535,
#1536,#1537,#1538),.UNSPECIFIED.,.T.,.F.) B_SPLINE_CURVE_WITH_KNOTS((1,2
    ,2,2,2,1),(-2.094395102393,0.,2.094395102393,4.188790204786,
6.28318530718,8.377580409573),.UNSPECIFIED.) CURVE() 
GEOMETRIC_REPRESENTATION_ITEM() RATIONAL_B_SPLINE_CURVE((1.,0.5,1.,0.5,
1.,0.5,1.)) REPRESENTATION_ITEM('') );
#1532 = CARTESIAN_POINT('',(-1.25,-1.));
#1533 = CARTESIAN_POINT('',(-1.25,0.732050807569));
#1534 = CARTESIAN_POINT('',(0.25,-0.133974596216));
#1535 = CARTESIAN_POINT('',(1.75,-1.));
#1536 = CARTESIAN_POINT('',(0.25,-1.866025403784));
#1537 = CARTESIAN_POINT('',(-1.25,-2.732050807569));
#1538 = CARTESIAN_POINT('',(-1.25,-1.));
#1539 = ( GEOMETRIC_REPRESENTATION_CONTEXT(2) 
PARAMETRIC_REPRESENTATION_CONTEXT() REPRESENTATION_CONTEXT('2D SPACE',''
  ) );
#1540 = PCURVE('',#614,#1541);
#1541 = DEFINITIONAL_REPRESENTATION('',(#1542),#1546);
#1542 = LINE('',#1543,#1544);
#1543 = CARTESIAN_POINT('',(0.,1.E-02));
#1544 = VECTOR('',#1545,1.);
#1545 = DIRECTION('',(1.,0.));
#1546 = ( GEOMETRIC_REPRESENTATION_CONTEXT(2) 
PARAMETRIC_REPRESENTATION_CONTEXT() REPRESENTATION_CONTEXT('2D SPACE',''
  ) );
#1547 = ORIENTED_EDGE('',*,*,#1548,.T.);
#1548 = EDGE_CURVE('',#1521,#1549,#1551,.T.);
#1549 = VERTEX_POINT('',#1550);
#1550 = CARTESIAN_POINT('',(-0.48,-0.25,0.23));
#1551 = SURFACE_CURVE('',#1552,(#1556,#1563),.PCURVE_S1.);
#1552 = LINE('',#1553,#1554);
#1553 = CARTESIAN_POINT('',(-0.25,-0.25,0.23));
#1554 = VECTOR('',#1555,1.);
#1555 = DIRECTION('',(-1.,0.,0.));
#1556 = PCURVE('',#664,#1557);
#1557 = DEFINITIONAL_REPRESENTATION('',(#1558),#1562);
#1558 = LINE('',#1559,#1560);
#1559 = CARTESIAN_POINT('',(-2.E-02,0.));
#1560 = VECTOR('',#1561,1.);
#1561 = DIRECTION('',(0.,-1.));
#1562 = ( GEOMETRIC_REPRESENTATION_CONTEXT(2) 
PARAMETRIC_REPRESENTATION_CONTEXT() REPRESENTATION_CONTEXT('2D SPACE',''
  ) );
#1563 = PCURVE('',#1505,#1564);
#1564 = DEFINITIONAL_REPRESENTATION('',(#1565),#1569);
#1565 = LINE('',#1566,#1567);
#1566 = CARTESIAN_POINT('',(4.712388980385,0.));
#1567 = VECTOR('',#1568,1.);
#1568 = DIRECTION('',(0.,1.));
#1569 = ( GEOMETRIC_REPRESENTATION_CONTEXT(2) 
PARAMETRIC_REPRESENTATION_CONTEXT() REPRESENTATION_CONTEXT('2D SPACE',''
  ) );
#1570 = ORIENTED_EDGE('',*,*,#1571,.T.);
#1571 = EDGE_CURVE('',#1549,#649,#1572,.T.);
#1572 = SURFACE_CURVE('',#1573,(#1577,#1584),.PCURVE_S1.);
#1573 = LINE('',#1574,#1575);
#1574 = CARTESIAN_POINT('',(-0.48,-0.25,-0.25));
#1575 = VECTOR('',#1576,1.);
#1576 = DIRECTION('',(0.,0.,-1.));
#1577 = PCURVE('',#664,#1578);
#1578 = DEFINITIONAL_REPRESENTATION('',(#1579),#1583);
#1579 = LINE('',#1580,#1581);
#1580 = CARTESIAN_POINT('',(-0.5,-0.23));
#1581 = VECTOR('',#1582,1.);
#1582 = DIRECTION('',(-1.,0.));
#1583 = ( GEOMETRIC_REPRESENTATION_CONTEXT(2) 
PARAMETRIC_REPRESENTATION_CONTEXT() REPRESENTATION_CONTEXT('2D SPACE',''
  ) );
#1584 = PCURVE('',#1585,#1590);
#1585 = CYLINDRICAL_SURFACE('',#1586,2.E-02);
#1586 = AXIS2_PLACEMENT_3D('',#1587,#1588,#1589);
#1587 = CARTESIAN_POINT('',(-0.48,-0.23,0.25));
#1588 = DIRECTION('',(0.,-0.,1.));
#1589 = DIRECTION('',(1.,0.,0.));
#1590 = DEFINITIONAL_REPRESENTATION('',(#1591),#1595);
#1591 = LINE('',#1592,#1593);
#1592 = CARTESIAN_POINT('',(4.712388980385,-0.5));
#1593 = VECTOR('',#1594,1.);
#1594 = DIRECTION('',(0.,-1.));
#1595 = ( GEOMETRIC_REPRESENTATION_CONTEXT(2) 
PARAMETRIC_REPRESENTATION_CONTEXT() REPRESENTATION_CONTEXT('2D SPACE',''
  ) );
#1596 = ORIENTED_EDGE('',*,*,#648,.T.);
#1597 = ADVANCED_FACE('',(#1598),#1505,.T.);
#1598 = FACE_BOUND('',#1599,.T.);
#1599 = EDGE_LOOP('',(#1600,#1630,#1699,#1700,#1749,#1750,#1821,#1849,
    #1925));
#1600 = ORIENTED_EDGE('',*,*,#1601,.T.);
#1601 = EDGE_CURVE('',#1602,#1604,#1606,.T.);
#1602 = VERTEX_POINT('',#1603);
#1603 = CARTESIAN_POINT('',(-0.281066273533,-0.24,0.247320508076));
#1604 = VERTEX_POINT('',#1605);
#1605 = CARTESIAN_POINT('',(-0.279227112039,-0.24,0.247320508076));
#1606 = SURFACE_CURVE('',#1607,(#1611,#1618),.PCURVE_S1.);
#1607 = LINE('',#1608,#1609);
#1608 = CARTESIAN_POINT('',(-0.25,-0.24,0.247320508076));
#1609 = VECTOR('',#1610,1.);
#1610 = DIRECTION('',(1.,-0.,-0.));
#1611 = PCURVE('',#1505,#1612);
#1612 = DEFINITIONAL_REPRESENTATION('',(#1613),#1617);
#1613 = LINE('',#1614,#1615);
#1614 = CARTESIAN_POINT('',(5.759586531581,0.));
#1615 = VECTOR('',#1616,1.);
#1616 = DIRECTION('',(0.,-1.));
#1617 = ( GEOMETRIC_REPRESENTATION_CONTEXT(2) 
PARAMETRIC_REPRESENTATION_CONTEXT() REPRESENTATION_CONTEXT('2D SPACE',''
  ) );
#1618 = PCURVE('',#1619,#1624);
#1619 = PLANE('',#1620);
#1620 = AXIS2_PLACEMENT_3D('',#1621,#1622,#1623);
#1621 = CARTESIAN_POINT('',(-1.25,-0.24,8.119346691827E-16));
#1622 = DIRECTION('',(0.,-1.,3.383061121595E-15));
#1623 = DIRECTION('',(0.,-3.383061121595E-15,-1.));
#1624 = DEFINITIONAL_REPRESENTATION('',(#1625),#1629);
#1625 = LINE('',#1626,#1627);
#1626 = CARTESIAN_POINT('',(-0.247320508076,1.));
#1627 = VECTOR('',#1628,1.);
#1628 = DIRECTION('',(0.,1.));
#1629 = ( GEOMETRIC_REPRESENTATION_CONTEXT(2) 
PARAMETRIC_REPRESENTATION_CONTEXT() REPRESENTATION_CONTEXT('2D SPACE',''
  ) );
#1630 = ORIENTED_EDGE('',*,*,#1631,.T.);
#1631 = EDGE_CURVE('',#1604,#1401,#1632,.T.);
#1632 = SURFACE_CURVE('',#1633,(#1641,#1670),.PCURVE_S1.);
#1633 = B_SPLINE_CURVE_WITH_KNOTS('',3,(#1634,#1635,#1636,#1637,#1638,
    #1639,#1640),.UNSPECIFIED.,.F.,.F.,(4,3,4),(1.160705456107E-04,
    1.223170599622E-04,1.267430422362E-04),.UNSPECIFIED.);
#1634 = CARTESIAN_POINT('',(-0.279227112039,-0.24,0.247320508076));
#1635 = CARTESIAN_POINT('',(-0.278790834113,-0.238235305074,
    0.248339355166));
#1636 = CARTESIAN_POINT('',(-0.278317394183,-0.236298676023,
    0.249090346284));
#1637 = CARTESIAN_POINT('',(-0.277840009692,-0.23431806001,
    0.249528296356));
#1638 = CARTESIAN_POINT('',(-0.277499105036,-0.232903683895,
    0.249841040531));
#1639 = CARTESIAN_POINT('',(-0.277151637522,-0.231448219065,0.25));
#1640 = CARTESIAN_POINT('',(-0.276809371192,-0.23,0.25));
#1641 = PCURVE('',#1505,#1642);
#1642 = DEFINITIONAL_REPRESENTATION('',(#1643),#1669);
#1643 = B_SPLINE_CURVE_WITH_KNOTS('',3,(#1644,#1645,#1646,#1647,#1648,
    #1649,#1650,#1651,#1652,#1653,#1654,#1655,#1656,#1657,#1658,#1659,
    #1660,#1661,#1662,#1663,#1664,#1665,#1666,#1667,#1668),
  .UNSPECIFIED.,.F.,.F.,(4,1,1,1,1,1,1,1,1,1,1,1,1,1,1,1,1,1,1,1,1,1,4),
  (1.160705456107E-04,1.165556590936E-04,1.170407725766E-04,
    1.175258860596E-04,1.180109995426E-04,1.184961130255E-04,
    1.189812265085E-04,1.194663399915E-04,1.199514534745E-04,
    1.204365669575E-04,1.209216804404E-04,1.214067939234E-04,
    1.218919074064E-04,1.223770208894E-04,1.228621343723E-04,
    1.233472478553E-04,1.238323613383E-04,1.243174748213E-04,
    1.248025883043E-04,1.252877017872E-04,1.257728152702E-04,
    1.262579287532E-04,1.267430422362E-04),.QUASI_UNIFORM_KNOTS.);
#1644 = CARTESIAN_POINT('',(5.759586531581,2.922711203907E-02));
#1645 = CARTESIAN_POINT('',(5.767499018502,2.919323005427E-02));
#1646 = CARTESIAN_POINT('',(5.783333134812,2.912501781402E-02));
#1647 = CARTESIAN_POINT('',(5.807106617048,2.902144799579E-02));
#1648 = CARTESIAN_POINT('',(5.830897411488,2.891672007454E-02));
#1649 = CARTESIAN_POINT('',(5.854700088328,2.881092740253E-02));
#1650 = CARTESIAN_POINT('',(5.878509007295,2.870416334164E-02));
#1651 = CARTESIAN_POINT('',(5.90231834473,2.859652121778E-02));
#1652 = CARTESIAN_POINT('',(5.926122132017,2.848809449116E-02));
#1653 = CARTESIAN_POINT('',(5.949914450211,2.837897612076E-02));
#1654 = CARTESIAN_POINT('',(5.973688991513,2.826926093615E-02));
#1655 = CARTESIAN_POINT('',(5.997440998139,2.815903678584E-02));
#1656 = CARTESIAN_POINT('',(6.021160323719,2.804841757194E-02));
#1657 = CARTESIAN_POINT('',(6.044857624127,2.793741996319E-02));
#1658 = CARTESIAN_POINT('',(6.068466903056,2.782642350825E-02));
#1659 = CARTESIAN_POINT('',(6.09235012258,2.771379144049E-02));
#1660 = CARTESIAN_POINT('',(6.116185449267,2.760110533141E-02));
#1661 = CARTESIAN_POINT('',(6.140052155411,2.748805924506E-02));
#1662 = CARTESIAN_POINT('',(6.163921822829,2.73748530016E-02));
#1663 = CARTESIAN_POINT('',(6.187794754364,2.726155090424E-02));
#1664 = CARTESIAN_POINT('',(6.21166350094,2.714825356791E-02));
#1665 = CARTESIAN_POINT('',(6.235522721531,2.703505187761E-02));
#1666 = CARTESIAN_POINT('',(6.259366596795,2.692203932634E-02));
#1667 = CARTESIAN_POINT('',(6.275248661627,2.684688557875E-02));
#1668 = CARTESIAN_POINT('',(6.28318530718,2.680937119185E-02));
#1669 = ( GEOMETRIC_REPRESENTATION_CONTEXT(2) 
PARAMETRIC_REPRESENTATION_CONTEXT() REPRESENTATION_CONTEXT('2D SPACE',''
  ) );
#1670 = PCURVE('',#1428,#1671);
#1671 = DEFINITIONAL_REPRESENTATION('',(#1672),#1698);
#1672 = B_SPLINE_CURVE_WITH_KNOTS('',3,(#1673,#1674,#1675,#1676,#1677,
    #1678,#1679,#1680,#1681,#1682,#1683,#1684,#1685,#1686,#1687,#1688,
    #1689,#1690,#1691,#1692,#1693,#1694,#1695,#1696,#1697),
  .UNSPECIFIED.,.F.,.F.,(4,1,1,1,1,1,1,1,1,1,1,1,1,1,1,1,1,1,1,1,1,1,4),
  (1.160705456107E-04,1.165556590936E-04,1.170407725766E-04,
    1.175258860596E-04,1.180109995426E-04,1.184961130255E-04,
    1.189812265085E-04,1.194663399915E-04,1.199514534745E-04,
    1.204365669575E-04,1.209216804404E-04,1.214067939234E-04,
    1.218919074064E-04,1.223770208894E-04,1.228621343723E-04,
    1.233472478553E-04,1.238323613383E-04,1.243174748213E-04,
    1.248025883043E-04,1.252877017872E-04,1.257728152702E-04,
    1.262579287532E-04,1.267430422362E-04),.QUASI_UNIFORM_KNOTS.);
#1673 = CARTESIAN_POINT('',(1.328430475756,7.320508075689E-03));
#1674 = CARTESIAN_POINT('',(1.328571650693,7.399633237822E-03));
#1675 = CARTESIAN_POINT('',(1.328856121508,7.554652520553E-03));
#1676 = CARTESIAN_POINT('',(1.329288819169,7.777361332109E-03));
#1677 = CARTESIAN_POINT('',(1.329727136875,7.990123042533E-03));
#1678 = CARTESIAN_POINT('',(1.330170703246,8.192810665516E-03));
#1679 = CARTESIAN_POINT('',(1.330619146865,8.385297206273E-03));
#1680 = CARTESIAN_POINT('',(1.331072096469,8.567455701638E-03));
#1681 = CARTESIAN_POINT('',(1.331529180229,8.739159070445E-03));
#1682 = CARTESIAN_POINT('',(1.331990028454,8.900280671913E-03));
#1683 = CARTESIAN_POINT('',(1.332454263483,9.050692221716E-03));
#1684 = CARTESIAN_POINT('',(1.332921537437,9.190271569325E-03));
#1685 = CARTESIAN_POINT('',(1.333391391316,9.31887367257E-03));
#1686 = CARTESIAN_POINT('',(1.333863780859,9.436438922044E-03));
#1687 = CARTESIAN_POINT('',(1.334337114017,9.542588868929E-03));
#1688 = CARTESIAN_POINT('',(1.334818400483,9.638739759237E-03));
#1689 = CARTESIAN_POINT('',(1.335300892682,9.72346750943E-03));
#1690 = CARTESIAN_POINT('',(1.335785900447,9.797101863993E-03));
#1691 = CARTESIAN_POINT('',(1.336272574636,9.859502630601E-03));
#1692 = CARTESIAN_POINT('',(1.336760644602,9.910655536136E-03));
#1693 = CARTESIAN_POINT('',(1.337249684691,9.950512567472E-03));
#1694 = CARTESIAN_POINT('',(1.337739310789,9.97903475231E-03));
#1695 = CARTESIAN_POINT('',(1.33822912765,9.99618069504E-03));
#1696 = CARTESIAN_POINT('',(1.338555537903,1.E-02));
#1697 = CARTESIAN_POINT('',(1.338718643932,1.E-02));
#1698 = ( GEOMETRIC_REPRESENTATION_CONTEXT(2) 
PARAMETRIC_REPRESENTATION_CONTEXT() REPRESENTATION_CONTEXT('2D SPACE',''
  ) );
#1699 = ORIENTED_EDGE('',*,*,#1491,.F.);
#1700 = ORIENTED_EDGE('',*,*,#1701,.F.);
#1701 = EDGE_CURVE('',#1549,#1464,#1702,.T.);
#1702 = SURFACE_CURVE('',#1703,(#1708,#1715),.PCURVE_S1.);
#1703 = CIRCLE('',#1704,2.E-02);
#1704 = AXIS2_PLACEMENT_3D('',#1705,#1706,#1707);
#1705 = CARTESIAN_POINT('',(-0.48,-0.23,0.23));
#1706 = DIRECTION('',(-1.,0.,0.));
#1707 = DIRECTION('',(0.,0.,1.));
#1708 = PCURVE('',#1505,#1709);
#1709 = DEFINITIONAL_REPRESENTATION('',(#1710),#1714);
#1710 = LINE('',#1711,#1712);
#1711 = CARTESIAN_POINT('',(0.,0.23));
#1712 = VECTOR('',#1713,1.);
#1713 = DIRECTION('',(1.,0.));
#1714 = ( GEOMETRIC_REPRESENTATION_CONTEXT(2) 
PARAMETRIC_REPRESENTATION_CONTEXT() REPRESENTATION_CONTEXT('2D SPACE',''
  ) );
#1715 = PCURVE('',#1716,#1721);
#1716 = SPHERICAL_SURFACE('',#1717,2.E-02);
#1717 = AXIS2_PLACEMENT_3D('',#1718,#1719,#1720);
#1718 = CARTESIAN_POINT('',(-0.48,-0.23,0.23));
#1719 = DIRECTION('',(0.,1.,0.));
#1720 = DIRECTION('',(1.,0.,0.));
#1721 = DEFINITIONAL_REPRESENTATION('',(#1722),#1748);
#1722 = B_SPLINE_CURVE_WITH_KNOTS('',3,(#1723,#1724,#1725,#1726,#1727,
    #1728,#1729,#1730,#1731,#1732,#1733,#1734,#1735,#1736,#1737,#1738,
    #1739,#1740,#1741,#1742,#1743,#1744,#1745,#1746,#1747),
  .UNSPECIFIED.,.F.,.F.,(4,1,1,1,1,1,1,1,1,1,1,1,1,1,1,1,1,1,1,1,1,1,4),
  (4.712388980385,4.783788813421,4.855188646457,4.926588479493,
    4.997988312529,5.069388145565,5.140787978601,5.212187811638,
    5.283587644674,5.35498747771,5.426387310746,5.497787143782,
    5.569186976818,5.640586809854,5.711986642891,5.783386475927,
    5.854786308963,5.926186141999,5.997585975035,6.068985808071,
    6.140385641107,6.211785474143,6.28318530718),.QUASI_UNIFORM_KNOTS.);
#1723 = CARTESIAN_POINT('',(4.712388980385,-1.570796326795));
#1724 = CARTESIAN_POINT('',(4.712388980385,-1.54699638245));
#1725 = CARTESIAN_POINT('',(4.712388980385,-1.499396493759));
#1726 = CARTESIAN_POINT('',(4.712388980385,-1.427996660723));
#1727 = CARTESIAN_POINT('',(4.712388980385,-1.356596827687));
#1728 = CARTESIAN_POINT('',(4.712388980385,-1.28519699465));
#1729 = CARTESIAN_POINT('',(4.712388980385,-1.213797161614));
#1730 = CARTESIAN_POINT('',(4.712388980385,-1.142397328578));
#1731 = CARTESIAN_POINT('',(4.712388980385,-1.070997495542));
#1732 = CARTESIAN_POINT('',(4.712388980385,-0.999597662506));
#1733 = CARTESIAN_POINT('',(4.712388980385,-0.92819782947));
#1734 = CARTESIAN_POINT('',(4.712388980385,-0.856797996434));
#1735 = CARTESIAN_POINT('',(4.712388980385,-0.785398163397));
#1736 = CARTESIAN_POINT('',(4.712388980385,-0.713998330361));
#1737 = CARTESIAN_POINT('',(4.712388980385,-0.642598497325));
#1738 = CARTESIAN_POINT('',(4.712388980385,-0.571198664289));
#1739 = CARTESIAN_POINT('',(4.712388980385,-0.499798831253));
#1740 = CARTESIAN_POINT('',(4.712388980385,-0.428398998217));
#1741 = CARTESIAN_POINT('',(4.712388980385,-0.356999165181));
#1742 = CARTESIAN_POINT('',(4.712388980385,-0.285599332145));
#1743 = CARTESIAN_POINT('',(4.712388980385,-0.214199499108));
#1744 = CARTESIAN_POINT('',(4.712388980385,-0.142799666072));
#1745 = CARTESIAN_POINT('',(4.712388980385,-7.139983303613E-02));
#1746 = CARTESIAN_POINT('',(4.712388980385,-2.379994434538E-02));
#1747 = CARTESIAN_POINT('',(4.712388980385,0.));
#1748 = ( GEOMETRIC_REPRESENTATION_CONTEXT(2) 
PARAMETRIC_REPRESENTATION_CONTEXT() REPRESENTATION_CONTEXT('2D SPACE',''
  ) );
#1749 = ORIENTED_EDGE('',*,*,#1548,.F.);
#1750 = ORIENTED_EDGE('',*,*,#1751,.T.);
#1751 = EDGE_CURVE('',#1521,#1752,#1754,.T.);
#1752 = VERTEX_POINT('',#1753);
#1753 = CARTESIAN_POINT('',(-0.279227112039,-0.247320508076,0.24));
#1754 = SURFACE_CURVE('',#1755,(#1763,#1792),.PCURVE_S1.);
#1755 = B_SPLINE_CURVE_WITH_KNOTS('',3,(#1756,#1757,#1758,#1759,#1760,
    #1761,#1762),.UNSPECIFIED.,.F.,.F.,(4,3,4),(9.507563232982E-05,
    1.018722707882E-04,1.0578182173E-04),.UNSPECIFIED.);
#1756 = CARTESIAN_POINT('',(-0.276809371192,-0.25,0.23));
#1757 = CARTESIAN_POINT('',(-0.277330265689,-0.25,0.232204041928));
#1758 = CARTESIAN_POINT('',(-0.277865674097,-0.249626709377,
    0.23443434841));
#1759 = CARTESIAN_POINT('',(-0.278373578212,-0.24890711395,
    0.236520816174));
#1760 = CARTESIAN_POINT('',(-0.278666465573,-0.248492152938,
    0.237723996102));
#1761 = CARTESIAN_POINT('',(-0.27895369073,-0.247959033403,
    0.238894041691));
#1762 = CARTESIAN_POINT('',(-0.279227112039,-0.247320508076,0.24));
#1763 = PCURVE('',#1505,#1764);
#1764 = DEFINITIONAL_REPRESENTATION('',(#1765),#1791);
#1765 = B_SPLINE_CURVE_WITH_KNOTS('',3,(#1766,#1767,#1768,#1769,#1770,
    #1771,#1772,#1773,#1774,#1775,#1776,#1777,#1778,#1779,#1780,#1781,
    #1782,#1783,#1784,#1785,#1786,#1787,#1788,#1789,#1790),
  .UNSPECIFIED.,.F.,.F.,(4,1,1,1,1,1,1,1,1,1,1,1,1,1,1,1,1,1,1,1,1,1,4),
  (9.507563232982E-05,9.556227730255E-05,9.604892227529E-05,
    9.653556724802E-05,9.702221222076E-05,9.750885719349E-05,
    9.799550216623E-05,9.848214713897E-05,9.89687921117E-05,
    9.945543708444E-05,9.994208205717E-05,1.004287270299E-04,
    1.009153720026E-04,1.014020169754E-04,1.018886619481E-04,
    1.023753069208E-04,1.028619518936E-04,1.033485968663E-04,
    1.038352418391E-04,1.043218868118E-04,1.048085317845E-04,
    1.052951767573E-04,1.0578182173E-04),.QUASI_UNIFORM_KNOTS.);
#1766 = CARTESIAN_POINT('',(4.712388980385,2.680937119185E-02));
#1767 = CARTESIAN_POINT('',(4.72027951344,2.684666767158E-02));
#1768 = CARTESIAN_POINT('',(4.736074155475,2.692140944738E-02));
#1769 = CARTESIAN_POINT('',(4.759801776138,2.703387601713E-02));
#1770 = CARTESIAN_POINT('',(4.783560106471,2.714660395021E-02));
#1771 = CARTESIAN_POINT('',(4.807343770762,2.725950070336E-02));
#1772 = CARTESIAN_POINT('',(4.831147188652,2.737247373511E-02));
#1773 = CARTESIAN_POINT('',(4.854964590632,2.748543049742E-02));
#1774 = CARTESIAN_POINT('',(4.878790098411,2.759827846679E-02));
#1775 = CARTESIAN_POINT('',(4.902617759182,2.771092502809E-02));
#1776 = CARTESIAN_POINT('',(4.926441703371,2.782327790816E-02));
#1777 = CARTESIAN_POINT('',(4.950255856461,2.79352435576E-02));
#1778 = CARTESIAN_POINT('',(4.974055310991,2.804673319E-02));
#1779 = CARTESIAN_POINT('',(4.997831501704,2.815764024319E-02));
#1780 = CARTESIAN_POINT('',(5.0215905039,2.826792449512E-02));
#1781 = CARTESIAN_POINT('',(5.045285029957,2.8377298139E-02));
#1782 = CARTESIAN_POINT('',(5.069080733144,2.848645366687E-02));
#1783 = CARTESIAN_POINT('',(5.092885859085,2.859490196463E-02));
#1784 = CARTESIAN_POINT('',(5.116717620857,2.870265463035E-02));
#1785 = CARTESIAN_POINT('',(5.14056389947,2.880958909668E-02));
#1786 = CARTESIAN_POINT('',(5.164420380179,2.891561874586E-02));
#1787 = CARTESIAN_POINT('',(5.188280689815,2.902064732721E-02));
#1788 = CARTESIAN_POINT('',(5.212139096139,2.912458117208E-02));
#1789 = CARTESIAN_POINT('',(5.228039670673,2.919307766846E-02));
#1790 = CARTESIAN_POINT('',(5.235987755983,2.922711203907E-02));
#1791 = ( GEOMETRIC_REPRESENTATION_CONTEXT(2) 
PARAMETRIC_REPRESENTATION_CONTEXT() REPRESENTATION_CONTEXT('2D SPACE',''
  ) );
#1792 = PCURVE('',#614,#1793);
#1793 = DEFINITIONAL_REPRESENTATION('',(#1794),#1820);
#1794 = B_SPLINE_CURVE_WITH_KNOTS('',3,(#1795,#1796,#1797,#1798,#1799,
    #1800,#1801,#1802,#1803,#1804,#1805,#1806,#1807,#1808,#1809,#1810,
    #1811,#1812,#1813,#1814,#1815,#1816,#1817,#1818,#1819),
  .UNSPECIFIED.,.F.,.F.,(4,1,1,1,1,1,1,1,1,1,1,1,1,1,1,1,1,1,1,1,1,1,4),
  (9.507563232982E-05,9.556227730255E-05,9.604892227529E-05,
    9.653556724802E-05,9.702221222076E-05,9.750885719349E-05,
    9.799550216623E-05,9.848214713897E-05,9.89687921117E-05,
    9.945543708444E-05,9.994208205717E-05,1.004287270299E-04,
    1.009153720026E-04,1.014020169754E-04,1.018886619481E-04,
    1.023753069208E-04,1.028619518936E-04,1.033485968663E-04,
    1.038352418391E-04,1.043218868118E-04,1.048085317845E-04,
    1.052951767573E-04,1.0578182173E-04),.QUASI_UNIFORM_KNOTS.);
#1795 = CARTESIAN_POINT('',(1.802874009658,1.E-02));
#1796 = CARTESIAN_POINT('',(1.803036168265,1.E-02));
#1797 = CARTESIAN_POINT('',(1.803360781789,9.996172517427E-03));
#1798 = CARTESIAN_POINT('',(1.803848205241,9.979008280729E-03));
#1799 = CARTESIAN_POINT('',(1.804335746099,9.950480465893E-03));
#1800 = CARTESIAN_POINT('',(1.804823018589,9.910648508238E-03));
#1801 = CARTESIAN_POINT('',(1.80530963694,9.859571840796E-03));
#1802 = CARTESIAN_POINT('',(1.805795215347,9.797309905134E-03));
#1803 = CARTESIAN_POINT('',(1.806279368107,9.723922110954E-03));
#1804 = CARTESIAN_POINT('',(1.806761709122,9.639467986892E-03));
#1805 = CARTESIAN_POINT('',(1.807241853747,9.54400661771E-03));
#1806 = CARTESIAN_POINT('',(1.807719411904,9.437598744729E-03));
#1807 = CARTESIAN_POINT('',(1.808194013792,9.320298926911E-03));
#1808 = CARTESIAN_POINT('',(1.808665213926,9.192184796098E-03));
#1809 = CARTESIAN_POINT('',(1.809132849282,9.053247874968E-03));
#1810 = CARTESIAN_POINT('',(1.809595702689,8.903801049972E-03));
#1811 = CARTESIAN_POINT('',(1.810056729241,8.74287850973E-03));
#1812 = CARTESIAN_POINT('',(1.810513906508,8.571256750735E-03));
#1813 = CARTESIAN_POINT('',(1.810967306984,8.388914828E-03));
#1814 = CARTESIAN_POINT('',(1.811416441822,8.196045470362E-03));
#1815 = CARTESIAN_POINT('',(1.811860972579,7.99278415283E-03));
#1816 = CARTESIAN_POINT('',(1.812300520502,7.77928169191E-03));
#1817 = CARTESIAN_POINT('',(1.812734717637,7.555684791952E-03));
#1818 = CARTESIAN_POINT('',(1.813020367956,7.399989106935E-03));
#1819 = CARTESIAN_POINT('',(1.813162177834,7.320508075689E-03));
#1820 = ( GEOMETRIC_REPRESENTATION_CONTEXT(2) 
PARAMETRIC_REPRESENTATION_CONTEXT() REPRESENTATION_CONTEXT('2D SPACE',''
  ) );
#1821 = ORIENTED_EDGE('',*,*,#1822,.T.);
#1822 = EDGE_CURVE('',#1752,#1823,#1825,.T.);
#1823 = VERTEX_POINT('',#1824);
#1824 = CARTESIAN_POINT('',(-0.281066273533,-0.247320508076,0.24));
#1825 = SURFACE_CURVE('',#1826,(#1830,#1837),.PCURVE_S1.);
#1826 = LINE('',#1827,#1828);
#1827 = CARTESIAN_POINT('',(-0.25,-0.247320508076,0.24));
#1828 = VECTOR('',#1829,1.);
#1829 = DIRECTION('',(-1.,0.,0.));
#1830 = PCURVE('',#1505,#1831);
#1831 = DEFINITIONAL_REPRESENTATION('',(#1832),#1836);
#1832 = LINE('',#1833,#1834);
#1833 = CARTESIAN_POINT('',(5.235987755983,0.));
#1834 = VECTOR('',#1835,1.);
#1835 = DIRECTION('',(0.,1.));
#1836 = ( GEOMETRIC_REPRESENTATION_CONTEXT(2) 
PARAMETRIC_REPRESENTATION_CONTEXT() REPRESENTATION_CONTEXT('2D SPACE',''
  ) );
#1837 = PCURVE('',#1838,#1843);
#1838 = PLANE('',#1839);
#1839 = AXIS2_PLACEMENT_3D('',#1840,#1841,#1842);
#1840 = CARTESIAN_POINT('',(-1.25,-2.602085213965E-17,0.24));
#1841 = DIRECTION('',(0.,-1.084202172486E-16,1.));
#1842 = DIRECTION('',(0.,-1.,-1.084202172486E-16));
#1843 = DEFINITIONAL_REPRESENTATION('',(#1844),#1848);
#1844 = LINE('',#1845,#1846);
#1845 = CARTESIAN_POINT('',(0.247320508076,1.));
#1846 = VECTOR('',#1847,1.);
#1847 = DIRECTION('',(-0.,-1.));
#1848 = ( GEOMETRIC_REPRESENTATION_CONTEXT(2) 
PARAMETRIC_REPRESENTATION_CONTEXT() REPRESENTATION_CONTEXT('2D SPACE',''
  ) );
#1849 = ORIENTED_EDGE('',*,*,#1850,.T.);
#1850 = EDGE_CURVE('',#1823,#1851,#1853,.T.);
#1851 = VERTEX_POINT('',#1852);
#1852 = CARTESIAN_POINT('',(-0.280260541376,-0.244142135624,
    0.244142135624));
#1853 = SURFACE_CURVE('',#1854,(#1862,#1891),.PCURVE_S1.);
#1854 = B_SPLINE_CURVE_WITH_KNOTS('',3,(#1855,#1856,#1857,#1858,#1859,
    #1860,#1861),.UNSPECIFIED.,.F.,.F.,(4,3,4),(1.054981502556E-04,
    1.087877267247E-04,1.10761702775E-04),.UNSPECIFIED.);
#1855 = CARTESIAN_POINT('',(-0.281066273533,-0.247320508076,0.24));
#1856 = CARTESIAN_POINT('',(-0.280926834334,-0.246774223648,
    0.240946192385));
#1857 = CARTESIAN_POINT('',(-0.280767808323,-0.246149274176,
    0.241848357438));
#1858 = CARTESIAN_POINT('',(-0.280593108091,-0.245459320306,
    0.242688948587));
#1859 = CARTESIAN_POINT('',(-0.28048793224,-0.245043943147,0.24319501483
    ));
#1860 = CARTESIAN_POINT('',(-0.280376760477,-0.244603761179,
    0.243680510069));
#1861 = CARTESIAN_POINT('',(-0.280260541376,-0.244142135624,
    0.244142135624));
#1862 = PCURVE('',#1505,#1863);
#1863 = DEFINITIONAL_REPRESENTATION('',(#1864),#1890);
#1864 = B_SPLINE_CURVE_WITH_KNOTS('',3,(#1865,#1866,#1867,#1868,#1869,
    #1870,#1871,#1872,#1873,#1874,#1875,#1876,#1877,#1878,#1879,#1880,
    #1881,#1882,#1883,#1884,#1885,#1886,#1887,#1888,#1889),
  .UNSPECIFIED.,.F.,.F.,(4,1,1,1,1,1,1,1,1,1,1,1,1,1,1,1,1,1,1,1,1,1,4),
  (1.054981502556E-04,1.057374026428E-04,1.0597665503E-04,
    1.062159074173E-04,1.064551598045E-04,1.066944121918E-04,
    1.06933664579E-04,1.071729169663E-04,1.074121693535E-04,
    1.076514217408E-04,1.07890674128E-04,1.081299265153E-04,
    1.083691789025E-04,1.086084312898E-04,1.08847683677E-04,
    1.090869360643E-04,1.093261884515E-04,1.095654408388E-04,
    1.09804693226E-04,1.100439456133E-04,1.102831980005E-04,
    1.105224503878E-04,1.10761702775E-04),.QUASI_UNIFORM_KNOTS.);
#1865 = CARTESIAN_POINT('',(5.235987755983,3.106627353302E-02));
#1866 = CARTESIAN_POINT('',(5.23996090606,3.105613205693E-02));
#1867 = CARTESIAN_POINT('',(5.247907848034,3.103564188726E-02));
#1868 = CARTESIAN_POINT('',(5.259829345997,3.100429401196E-02));
#1869 = CARTESIAN_POINT('',(5.271751094233,3.097234254747E-02));
#1870 = CARTESIAN_POINT('',(5.283672237986,3.093979652537E-02));
#1871 = CARTESIAN_POINT('',(5.295591912108,3.090666497732E-02));
#1872 = CARTESIAN_POINT('',(5.307509241341,3.087295693474E-02));
#1873 = CARTESIAN_POINT('',(5.319423342716,3.08386814299E-02));
#1874 = CARTESIAN_POINT('',(5.331333328865,3.080384749196E-02));
#1875 = CARTESIAN_POINT('',(5.343238305612,3.076846416162E-02));
#1876 = CARTESIAN_POINT('',(5.355137391546,3.073254043653E-02));
#1877 = CARTESIAN_POINT('',(5.367029655398,3.069608547505E-02));
#1878 = CARTESIAN_POINT('',(5.378914360177,3.065910783572E-02));
#1879 = CARTESIAN_POINT('',(5.390790062438,3.062161831558E-02));
#1880 = CARTESIAN_POINT('',(5.402657984207,3.058361935762E-02));
#1881 = CARTESIAN_POINT('',(5.414569653531,3.054495096203E-02));
#1882 = CARTESIAN_POINT('',(5.426467622404,3.050580519913E-02));
#1883 = CARTESIAN_POINT('',(5.43836624566,3.046614345276E-02));
#1884 = CARTESIAN_POINT('',(5.450260628571,3.042598891904E-02));
#1885 = CARTESIAN_POINT('',(5.462151026943,3.038534823148E-02));
#1886 = CARTESIAN_POINT('',(5.474036311874,3.034423246166E-02));
#1887 = CARTESIAN_POINT('',(5.485915723406,3.030265149158E-02));
#1888 = CARTESIAN_POINT('',(5.493830843741,3.027462751286E-02));
#1889 = CARTESIAN_POINT('',(5.497787143783,3.026054137563E-02));
#1890 = ( GEOMETRIC_REPRESENTATION_CONTEXT(2) 
PARAMETRIC_REPRESENTATION_CONTEXT() REPRESENTATION_CONTEXT('2D SPACE',''
  ) );
#1891 = PCURVE('',#1892,#1897);
#1892 = CYLINDRICAL_SURFACE('',#1893,1.);
#1893 = AXIS2_PLACEMENT_3D('',#1894,#1895,#1896);
#1894 = CARTESIAN_POINT('',(-1.25,-2.602085213965E-17,0.24));
#1895 = DIRECTION('',(-0.,-1.084202172486E-16,1.));
#1896 = DIRECTION('',(0.,-1.,-1.084202172486E-16));
#1897 = DEFINITIONAL_REPRESENTATION('',(#1898),#1924);
#1898 = B_SPLINE_CURVE_WITH_KNOTS('',3,(#1899,#1900,#1901,#1902,#1903,
    #1904,#1905,#1906,#1907,#1908,#1909,#1910,#1911,#1912,#1913,#1914,
    #1915,#1916,#1917,#1918,#1919,#1920,#1921,#1922,#1923),
  .UNSPECIFIED.,.F.,.F.,(4,1,1,1,1,1,1,1,1,1,1,1,1,1,1,1,1,1,1,1,1,1,4),
  (1.054981502556E-04,1.057374026428E-04,1.0597665503E-04,
    1.062159074173E-04,1.064551598045E-04,1.066944121918E-04,
    1.06933664579E-04,1.071729169663E-04,1.074121693535E-04,
    1.076514217408E-04,1.07890674128E-04,1.081299265153E-04,
    1.083691789025E-04,1.086084312898E-04,1.08847683677E-04,
    1.090869360643E-04,1.093261884515E-04,1.095654408388E-04,
    1.09804693226E-04,1.100439456133E-04,1.102831980005E-04,
    1.105224503878E-04,1.10761702775E-04),.QUASI_UNIFORM_KNOTS.);
#1899 = CARTESIAN_POINT('',(1.32088245456,0.));
#1900 = CARTESIAN_POINT('',(1.320923459959,6.881700089344E-05));
#1901 = CARTESIAN_POINT('',(1.321006328383,2.059852182707E-04));
#1902 = CARTESIAN_POINT('',(1.321133171115,4.102996876269E-04));
#1903 = CARTESIAN_POINT('',(1.321262521155,6.131357967703E-04));
#1904 = CARTESIAN_POINT('',(1.32139434572,8.144530422772E-04));
#1905 = CARTESIAN_POINT('',(1.321528612025,1.014210920427E-03));
#1906 = CARTESIAN_POINT('',(1.321665287284,1.212368928609E-03));
#1907 = CARTESIAN_POINT('',(1.321804338713,1.408886560065E-03));
#1908 = CARTESIAN_POINT('',(1.321945733535,1.603723323524E-03));
#1909 = CARTESIAN_POINT('',(1.322089438932,1.796838669911E-03));
#1910 = CARTESIAN_POINT('',(1.322235422257,1.988192265875E-03));
#1911 = CARTESIAN_POINT('',(1.322383650212,2.177742972983E-03));
#1912 = CARTESIAN_POINT('',(1.322534091933,2.365452657394E-03));
#1913 = CARTESIAN_POINT('',(1.322686707485,2.551271971989E-03));
#1914 = CARTESIAN_POINT('',(1.322841490771,2.735193418169E-03));
#1915 = CARTESIAN_POINT('',(1.32299909836,2.917983577549E-03));
#1916 = CARTESIAN_POINT('',(1.323158751865,3.098731435291E-03));
#1917 = CARTESIAN_POINT('',(1.323320612571,3.277636414698E-03));
#1918 = CARTESIAN_POINT('',(1.323484589976,3.454600398035E-03));
#1919 = CARTESIAN_POINT('',(1.323650661045,3.629604993587E-03));
#1920 = CARTESIAN_POINT('',(1.323818784667,3.802610446589E-03));
#1921 = CARTESIAN_POINT('',(1.323988924575,3.973582728457E-03));
#1922 = CARTESIAN_POINT('',(1.324103670325,4.08618508878E-03));
#1923 = CARTESIAN_POINT('',(1.324161366786,4.142135623748E-03));
#1924 = ( GEOMETRIC_REPRESENTATION_CONTEXT(2) 
PARAMETRIC_REPRESENTATION_CONTEXT() REPRESENTATION_CONTEXT('2D SPACE',''
  ) );
#1925 = ORIENTED_EDGE('',*,*,#1926,.T.);
#1926 = EDGE_CURVE('',#1851,#1602,#1927,.T.);
#1927 = SURFACE_CURVE('',#1928,(#1936,#1965),.PCURVE_S1.);
#1928 = B_SPLINE_CURVE_WITH_KNOTS('',3,(#1929,#1930,#1931,#1932,#1933,
    #1934,#1935),.UNSPECIFIED.,.F.,.F.,(4,3,4),(1.110898567588E-04,
    1.159663891705E-04,1.163689064851E-04),.UNSPECIFIED.);
#1929 = CARTESIAN_POINT('',(-0.280260541376,-0.244142135624,
    0.244142135624));
#1930 = CARTESIAN_POINT('',(-0.280545553742,-0.243010058452,
    0.245274212795));
#1931 = CARTESIAN_POINT('',(-0.280801077311,-0.241727641726,
    0.246280712457));
#1932 = CARTESIAN_POINT('',(-0.281013806074,-0.240348015963,
    0.247114863956));
#1933 = CARTESIAN_POINT('',(-0.281031580634,-0.240232741276,
    0.247184561518));
#1934 = CARTESIAN_POINT('',(-0.281049072035,-0.240116724185,
    0.247253117336));
#1935 = CARTESIAN_POINT('',(-0.281066273533,-0.24,0.247320508076));
#1936 = PCURVE('',#1505,#1937);
#1937 = DEFINITIONAL_REPRESENTATION('',(#1938),#1964);
#1938 = B_SPLINE_CURVE_WITH_KNOTS('',3,(#1939,#1940,#1941,#1942,#1943,
    #1944,#1945,#1946,#1947,#1948,#1949,#1950,#1951,#1952,#1953,#1954,
    #1955,#1956,#1957,#1958,#1959,#1960,#1961,#1962,#1963),
  .UNSPECIFIED.,.F.,.F.,(4,1,1,1,1,1,1,1,1,1,1,1,1,1,1,1,1,1,1,1,1,1,4),
  (1.110898567588E-04,1.113298135646E-04,1.115697703703E-04,
    1.118097271761E-04,1.120496839818E-04,1.122896407875E-04,
    1.125295975933E-04,1.12769554399E-04,1.130095112048E-04,
    1.132494680105E-04,1.134894248162E-04,1.13729381622E-04,
    1.139693384277E-04,1.142092952335E-04,1.144492520392E-04,
    1.14689208845E-04,1.149291656507E-04,1.151691224564E-04,
    1.154090792622E-04,1.156490360679E-04,1.158889928737E-04,
    1.161289496794E-04,1.163689064851E-04),.QUASI_UNIFORM_KNOTS.);
#1939 = CARTESIAN_POINT('',(5.497787143783,3.026054137563E-02));
#1940 = CARTESIAN_POINT('',(5.50172611537,3.027456581992E-02));
#1941 = CARTESIAN_POINT('',(5.509608303061,3.030247190759E-02));
#1942 = CARTESIAN_POINT('',(5.52144349107,3.03438931245E-02));
#1943 = CARTESIAN_POINT('',(5.533289764141,3.038486691498E-02));
#1944 = CARTESIAN_POINT('',(5.54514628103,3.042538376718E-02));
#1945 = CARTESIAN_POINT('',(5.557012190124,3.046543416925E-02));
#1946 = CARTESIAN_POINT('',(5.568886629563,3.050500860934E-02));
#1947 = CARTESIAN_POINT('',(5.580768729896,3.054409757561E-02));
#1948 = CARTESIAN_POINT('',(5.592657616065,3.058269155618E-02));
#1949 = CARTESIAN_POINT('',(5.604552409633,3.06207810393E-02));
#1950 = CARTESIAN_POINT('',(5.616452230781,3.065835651284E-02));
#1951 = CARTESIAN_POINT('',(5.628356201066,3.069540846592E-02));
#1952 = CARTESIAN_POINT('',(5.640263443393,3.07319273831E-02));
#1953 = CARTESIAN_POINT('',(5.652173092386,3.076790376596E-02));
#1954 = CARTESIAN_POINT('',(5.664084265955,3.080332805252E-02));
#1955 = CARTESIAN_POINT('',(5.67599618168,3.083819091805E-02));
#1956 = CARTESIAN_POINT('',(5.687907732671,3.087248215237E-02));
#1957 = CARTESIAN_POINT('',(5.699819080669,3.090619484984E-02));
#1958 = CARTESIAN_POINT('',(5.711725720638,3.093930977207E-02));
#1959 = CARTESIAN_POINT('',(5.723640642039,3.097185370722E-02));
#1960 = CARTESIAN_POINT('',(5.735511631811,3.100368166995E-02));
#1961 = CARTESIAN_POINT('',(5.747529913697,3.103528974237E-02));
#1962 = CARTESIAN_POINT('',(5.755566350078,3.105601226657E-02));
#1963 = CARTESIAN_POINT('',(5.759586531581,3.106627353302E-02));
#1964 = ( GEOMETRIC_REPRESENTATION_CONTEXT(2) 
PARAMETRIC_REPRESENTATION_CONTEXT() REPRESENTATION_CONTEXT('2D SPACE',''
  ) );
#1965 = PCURVE('',#1966,#1971);
#1966 = CYLINDRICAL_SURFACE('',#1967,1.);
#1967 = AXIS2_PLACEMENT_3D('',#1968,#1969,#1970);
#1968 = CARTESIAN_POINT('',(-1.25,-0.24,8.119346691827E-16));
#1969 = DIRECTION('',(-0.,-1.,3.383061121595E-15));
#1970 = DIRECTION('',(0.,-3.383061121595E-15,-1.));
#1971 = DEFINITIONAL_REPRESENTATION('',(#1972),#1998);
#1972 = B_SPLINE_CURVE_WITH_KNOTS('',3,(#1973,#1974,#1975,#1976,#1977,
    #1978,#1979,#1980,#1981,#1982,#1983,#1984,#1985,#1986,#1987,#1988,
    #1989,#1990,#1991,#1992,#1993,#1994,#1995,#1996,#1997),
  .UNSPECIFIED.,.F.,.F.,(4,1,1,1,1,1,1,1,1,1,1,1,1,1,1,1,1,1,1,1,1,1,4),
  (1.110898567588E-04,1.113298135646E-04,1.115697703703E-04,
    1.118097271761E-04,1.120496839818E-04,1.122896407875E-04,
    1.125295975933E-04,1.12769554399E-04,1.130095112048E-04,
    1.132494680105E-04,1.134894248162E-04,1.13729381622E-04,
    1.139693384277E-04,1.142092952335E-04,1.144492520392E-04,
    1.14689208845E-04,1.149291656507E-04,1.151691224564E-04,
    1.154090792622E-04,1.156490360679E-04,1.158889928737E-04,
    1.161289496794E-04,1.163689064851E-04),.QUASI_UNIFORM_KNOTS.);
#1973 = CARTESIAN_POINT('',(1.817431286804,4.142135623715E-03));
#1974 = CARTESIAN_POINT('',(1.817488730572,4.086430134864E-03));
#1975 = CARTESIAN_POINT('',(1.817602993532,3.974291130691E-03));
#1976 = CARTESIAN_POINT('',(1.817772479502,3.803936525564E-03));
#1977 = CARTESIAN_POINT('',(1.817940022261,3.631473802113E-03));
#1978 = CARTESIAN_POINT('',(1.818105587069,3.456940940881E-03));
#1979 = CARTESIAN_POINT('',(1.818269139186,3.280375922412E-03));
#1980 = CARTESIAN_POINT('',(1.818430643871,3.101816727256E-03));
#1981 = CARTESIAN_POINT('',(1.818590066381,2.921301335927E-03));
#1982 = CARTESIAN_POINT('',(1.818747371975,2.738867729089E-03));
#1983 = CARTESIAN_POINT('',(1.818902525912,2.554553886836E-03));
#1984 = CARTESIAN_POINT('',(1.819055493447,2.368397791392E-03));
#1985 = CARTESIAN_POINT('',(1.819206239843,2.180437417028E-03));
#1986 = CARTESIAN_POINT('',(1.81935473034,1.9907107677E-03));
#1987 = CARTESIAN_POINT('',(1.819500930251,1.79925573658E-03));
#1988 = CARTESIAN_POINT('',(1.819644804629,1.606110630285E-03));
#1989 = CARTESIAN_POINT('',(1.819786319487,1.411312212442E-03));
#1990 = CARTESIAN_POINT('',(1.819925437254,1.214903005192E-03));
#1991 = CARTESIAN_POINT('',(1.820062133734,1.016904039605E-03));
#1992 = CARTESIAN_POINT('',(1.820196334822,8.174165525218E-04));
#1993 = CARTESIAN_POINT('',(1.82032815266,6.162424487799E-04));
#1994 = CARTESIAN_POINT('',(1.820457004319,4.143007554479E-04));
#1995 = CARTESIAN_POINT('',(1.820584900899,2.083413426795E-04));
#1996 = CARTESIAN_POINT('',(1.820668709329,6.963223547886E-05));
#1997 = CARTESIAN_POINT('',(1.82071019903,-2.775557561563E-17));
#1998 = ( GEOMETRIC_REPRESENTATION_CONTEXT(2) 
PARAMETRIC_REPRESENTATION_CONTEXT() REPRESENTATION_CONTEXT('2D SPACE',''
  ) );
#1999 = ADVANCED_FACE('',(#2000),#1385,.T.);
#2000 = FACE_BOUND('',#2001,.T.);
#2001 = EDGE_LOOP('',(#2002,#2032,#2101,#2102,#2151,#2152,#2223,#2251,
    #2327));
#2002 = ORIENTED_EDGE('',*,*,#2003,.T.);
#2003 = EDGE_CURVE('',#2004,#2006,#2008,.T.);
#2004 = VERTEX_POINT('',#2005);
#2005 = CARTESIAN_POINT('',(-0.281066273533,0.247320508076,0.24));
#2006 = VERTEX_POINT('',#2007);
#2007 = CARTESIAN_POINT('',(-0.279227112039,0.247320508076,0.24));
#2008 = SURFACE_CURVE('',#2009,(#2013,#2020),.PCURVE_S1.);
#2009 = LINE('',#2010,#2011);
#2010 = CARTESIAN_POINT('',(-0.25,0.247320508076,0.24));
#2011 = VECTOR('',#2012,1.);
#2012 = DIRECTION('',(1.,-0.,-0.));
#2013 = PCURVE('',#1385,#2014);
#2014 = DEFINITIONAL_REPRESENTATION('',(#2015),#2019);
#2015 = LINE('',#2016,#2017);
#2016 = CARTESIAN_POINT('',(1.047197551197,0.));
#2017 = VECTOR('',#2018,1.);
#2018 = DIRECTION('',(0.,-1.));
#2019 = ( GEOMETRIC_REPRESENTATION_CONTEXT(2) 
PARAMETRIC_REPRESENTATION_CONTEXT() REPRESENTATION_CONTEXT('2D SPACE',''
  ) );
#2020 = PCURVE('',#2021,#2026);
#2021 = PLANE('',#2022);
#2022 = AXIS2_PLACEMENT_3D('',#2023,#2024,#2025);
#2023 = CARTESIAN_POINT('',(-1.25,-2.602085213965E-17,0.24));
#2024 = DIRECTION('',(0.,-1.084202172486E-16,1.));
#2025 = DIRECTION('',(0.,-1.,-1.084202172486E-16));
#2026 = DEFINITIONAL_REPRESENTATION('',(#2027),#2031);
#2027 = LINE('',#2028,#2029);
#2028 = CARTESIAN_POINT('',(-0.247320508076,1.));
#2029 = VECTOR('',#2030,1.);
#2030 = DIRECTION('',(0.,1.));
#2031 = ( GEOMETRIC_REPRESENTATION_CONTEXT(2) 
PARAMETRIC_REPRESENTATION_CONTEXT() REPRESENTATION_CONTEXT('2D SPACE',''
  ) );
#2032 = ORIENTED_EDGE('',*,*,#2033,.T.);
#2033 = EDGE_CURVE('',#2006,#1315,#2034,.T.);
#2034 = SURFACE_CURVE('',#2035,(#2043,#2072),.PCURVE_S1.);
#2035 = B_SPLINE_CURVE_WITH_KNOTS('',3,(#2036,#2037,#2038,#2039,#2040,
    #2041,#2042),.UNSPECIFIED.,.F.,.F.,(4,3,4),(2.102718473385E-05,
    2.661528908923E-05,3.173806432302E-05),.UNSPECIFIED.);
#2036 = CARTESIAN_POINT('',(-0.279227112039,0.247320508076,0.24));
#2037 = CARTESIAN_POINT('',(-0.278836876161,0.248231832407,
    0.238421539956));
#2038 = CARTESIAN_POINT('',(-0.278417369238,0.248928878781,
    0.236707550041));
#2039 = CARTESIAN_POINT('',(-0.277992335682,0.2493779764,0.234949144516)
  );
#2040 = CARTESIAN_POINT('',(-0.277602679236,0.249789693967,
    0.233337097568));
#2041 = CARTESIAN_POINT('',(-0.27720239798,0.25,0.231662999943));
#2042 = CARTESIAN_POINT('',(-0.276809371192,0.25,0.23));
#2043 = PCURVE('',#1385,#2044);
#2044 = DEFINITIONAL_REPRESENTATION('',(#2045),#2071);
#2045 = B_SPLINE_CURVE_WITH_KNOTS('',3,(#2046,#2047,#2048,#2049,#2050,
    #2051,#2052,#2053,#2054,#2055,#2056,#2057,#2058,#2059,#2060,#2061,
    #2062,#2063,#2064,#2065,#2066,#2067,#2068,#2069,#2070),
  .UNSPECIFIED.,.F.,.F.,(4,1,1,1,1,1,1,1,1,1,1,1,1,1,1,1,1,1,1,1,1,1,4),
  (2.102718473385E-05,2.1514042897E-05,2.200090106014E-05,
    2.248775922329E-05,2.297461738643E-05,2.346147554957E-05,
    2.394833371272E-05,2.443519187586E-05,2.492205003901E-05,
    2.540890820215E-05,2.589576636529E-05,2.638262452844E-05,
    2.686948269158E-05,2.735634085473E-05,2.784319901787E-05,
    2.833005718101E-05,2.881691534416E-05,2.93037735073E-05,
    2.979063167045E-05,3.027748983359E-05,3.076434799673E-05,
    3.125120615988E-05,3.173806432302E-05),.QUASI_UNIFORM_KNOTS.);
#2046 = CARTESIAN_POINT('',(1.047197551197,2.922711203907E-02));
#2047 = CARTESIAN_POINT('',(1.055137349564,2.91931131173E-02));
#2048 = CARTESIAN_POINT('',(1.071024815628,2.912467090436E-02));
#2049 = CARTESIAN_POINT('',(1.094874287848,2.902076869329E-02));
#2050 = CARTESIAN_POINT('',(1.118736808245,2.891572180673E-02));
#2051 = CARTESIAN_POINT('',(1.142606767168,2.880962446184E-02));
#2052 = CARTESIAN_POINT('',(1.16647838244,2.870257087227E-02));
#2053 = CARTESIAN_POINT('',(1.190345719221,2.859465526472E-02));
#2054 = CARTESIAN_POINT('',(1.214202777833,2.848597181709E-02));
#2055 = CARTESIAN_POINT('',(1.238043505685,2.837661488955E-02));
#2056 = CARTESIAN_POINT('',(1.261862046444,2.826667816197E-02));
#2057 = CARTESIAN_POINT('',(1.285652115666,2.815625785309E-02));
#2058 = CARTESIAN_POINT('',(1.309409630865,2.804544070649E-02));
#2059 = CARTESIAN_POINT('',(1.333123192871,2.793434882758E-02));
#2060 = CARTESIAN_POINT('',(1.356869877315,2.782269269955E-02));
#2061 = CARTESIAN_POINT('',(1.380634505163,2.771061073215E-02));
#2062 = CARTESIAN_POINT('',(1.404414288487,2.759818259874E-02));
#2063 = CARTESIAN_POINT('',(1.428202882918,2.748550371103E-02));
#2064 = CARTESIAN_POINT('',(1.451994738517,2.737266526366E-02));
#2065 = CARTESIAN_POINT('',(1.475784013185,2.725975958125E-02));
#2066 = CARTESIAN_POINT('',(1.499564940822,2.714687868563E-02));
#2067 = CARTESIAN_POINT('',(1.523331819443,2.703411467975E-02));
#2068 = CARTESIAN_POINT('',(1.547079064176,2.692155964483E-02));
#2069 = CARTESIAN_POINT('',(1.562893940313,2.684672366024E-02));
#2070 = CARTESIAN_POINT('',(1.570796326795,2.680937119185E-02));
#2071 = ( GEOMETRIC_REPRESENTATION_CONTEXT(2) 
PARAMETRIC_REPRESENTATION_CONTEXT() REPRESENTATION_CONTEXT('2D SPACE',''
  ) );
#2072 = PCURVE('',#124,#2073);
#2073 = DEFINITIONAL_REPRESENTATION('',(#2074),#2100);
#2074 = B_SPLINE_CURVE_WITH_KNOTS('',3,(#2075,#2076,#2077,#2078,#2079,
    #2080,#2081,#2082,#2083,#2084,#2085,#2086,#2087,#2088,#2089,#2090,
    #2091,#2092,#2093,#2094,#2095,#2096,#2097,#2098,#2099),
  .UNSPECIFIED.,.F.,.F.,(4,1,1,1,1,1,1,1,1,1,1,1,1,1,1,1,1,1,1,1,1,1,4),
  (2.102718473385E-05,2.1514042897E-05,2.200090106014E-05,
    2.248775922329E-05,2.297461738643E-05,2.346147554957E-05,
    2.394833371272E-05,2.443519187586E-05,2.492205003901E-05,
    2.540890820215E-05,2.589576636529E-05,2.638262452844E-05,
    2.686948269158E-05,2.735634085473E-05,2.784319901787E-05,
    2.833005718101E-05,2.881691534416E-05,2.93037735073E-05,
    2.979063167045E-05,3.027748983359E-05,3.076434799673E-05,
    3.125120615988E-05,3.173806432302E-05),.QUASI_UNIFORM_KNOTS.);
#2075 = CARTESIAN_POINT('',(1.328430475756,7.320508075686E-03));
#2076 = CARTESIAN_POINT('',(1.32857213793,7.399906322683E-03));
#2077 = CARTESIAN_POINT('',(1.328857566297,7.555449821729E-03));
#2078 = CARTESIAN_POINT('',(1.329291647408,7.778872481652E-03));
#2079 = CARTESIAN_POINT('',(1.329731293588,7.992268949529E-03));
#2080 = CARTESIAN_POINT('',(1.330176131342,8.195505620547E-03));
#2081 = CARTESIAN_POINT('',(1.330625787194,8.388448895134E-03));
#2082 = CARTESIAN_POINT('',(1.331079887616,8.570965154165E-03));
#2083 = CARTESIAN_POINT('',(1.33153805929,8.742920851491E-03));
#2084 = CARTESIAN_POINT('',(1.331999928142,8.904182168613E-03));
#2085 = CARTESIAN_POINT('',(1.332465122938,9.054616303448E-03));
#2086 = CARTESIAN_POINT('',(1.332933261874,9.19408666061E-03));
#2087 = CARTESIAN_POINT('',(1.333404002635,9.3224708015E-03));
#2088 = CARTESIAN_POINT('',(1.33387685556,9.439593453679E-03));
#2089 = CARTESIAN_POINT('',(1.334353067143,9.545812704814E-03));
#2090 = CARTESIAN_POINT('',(1.334832050331,9.641037514394E-03));
#2091 = CARTESIAN_POINT('',(1.335313470812,9.725234191386E-03));
#2092 = CARTESIAN_POINT('',(1.335796926551,9.798353678011E-03));
#2093 = CARTESIAN_POINT('',(1.336282033661,9.860351033996E-03));
#2094 = CARTESIAN_POINT('',(1.336768403392,9.911180215787E-03));
#2095 = CARTESIAN_POINT('',(1.3372556483,9.950795475453E-03));
#2096 = CARTESIAN_POINT('',(1.337743380595,9.97915098585E-03));
#2097 = CARTESIAN_POINT('',(1.338231212583,9.996200941064E-03));
#2098 = CARTESIAN_POINT('',(1.338556241896,1.E-02));
#2099 = CARTESIAN_POINT('',(1.338718643932,1.E-02));
#2100 = ( GEOMETRIC_REPRESENTATION_CONTEXT(2) 
PARAMETRIC_REPRESENTATION_CONTEXT() REPRESENTATION_CONTEXT('2D SPACE',''
  ) );
#2101 = ORIENTED_EDGE('',*,*,#1371,.F.);
#2102 = ORIENTED_EDGE('',*,*,#2103,.F.);
#2103 = EDGE_CURVE('',#1441,#1344,#2104,.T.);
#2104 = SURFACE_CURVE('',#2105,(#2110,#2117),.PCURVE_S1.);
#2105 = CIRCLE('',#2106,2.E-02);
#2106 = AXIS2_PLACEMENT_3D('',#2107,#2108,#2109);
#2107 = CARTESIAN_POINT('',(-0.48,0.23,0.23));
#2108 = DIRECTION('',(-1.,0.,0.));
#2109 = DIRECTION('',(0.,0.,1.));
#2110 = PCURVE('',#1385,#2111);
#2111 = DEFINITIONAL_REPRESENTATION('',(#2112),#2116);
#2112 = LINE('',#2113,#2114);
#2113 = CARTESIAN_POINT('',(0.,0.23));
#2114 = VECTOR('',#2115,1.);
#2115 = DIRECTION('',(1.,0.));
#2116 = ( GEOMETRIC_REPRESENTATION_CONTEXT(2) 
PARAMETRIC_REPRESENTATION_CONTEXT() REPRESENTATION_CONTEXT('2D SPACE',''
  ) );
#2117 = PCURVE('',#2118,#2123);
#2118 = SPHERICAL_SURFACE('',#2119,2.E-02);
#2119 = AXIS2_PLACEMENT_3D('',#2120,#2121,#2122);
#2120 = CARTESIAN_POINT('',(-0.48,0.23,0.23));
#2121 = DIRECTION('',(0.,1.,0.));
#2122 = DIRECTION('',(1.,0.,0.));
#2123 = DEFINITIONAL_REPRESENTATION('',(#2124),#2150);
#2124 = B_SPLINE_CURVE_WITH_KNOTS('',3,(#2125,#2126,#2127,#2128,#2129,
    #2130,#2131,#2132,#2133,#2134,#2135,#2136,#2137,#2138,#2139,#2140,
    #2141,#2142,#2143,#2144,#2145,#2146,#2147,#2148,#2149),
  .UNSPECIFIED.,.F.,.F.,(4,1,1,1,1,1,1,1,1,1,1,1,1,1,1,1,1,1,1,1,1,1,4),
  (0.,7.139983303613E-02,0.142799666072,0.214199499108,0.285599332145,
    0.356999165181,0.428398998217,0.499798831253,0.571198664289,
    0.642598497325,0.713998330361,0.785398163397,0.856797996434,
    0.92819782947,0.999597662506,1.070997495542,1.142397328578,
    1.213797161614,1.28519699465,1.356596827687,1.427996660723,
    1.499396493759,1.570796326795),.QUASI_UNIFORM_KNOTS.);
#2125 = CARTESIAN_POINT('',(4.712388980385,0.));
#2126 = CARTESIAN_POINT('',(4.712388980385,2.379994434538E-02));
#2127 = CARTESIAN_POINT('',(4.712388980385,7.139983303613E-02));
#2128 = CARTESIAN_POINT('',(4.712388980385,0.142799666072));
#2129 = CARTESIAN_POINT('',(4.712388980385,0.214199499108));
#2130 = CARTESIAN_POINT('',(4.712388980385,0.285599332145));
#2131 = CARTESIAN_POINT('',(4.712388980385,0.356999165181));
#2132 = CARTESIAN_POINT('',(4.712388980385,0.428398998217));
#2133 = CARTESIAN_POINT('',(4.712388980385,0.499798831253));
#2134 = CARTESIAN_POINT('',(4.712388980385,0.571198664289));
#2135 = CARTESIAN_POINT('',(4.712388980385,0.642598497325));
#2136 = CARTESIAN_POINT('',(4.712388980385,0.713998330361));
#2137 = CARTESIAN_POINT('',(4.712388980385,0.785398163397));
#2138 = CARTESIAN_POINT('',(4.712388980385,0.856797996434));
#2139 = CARTESIAN_POINT('',(4.712388980385,0.92819782947));
#2140 = CARTESIAN_POINT('',(4.712388980385,0.999597662506));
#2141 = CARTESIAN_POINT('',(4.712388980385,1.070997495542));
#2142 = CARTESIAN_POINT('',(4.712388980385,1.142397328578));
#2143 = CARTESIAN_POINT('',(4.712388980385,1.213797161614));
#2144 = CARTESIAN_POINT('',(4.712388980385,1.28519699465));
#2145 = CARTESIAN_POINT('',(4.712388980385,1.356596827687));
#2146 = CARTESIAN_POINT('',(4.712388980385,1.427996660723));
#2147 = CARTESIAN_POINT('',(4.712388980385,1.499396493759));
#2148 = CARTESIAN_POINT('',(4.712388980385,1.54699638245));
#2149 = CARTESIAN_POINT('',(4.712388980385,1.570796326795));
#2150 = ( GEOMETRIC_REPRESENTATION_CONTEXT(2) 
PARAMETRIC_REPRESENTATION_CONTEXT() REPRESENTATION_CONTEXT('2D SPACE',''
  ) );
#2151 = ORIENTED_EDGE('',*,*,#1440,.F.);
#2152 = ORIENTED_EDGE('',*,*,#2153,.T.);
#2153 = EDGE_CURVE('',#1403,#2154,#2156,.T.);
#2154 = VERTEX_POINT('',#2155);
#2155 = CARTESIAN_POINT('',(-0.279227112039,0.24,0.247320508076));
#2156 = SURFACE_CURVE('',#2157,(#2165,#2194),.PCURVE_S1.);
#2157 = B_SPLINE_CURVE_WITH_KNOTS('',3,(#2158,#2159,#2160,#2161,#2162,
    #2163,#2164),.UNSPECIFIED.,.F.,.F.,(4,3,4),(2.710505431214E-20,
    7.065715423434E-06,1.069814982429E-05),.UNSPECIFIED.);
#2158 = CARTESIAN_POINT('',(-0.276809371192,0.23,0.25));
#2159 = CARTESIAN_POINT('',(-0.277351076041,0.232292096012,0.25));
#2160 = CARTESIAN_POINT('',(-0.277908791819,0.234613779644,
    0.249595486595));
#2161 = CARTESIAN_POINT('',(-0.278435187443,0.23677376333,0.24881797364)
  );
#2162 = CARTESIAN_POINT('',(-0.27870665937,0.237887706734,0.248416995877
    ));
#2163 = CARTESIAN_POINT('',(-0.278972816309,0.238971402497,
    0.247914369121));
#2164 = CARTESIAN_POINT('',(-0.279227112039,0.24,0.247320508076));
#2165 = PCURVE('',#1385,#2166);
#2166 = DEFINITIONAL_REPRESENTATION('',(#2167),#2193);
#2167 = B_SPLINE_CURVE_WITH_KNOTS('',3,(#2168,#2169,#2170,#2171,#2172,
    #2173,#2174,#2175,#2176,#2177,#2178,#2179,#2180,#2181,#2182,#2183,
    #2184,#2185,#2186,#2187,#2188,#2189,#2190,#2191,#2192),
  .UNSPECIFIED.,.F.,.F.,(4,1,1,1,1,1,1,1,1,1,1,1,1,1,1,1,1,1,1,1,1,1,4),
  (2.710505431214E-20,4.862795374679E-07,9.725590749358E-07,
    1.458838612404E-06,1.945118149872E-06,2.43139768734E-06,
    2.917677224807E-06,3.403956762275E-06,3.890236299743E-06,
    4.376515837211E-06,4.862795374679E-06,5.349074912147E-06,
    5.835354449615E-06,6.321633987083E-06,6.807913524551E-06,
    7.294193062019E-06,7.780472599487E-06,8.266752136955E-06,
    8.753031674422E-06,9.23931121189E-06,9.725590749358E-06,
    1.021187028683E-05,1.069814982429E-05),.QUASI_UNIFORM_KNOTS.);
#2168 = CARTESIAN_POINT('',(0.,2.680937119185E-02));
#2169 = CARTESIAN_POINT('',(7.887348017702E-03,2.684665262306E-02));
#2170 = CARTESIAN_POINT('',(2.367617424165E-02,2.692136715775E-02));
#2171 = CARTESIAN_POINT('',(4.739679777061E-02,2.703380140302E-02));
#2172 = CARTESIAN_POINT('',(7.114992764841E-02,2.714650551792E-02));
#2173 = CARTESIAN_POINT('',(9.493023618152E-02,2.725938692874E-02));
#2174 = CARTESIAN_POINT('',(0.118732175772,2.737235306223E-02));
#2175 = CARTESIAN_POINT('',(0.142549993431,2.748531134333E-02));
#2176 = CARTESIAN_POINT('',(0.166377806668,2.759816920382E-02));
#2177 = CARTESIAN_POINT('',(0.190209655608,2.771083404994E-02));
#2178 = CARTESIAN_POINT('',(0.214039593283,2.782321338327E-02));
#2179 = CARTESIAN_POINT('',(0.237861649529,2.793521434946E-02));
#2180 = CARTESIAN_POINT('',(0.261670262778,2.804674542267E-02));
#2181 = CARTESIAN_POINT('',(0.285458965155,2.81577101189E-02));
#2182 = CARTESIAN_POINT('',(0.309225582932,2.826803045823E-02));
#2183 = CARTESIAN_POINT('',(0.332953116896,2.837755940265E-02));
#2184 = CARTESIAN_POINT('',(0.356681380539,2.84864076424E-02));
#2185 = CARTESIAN_POINT('',(0.380496551281,2.859490358418E-02));
#2186 = CARTESIAN_POINT('',(0.404319938307,2.870261889502E-02));
#2187 = CARTESIAN_POINT('',(0.42816515144,2.880954886284E-02));
#2188 = CARTESIAN_POINT('',(0.452020991267,2.891557526648E-02));
#2189 = CARTESIAN_POINT('',(0.475882916337,2.902061030019E-02));
#2190 = CARTESIAN_POINT('',(0.499744669302,2.912455800564E-02));
#2191 = CARTESIAN_POINT('',(0.515648683552,2.919306908151E-02));
#2192 = CARTESIAN_POINT('',(0.523598775598,2.922711203907E-02));
#2193 = ( GEOMETRIC_REPRESENTATION_CONTEXT(2) 
PARAMETRIC_REPRESENTATION_CONTEXT() REPRESENTATION_CONTEXT('2D SPACE',''
  ) );
#2194 = PCURVE('',#1428,#2195);
#2195 = DEFINITIONAL_REPRESENTATION('',(#2196),#2222);
#2196 = B_SPLINE_CURVE_WITH_KNOTS('',3,(#2197,#2198,#2199,#2200,#2201,
    #2202,#2203,#2204,#2205,#2206,#2207,#2208,#2209,#2210,#2211,#2212,
    #2213,#2214,#2215,#2216,#2217,#2218,#2219,#2220,#2221),
  .UNSPECIFIED.,.F.,.F.,(4,1,1,1,1,1,1,1,1,1,1,1,1,1,1,1,1,1,1,1,1,1,4),
  (2.710505431214E-20,4.862795374679E-07,9.725590749358E-07,
    1.458838612404E-06,1.945118149872E-06,2.43139768734E-06,
    2.917677224807E-06,3.403956762275E-06,3.890236299743E-06,
    4.376515837211E-06,4.862795374679E-06,5.349074912147E-06,
    5.835354449615E-06,6.321633987083E-06,6.807913524551E-06,
    7.294193062019E-06,7.780472599487E-06,8.266752136955E-06,
    8.753031674422E-06,9.23931121189E-06,9.725590749358E-06,
    1.021187028683E-05,1.069814982429E-05),.QUASI_UNIFORM_KNOTS.);
#2197 = CARTESIAN_POINT('',(1.802874009658,1.E-02));
#2198 = CARTESIAN_POINT('',(1.803036102836,1.E-02));
#2199 = CARTESIAN_POINT('',(1.803360596851,9.996168025413E-03));
#2200 = CARTESIAN_POINT('',(1.803847875571,9.97898577691E-03));
#2201 = CARTESIAN_POINT('',(1.804335306718,9.95043087886E-03));
#2202 = CARTESIAN_POINT('',(1.804822505006,9.910564968555E-03));
#2203 = CARTESIAN_POINT('',(1.805309085151,9.859449682489E-03));
#2204 = CARTESIAN_POINT('',(1.805794661851,9.797146660122E-03));
#2205 = CARTESIAN_POINT('',(1.80627884983,9.723717529858E-03));
#2206 = CARTESIAN_POINT('',(1.806761263702,9.639223961354E-03));
#2207 = CARTESIAN_POINT('',(1.807241518476,9.543727470314E-03));
#2208 = CARTESIAN_POINT('',(1.807719227669,9.437290146995E-03));
#2209 = CARTESIAN_POINT('',(1.808194010362,9.319971937398E-03));
#2210 = CARTESIAN_POINT('',(1.808665464867,9.191840790002E-03));
#2211 = CARTESIAN_POINT('',(1.809133267011,9.052934787617E-03));
#2212 = CARTESIAN_POINT('',(1.809596803333,8.903403473263E-03));
#2213 = CARTESIAN_POINT('',(1.810056540011,8.742980414785E-03));
#2214 = CARTESIAN_POINT('',(1.810513921095,8.571311358665E-03));
#2215 = CARTESIAN_POINT('',(1.810967164963,8.389035871408E-03));
#2216 = CARTESIAN_POINT('',(1.811416280136,8.196172673979E-03));
#2217 = CARTESIAN_POINT('',(1.811860795459,7.9929068427E-03));
#2218 = CARTESIAN_POINT('',(1.812300368303,7.779378878011E-03));
#2219 = CARTESIAN_POINT('',(1.812734621581,7.555741228525E-03));
#2220 = CARTESIAN_POINT('',(1.813020332177,7.400009160201E-03));
#2221 = CARTESIAN_POINT('',(1.813162177834,7.320508075687E-03));
#2222 = ( GEOMETRIC_REPRESENTATION_CONTEXT(2) 
PARAMETRIC_REPRESENTATION_CONTEXT() REPRESENTATION_CONTEXT('2D SPACE',''
  ) );
#2223 = ORIENTED_EDGE('',*,*,#2224,.T.);
#2224 = EDGE_CURVE('',#2154,#2225,#2227,.T.);
#2225 = VERTEX_POINT('',#2226);
#2226 = CARTESIAN_POINT('',(-0.281066273533,0.24,0.247320508076));
#2227 = SURFACE_CURVE('',#2228,(#2232,#2239),.PCURVE_S1.);
#2228 = LINE('',#2229,#2230);
#2229 = CARTESIAN_POINT('',(-0.25,0.24,0.247320508076));
#2230 = VECTOR('',#2231,1.);
#2231 = DIRECTION('',(-1.,0.,0.));
#2232 = PCURVE('',#1385,#2233);
#2233 = DEFINITIONAL_REPRESENTATION('',(#2234),#2238);
#2234 = LINE('',#2235,#2236);
#2235 = CARTESIAN_POINT('',(0.523598775598,0.));
#2236 = VECTOR('',#2237,1.);
#2237 = DIRECTION('',(0.,1.));
#2238 = ( GEOMETRIC_REPRESENTATION_CONTEXT(2) 
PARAMETRIC_REPRESENTATION_CONTEXT() REPRESENTATION_CONTEXT('2D SPACE',''
  ) );
#2239 = PCURVE('',#2240,#2245);
#2240 = PLANE('',#2241);
#2241 = AXIS2_PLACEMENT_3D('',#2242,#2243,#2244);
#2242 = CARTESIAN_POINT('',(-1.25,0.24,-2.487845711827E-15));
#2243 = DIRECTION('',(0.,1.,-1.036602379928E-14));
#2244 = DIRECTION('',(0.,1.036602379928E-14,1.));
#2245 = DEFINITIONAL_REPRESENTATION('',(#2246),#2250);
#2246 = LINE('',#2247,#2248);
#2247 = CARTESIAN_POINT('',(0.247320508076,1.));
#2248 = VECTOR('',#2249,1.);
#2249 = DIRECTION('',(0.,-1.));
#2250 = ( GEOMETRIC_REPRESENTATION_CONTEXT(2) 
PARAMETRIC_REPRESENTATION_CONTEXT() REPRESENTATION_CONTEXT('2D SPACE',''
  ) );
#2251 = ORIENTED_EDGE('',*,*,#2252,.T.);
#2252 = EDGE_CURVE('',#2225,#2253,#2255,.T.);
#2253 = VERTEX_POINT('',#2254);
#2254 = CARTESIAN_POINT('',(-0.280260541376,0.244142135624,
    0.244142135624));
#2255 = SURFACE_CURVE('',#2256,(#2264,#2293),.PCURVE_S1.);
#2256 = B_SPLINE_CURVE_WITH_KNOTS('',3,(#2257,#2258,#2259,#2260,#2261,
    #2262,#2263),.UNSPECIFIED.,.F.,.F.,(4,3,4),(1.045324091706E-05,
    1.311578980077E-05,1.571908136996E-05),.UNSPECIFIED.);
#2257 = CARTESIAN_POINT('',(-0.281066273533,0.24,0.247320508076));
#2258 = CARTESIAN_POINT('',(-0.280953322229,0.240766453511,
    0.246877995935));
#2259 = CARTESIAN_POINT('',(-0.280827604231,0.241503708824,
    0.246384202583));
#2260 = CARTESIAN_POINT('',(-0.280691165321,0.242202298116,
    0.245846258905));
#2261 = CARTESIAN_POINT('',(-0.280557728381,0.242885516834,
    0.245320151228));
#2262 = CARTESIAN_POINT('',(-0.280413473655,0.243534684292,
    0.244749586955));
#2263 = CARTESIAN_POINT('',(-0.280260541376,0.244142135624,
    0.244142135624));
#2264 = PCURVE('',#1385,#2265);
#2265 = DEFINITIONAL_REPRESENTATION('',(#2266),#2292);
#2266 = B_SPLINE_CURVE_WITH_KNOTS('',3,(#2267,#2268,#2269,#2270,#2271,
    #2272,#2273,#2274,#2275,#2276,#2277,#2278,#2279,#2280,#2281,#2282,
    #2283,#2284,#2285,#2286,#2287,#2288,#2289,#2290,#2291),
  .UNSPECIFIED.,.F.,.F.,(4,1,1,1,1,1,1,1,1,1,1,1,1,1,1,1,1,1,1,1,1,1,4),
  (1.045324091706E-05,1.069259730128E-05,1.09319536855E-05,
    1.117131006973E-05,1.141066645395E-05,1.165002283817E-05,
    1.18893792224E-05,1.212873560662E-05,1.236809199084E-05,
    1.260744837506E-05,1.284680475929E-05,1.308616114351E-05,
    1.332551752773E-05,1.356487391196E-05,1.380423029618E-05,
    1.40435866804E-05,1.428294306463E-05,1.452229944885E-05,
    1.476165583307E-05,1.500101221729E-05,1.524036860152E-05,
    1.547972498574E-05,1.571908136996E-05),.QUASI_UNIFORM_KNOTS.);
#2267 = CARTESIAN_POINT('',(0.523598775598,3.106627353302E-02));
#2268 = CARTESIAN_POINT('',(0.527576846294,3.105611949763E-02));
#2269 = CARTESIAN_POINT('',(0.535533278156,3.103560507738E-02));
#2270 = CARTESIAN_POINT('',(0.547467933912,3.100422331629E-02));
#2271 = CARTESIAN_POINT('',(0.559401738725,3.097224034239E-02));
#2272 = CARTESIAN_POINT('',(0.57133381779,3.093966507264E-02));
#2273 = CARTESIAN_POINT('',(0.583263287319,3.09065064276E-02));
#2274 = CARTESIAN_POINT('',(0.595189260629,3.087277331432E-02));
#2275 = CARTESIAN_POINT('',(0.607110830198,3.083847469028E-02));
#2276 = CARTESIAN_POINT('',(0.619027146708,3.080361932476E-02));
#2277 = CARTESIAN_POINT('',(0.630937134191,3.076821668945E-02));
#2278 = CARTESIAN_POINT('',(0.642840563779,3.073227363457E-02));
#2279 = CARTESIAN_POINT('',(0.654734056876,3.069580679378E-02));
#2280 = CARTESIAN_POINT('',(0.666626012013,3.065879628854E-02));
#2281 = CARTESIAN_POINT('',(0.678518671985,3.062124260684E-02));
#2282 = CARTESIAN_POINT('',(0.690409915156,3.058315981662E-02));
#2283 = CARTESIAN_POINT('',(0.702299273463,3.054455680394E-02));
#2284 = CARTESIAN_POINT('',(0.714185823896,3.050544384334E-02));
#2285 = CARTESIAN_POINT('',(0.726068756161,3.046583083732E-02));
#2286 = CARTESIAN_POINT('',(0.737947223278,3.042572778807E-02));
#2287 = CARTESIAN_POINT('',(0.749820384263,3.038514467105E-02));
#2288 = CARTESIAN_POINT('',(0.761687395557,3.034409146892E-02));
#2289 = CARTESIAN_POINT('',(0.773547415376,3.030257816237E-02));
#2290 = CARTESIAN_POINT('',(0.781448876869,3.027460254255E-02));
#2291 = CARTESIAN_POINT('',(0.785398163398,3.026054137563E-02));
#2292 = ( GEOMETRIC_REPRESENTATION_CONTEXT(2) 
PARAMETRIC_REPRESENTATION_CONTEXT() REPRESENTATION_CONTEXT('2D SPACE',''
  ) );
#2293 = PCURVE('',#2294,#2299);
#2294 = CYLINDRICAL_SURFACE('',#2295,1.);
#2295 = AXIS2_PLACEMENT_3D('',#2296,#2297,#2298);
#2296 = CARTESIAN_POINT('',(-1.25,0.24,-2.487845711827E-15));
#2297 = DIRECTION('',(-0.,1.,-1.036602379928E-14));
#2298 = DIRECTION('',(0.,1.036602379928E-14,1.));
#2299 = DEFINITIONAL_REPRESENTATION('',(#2300),#2326);
#2300 = B_SPLINE_CURVE_WITH_KNOTS('',3,(#2301,#2302,#2303,#2304,#2305,
    #2306,#2307,#2308,#2309,#2310,#2311,#2312,#2313,#2314,#2315,#2316,
    #2317,#2318,#2319,#2320,#2321,#2322,#2323,#2324,#2325),
  .UNSPECIFIED.,.F.,.F.,(4,1,1,1,1,1,1,1,1,1,1,1,1,1,1,1,1,1,1,1,1,1,4),
  (1.045324091706E-05,1.069259730128E-05,1.09319536855E-05,
    1.117131006973E-05,1.141066645395E-05,1.165002283817E-05,
    1.18893792224E-05,1.212873560662E-05,1.236809199084E-05,
    1.260744837506E-05,1.284680475929E-05,1.308616114351E-05,
    1.332551752773E-05,1.356487391196E-05,1.380423029618E-05,
    1.40435866804E-05,1.428294306463E-05,1.452229944885E-05,
    1.476165583307E-05,1.500101221729E-05,1.524036860152E-05,
    1.547972498574E-05,1.571908136996E-05),.QUASI_UNIFORM_KNOTS.);
#2301 = CARTESIAN_POINT('',(1.32088245456,0.));
#2302 = CARTESIAN_POINT('',(1.32092351074,6.890222451274E-05));
#2303 = CARTESIAN_POINT('',(1.321006477249,2.062347399204E-04));
#2304 = CARTESIAN_POINT('',(1.321133457137,4.107764416511E-04));
#2305 = CARTESIAN_POINT('',(1.321262934825,6.138198000532E-04));
#2306 = CARTESIAN_POINT('',(1.321394877997,8.153235481496E-04));
#2307 = CARTESIAN_POINT('',(1.321529254318,1.015246400502E-03));
#2308 = CARTESIAN_POINT('',(1.321666031512,1.213547140546E-03));
#2309 = CARTESIAN_POINT('',(1.321805177096,1.410184294681E-03));
#2310 = CARTESIAN_POINT('',(1.321946659355,1.605117348578E-03));
#2311 = CARTESIAN_POINT('',(1.322090443711,1.798302207858E-03));
#2312 = CARTESIAN_POINT('',(1.322236506265,1.989708139073E-03));
#2313 = CARTESIAN_POINT('',(1.322384783275,2.1792545451E-03));
#2314 = CARTESIAN_POINT('',(1.32253535969,2.367046922583E-03));
#2315 = CARTESIAN_POINT('',(1.32268823776,2.553097129316E-03));
#2316 = CARTESIAN_POINT('',(1.322843364117,2.737348758168E-03));
#2317 = CARTESIAN_POINT('',(1.323000706569,2.919771599788E-03));
#2318 = CARTESIAN_POINT('',(1.32316022725,3.100328425152E-03));
#2319 = CARTESIAN_POINT('',(1.323321889814,3.278983886149E-03));
#2320 = CARTESIAN_POINT('',(1.323485657509,3.455702130681E-03));
#2321 = CARTESIAN_POINT('',(1.323651493692,3.630447441693E-03));
#2322 = CARTESIAN_POINT('',(1.323819361692,3.803184065942E-03));
#2323 = CARTESIAN_POINT('',(1.323989224843,3.973876259889E-03));
#2324 = CARTESIAN_POINT('',(1.324103772602,4.086284271549E-03));
#2325 = CARTESIAN_POINT('',(1.324161366786,4.142135623735E-03));
#2326 = ( GEOMETRIC_REPRESENTATION_CONTEXT(2) 
PARAMETRIC_REPRESENTATION_CONTEXT() REPRESENTATION_CONTEXT('2D SPACE',''
  ) );
#2327 = ORIENTED_EDGE('',*,*,#2328,.T.);
#2328 = EDGE_CURVE('',#2253,#2004,#2329,.T.);
#2329 = SURFACE_CURVE('',#2330,(#2338,#2367),.PCURVE_S1.);
#2330 = B_SPLINE_CURVE_WITH_KNOTS('',3,(#2331,#2332,#2333,#2334,#2335,
    #2336,#2337),.UNSPECIFIED.,.F.,.F.,(4,3,4),(1.600436442437E-05,
    2.112808712773E-05,2.128357765381E-05),.UNSPECIFIED.);
#2331 = CARTESIAN_POINT('',(-0.280260541376,0.244142135624,
    0.244142135624));
#2332 = CARTESIAN_POINT('',(-0.280560041086,0.245331756933,
    0.242952514314));
#2333 = CARTESIAN_POINT('',(-0.280827041694,0.246382958982,
    0.241596151691));
#2334 = CARTESIAN_POINT('',(-0.28104617938,0.247241771377,0.240135152806
    ));
#2335 = CARTESIAN_POINT('',(-0.281052920481,0.247268190116,
    0.240090209639));
#2336 = CARTESIAN_POINT('',(-0.281059618655,0.247294436094,
    0.240045157998));
#2337 = CARTESIAN_POINT('',(-0.281066273533,0.247320508076,0.24));
#2338 = PCURVE('',#1385,#2339);
#2339 = DEFINITIONAL_REPRESENTATION('',(#2340),#2366);
#2340 = B_SPLINE_CURVE_WITH_KNOTS('',3,(#2341,#2342,#2343,#2344,#2345,
    #2346,#2347,#2348,#2349,#2350,#2351,#2352,#2353,#2354,#2355,#2356,
    #2357,#2358,#2359,#2360,#2361,#2362,#2363,#2364,#2365),
  .UNSPECIFIED.,.F.,.F.,(4,1,1,1,1,1,1,1,1,1,1,1,1,1,1,1,1,1,1,1,1,1,4),
  (1.600436442437E-05,1.624432866207E-05,1.648429289977E-05,
    1.672425713747E-05,1.696422137517E-05,1.720418561288E-05,
    1.744414985058E-05,1.768411408828E-05,1.792407832598E-05,
    1.816404256368E-05,1.840400680139E-05,1.864397103909E-05,
    1.888393527679E-05,1.912389951449E-05,1.93638637522E-05,
    1.96038279899E-05,1.98437922276E-05,2.00837564653E-05,
    2.0323720703E-05,2.056368494071E-05,2.080364917841E-05,
    2.104361341611E-05,2.128357765381E-05),.QUASI_UNIFORM_KNOTS.);
#2341 = CARTESIAN_POINT('',(0.785398163398,3.026054137563E-02));
#2342 = CARTESIAN_POINT('',(0.7893377848,3.027456813389E-02));
#2343 = CARTESIAN_POINT('',(0.797221425678,3.030247908203E-02));
#2344 = CARTESIAN_POINT('',(0.809059256501,3.034390832951E-02));
#2345 = CARTESIAN_POINT('',(0.820908638236,3.038489093263E-02));
#2346 = CARTESIAN_POINT('',(0.832768730868,3.042541742175E-02));
#2347 = CARTESIAN_POINT('',(0.844638682968,3.046547832723E-02));
#2348 = CARTESIAN_POINT('',(0.856517631669,3.050506417945E-02));
#2349 = CARTESIAN_POINT('',(0.868404705361,3.054416550876E-02));
#2350 = CARTESIAN_POINT('',(0.880299025678,3.058277284554E-02));
#2351 = CARTESIAN_POINT('',(0.892199709684,3.062087672015E-02));
#2352 = CARTESIAN_POINT('',(0.904105872067,3.065846766299E-02));
#2353 = CARTESIAN_POINT('',(0.91601662719,3.069553620424E-02));
#2354 = CARTESIAN_POINT('',(0.927931091726,3.073207287499E-02));
#2355 = CARTESIAN_POINT('',(0.939848385155,3.076806820292E-02));
#2356 = CARTESIAN_POINT('',(0.951767638239,3.080351272845E-02));
#2357 = CARTESIAN_POINT('',(0.963687971705,3.083839694435E-02));
#2358 = CARTESIAN_POINT('',(0.975608586103,3.087271152134E-02));
#2359 = CARTESIAN_POINT('',(0.987528436706,3.090644646598E-02));
#2360 = CARTESIAN_POINT('',(0.999447457009,3.093959426348E-02));
#2361 = CARTESIAN_POINT('',(1.011362002698,3.097213814868E-02));
#2362 = CARTESIAN_POINT('',(1.023281865058,3.100409587921E-02));
#2363 = CARTESIAN_POINT('',(1.035166786017,3.103535637187E-02));
#2364 = CARTESIAN_POINT('',(1.043164526735,3.105597837999E-02));
#2365 = CARTESIAN_POINT('',(1.047197551197,3.106627353302E-02));
#2366 = ( GEOMETRIC_REPRESENTATION_CONTEXT(2) 
PARAMETRIC_REPRESENTATION_CONTEXT() REPRESENTATION_CONTEXT('2D SPACE',''
  ) );
#2367 = PCURVE('',#2368,#2373);
#2368 = CYLINDRICAL_SURFACE('',#2369,1.);
#2369 = AXIS2_PLACEMENT_3D('',#2370,#2371,#2372);
#2370 = CARTESIAN_POINT('',(-1.25,-2.602085213965E-17,0.24));
#2371 = DIRECTION('',(-0.,-1.084202172486E-16,1.));
#2372 = DIRECTION('',(0.,-1.,-1.084202172486E-16));
#2373 = DEFINITIONAL_REPRESENTATION('',(#2374),#2400);
#2374 = B_SPLINE_CURVE_WITH_KNOTS('',3,(#2375,#2376,#2377,#2378,#2379,
    #2380,#2381,#2382,#2383,#2384,#2385,#2386,#2387,#2388,#2389,#2390,
    #2391,#2392,#2393,#2394,#2395,#2396,#2397,#2398,#2399),
  .UNSPECIFIED.,.F.,.F.,(4,1,1,1,1,1,1,1,1,1,1,1,1,1,1,1,1,1,1,1,1,1,4),
  (1.600436442437E-05,1.624432866207E-05,1.648429289977E-05,
    1.672425713747E-05,1.696422137517E-05,1.720418561288E-05,
    1.744414985058E-05,1.768411408828E-05,1.792407832598E-05,
    1.816404256368E-05,1.840400680139E-05,1.864397103909E-05,
    1.888393527679E-05,1.912389951449E-05,1.93638637522E-05,
    1.96038279899E-05,1.98437922276E-05,2.00837564653E-05,
    2.0323720703E-05,2.056368494071E-05,2.080364917841E-05,
    2.104361341611E-05,2.128357765381E-05),.QUASI_UNIFORM_KNOTS.);
#2375 = CARTESIAN_POINT('',(1.817431286804,4.142135623725E-03));
#2376 = CARTESIAN_POINT('',(1.81748874005,4.086420943742E-03));
#2377 = CARTESIAN_POINT('',(1.817603022888,3.974260116295E-03));
#2378 = CARTESIAN_POINT('',(1.817772541613,3.80386275171E-03));
#2379 = CARTESIAN_POINT('',(1.817940120241,3.631347542735E-03));
#2380 = CARTESIAN_POINT('',(1.818105724207,3.456752768396E-03));
#2381 = CARTESIAN_POINT('',(1.818269318943,3.280116707721E-03));
#2382 = CARTESIAN_POINT('',(1.818430869882,3.101477639733E-03));
#2383 = CARTESIAN_POINT('',(1.818590342458,2.920873843467E-03));
#2384 = CARTESIAN_POINT('',(1.818747702102,2.738343597922E-03));
#2385 = CARTESIAN_POINT('',(1.818902914248,2.55392518222E-03));
#2386 = CARTESIAN_POINT('',(1.819055944326,2.367656875037E-03));
#2387 = CARTESIAN_POINT('',(1.819206757767,2.179576956701E-03));
#2388 = CARTESIAN_POINT('',(1.819355320007,1.989723701383E-03));
#2389 = CARTESIAN_POINT('',(1.819501596463,1.798135406231E-03));
#2390 = CARTESIAN_POINT('',(1.819645552608,1.604850282635E-03));
#2391 = CARTESIAN_POINT('',(1.819787153721,1.409906862049E-03));
#2392 = CARTESIAN_POINT('',(1.819926365798,1.213342481425E-03));
#2393 = CARTESIAN_POINT('',(1.820063152151,1.015198935656E-03));
#2394 = CARTESIAN_POINT('',(1.820197486115,8.155013823786E-04));
#2395 = CARTESIAN_POINT('',(1.820329303617,6.143370703117E-04));
#2396 = CARTESIAN_POINT('',(1.820458680187,4.115615210993E-04));
#2397 = CARTESIAN_POINT('',(1.820585170354,2.078950736035E-04));
#2398 = CARTESIAN_POINT('',(1.820668572148,6.985204112896E-05));
#2399 = CARTESIAN_POINT('',(1.82071019903,0.));
#2400 = ( GEOMETRIC_REPRESENTATION_CONTEXT(2) 
PARAMETRIC_REPRESENTATION_CONTEXT() REPRESENTATION_CONTEXT('2D SPACE',''
  ) );
#2401 = ADVANCED_FACE('',(#2402),#189,.T.);
#2402 = FACE_BOUND('',#2403,.T.);
#2403 = EDGE_LOOP('',(#2404,#2405,#2426,#2448,#2520,#2521,#2595,#2615,
    #2636,#2637));
#2404 = ORIENTED_EDGE('',*,*,#867,.F.);
#2405 = ORIENTED_EDGE('',*,*,#2406,.T.);
#2406 = EDGE_CURVE('',#840,#1267,#2407,.T.);
#2407 = SURFACE_CURVE('',#2408,(#2412,#2419),.PCURVE_S1.);
#2408 = LINE('',#2409,#2410);
#2409 = CARTESIAN_POINT('',(-0.279227112039,0.24,-0.24));
#2410 = VECTOR('',#2411,1.);
#2411 = DIRECTION('',(0.,-1.084202172486E-16,1.));
#2412 = PCURVE('',#189,#2413);
#2413 = DEFINITIONAL_REPRESENTATION('',(#2414),#2418);
#2414 = LINE('',#2415,#2416);
#2415 = CARTESIAN_POINT('',(1.328430475756,2.498001805407E-15));
#2416 = VECTOR('',#2417,1.);
#2417 = DIRECTION('',(0.,-1.));
#2418 = ( GEOMETRIC_REPRESENTATION_CONTEXT(2) 
PARAMETRIC_REPRESENTATION_CONTEXT() REPRESENTATION_CONTEXT('2D SPACE',''
  ) );
#2419 = PCURVE('',#855,#2420);
#2420 = DEFINITIONAL_REPRESENTATION('',(#2421),#2425);
#2421 = LINE('',#2422,#2423);
#2422 = CARTESIAN_POINT('',(-0.24,0.970772887961));
#2423 = VECTOR('',#2424,1.);
#2424 = DIRECTION('',(1.,0.));
#2425 = ( GEOMETRIC_REPRESENTATION_CONTEXT(2) 
PARAMETRIC_REPRESENTATION_CONTEXT() REPRESENTATION_CONTEXT('2D SPACE',''
  ) );
#2426 = ORIENTED_EDGE('',*,*,#2427,.T.);
#2427 = EDGE_CURVE('',#1267,#2428,#2430,.T.);
#2428 = VERTEX_POINT('',#2429);
#2429 = CARTESIAN_POINT('',(-0.278507689785,0.237071067812,
    -0.237071067812));
#2430 = SURFACE_CURVE('',#2431,(#2436,#2442),.PCURVE_S1.);
#2431 = ( BOUNDED_CURVE() B_SPLINE_CURVE(3,(#2432,#2433,#2434,#2435),
.UNSPECIFIED.,.F.,.F.) B_SPLINE_CURVE_WITH_KNOTS((4,4),(1.328430475756,
1.331446469628),.PIECEWISE_BEZIER_KNOTS.) CURVE() 
GEOMETRIC_REPRESENTATION_ITEM() RATIONAL_B_SPLINE_CURVE((1.,
0.999999241982,0.999999241982,1.)) REPRESENTATION_ITEM('') );
#2432 = CARTESIAN_POINT('',(-0.279227112039,0.24,-0.24));
#2433 = CARTESIAN_POINT('',(-0.278985832438,0.23902405127,-0.23902405127
    ));
#2434 = CARTESIAN_POINT('',(-0.278746024838,0.2380477398,-0.2380477398)
  );
#2435 = CARTESIAN_POINT('',(-0.278507689785,0.237071067812,
    -0.237071067812));
#2436 = PCURVE('',#189,#2437);
#2437 = DEFINITIONAL_REPRESENTATION('',(#2438),#2441);
#2438 = B_SPLINE_CURVE_WITH_KNOTS('',1,(#2439,#2440),.UNSPECIFIED.,.F.,
  .F.,(2,2),(1.328430475756,1.331446469628),.PIECEWISE_BEZIER_KNOTS.);
#2439 = CARTESIAN_POINT('',(1.328430475756,0.));
#2440 = CARTESIAN_POINT('',(1.331446469628,-2.928932188133E-03));
#2441 = ( GEOMETRIC_REPRESENTATION_CONTEXT(2) 
PARAMETRIC_REPRESENTATION_CONTEXT() REPRESENTATION_CONTEXT('2D SPACE',''
  ) );
#2442 = PCURVE('',#124,#2443);
#2443 = DEFINITIONAL_REPRESENTATION('',(#2444),#2447);
#2444 = B_SPLINE_CURVE_WITH_KNOTS('',1,(#2445,#2446),.UNSPECIFIED.,.F.,
  .F.,(2,2),(1.328430475756,1.331446469628),.PIECEWISE_BEZIER_KNOTS.);
#2445 = CARTESIAN_POINT('',(1.813162177834,0.));
#2446 = CARTESIAN_POINT('',(1.810146183962,-2.928932188133E-03));
#2447 = ( GEOMETRIC_REPRESENTATION_CONTEXT(2) 
PARAMETRIC_REPRESENTATION_CONTEXT() REPRESENTATION_CONTEXT('2D SPACE',''
  ) );
#2448 = ORIENTED_EDGE('',*,*,#2449,.T.);
#2449 = EDGE_CURVE('',#2428,#166,#2450,.T.);
#2450 = SURFACE_CURVE('',#2451,(#2462,#2491),.PCURVE_S1.);
#2451 = B_SPLINE_CURVE_WITH_KNOTS('',3,(#2452,#2453,#2454,#2455,#2456,
    #2457,#2458,#2459,#2460,#2461),.UNSPECIFIED.,.F.,.F.,(4,3,3,4),(0.,
    3.478040274405E-06,6.952384663513E-06,7.988743472567E-06),
  .UNSPECIFIED.);
#2452 = CARTESIAN_POINT('',(-0.278507689785,0.237071067812,
    -0.237071067812));
#2453 = CARTESIAN_POINT('',(-0.278310553568,0.236263224319,
    -0.237878911305));
#2454 = CARTESIAN_POINT('',(-0.278078131276,0.235306161927,
    -0.238551483714));
#2455 = CARTESIAN_POINT('',(-0.277831439086,0.234282498645,
    -0.239036603654));
#2456 = CARTESIAN_POINT('',(-0.277584909514,0.233259510158,
    -0.239521403804));
#2457 = CARTESIAN_POINT('',(-0.277317416227,0.232142026143,
    -0.239832756701));
#2458 = CARTESIAN_POINT('',(-0.277051083041,0.231020356221,
    -0.239947807468));
#2459 = CARTESIAN_POINT('',(-0.276970633766,0.230681541771,
    -0.239982559994));
#2460 = CARTESIAN_POINT('',(-0.276889862995,0.230340582038,-0.24));
#2461 = CARTESIAN_POINT('',(-0.276809371192,0.23,-0.24));
#2462 = PCURVE('',#189,#2463);
#2463 = DEFINITIONAL_REPRESENTATION('',(#2464),#2490);
#2464 = B_SPLINE_CURVE_WITH_KNOTS('',3,(#2465,#2466,#2467,#2468,#2469,
    #2470,#2471,#2472,#2473,#2474,#2475,#2476,#2477,#2478,#2479,#2480,
    #2481,#2482,#2483,#2484,#2485,#2486,#2487,#2488,#2489),
  .UNSPECIFIED.,.F.,.F.,(4,1,1,1,1,1,1,1,1,1,1,1,1,1,1,1,1,1,1,1,1,1,4),
  (0.,3.631247032985E-07,7.26249406597E-07,1.089374109895E-06,
    1.452498813194E-06,1.815623516492E-06,2.178748219791E-06,
    2.541872923089E-06,2.904997626388E-06,3.268122329686E-06,
    3.631247032985E-06,3.994371736283E-06,4.357496439582E-06,
    4.72062114288E-06,5.083745846179E-06,5.446870549477E-06,
    5.809995252776E-06,6.173119956074E-06,6.536244659373E-06,
    6.899369362671E-06,7.26249406597E-06,7.625618769268E-06,
    7.988743472567E-06),.QUASI_UNIFORM_KNOTS.);
#2465 = CARTESIAN_POINT('',(1.331446469628,-2.928932188133E-03));
#2466 = CARTESIAN_POINT('',(1.331533287483,-2.844589309545E-03));
#2467 = CARTESIAN_POINT('',(1.331710265917,-2.678852569294E-03));
#2468 = CARTESIAN_POINT('',(1.331985179672,-2.439450826191E-03));
#2469 = CARTESIAN_POINT('',(1.332268957497,-2.209608748838E-03));
#2470 = CARTESIAN_POINT('',(1.332561017248,-1.989682698782E-03));
#2471 = CARTESIAN_POINT('',(1.332860777201,-1.78002880331E-03));
#2472 = CARTESIAN_POINT('',(1.333167654078,-1.581004063677E-03));
#2473 = CARTESIAN_POINT('',(1.333481070425,-1.392962219524E-03));
#2474 = CARTESIAN_POINT('',(1.333800427058,-1.216269182983E-03));
#2475 = CARTESIAN_POINT('',(1.334125205927,-1.051245437832E-03));
#2476 = CARTESIAN_POINT('',(1.3344545862,-8.983810087789E-04));
#2477 = CARTESIAN_POINT('',(1.334790219263,-7.568865727201E-04));
#2478 = CARTESIAN_POINT('',(1.335131241977,-6.269999146271E-04));
#2479 = CARTESIAN_POINT('',(1.33547707729,-5.088559075841E-04));
#2480 = CARTESIAN_POINT('',(1.335827075267,-4.026166301482E-04));
#2481 = CARTESIAN_POINT('',(1.336180591416,-3.084382508725E-04));
#2482 = CARTESIAN_POINT('',(1.336537032364,-2.264733728532E-04));
#2483 = CARTESIAN_POINT('',(1.336895594838,-1.568947710174E-04));
#2484 = CARTESIAN_POINT('',(1.337256264051,-9.979809842571E-05));
#2485 = CARTESIAN_POINT('',(1.337616081208,-5.556732377593E-05));
#2486 = CARTESIAN_POINT('',(1.337983075075,-2.351027507961E-05));
#2487 = CARTESIAN_POINT('',(1.33835061742,-4.287892139932E-06));
#2488 = CARTESIAN_POINT('',(1.338596094216,7.275958542464E-09));
#2489 = CARTESIAN_POINT('',(1.338718643932,0.));
#2490 = ( GEOMETRIC_REPRESENTATION_CONTEXT(2) 
PARAMETRIC_REPRESENTATION_CONTEXT() REPRESENTATION_CONTEXT('2D SPACE',''
  ) );
#2491 = PCURVE('',#95,#2492);
#2492 = DEFINITIONAL_REPRESENTATION('',(#2493),#2519);
#2493 = B_SPLINE_CURVE_WITH_KNOTS('',3,(#2494,#2495,#2496,#2497,#2498,
    #2499,#2500,#2501,#2502,#2503,#2504,#2505,#2506,#2507,#2508,#2509,
    #2510,#2511,#2512,#2513,#2514,#2515,#2516,#2517,#2518),
  .UNSPECIFIED.,.F.,.F.,(4,1,1,1,1,1,1,1,1,1,1,1,1,1,1,1,1,1,1,1,1,1,4),
  (0.,3.631247032985E-07,7.26249406597E-07,1.089374109895E-06,
    1.452498813194E-06,1.815623516492E-06,2.178748219791E-06,
    2.541872923089E-06,2.904997626388E-06,3.268122329686E-06,
    3.631247032985E-06,3.994371736283E-06,4.357496439582E-06,
    4.72062114288E-06,5.083745846179E-06,5.446870549477E-06,
    5.809995252776E-06,6.173119956074E-06,6.536244659373E-06,
    6.899369362671E-06,7.26249406597E-06,7.625618769268E-06,
    7.988743472567E-06),.QUASI_UNIFORM_KNOTS.);
#2494 = CARTESIAN_POINT('',(0.785398163397,0.121492310215));
#2495 = CARTESIAN_POINT('',(0.773470448395,0.121512892216));
#2496 = CARTESIAN_POINT('',(0.749592861675,0.121554825484));
#2497 = CARTESIAN_POINT('',(0.713728975376,0.121619889673));
#2498 = CARTESIAN_POINT('',(0.677835856605,0.121686974649));
#2499 = CARTESIAN_POINT('',(0.641934194733,0.121755936886));
#2500 = CARTESIAN_POINT('',(0.606045583405,0.121826632955));
#2501 = CARTESIAN_POINT('',(0.570192490252,0.121898919063));
#2502 = CARTESIAN_POINT('',(0.534396850822,0.121972652782));
#2503 = CARTESIAN_POINT('',(0.498682652565,0.122047686582));
#2504 = CARTESIAN_POINT('',(0.463063941313,0.122123891975));
#2505 = CARTESIAN_POINT('',(0.427587193671,0.122201069418));
#2506 = CARTESIAN_POINT('',(0.3920253203,0.122279598277));
#2507 = CARTESIAN_POINT('',(0.356417990651,0.122359274595));
#2508 = CARTESIAN_POINT('',(0.320777078138,0.122439960678));
#2509 = CARTESIAN_POINT('',(0.285123206871,0.122521501949));
#2510 = CARTESIAN_POINT('',(0.249477118826,0.122603745101));
#2511 = CARTESIAN_POINT('',(0.213854868492,0.122686548634));
#2512 = CARTESIAN_POINT('',(0.178292840605,0.122769722545));
#2513 = CARTESIAN_POINT('',(0.142749634739,0.122853259038));
#2514 = CARTESIAN_POINT('',(0.107470680357,0.122936469987));
#2515 = CARTESIAN_POINT('',(7.162511724353E-02,0.123021206388));
#2516 = CARTESIAN_POINT('',(3.581499975229E-02,0.123105938559));
#2517 = CARTESIAN_POINT('',(1.192637901047E-02,0.123162442445));
#2518 = CARTESIAN_POINT('',(0.,0.123190628808));
#2519 = ( GEOMETRIC_REPRESENTATION_CONTEXT(2) 
PARAMETRIC_REPRESENTATION_CONTEXT() REPRESENTATION_CONTEXT('2D SPACE',''
  ) );
#2520 = ORIENTED_EDGE('',*,*,#165,.T.);
#2521 = ORIENTED_EDGE('',*,*,#2522,.T.);
#2522 = EDGE_CURVE('',#168,#2523,#2525,.T.);
#2523 = VERTEX_POINT('',#2524);
#2524 = CARTESIAN_POINT('',(-0.278507689785,-0.237071067812,
    -0.237071067812));
#2525 = SURFACE_CURVE('',#2526,(#2537,#2566),.PCURVE_S1.);
#2526 = B_SPLINE_CURVE_WITH_KNOTS('',3,(#2527,#2528,#2529,#2530,#2531,
    #2532,#2533,#2534,#2535,#2536),.UNSPECIFIED.,.F.,.F.,(4,3,3,4),(0.,
    3.527781105258E-06,7.058075805892E-06,7.991169092064E-06),
  .UNSPECIFIED.);
#2527 = CARTESIAN_POINT('',(-0.276809371192,-0.23,-0.24));
#2528 = CARTESIAN_POINT('',(-0.27707983441,-0.231144401171,-0.24));
#2529 = CARTESIAN_POINT('',(-0.277356161761,-0.232304102678,
    -0.239798306037));
#2530 = CARTESIAN_POINT('',(-0.277615226308,-0.23338348676,
    -0.239410208167));
#2531 = CARTESIAN_POINT('',(-0.277874391787,-0.234463291373,
    -0.239021959092));
#2532 = CARTESIAN_POINT('',(-0.278123512921,-0.235492957457,
    -0.238435900193));
#2533 = CARTESIAN_POINT('',(-0.278340051564,-0.23638304636,
    -0.237697838641));
#2534 = CARTESIAN_POINT('',(-0.278398075948,-0.236621557416,
    -0.237500065318));
#2535 = CARTESIAN_POINT('',(-0.278454088187,-0.236851414097,
    -0.237290721527));
#2536 = CARTESIAN_POINT('',(-0.278507689785,-0.237071067812,
    -0.237071067812));
#2537 = PCURVE('',#189,#2538);
#2538 = DEFINITIONAL_REPRESENTATION('',(#2539),#2565);
#2539 = B_SPLINE_CURVE_WITH_KNOTS('',3,(#2540,#2541,#2542,#2543,#2544,
    #2545,#2546,#2547,#2548,#2549,#2550,#2551,#2552,#2553,#2554,#2555,
    #2556,#2557,#2558,#2559,#2560,#2561,#2562,#2563,#2564),
  .UNSPECIFIED.,.F.,.F.,(4,1,1,1,1,1,1,1,1,1,1,1,1,1,1,1,1,1,1,1,1,1,4),
  (0.,3.632349587302E-07,7.264699174603E-07,1.08970487619E-06,
    1.452939834921E-06,1.816174793651E-06,2.179409752381E-06,
    2.542644711111E-06,2.905879669841E-06,3.269114628571E-06,
    3.632349587302E-06,3.995584546032E-06,4.358819504762E-06,
    4.722054463492E-06,5.085289422222E-06,5.448524380952E-06,
    5.811759339683E-06,6.174994298413E-06,6.538229257143E-06,
    6.901464215873E-06,7.264699174603E-06,7.627934133333E-06,
    7.991169092064E-06),.QUASI_UNIFORM_KNOTS.);
#2540 = CARTESIAN_POINT('',(1.802874009658,0.));
#2541 = CARTESIAN_POINT('',(1.802995087977,9.253528825803E-18));
#2542 = CARTESIAN_POINT('',(1.803237588935,-4.276563969607E-06));
#2543 = CARTESIAN_POINT('',(1.803601729067,-2.342095415664E-05));
#2544 = CARTESIAN_POINT('',(1.803965613691,-5.519476169094E-05));
#2545 = CARTESIAN_POINT('',(1.804328598378,-9.949778691878E-05));
#2546 = CARTESIAN_POINT('',(1.804690039518,-1.562301004689E-04));
#2547 = CARTESIAN_POINT('',(1.805049290432,-2.252907646098E-04));
#2548 = CARTESIAN_POINT('',(1.805405715883,-3.065826047662E-04));
#2549 = CARTESIAN_POINT('',(1.805758637929,-3.999944021007E-04));
#2550 = CARTESIAN_POINT('',(1.806107538007,-5.05467351667E-04));
#2551 = CARTESIAN_POINT('',(1.806451302736,-6.227470372159E-04));
#2552 = CARTESIAN_POINT('',(1.80679134041,-7.524134356113E-04));
#2553 = CARTESIAN_POINT('',(1.807127438698,-8.942836473587E-04));
#2554 = CARTESIAN_POINT('',(1.807458889908,-1.048026799908E-03));
#2555 = CARTESIAN_POINT('',(1.807785120759,-1.213353036094E-03));
#2556 = CARTESIAN_POINT('',(1.808105515654,-1.38995641027E-03));
#2557 = CARTESIAN_POINT('',(1.808419493819,-1.57755431533E-03));
#2558 = CARTESIAN_POINT('',(1.808726377474,-1.775786878479E-03));
#2559 = CARTESIAN_POINT('',(1.809025842032,-1.984579951145E-03));
#2560 = CARTESIAN_POINT('',(1.809316247118,-2.202793753557E-03));
#2561 = CARTESIAN_POINT('',(1.809600862298,-2.433265306505E-03));
#2562 = CARTESIAN_POINT('',(1.809878973089,-2.675549111448E-03));
#2563 = CARTESIAN_POINT('',(1.81005834461,-2.84356697734E-03));
#2564 = CARTESIAN_POINT('',(1.810146183962,-2.928932188135E-03));
#2565 = ( GEOMETRIC_REPRESENTATION_CONTEXT(2) 
PARAMETRIC_REPRESENTATION_CONTEXT() REPRESENTATION_CONTEXT('2D SPACE',''
  ) );
#2566 = PCURVE('',#271,#2567);
#2567 = DEFINITIONAL_REPRESENTATION('',(#2568),#2594);
#2568 = B_SPLINE_CURVE_WITH_KNOTS('',3,(#2569,#2570,#2571,#2572,#2573,
    #2574,#2575,#2576,#2577,#2578,#2579,#2580,#2581,#2582,#2583,#2584,
    #2585,#2586,#2587,#2588,#2589,#2590,#2591,#2592,#2593),
  .UNSPECIFIED.,.F.,.F.,(4,1,1,1,1,1,1,1,1,1,1,1,1,1,1,1,1,1,1,1,1,1,4),
  (0.,3.632349587302E-07,7.264699174603E-07,1.08970487619E-06,
    1.452939834921E-06,1.816174793651E-06,2.179409752381E-06,
    2.542644711111E-06,2.905879669841E-06,3.269114628571E-06,
    3.632349587302E-06,3.995584546032E-06,4.358819504762E-06,
    4.722054463492E-06,5.085289422222E-06,5.448524380952E-06,
    5.811759339683E-06,6.174994298413E-06,6.538229257143E-06,
    6.901464215873E-06,7.264699174603E-06,7.627934133333E-06,
    7.991169092064E-06),.QUASI_UNIFORM_KNOTS.);
#2569 = CARTESIAN_POINT('',(6.28318530718,0.123190628808));
#2570 = CARTESIAN_POINT('',(6.271402213164,0.123162780795));
#2571 = CARTESIAN_POINT('',(6.247803060658,0.123106960429));
#2572 = CARTESIAN_POINT('',(6.2123231455,0.123023008337));
#2573 = CARTESIAN_POINT('',(6.17677921256,0.122938986161));
#2574 = CARTESIAN_POINT('',(6.141190314894,0.122855045412));
#2575 = CARTESIAN_POINT('',(6.105576067047,0.12277133741));
#2576 = CARTESIAN_POINT('',(6.069956781736,0.122688014187));
#2577 = CARTESIAN_POINT('',(6.034351453535,0.122605225118));
#2578 = CARTESIAN_POINT('',(5.998782866756,0.122523129485));
#2579 = CARTESIAN_POINT('',(5.963256364905,0.122441849613));
#2580 = CARTESIAN_POINT('',(5.927836888236,0.122361645741));
#2581 = CARTESIAN_POINT('',(5.8923281926,0.122282193525));
#2582 = CARTESIAN_POINT('',(5.856708887136,0.122203549913));
#2583 = CARTESIAN_POINT('',(5.821009685708,0.122125886497));
#2584 = CARTESIAN_POINT('',(5.785248594122,0.122049343754));
#2585 = CARTESIAN_POINT('',(5.749448673256,0.121974071983));
#2586 = CARTESIAN_POINT('',(5.713628882696,0.121900213299));
#2587 = CARTESIAN_POINT('',(5.677819969743,0.12182793274));
#2588 = CARTESIAN_POINT('',(5.642007076367,0.121757311827));
#2589 = CARTESIAN_POINT('',(5.606340446424,0.121688743238));
#2590 = CARTESIAN_POINT('',(5.570347067394,0.12162145853));
#2591 = CARTESIAN_POINT('',(5.534060473338,0.121555635562));
#2592 = CARTESIAN_POINT('',(5.509857360829,0.121513134485));
#2593 = CARTESIAN_POINT('',(5.497787143782,0.121492310215));
#2594 = ( GEOMETRIC_REPRESENTATION_CONTEXT(2) 
PARAMETRIC_REPRESENTATION_CONTEXT() REPRESENTATION_CONTEXT('2D SPACE',''
  ) );
#2595 = ORIENTED_EDGE('',*,*,#2596,.F.);
#2596 = EDGE_CURVE('',#1217,#2523,#2597,.T.);
#2597 = SURFACE_CURVE('',#2598,(#2603,#2609),.PCURVE_S1.);
#2598 = ( BOUNDED_CURVE() B_SPLINE_CURVE(3,(#2599,#2600,#2601,#2602),
.UNSPECIFIED.,.F.,.F.) B_SPLINE_CURVE_WITH_KNOTS((4,4),(1.328430475756,
1.331446469628),.PIECEWISE_BEZIER_KNOTS.) CURVE() 
GEOMETRIC_REPRESENTATION_ITEM() RATIONAL_B_SPLINE_CURVE((1.,
0.999999241982,0.999999241982,1.)) REPRESENTATION_ITEM('') );
#2599 = CARTESIAN_POINT('',(-0.279227112039,-0.24,-0.24));
#2600 = CARTESIAN_POINT('',(-0.278985832438,-0.23902405127,
    -0.23902405127));
#2601 = CARTESIAN_POINT('',(-0.278746024838,-0.2380477398,-0.2380477398)
  );
#2602 = CARTESIAN_POINT('',(-0.278507689785,-0.237071067812,
    -0.237071067812));
#2603 = PCURVE('',#189,#2604);
#2604 = DEFINITIONAL_REPRESENTATION('',(#2605),#2608);
#2605 = B_SPLINE_CURVE_WITH_KNOTS('',1,(#2606,#2607),.UNSPECIFIED.,.F.,
  .F.,(2,2),(1.328430475756,1.331446469628),.PIECEWISE_BEZIER_KNOTS.);
#2606 = CARTESIAN_POINT('',(1.813162177834,0.));
#2607 = CARTESIAN_POINT('',(1.810146183962,-2.928932188135E-03));
#2608 = ( GEOMETRIC_REPRESENTATION_CONTEXT(2) 
PARAMETRIC_REPRESENTATION_CONTEXT() REPRESENTATION_CONTEXT('2D SPACE',''
  ) );
#2609 = PCURVE('',#614,#2610);
#2610 = DEFINITIONAL_REPRESENTATION('',(#2611),#2614);
#2611 = B_SPLINE_CURVE_WITH_KNOTS('',1,(#2612,#2613),.UNSPECIFIED.,.F.,
  .F.,(2,2),(1.328430475756,1.331446469628),.PIECEWISE_BEZIER_KNOTS.);
#2612 = CARTESIAN_POINT('',(1.328430475756,5.551115123126E-17));
#2613 = CARTESIAN_POINT('',(1.331446469628,-2.928932188135E-03));
#2614 = ( GEOMETRIC_REPRESENTATION_CONTEXT(2) 
PARAMETRIC_REPRESENTATION_CONTEXT() REPRESENTATION_CONTEXT('2D SPACE',''
  ) );
#2615 = ORIENTED_EDGE('',*,*,#2616,.T.);
#2616 = EDGE_CURVE('',#1217,#289,#2617,.T.);
#2617 = SURFACE_CURVE('',#2618,(#2622,#2629),.PCURVE_S1.);
#2618 = LINE('',#2619,#2620);
#2619 = CARTESIAN_POINT('',(-0.279227112039,-0.24,-0.24));
#2620 = VECTOR('',#2621,1.);
#2621 = DIRECTION('',(-0.,1.084202172486E-16,-1.));
#2622 = PCURVE('',#189,#2623);
#2623 = DEFINITIONAL_REPRESENTATION('',(#2624),#2628);
#2624 = LINE('',#2625,#2626);
#2625 = CARTESIAN_POINT('',(1.813162177834,-8.604228440845E-16));
#2626 = VECTOR('',#2627,1.);
#2627 = DIRECTION('',(0.,1.));
#2628 = ( GEOMETRIC_REPRESENTATION_CONTEXT(2) 
PARAMETRIC_REPRESENTATION_CONTEXT() REPRESENTATION_CONTEXT('2D SPACE',''
  ) );
#2629 = PCURVE('',#380,#2630);
#2630 = DEFINITIONAL_REPRESENTATION('',(#2631),#2635);
#2631 = LINE('',#2632,#2633);
#2632 = CARTESIAN_POINT('',(0.24,0.970772887961));
#2633 = VECTOR('',#2634,1.);
#2634 = DIRECTION('',(1.,0.));
#2635 = ( GEOMETRIC_REPRESENTATION_CONTEXT(2) 
PARAMETRIC_REPRESENTATION_CONTEXT() REPRESENTATION_CONTEXT('2D SPACE',''
  ) );
#2636 = ORIENTED_EDGE('',*,*,#286,.F.);
#2637 = ORIENTED_EDGE('',*,*,#2638,.F.);
#2638 = EDGE_CURVE('',#868,#287,#2639,.T.);
#2639 = SURFACE_CURVE('',#2640,(#2645,#2652),.PCURVE_S1.);
#2640 = CIRCLE('',#2641,1.);
#2641 = AXIS2_PLACEMENT_3D('',#2642,#2643,#2644);
#2642 = CARTESIAN_POINT('',(-1.25,2.710505431214E-17,-0.25));
#2643 = DIRECTION('',(-0.,1.084202172486E-16,-1.));
#2644 = DIRECTION('',(0.,1.,1.084202172486E-16));
#2645 = PCURVE('',#189,#2646);
#2646 = DEFINITIONAL_REPRESENTATION('',(#2647),#2651);
#2647 = LINE('',#2648,#2649);
#2648 = CARTESIAN_POINT('',(0.,1.E-02));
#2649 = VECTOR('',#2650,1.);
#2650 = DIRECTION('',(1.,-5.979802812847E-17));
#2651 = ( GEOMETRIC_REPRESENTATION_CONTEXT(2) 
PARAMETRIC_REPRESENTATION_CONTEXT() REPRESENTATION_CONTEXT('2D SPACE',''
  ) );
#2652 = PCURVE('',#741,#2653);
#2653 = DEFINITIONAL_REPRESENTATION('',(#2654),#2662);
#2654 = ( BOUNDED_CURVE() B_SPLINE_CURVE(2,(#2655,#2656,#2657,#2658,
#2659,#2660,#2661),.UNSPECIFIED.,.T.,.F.) B_SPLINE_CURVE_WITH_KNOTS((1,2
    ,2,2,2,1),(-2.094395102393,0.,2.094395102393,4.188790204786,
6.28318530718,8.377580409573),.UNSPECIFIED.) CURVE() 
GEOMETRIC_REPRESENTATION_ITEM() RATIONAL_B_SPLINE_CURVE((1.,0.5,1.,0.5,
1.,0.5,1.)) REPRESENTATION_ITEM('') );
#2655 = CARTESIAN_POINT('',(-0.75,-1.));
#2656 = CARTESIAN_POINT('',(-0.75,0.732050807569));
#2657 = CARTESIAN_POINT('',(0.75,-0.133974596216));
#2658 = CARTESIAN_POINT('',(2.25,-1.));
#2659 = CARTESIAN_POINT('',(0.75,-1.866025403784));
#2660 = CARTESIAN_POINT('',(-0.75,-2.732050807569));
#2661 = CARTESIAN_POINT('',(-0.75,-1.));
#2662 = ( GEOMETRIC_REPRESENTATION_CONTEXT(2) 
PARAMETRIC_REPRESENTATION_CONTEXT() REPRESENTATION_CONTEXT('2D SPACE',''
  ) );
#2663 = ADVANCED_FACE('',(#2664),#1179,.T.);
#2664 = FACE_BOUND('',#2665,.T.);
#2665 = EDGE_LOOP('',(#2666,#2667,#2687));
#2666 = ORIENTED_EDGE('',*,*,#1289,.T.);
#2667 = ORIENTED_EDGE('',*,*,#2668,.T.);
#2668 = EDGE_CURVE('',#1267,#757,#2669,.T.);
#2669 = SURFACE_CURVE('',#2670,(#2675,#2681),.PCURVE_S1.);
#2670 = ( BOUNDED_CURVE() B_SPLINE_CURVE(3,(#2671,#2672,#2673,#2674),
.UNSPECIFIED.,.F.,.F.) B_SPLINE_CURVE_WITH_KNOTS((4,4),(4.954754831424,
4.959023940394),.PIECEWISE_BEZIER_KNOTS.) CURVE() 
GEOMETRIC_REPRESENTATION_ITEM() RATIONAL_B_SPLINE_CURVE((1.,
0.999998481226,0.999998481226,1.)) REPRESENTATION_ITEM('') );
#2671 = CARTESIAN_POINT('',(-0.279227112039,0.24,-0.24));
#2672 = CARTESIAN_POINT('',(-0.279568641016,0.24138144613,-0.24138144613
    ));
#2673 = CARTESIAN_POINT('',(-0.279913117985,0.242762160102,
    -0.242762160102));
#2674 = CARTESIAN_POINT('',(-0.280260541376,0.244142135624,
    -0.244142135624));
#2675 = PCURVE('',#1179,#2676);
#2676 = DEFINITIONAL_REPRESENTATION('',(#2677),#2680);
#2677 = B_SPLINE_CURVE_WITH_KNOTS('',1,(#2678,#2679),.UNSPECIFIED.,.F.,
  .F.,(2,2),(4.954754831424,4.959023940394),.PIECEWISE_BEZIER_KNOTS.);
#2678 = CARTESIAN_POINT('',(1.328430475756,0.));
#2679 = CARTESIAN_POINT('',(1.324161366786,4.142135623732E-03));
#2680 = ( GEOMETRIC_REPRESENTATION_CONTEXT(2) 
PARAMETRIC_REPRESENTATION_CONTEXT() REPRESENTATION_CONTEXT('2D SPACE',''
  ) );
#2681 = PCURVE('',#805,#2682);
#2682 = DEFINITIONAL_REPRESENTATION('',(#2683),#2686);
#2683 = B_SPLINE_CURVE_WITH_KNOTS('',1,(#2684,#2685),.UNSPECIFIED.,.F.,
  .F.,(2,2),(4.954754831424,4.959023940394),.PIECEWISE_BEZIER_KNOTS.);
#2684 = CARTESIAN_POINT('',(1.813162177834,0.));
#2685 = CARTESIAN_POINT('',(1.817431286804,4.142135623732E-03));
#2686 = ( GEOMETRIC_REPRESENTATION_CONTEXT(2) 
PARAMETRIC_REPRESENTATION_CONTEXT() REPRESENTATION_CONTEXT('2D SPACE',''
  ) );
#2687 = ORIENTED_EDGE('',*,*,#1142,.F.);
#2688 = ADVANCED_FACE('',(#2689),#507,.T.);
#2689 = FACE_BOUND('',#2690,.T.);
#2690 = EDGE_LOOP('',(#2691,#2692,#2712));
#2691 = ORIENTED_EDGE('',*,*,#468,.F.);
#2692 = ORIENTED_EDGE('',*,*,#2693,.T.);
#2693 = EDGE_CURVE('',#393,#1217,#2694,.T.);
#2694 = SURFACE_CURVE('',#2695,(#2700,#2706),.PCURVE_S1.);
#2695 = ( BOUNDED_CURVE() B_SPLINE_CURVE(3,(#2696,#2697,#2698,#2699),
.UNSPECIFIED.,.F.,.F.) B_SPLINE_CURVE_WITH_KNOTS((4,4),(1.324161366786,
1.328430475756),.PIECEWISE_BEZIER_KNOTS.) CURVE() 
GEOMETRIC_REPRESENTATION_ITEM() RATIONAL_B_SPLINE_CURVE((1.,
0.999998481226,0.999998481226,1.)) REPRESENTATION_ITEM('') );
#2696 = CARTESIAN_POINT('',(-0.280260541376,-0.244142135624,
    -0.244142135624));
#2697 = CARTESIAN_POINT('',(-0.279913117985,-0.242762160102,
    -0.242762160102));
#2698 = CARTESIAN_POINT('',(-0.279568641016,-0.24138144613,
    -0.24138144613));
#2699 = CARTESIAN_POINT('',(-0.279227112039,-0.24,-0.24));
#2700 = PCURVE('',#507,#2701);
#2701 = DEFINITIONAL_REPRESENTATION('',(#2702),#2705);
#2702 = B_SPLINE_CURVE_WITH_KNOTS('',1,(#2703,#2704),.UNSPECIFIED.,.F.,
  .F.,(2,2),(1.324161366786,1.328430475756),.PIECEWISE_BEZIER_KNOTS.);
#2703 = CARTESIAN_POINT('',(1.817431286804,4.14213562373E-03));
#2704 = CARTESIAN_POINT('',(1.813162177834,0.));
#2705 = ( GEOMETRIC_REPRESENTATION_CONTEXT(2) 
PARAMETRIC_REPRESENTATION_CONTEXT() REPRESENTATION_CONTEXT('2D SPACE',''
  ) );
#2706 = PCURVE('',#434,#2707);
#2707 = DEFINITIONAL_REPRESENTATION('',(#2708),#2711);
#2708 = B_SPLINE_CURVE_WITH_KNOTS('',1,(#2709,#2710),.UNSPECIFIED.,.F.,
  .F.,(2,2),(1.324161366786,1.328430475756),.PIECEWISE_BEZIER_KNOTS.);
#2709 = CARTESIAN_POINT('',(1.324161366786,4.14213562373E-03));
#2710 = CARTESIAN_POINT('',(1.328430475756,5.551115123126E-17));
#2711 = ( GEOMETRIC_REPRESENTATION_CONTEXT(2) 
PARAMETRIC_REPRESENTATION_CONTEXT() REPRESENTATION_CONTEXT('2D SPACE',''
  ) );
#2712 = ORIENTED_EDGE('',*,*,#1216,.T.);
#2713 = ADVANCED_FACE('',(#2714),#741,.F.);
#2714 = FACE_BOUND('',#2715,.T.);
#2715 = EDGE_LOOP('',(#2716,#2717,#2718,#2744));
#2716 = ORIENTED_EDGE('',*,*,#2638,.T.);
#2717 = ORIENTED_EDGE('',*,*,#727,.T.);
#2718 = ORIENTED_EDGE('',*,*,#2719,.T.);
#2719 = EDGE_CURVE('',#677,#939,#2720,.T.);
#2720 = SURFACE_CURVE('',#2721,(#2725,#2732),.PCURVE_S1.);
#2721 = LINE('',#2722,#2723);
#2722 = CARTESIAN_POINT('',(-0.48,0.25,-0.25));
#2723 = VECTOR('',#2724,1.);
#2724 = DIRECTION('',(0.,1.,1.084202172486E-16));
#2725 = PCURVE('',#741,#2726);
#2726 = DEFINITIONAL_REPRESENTATION('',(#2727),#2731);
#2727 = LINE('',#2728,#2729);
#2728 = CARTESIAN_POINT('',(-0.,-0.23));
#2729 = VECTOR('',#2730,1.);
#2730 = DIRECTION('',(-1.,0.));
#2731 = ( GEOMETRIC_REPRESENTATION_CONTEXT(2) 
PARAMETRIC_REPRESENTATION_CONTEXT() REPRESENTATION_CONTEXT('2D SPACE',''
  ) );
#2732 = PCURVE('',#2733,#2738);
#2733 = CYLINDRICAL_SURFACE('',#2734,2.E-02);
#2734 = AXIS2_PLACEMENT_3D('',#2735,#2736,#2737);
#2735 = CARTESIAN_POINT('',(-0.48,0.25,-0.23));
#2736 = DIRECTION('',(0.,-1.,-1.084202172486E-16));
#2737 = DIRECTION('',(0.,1.084202172486E-16,-1.));
#2738 = DEFINITIONAL_REPRESENTATION('',(#2739),#2743);
#2739 = LINE('',#2740,#2741);
#2740 = CARTESIAN_POINT('',(6.28318530718,0.));
#2741 = VECTOR('',#2742,1.);
#2742 = DIRECTION('',(0.,-1.));
#2743 = ( GEOMETRIC_REPRESENTATION_CONTEXT(2) 
PARAMETRIC_REPRESENTATION_CONTEXT() REPRESENTATION_CONTEXT('2D SPACE',''
  ) );
#2744 = ORIENTED_EDGE('',*,*,#938,.T.);
#2745 = ADVANCED_FACE('',(#2746),#2761,.T.);
#2746 = FACE_BOUND('',#2747,.T.);
#2747 = EDGE_LOOP('',(#2748,#2788,#2816,#2840));
#2748 = ORIENTED_EDGE('',*,*,#2749,.T.);
#2749 = EDGE_CURVE('',#2750,#2752,#2754,.T.);
#2750 = VERTEX_POINT('',#2751);
#2751 = CARTESIAN_POINT('',(0.276809371192,-0.24,-0.23));
#2752 = VERTEX_POINT('',#2753);
#2753 = CARTESIAN_POINT('',(0.276809371192,-0.24,0.23));
#2754 = SURFACE_CURVE('',#2755,(#2760,#2776),.PCURVE_S1.);
#2755 = CIRCLE('',#2756,1.);
#2756 = AXIS2_PLACEMENT_3D('',#2757,#2758,#2759);
#2757 = CARTESIAN_POINT('',(1.25,-0.24,8.119346691827E-16));
#2758 = DIRECTION('',(0.,1.,-3.383061121595E-15));
#2759 = DIRECTION('',(0.,-3.383061121595E-15,-1.));
#2760 = PCURVE('',#2761,#2766);
#2761 = PLANE('',#2762);
#2762 = AXIS2_PLACEMENT_3D('',#2763,#2764,#2765);
#2763 = CARTESIAN_POINT('',(-0.4,-0.24,0.24));
#2764 = DIRECTION('',(0.,-1.,0.));
#2765 = DIRECTION('',(0.,-0.,-1.));
#2766 = DEFINITIONAL_REPRESENTATION('',(#2767),#2775);
#2767 = ( BOUNDED_CURVE() B_SPLINE_CURVE(2,(#2768,#2769,#2770,#2771,
#2772,#2773,#2774),.UNSPECIFIED.,.T.,.F.) B_SPLINE_CURVE_WITH_KNOTS((1,2
    ,2,2,2,1),(-2.094395102393,0.,2.094395102393,4.188790204786,
6.28318530718,8.377580409573),.UNSPECIFIED.) CURVE() 
GEOMETRIC_REPRESENTATION_ITEM() RATIONAL_B_SPLINE_CURVE((1.,0.5,1.,0.5,
1.,0.5,1.)) REPRESENTATION_ITEM('') );
#2768 = CARTESIAN_POINT('',(1.24,1.65));
#2769 = CARTESIAN_POINT('',(1.24,-8.205080756888E-02));
#2770 = CARTESIAN_POINT('',(-0.26,0.783974596216));
#2771 = CARTESIAN_POINT('',(-1.76,1.65));
#2772 = CARTESIAN_POINT('',(-0.26,2.516025403784));
#2773 = CARTESIAN_POINT('',(1.24,3.382050807569));
#2774 = CARTESIAN_POINT('',(1.24,1.65));
#2775 = ( GEOMETRIC_REPRESENTATION_CONTEXT(2) 
PARAMETRIC_REPRESENTATION_CONTEXT() REPRESENTATION_CONTEXT('2D SPACE',''
  ) );
#2776 = PCURVE('',#2777,#2782);
#2777 = CYLINDRICAL_SURFACE('',#2778,1.);
#2778 = AXIS2_PLACEMENT_3D('',#2779,#2780,#2781);
#2779 = CARTESIAN_POINT('',(1.25,-0.24,8.119346691827E-16));
#2780 = DIRECTION('',(-0.,-1.,3.383061121595E-15));
#2781 = DIRECTION('',(0.,-3.383061121595E-15,-1.));
#2782 = DEFINITIONAL_REPRESENTATION('',(#2783),#2787);
#2783 = LINE('',#2784,#2785);
#2784 = CARTESIAN_POINT('',(6.28318530718,0.));
#2785 = VECTOR('',#2786,1.);
#2786 = DIRECTION('',(-1.,0.));
#2787 = ( GEOMETRIC_REPRESENTATION_CONTEXT(2) 
PARAMETRIC_REPRESENTATION_CONTEXT() REPRESENTATION_CONTEXT('2D SPACE',''
  ) );
#2788 = ORIENTED_EDGE('',*,*,#2789,.T.);
#2789 = EDGE_CURVE('',#2752,#2790,#2792,.T.);
#2790 = VERTEX_POINT('',#2791);
#2791 = CARTESIAN_POINT('',(-0.276809371192,-0.24,0.23));
#2792 = SURFACE_CURVE('',#2793,(#2797,#2804),.PCURVE_S1.);
#2793 = LINE('',#2794,#2795);
#2794 = CARTESIAN_POINT('',(-0.4,-0.24,0.23));
#2795 = VECTOR('',#2796,1.);
#2796 = DIRECTION('',(-1.,-0.,-0.));
#2797 = PCURVE('',#2761,#2798);
#2798 = DEFINITIONAL_REPRESENTATION('',(#2799),#2803);
#2799 = LINE('',#2800,#2801);
#2800 = CARTESIAN_POINT('',(1.E-02,0.));
#2801 = VECTOR('',#2802,1.);
#2802 = DIRECTION('',(0.,-1.));
#2803 = ( GEOMETRIC_REPRESENTATION_CONTEXT(2) 
PARAMETRIC_REPRESENTATION_CONTEXT() REPRESENTATION_CONTEXT('2D SPACE',''
  ) );
#2804 = PCURVE('',#2805,#2810);
#2805 = CYLINDRICAL_SURFACE('',#2806,1.E-02);
#2806 = AXIS2_PLACEMENT_3D('',#2807,#2808,#2809);
#2807 = CARTESIAN_POINT('',(-0.4,-0.23,0.23));
#2808 = DIRECTION('',(1.,0.,0.));
#2809 = DIRECTION('',(0.,0.,-1.));
#2810 = DEFINITIONAL_REPRESENTATION('',(#2811),#2815);
#2811 = LINE('',#2812,#2813);
#2812 = CARTESIAN_POINT('',(4.712388980385,0.));
#2813 = VECTOR('',#2814,1.);
#2814 = DIRECTION('',(0.,-1.));
#2815 = ( GEOMETRIC_REPRESENTATION_CONTEXT(2) 
PARAMETRIC_REPRESENTATION_CONTEXT() REPRESENTATION_CONTEXT('2D SPACE',''
  ) );
#2816 = ORIENTED_EDGE('',*,*,#2817,.F.);
#2817 = EDGE_CURVE('',#2818,#2790,#2820,.T.);
#2818 = VERTEX_POINT('',#2819);
#2819 = CARTESIAN_POINT('',(-0.276809371192,-0.24,-0.23));
#2820 = SURFACE_CURVE('',#2821,(#2826,#2833),.PCURVE_S1.);
#2821 = CIRCLE('',#2822,1.);
#2822 = AXIS2_PLACEMENT_3D('',#2823,#2824,#2825);
#2823 = CARTESIAN_POINT('',(-1.25,-0.24,8.119346691827E-16));
#2824 = DIRECTION('',(0.,-1.,3.383061121595E-15));
#2825 = DIRECTION('',(0.,-3.383061121595E-15,-1.));
#2826 = PCURVE('',#2761,#2827);
#2827 = DEFINITIONAL_REPRESENTATION('',(#2828),#2832);
#2828 = CIRCLE('',#2829,1.);
#2829 = AXIS2_PLACEMENT_2D('',#2830,#2831);
#2830 = CARTESIAN_POINT('',(0.24,-0.85));
#2831 = DIRECTION('',(1.,0.));
#2832 = ( GEOMETRIC_REPRESENTATION_CONTEXT(2) 
PARAMETRIC_REPRESENTATION_CONTEXT() REPRESENTATION_CONTEXT('2D SPACE',''
  ) );
#2833 = PCURVE('',#614,#2834);
#2834 = DEFINITIONAL_REPRESENTATION('',(#2835),#2839);
#2835 = LINE('',#2836,#2837);
#2836 = CARTESIAN_POINT('',(0.,0.));
#2837 = VECTOR('',#2838,1.);
#2838 = DIRECTION('',(1.,0.));
#2839 = ( GEOMETRIC_REPRESENTATION_CONTEXT(2) 
PARAMETRIC_REPRESENTATION_CONTEXT() REPRESENTATION_CONTEXT('2D SPACE',''
  ) );
#2840 = ORIENTED_EDGE('',*,*,#2841,.T.);
#2841 = EDGE_CURVE('',#2818,#2750,#2842,.T.);
#2842 = SURFACE_CURVE('',#2843,(#2847,#2854),.PCURVE_S1.);
#2843 = LINE('',#2844,#2845);
#2844 = CARTESIAN_POINT('',(-0.4,-0.24,-0.23));
#2845 = VECTOR('',#2846,1.);
#2846 = DIRECTION('',(1.,0.,0.));
#2847 = PCURVE('',#2761,#2848);
#2848 = DEFINITIONAL_REPRESENTATION('',(#2849),#2853);
#2849 = LINE('',#2850,#2851);
#2850 = CARTESIAN_POINT('',(0.47,0.));
#2851 = VECTOR('',#2852,1.);
#2852 = DIRECTION('',(0.,1.));
#2853 = ( GEOMETRIC_REPRESENTATION_CONTEXT(2) 
PARAMETRIC_REPRESENTATION_CONTEXT() REPRESENTATION_CONTEXT('2D SPACE',''
  ) );
#2854 = PCURVE('',#271,#2855);
#2855 = DEFINITIONAL_REPRESENTATION('',(#2856),#2860);
#2856 = LINE('',#2857,#2858);
#2857 = CARTESIAN_POINT('',(4.712388980385,0.));
#2858 = VECTOR('',#2859,1.);
#2859 = DIRECTION('',(0.,1.));
#2860 = ( GEOMETRIC_REPRESENTATION_CONTEXT(2) 
PARAMETRIC_REPRESENTATION_CONTEXT() REPRESENTATION_CONTEXT('2D SPACE',''
  ) );
#2861 = ADVANCED_FACE('',(#2862),#2877,.T.);
#2862 = FACE_BOUND('',#2863,.T.);
#2863 = EDGE_LOOP('',(#2864,#2895,#2918,#2951));
#2864 = ORIENTED_EDGE('',*,*,#2865,.F.);
#2865 = EDGE_CURVE('',#2866,#2868,#2870,.T.);
#2866 = VERTEX_POINT('',#2867);
#2867 = CARTESIAN_POINT('',(-0.276809371192,-0.23,0.24));
#2868 = VERTEX_POINT('',#2869);
#2869 = CARTESIAN_POINT('',(-0.276809371192,0.23,0.24));
#2870 = SURFACE_CURVE('',#2871,(#2876,#2888),.PCURVE_S1.);
#2871 = CIRCLE('',#2872,1.);
#2872 = AXIS2_PLACEMENT_3D('',#2873,#2874,#2875);
#2873 = CARTESIAN_POINT('',(-1.25,-2.602085213965E-17,0.24));
#2874 = DIRECTION('',(0.,-1.084202172486E-16,1.));
#2875 = DIRECTION('',(0.,-1.,-1.084202172486E-16));
#2876 = PCURVE('',#2877,#2882);
#2877 = PLANE('',#2878);
#2878 = AXIS2_PLACEMENT_3D('',#2879,#2880,#2881);
#2879 = CARTESIAN_POINT('',(-0.4,0.24,0.24));
#2880 = DIRECTION('',(0.,-1.129377263006E-16,1.));
#2881 = DIRECTION('',(0.,-1.,-1.129377263006E-16));
#2882 = DEFINITIONAL_REPRESENTATION('',(#2883),#2887);
#2883 = CIRCLE('',#2884,1.);
#2884 = AXIS2_PLACEMENT_2D('',#2885,#2886);
#2885 = CARTESIAN_POINT('',(0.24,-0.85));
#2886 = DIRECTION('',(1.,0.));
#2887 = ( GEOMETRIC_REPRESENTATION_CONTEXT(2) 
PARAMETRIC_REPRESENTATION_CONTEXT() REPRESENTATION_CONTEXT('2D SPACE',''
  ) );
#2888 = PCURVE('',#1428,#2889);
#2889 = DEFINITIONAL_REPRESENTATION('',(#2890),#2894);
#2890 = LINE('',#2891,#2892);
#2891 = CARTESIAN_POINT('',(0.,0.));
#2892 = VECTOR('',#2893,1.);
#2893 = DIRECTION('',(1.,0.));
#2894 = ( GEOMETRIC_REPRESENTATION_CONTEXT(2) 
PARAMETRIC_REPRESENTATION_CONTEXT() REPRESENTATION_CONTEXT('2D SPACE',''
  ) );
#2895 = ORIENTED_EDGE('',*,*,#2896,.T.);
#2896 = EDGE_CURVE('',#2866,#2897,#2899,.T.);
#2897 = VERTEX_POINT('',#2898);
#2898 = CARTESIAN_POINT('',(0.276809371192,-0.23,0.24));
#2899 = SURFACE_CURVE('',#2900,(#2904,#2911),.PCURVE_S1.);
#2900 = LINE('',#2901,#2902);
#2901 = CARTESIAN_POINT('',(-0.4,-0.23,0.24));
#2902 = VECTOR('',#2903,1.);
#2903 = DIRECTION('',(1.,0.,0.));
#2904 = PCURVE('',#2877,#2905);
#2905 = DEFINITIONAL_REPRESENTATION('',(#2906),#2910);
#2906 = LINE('',#2907,#2908);
#2907 = CARTESIAN_POINT('',(0.47,0.));
#2908 = VECTOR('',#2909,1.);
#2909 = DIRECTION('',(0.,1.));
#2910 = ( GEOMETRIC_REPRESENTATION_CONTEXT(2) 
PARAMETRIC_REPRESENTATION_CONTEXT() REPRESENTATION_CONTEXT('2D SPACE',''
  ) );
#2911 = PCURVE('',#2805,#2912);
#2912 = DEFINITIONAL_REPRESENTATION('',(#2913),#2917);
#2913 = LINE('',#2914,#2915);
#2914 = CARTESIAN_POINT('',(3.14159265359,0.));
#2915 = VECTOR('',#2916,1.);
#2916 = DIRECTION('',(0.,1.));
#2917 = ( GEOMETRIC_REPRESENTATION_CONTEXT(2) 
PARAMETRIC_REPRESENTATION_CONTEXT() REPRESENTATION_CONTEXT('2D SPACE',''
  ) );
#2918 = ORIENTED_EDGE('',*,*,#2919,.T.);
#2919 = EDGE_CURVE('',#2897,#2920,#2922,.T.);
#2920 = VERTEX_POINT('',#2921);
#2921 = CARTESIAN_POINT('',(0.276809371192,0.23,0.24));
#2922 = SURFACE_CURVE('',#2923,(#2928,#2939),.PCURVE_S1.);
#2923 = CIRCLE('',#2924,1.);
#2924 = AXIS2_PLACEMENT_3D('',#2925,#2926,#2927);
#2925 = CARTESIAN_POINT('',(1.25,-2.602085213965E-17,0.24));
#2926 = DIRECTION('',(0.,1.084202172486E-16,-1.));
#2927 = DIRECTION('',(0.,-1.,-1.084202172486E-16));
#2928 = PCURVE('',#2877,#2929);
#2929 = DEFINITIONAL_REPRESENTATION('',(#2930),#2938);
#2930 = ( BOUNDED_CURVE() B_SPLINE_CURVE(2,(#2931,#2932,#2933,#2934,
#2935,#2936,#2937),.UNSPECIFIED.,.T.,.F.) B_SPLINE_CURVE_WITH_KNOTS((1,2
    ,2,2,2,1),(-2.094395102393,0.,2.094395102393,4.188790204786,
6.28318530718,8.377580409573),.UNSPECIFIED.) CURVE() 
GEOMETRIC_REPRESENTATION_ITEM() RATIONAL_B_SPLINE_CURVE((1.,0.5,1.,0.5,
1.,0.5,1.)) REPRESENTATION_ITEM('') );
#2931 = CARTESIAN_POINT('',(1.24,1.65));
#2932 = CARTESIAN_POINT('',(1.24,-8.205080756888E-02));
#2933 = CARTESIAN_POINT('',(-0.26,0.783974596216));
#2934 = CARTESIAN_POINT('',(-1.76,1.65));
#2935 = CARTESIAN_POINT('',(-0.26,2.516025403784));
#2936 = CARTESIAN_POINT('',(1.24,3.382050807569));
#2937 = CARTESIAN_POINT('',(1.24,1.65));
#2938 = ( GEOMETRIC_REPRESENTATION_CONTEXT(2) 
PARAMETRIC_REPRESENTATION_CONTEXT() REPRESENTATION_CONTEXT('2D SPACE',''
  ) );
#2939 = PCURVE('',#2940,#2945);
#2940 = CYLINDRICAL_SURFACE('',#2941,1.);
#2941 = AXIS2_PLACEMENT_3D('',#2942,#2943,#2944);
#2942 = CARTESIAN_POINT('',(1.25,-2.602085213965E-17,0.24));
#2943 = DIRECTION('',(-0.,-1.084202172486E-16,1.));
#2944 = DIRECTION('',(0.,-1.,-1.084202172486E-16));
#2945 = DEFINITIONAL_REPRESENTATION('',(#2946),#2950);
#2946 = LINE('',#2947,#2948);
#2947 = CARTESIAN_POINT('',(6.28318530718,0.));
#2948 = VECTOR('',#2949,1.);
#2949 = DIRECTION('',(-1.,0.));
#2950 = ( GEOMETRIC_REPRESENTATION_CONTEXT(2) 
PARAMETRIC_REPRESENTATION_CONTEXT() REPRESENTATION_CONTEXT('2D SPACE',''
  ) );
#2951 = ORIENTED_EDGE('',*,*,#2952,.T.);
#2952 = EDGE_CURVE('',#2920,#2868,#2953,.T.);
#2953 = SURFACE_CURVE('',#2954,(#2958,#2965),.PCURVE_S1.);
#2954 = LINE('',#2955,#2956);
#2955 = CARTESIAN_POINT('',(-0.4,0.23,0.24));
#2956 = VECTOR('',#2957,1.);
#2957 = DIRECTION('',(-1.,-0.,-0.));
#2958 = PCURVE('',#2877,#2959);
#2959 = DEFINITIONAL_REPRESENTATION('',(#2960),#2964);
#2960 = LINE('',#2961,#2962);
#2961 = CARTESIAN_POINT('',(1.E-02,0.));
#2962 = VECTOR('',#2963,1.);
#2963 = DIRECTION('',(0.,-1.));
#2964 = ( GEOMETRIC_REPRESENTATION_CONTEXT(2) 
PARAMETRIC_REPRESENTATION_CONTEXT() REPRESENTATION_CONTEXT('2D SPACE',''
  ) );
#2965 = PCURVE('',#150,#2966);
#2966 = DEFINITIONAL_REPRESENTATION('',(#2967),#2971);
#2967 = LINE('',#2968,#2969);
#2968 = CARTESIAN_POINT('',(3.14159265359,0.));
#2969 = VECTOR('',#2970,1.);
#2970 = DIRECTION('',(0.,-1.));
#2971 = ( GEOMETRIC_REPRESENTATION_CONTEXT(2) 
PARAMETRIC_REPRESENTATION_CONTEXT() REPRESENTATION_CONTEXT('2D SPACE',''
  ) );
#2972 = ADVANCED_FACE('',(#2973),#2988,.T.);
#2973 = FACE_BOUND('',#2974,.T.);
#2974 = EDGE_LOOP('',(#2975,#3010,#3038,#3066));
#2975 = ORIENTED_EDGE('',*,*,#2976,.F.);
#2976 = EDGE_CURVE('',#2977,#2979,#2981,.T.);
#2977 = VERTEX_POINT('',#2978);
#2978 = CARTESIAN_POINT('',(0.276809371192,-0.25,-0.23));
#2979 = VERTEX_POINT('',#2980);
#2980 = CARTESIAN_POINT('',(0.276809371192,-0.25,0.23));
#2981 = SURFACE_CURVE('',#2982,(#2987,#3003),.PCURVE_S1.);
#2982 = CIRCLE('',#2983,1.);
#2983 = AXIS2_PLACEMENT_3D('',#2984,#2985,#2986);
#2984 = CARTESIAN_POINT('',(1.25,-0.25,8.457652803986E-16));
#2985 = DIRECTION('',(0.,1.,-3.383061121595E-15));
#2986 = DIRECTION('',(0.,-3.383061121595E-15,-1.));
#2987 = PCURVE('',#2988,#2993);
#2988 = PLANE('',#2989);
#2989 = AXIS2_PLACEMENT_3D('',#2990,#2991,#2992);
#2990 = CARTESIAN_POINT('',(0.25,-0.25,0.25));
#2991 = DIRECTION('',(0.,-1.,0.));
#2992 = DIRECTION('',(0.,-0.,-1.));
#2993 = DEFINITIONAL_REPRESENTATION('',(#2994),#3002);
#2994 = ( BOUNDED_CURVE() B_SPLINE_CURVE(2,(#2995,#2996,#2997,#2998,
#2999,#3000,#3001),.UNSPECIFIED.,.T.,.F.) B_SPLINE_CURVE_WITH_KNOTS((1,2
    ,2,2,2,1),(-2.094395102393,0.,2.094395102393,4.188790204786,
6.28318530718,8.377580409573),.UNSPECIFIED.) CURVE() 
GEOMETRIC_REPRESENTATION_ITEM() RATIONAL_B_SPLINE_CURVE((1.,0.5,1.,0.5,
1.,0.5,1.)) REPRESENTATION_ITEM('') );
#2995 = CARTESIAN_POINT('',(1.25,1.));
#2996 = CARTESIAN_POINT('',(1.25,-0.732050807569));
#2997 = CARTESIAN_POINT('',(-0.25,0.133974596216));
#2998 = CARTESIAN_POINT('',(-1.75,1.));
#2999 = CARTESIAN_POINT('',(-0.25,1.866025403784));
#3000 = CARTESIAN_POINT('',(1.25,2.732050807569));
#3001 = CARTESIAN_POINT('',(1.25,1.));
#3002 = ( GEOMETRIC_REPRESENTATION_CONTEXT(2) 
PARAMETRIC_REPRESENTATION_CONTEXT() REPRESENTATION_CONTEXT('2D SPACE',''
  ) );
#3003 = PCURVE('',#2777,#3004);
#3004 = DEFINITIONAL_REPRESENTATION('',(#3005),#3009);
#3005 = LINE('',#3006,#3007);
#3006 = CARTESIAN_POINT('',(6.28318530718,1.E-02));
#3007 = VECTOR('',#3008,1.);
#3008 = DIRECTION('',(-1.,0.));
#3009 = ( GEOMETRIC_REPRESENTATION_CONTEXT(2) 
PARAMETRIC_REPRESENTATION_CONTEXT() REPRESENTATION_CONTEXT('2D SPACE',''
  ) );
#3010 = ORIENTED_EDGE('',*,*,#3011,.T.);
#3011 = EDGE_CURVE('',#2977,#3012,#3014,.T.);
#3012 = VERTEX_POINT('',#3013);
#3013 = CARTESIAN_POINT('',(0.48,-0.25,-0.23));
#3014 = SURFACE_CURVE('',#3015,(#3019,#3026),.PCURVE_S1.);
#3015 = LINE('',#3016,#3017);
#3016 = CARTESIAN_POINT('',(0.25,-0.25,-0.23));
#3017 = VECTOR('',#3018,1.);
#3018 = DIRECTION('',(1.,0.,0.));
#3019 = PCURVE('',#2988,#3020);
#3020 = DEFINITIONAL_REPRESENTATION('',(#3021),#3025);
#3021 = LINE('',#3022,#3023);
#3022 = CARTESIAN_POINT('',(0.48,0.));
#3023 = VECTOR('',#3024,1.);
#3024 = DIRECTION('',(0.,1.));
#3025 = ( GEOMETRIC_REPRESENTATION_CONTEXT(2) 
PARAMETRIC_REPRESENTATION_CONTEXT() REPRESENTATION_CONTEXT('2D SPACE',''
  ) );
#3026 = PCURVE('',#3027,#3032);
#3027 = CYLINDRICAL_SURFACE('',#3028,2.E-02);
#3028 = AXIS2_PLACEMENT_3D('',#3029,#3030,#3031);
#3029 = CARTESIAN_POINT('',(0.25,-0.23,-0.23));
#3030 = DIRECTION('',(1.,0.,0.));
#3031 = DIRECTION('',(0.,0.,-1.));
#3032 = DEFINITIONAL_REPRESENTATION('',(#3033),#3037);
#3033 = LINE('',#3034,#3035);
#3034 = CARTESIAN_POINT('',(4.712388980385,0.));
#3035 = VECTOR('',#3036,1.);
#3036 = DIRECTION('',(0.,1.));
#3037 = ( GEOMETRIC_REPRESENTATION_CONTEXT(2) 
PARAMETRIC_REPRESENTATION_CONTEXT() REPRESENTATION_CONTEXT('2D SPACE',''
  ) );
#3038 = ORIENTED_EDGE('',*,*,#3039,.T.);
#3039 = EDGE_CURVE('',#3012,#3040,#3042,.T.);
#3040 = VERTEX_POINT('',#3041);
#3041 = CARTESIAN_POINT('',(0.48,-0.25,0.23));
#3042 = SURFACE_CURVE('',#3043,(#3047,#3054),.PCURVE_S1.);
#3043 = LINE('',#3044,#3045);
#3044 = CARTESIAN_POINT('',(0.48,-0.25,0.25));
#3045 = VECTOR('',#3046,1.);
#3046 = DIRECTION('',(-0.,-0.,1.));
#3047 = PCURVE('',#2988,#3048);
#3048 = DEFINITIONAL_REPRESENTATION('',(#3049),#3053);
#3049 = LINE('',#3050,#3051);
#3050 = CARTESIAN_POINT('',(0.,0.23));
#3051 = VECTOR('',#3052,1.);
#3052 = DIRECTION('',(-1.,0.));
#3053 = ( GEOMETRIC_REPRESENTATION_CONTEXT(2) 
PARAMETRIC_REPRESENTATION_CONTEXT() REPRESENTATION_CONTEXT('2D SPACE',''
  ) );
#3054 = PCURVE('',#3055,#3060);
#3055 = CYLINDRICAL_SURFACE('',#3056,2.E-02);
#3056 = AXIS2_PLACEMENT_3D('',#3057,#3058,#3059);
#3057 = CARTESIAN_POINT('',(0.48,-0.23,0.));
#3058 = DIRECTION('',(0.,0.,-1.));
#3059 = DIRECTION('',(-1.,0.,0.));
#3060 = DEFINITIONAL_REPRESENTATION('',(#3061),#3065);
#3061 = LINE('',#3062,#3063);
#3062 = CARTESIAN_POINT('',(4.712388980385,-0.25));
#3063 = VECTOR('',#3064,1.);
#3064 = DIRECTION('',(0.,-1.));
#3065 = ( GEOMETRIC_REPRESENTATION_CONTEXT(2) 
PARAMETRIC_REPRESENTATION_CONTEXT() REPRESENTATION_CONTEXT('2D SPACE',''
  ) );
#3066 = ORIENTED_EDGE('',*,*,#3067,.T.);
#3067 = EDGE_CURVE('',#3040,#2979,#3068,.T.);
#3068 = SURFACE_CURVE('',#3069,(#3073,#3080),.PCURVE_S1.);
#3069 = LINE('',#3070,#3071);
#3070 = CARTESIAN_POINT('',(0.25,-0.25,0.23));
#3071 = VECTOR('',#3072,1.);
#3072 = DIRECTION('',(-1.,-0.,-0.));
#3073 = PCURVE('',#2988,#3074);
#3074 = DEFINITIONAL_REPRESENTATION('',(#3075),#3079);
#3075 = LINE('',#3076,#3077);
#3076 = CARTESIAN_POINT('',(2.E-02,0.));
#3077 = VECTOR('',#3078,1.);
#3078 = DIRECTION('',(0.,-1.));
#3079 = ( GEOMETRIC_REPRESENTATION_CONTEXT(2) 
PARAMETRIC_REPRESENTATION_CONTEXT() REPRESENTATION_CONTEXT('2D SPACE',''
  ) );
#3080 = PCURVE('',#3081,#3086);
#3081 = CYLINDRICAL_SURFACE('',#3082,2.E-02);
#3082 = AXIS2_PLACEMENT_3D('',#3083,#3084,#3085);
#3083 = CARTESIAN_POINT('',(0.25,-0.23,0.23));
#3084 = DIRECTION('',(1.,0.,0.));
#3085 = DIRECTION('',(0.,0.,-1.));
#3086 = DEFINITIONAL_REPRESENTATION('',(#3087),#3091);
#3087 = LINE('',#3088,#3089);
#3088 = CARTESIAN_POINT('',(4.712388980385,0.));
#3089 = VECTOR('',#3090,1.);
#3090 = DIRECTION('',(0.,-1.));
#3091 = ( GEOMETRIC_REPRESENTATION_CONTEXT(2) 
PARAMETRIC_REPRESENTATION_CONTEXT() REPRESENTATION_CONTEXT('2D SPACE',''
  ) );
#3092 = ADVANCED_FACE('',(#3093),#3108,.T.);
#3093 = FACE_BOUND('',#3094,.T.);
#3094 = EDGE_LOOP('',(#3095,#3130,#3153,#3181));
#3095 = ORIENTED_EDGE('',*,*,#3096,.F.);
#3096 = EDGE_CURVE('',#3097,#3099,#3101,.T.);
#3097 = VERTEX_POINT('',#3098);
#3098 = CARTESIAN_POINT('',(0.276809371192,-0.23,0.25));
#3099 = VERTEX_POINT('',#3100);
#3100 = CARTESIAN_POINT('',(0.276809371192,0.23,0.25));
#3101 = SURFACE_CURVE('',#3102,(#3107,#3123),.PCURVE_S1.);
#3102 = CIRCLE('',#3103,1.);
#3103 = AXIS2_PLACEMENT_3D('',#3104,#3105,#3106);
#3104 = CARTESIAN_POINT('',(1.25,-2.710505431214E-17,0.25));
#3105 = DIRECTION('',(0.,1.084202172486E-16,-1.));
#3106 = DIRECTION('',(0.,-1.,-1.084202172486E-16));
#3107 = PCURVE('',#3108,#3113);
#3108 = PLANE('',#3109);
#3109 = AXIS2_PLACEMENT_3D('',#3110,#3111,#3112);
#3110 = CARTESIAN_POINT('',(0.25,0.25,0.25));
#3111 = DIRECTION('',(0.,-1.084202172486E-16,1.));
#3112 = DIRECTION('',(0.,-1.,-1.084202172486E-16));
#3113 = DEFINITIONAL_REPRESENTATION('',(#3114),#3122);
#3114 = ( BOUNDED_CURVE() B_SPLINE_CURVE(2,(#3115,#3116,#3117,#3118,
#3119,#3120,#3121),.UNSPECIFIED.,.T.,.F.) B_SPLINE_CURVE_WITH_KNOTS((1,2
    ,2,2,2,1),(-2.094395102393,0.,2.094395102393,4.188790204786,
6.28318530718,8.377580409573),.UNSPECIFIED.) CURVE() 
GEOMETRIC_REPRESENTATION_ITEM() RATIONAL_B_SPLINE_CURVE((1.,0.5,1.,0.5,
1.,0.5,1.)) REPRESENTATION_ITEM('') );
#3115 = CARTESIAN_POINT('',(1.25,1.));
#3116 = CARTESIAN_POINT('',(1.25,-0.732050807569));
#3117 = CARTESIAN_POINT('',(-0.25,0.133974596216));
#3118 = CARTESIAN_POINT('',(-1.75,1.));
#3119 = CARTESIAN_POINT('',(-0.25,1.866025403784));
#3120 = CARTESIAN_POINT('',(1.25,2.732050807569));
#3121 = CARTESIAN_POINT('',(1.25,1.));
#3122 = ( GEOMETRIC_REPRESENTATION_CONTEXT(2) 
PARAMETRIC_REPRESENTATION_CONTEXT() REPRESENTATION_CONTEXT('2D SPACE',''
  ) );
#3123 = PCURVE('',#2940,#3124);
#3124 = DEFINITIONAL_REPRESENTATION('',(#3125),#3129);
#3125 = LINE('',#3126,#3127);
#3126 = CARTESIAN_POINT('',(6.28318530718,1.E-02));
#3127 = VECTOR('',#3128,1.);
#3128 = DIRECTION('',(-1.,-5.979802812847E-17));
#3129 = ( GEOMETRIC_REPRESENTATION_CONTEXT(2) 
PARAMETRIC_REPRESENTATION_CONTEXT() REPRESENTATION_CONTEXT('2D SPACE',''
  ) );
#3130 = ORIENTED_EDGE('',*,*,#3131,.T.);
#3131 = EDGE_CURVE('',#3097,#3132,#3134,.T.);
#3132 = VERTEX_POINT('',#3133);
#3133 = CARTESIAN_POINT('',(0.48,-0.23,0.25));
#3134 = SURFACE_CURVE('',#3135,(#3139,#3146),.PCURVE_S1.);
#3135 = LINE('',#3136,#3137);
#3136 = CARTESIAN_POINT('',(0.25,-0.23,0.25));
#3137 = VECTOR('',#3138,1.);
#3138 = DIRECTION('',(1.,0.,0.));
#3139 = PCURVE('',#3108,#3140);
#3140 = DEFINITIONAL_REPRESENTATION('',(#3141),#3145);
#3141 = LINE('',#3142,#3143);
#3142 = CARTESIAN_POINT('',(0.48,0.));
#3143 = VECTOR('',#3144,1.);
#3144 = DIRECTION('',(0.,1.));
#3145 = ( GEOMETRIC_REPRESENTATION_CONTEXT(2) 
PARAMETRIC_REPRESENTATION_CONTEXT() REPRESENTATION_CONTEXT('2D SPACE',''
  ) );
#3146 = PCURVE('',#3081,#3147);
#3147 = DEFINITIONAL_REPRESENTATION('',(#3148),#3152);
#3148 = LINE('',#3149,#3150);
#3149 = CARTESIAN_POINT('',(3.14159265359,0.));
#3150 = VECTOR('',#3151,1.);
#3151 = DIRECTION('',(0.,1.));
#3152 = ( GEOMETRIC_REPRESENTATION_CONTEXT(2) 
PARAMETRIC_REPRESENTATION_CONTEXT() REPRESENTATION_CONTEXT('2D SPACE',''
  ) );
#3153 = ORIENTED_EDGE('',*,*,#3154,.T.);
#3154 = EDGE_CURVE('',#3132,#3155,#3157,.T.);
#3155 = VERTEX_POINT('',#3156);
#3156 = CARTESIAN_POINT('',(0.48,0.23,0.25));
#3157 = SURFACE_CURVE('',#3158,(#3162,#3169),.PCURVE_S1.);
#3158 = LINE('',#3159,#3160);
#3159 = CARTESIAN_POINT('',(0.48,0.25,0.25));
#3160 = VECTOR('',#3161,1.);
#3161 = DIRECTION('',(-0.,1.,1.084202172486E-16));
#3162 = PCURVE('',#3108,#3163);
#3163 = DEFINITIONAL_REPRESENTATION('',(#3164),#3168);
#3164 = LINE('',#3165,#3166);
#3165 = CARTESIAN_POINT('',(0.,0.23));
#3166 = VECTOR('',#3167,1.);
#3167 = DIRECTION('',(-1.,0.));
#3168 = ( GEOMETRIC_REPRESENTATION_CONTEXT(2) 
PARAMETRIC_REPRESENTATION_CONTEXT() REPRESENTATION_CONTEXT('2D SPACE',''
  ) );
#3169 = PCURVE('',#3170,#3175);
#3170 = CYLINDRICAL_SURFACE('',#3171,2.E-02);
#3171 = AXIS2_PLACEMENT_3D('',#3172,#3173,#3174);
#3172 = CARTESIAN_POINT('',(0.48,-2.493664996717E-17,0.23));
#3173 = DIRECTION('',(0.,-1.,-1.084202172486E-16));
#3174 = DIRECTION('',(0.,1.084202172486E-16,-1.));
#3175 = DEFINITIONAL_REPRESENTATION('',(#3176),#3180);
#3176 = LINE('',#3177,#3178);
#3177 = CARTESIAN_POINT('',(3.14159265359,-0.25));
#3178 = VECTOR('',#3179,1.);
#3179 = DIRECTION('',(0.,-1.));
#3180 = ( GEOMETRIC_REPRESENTATION_CONTEXT(2) 
PARAMETRIC_REPRESENTATION_CONTEXT() REPRESENTATION_CONTEXT('2D SPACE',''
  ) );
#3181 = ORIENTED_EDGE('',*,*,#3182,.T.);
#3182 = EDGE_CURVE('',#3155,#3099,#3183,.T.);
#3183 = SURFACE_CURVE('',#3184,(#3188,#3195),.PCURVE_S1.);
#3184 = LINE('',#3185,#3186);
#3185 = CARTESIAN_POINT('',(0.25,0.23,0.25));
#3186 = VECTOR('',#3187,1.);
#3187 = DIRECTION('',(-1.,-0.,-0.));
#3188 = PCURVE('',#3108,#3189);
#3189 = DEFINITIONAL_REPRESENTATION('',(#3190),#3194);
#3190 = LINE('',#3191,#3192);
#3191 = CARTESIAN_POINT('',(2.E-02,0.));
#3192 = VECTOR('',#3193,1.);
#3193 = DIRECTION('',(0.,-1.));
#3194 = ( GEOMETRIC_REPRESENTATION_CONTEXT(2) 
PARAMETRIC_REPRESENTATION_CONTEXT() REPRESENTATION_CONTEXT('2D SPACE',''
  ) );
#3195 = PCURVE('',#3196,#3201);
#3196 = CYLINDRICAL_SURFACE('',#3197,2.E-02);
#3197 = AXIS2_PLACEMENT_3D('',#3198,#3199,#3200);
#3198 = CARTESIAN_POINT('',(0.25,0.23,0.23));
#3199 = DIRECTION('',(1.,0.,0.));
#3200 = DIRECTION('',(0.,0.,-1.));
#3201 = DEFINITIONAL_REPRESENTATION('',(#3202),#3206);
#3202 = LINE('',#3203,#3204);
#3203 = CARTESIAN_POINT('',(3.14159265359,0.));
#3204 = VECTOR('',#3205,1.);
#3205 = DIRECTION('',(0.,-1.));
#3206 = ( GEOMETRIC_REPRESENTATION_CONTEXT(2) 
PARAMETRIC_REPRESENTATION_CONTEXT() REPRESENTATION_CONTEXT('2D SPACE',''
  ) );
#3207 = ADVANCED_FACE('',(#3208),#3223,.T.);
#3208 = FACE_BOUND('',#3209,.T.);
#3209 = EDGE_LOOP('',(#3210,#3245,#3268,#3296));
#3210 = ORIENTED_EDGE('',*,*,#3211,.F.);
#3211 = EDGE_CURVE('',#3212,#3214,#3216,.T.);
#3212 = VERTEX_POINT('',#3213);
#3213 = CARTESIAN_POINT('',(0.276809371192,0.25,0.23));
#3214 = VERTEX_POINT('',#3215);
#3215 = CARTESIAN_POINT('',(0.276809371192,0.25,-0.23));
#3216 = SURFACE_CURVE('',#3217,(#3222,#3238),.PCURVE_S1.);
#3217 = CIRCLE('',#3218,1.);
#3218 = AXIS2_PLACEMENT_3D('',#3219,#3220,#3221);
#3219 = CARTESIAN_POINT('',(1.25,0.25,-2.59150594982E-15));
#3220 = DIRECTION('',(0.,-1.,1.036602379928E-14));
#3221 = DIRECTION('',(0.,1.036602379928E-14,1.));
#3222 = PCURVE('',#3223,#3228);
#3223 = PLANE('',#3224);
#3224 = AXIS2_PLACEMENT_3D('',#3225,#3226,#3227);
#3225 = CARTESIAN_POINT('',(0.25,0.25,0.25));
#3226 = DIRECTION('',(-0.,1.,0.));
#3227 = DIRECTION('',(0.,0.,1.));
#3228 = DEFINITIONAL_REPRESENTATION('',(#3229),#3237);
#3229 = ( BOUNDED_CURVE() B_SPLINE_CURVE(2,(#3230,#3231,#3232,#3233,
#3234,#3235,#3236),.UNSPECIFIED.,.T.,.F.) B_SPLINE_CURVE_WITH_KNOTS((1,2
    ,2,2,2,1),(-2.094395102393,0.,2.094395102393,4.188790204786,
6.28318530718,8.377580409573),.UNSPECIFIED.) CURVE() 
GEOMETRIC_REPRESENTATION_ITEM() RATIONAL_B_SPLINE_CURVE((1.,0.5,1.,0.5,
1.,0.5,1.)) REPRESENTATION_ITEM('') );
#3230 = CARTESIAN_POINT('',(0.75,1.));
#3231 = CARTESIAN_POINT('',(0.75,-0.732050807569));
#3232 = CARTESIAN_POINT('',(-0.75,0.133974596216));
#3233 = CARTESIAN_POINT('',(-2.25,1.));
#3234 = CARTESIAN_POINT('',(-0.75,1.866025403784));
#3235 = CARTESIAN_POINT('',(0.75,2.732050807569));
#3236 = CARTESIAN_POINT('',(0.75,1.));
#3237 = ( GEOMETRIC_REPRESENTATION_CONTEXT(2) 
PARAMETRIC_REPRESENTATION_CONTEXT() REPRESENTATION_CONTEXT('2D SPACE',''
  ) );
#3238 = PCURVE('',#67,#3239);
#3239 = DEFINITIONAL_REPRESENTATION('',(#3240),#3244);
#3240 = LINE('',#3241,#3242);
#3241 = CARTESIAN_POINT('',(6.28318530718,1.E-02));
#3242 = VECTOR('',#3243,1.);
#3243 = DIRECTION('',(-1.,0.));
#3244 = ( GEOMETRIC_REPRESENTATION_CONTEXT(2) 
PARAMETRIC_REPRESENTATION_CONTEXT() REPRESENTATION_CONTEXT('2D SPACE',''
  ) );
#3245 = ORIENTED_EDGE('',*,*,#3246,.T.);
#3246 = EDGE_CURVE('',#3212,#3247,#3249,.T.);
#3247 = VERTEX_POINT('',#3248);
#3248 = CARTESIAN_POINT('',(0.48,0.25,0.23));
#3249 = SURFACE_CURVE('',#3250,(#3254,#3261),.PCURVE_S1.);
#3250 = LINE('',#3251,#3252);
#3251 = CARTESIAN_POINT('',(0.25,0.25,0.23));
#3252 = VECTOR('',#3253,1.);
#3253 = DIRECTION('',(1.,0.,0.));
#3254 = PCURVE('',#3223,#3255);
#3255 = DEFINITIONAL_REPRESENTATION('',(#3256),#3260);
#3256 = LINE('',#3257,#3258);
#3257 = CARTESIAN_POINT('',(-2.E-02,0.));
#3258 = VECTOR('',#3259,1.);
#3259 = DIRECTION('',(0.,1.));
#3260 = ( GEOMETRIC_REPRESENTATION_CONTEXT(2) 
PARAMETRIC_REPRESENTATION_CONTEXT() REPRESENTATION_CONTEXT('2D SPACE',''
  ) );
#3261 = PCURVE('',#3196,#3262);
#3262 = DEFINITIONAL_REPRESENTATION('',(#3263),#3267);
#3263 = LINE('',#3264,#3265);
#3264 = CARTESIAN_POINT('',(1.570796326795,0.));
#3265 = VECTOR('',#3266,1.);
#3266 = DIRECTION('',(0.,1.));
#3267 = ( GEOMETRIC_REPRESENTATION_CONTEXT(2) 
PARAMETRIC_REPRESENTATION_CONTEXT() REPRESENTATION_CONTEXT('2D SPACE',''
  ) );
#3268 = ORIENTED_EDGE('',*,*,#3269,.T.);
#3269 = EDGE_CURVE('',#3247,#3270,#3272,.T.);
#3270 = VERTEX_POINT('',#3271);
#3271 = CARTESIAN_POINT('',(0.48,0.25,-0.23));
#3272 = SURFACE_CURVE('',#3273,(#3277,#3284),.PCURVE_S1.);
#3273 = LINE('',#3274,#3275);
#3274 = CARTESIAN_POINT('',(0.48,0.25,0.25));
#3275 = VECTOR('',#3276,1.);
#3276 = DIRECTION('',(-0.,-0.,-1.));
#3277 = PCURVE('',#3223,#3278);
#3278 = DEFINITIONAL_REPRESENTATION('',(#3279),#3283);
#3279 = LINE('',#3280,#3281);
#3280 = CARTESIAN_POINT('',(0.,0.23));
#3281 = VECTOR('',#3282,1.);
#3282 = DIRECTION('',(-1.,0.));
#3283 = ( GEOMETRIC_REPRESENTATION_CONTEXT(2) 
PARAMETRIC_REPRESENTATION_CONTEXT() REPRESENTATION_CONTEXT('2D SPACE',''
  ) );
#3284 = PCURVE('',#3285,#3290);
#3285 = CYLINDRICAL_SURFACE('',#3286,2.E-02);
#3286 = AXIS2_PLACEMENT_3D('',#3287,#3288,#3289);
#3287 = CARTESIAN_POINT('',(0.48,0.23,0.));
#3288 = DIRECTION('',(0.,-0.,1.));
#3289 = DIRECTION('',(1.,0.,0.));
#3290 = DEFINITIONAL_REPRESENTATION('',(#3291),#3295);
#3291 = LINE('',#3292,#3293);
#3292 = CARTESIAN_POINT('',(1.570796326795,0.25));
#3293 = VECTOR('',#3294,1.);
#3294 = DIRECTION('',(0.,-1.));
#3295 = ( GEOMETRIC_REPRESENTATION_CONTEXT(2) 
PARAMETRIC_REPRESENTATION_CONTEXT() REPRESENTATION_CONTEXT('2D SPACE',''
  ) );
#3296 = ORIENTED_EDGE('',*,*,#3297,.T.);
#3297 = EDGE_CURVE('',#3270,#3214,#3298,.T.);
#3298 = SURFACE_CURVE('',#3299,(#3303,#3310),.PCURVE_S1.);
#3299 = LINE('',#3300,#3301);
#3300 = CARTESIAN_POINT('',(0.25,0.25,-0.23));
#3301 = VECTOR('',#3302,1.);
#3302 = DIRECTION('',(-1.,-0.,-0.));
#3303 = PCURVE('',#3223,#3304);
#3304 = DEFINITIONAL_REPRESENTATION('',(#3305),#3309);
#3305 = LINE('',#3306,#3307);
#3306 = CARTESIAN_POINT('',(-0.48,0.));
#3307 = VECTOR('',#3308,1.);
#3308 = DIRECTION('',(-0.,-1.));
#3309 = ( GEOMETRIC_REPRESENTATION_CONTEXT(2) 
PARAMETRIC_REPRESENTATION_CONTEXT() REPRESENTATION_CONTEXT('2D SPACE',''
  ) );
#3310 = PCURVE('',#3311,#3316);
#3311 = CYLINDRICAL_SURFACE('',#3312,2.E-02);
#3312 = AXIS2_PLACEMENT_3D('',#3313,#3314,#3315);
#3313 = CARTESIAN_POINT('',(0.25,0.23,-0.23));
#3314 = DIRECTION('',(1.,0.,0.));
#3315 = DIRECTION('',(0.,0.,-1.));
#3316 = DEFINITIONAL_REPRESENTATION('',(#3317),#3321);
#3317 = LINE('',#3318,#3319);
#3318 = CARTESIAN_POINT('',(1.570796326795,0.));
#3319 = VECTOR('',#3320,1.);
#3320 = DIRECTION('',(0.,-1.));
#3321 = ( GEOMETRIC_REPRESENTATION_CONTEXT(2) 
PARAMETRIC_REPRESENTATION_CONTEXT() REPRESENTATION_CONTEXT('2D SPACE',''
  ) );
#3322 = ADVANCED_FACE('',(#3323),#3337,.T.);
#3323 = FACE_BOUND('',#3324,.T.);
#3324 = EDGE_LOOP('',(#3325,#3355,#3388));
#3325 = ORIENTED_EDGE('',*,*,#3326,.F.);
#3326 = EDGE_CURVE('',#3327,#3329,#3331,.T.);
#3327 = VERTEX_POINT('',#3328);
#3328 = CARTESIAN_POINT('',(0.279227112039,-0.24,-0.24));
#3329 = VERTEX_POINT('',#3330);
#3330 = CARTESIAN_POINT('',(0.279227112039,-0.247320508076,-0.24));
#3331 = SURFACE_CURVE('',#3332,(#3336,#3348),.PCURVE_S1.);
#3332 = LINE('',#3333,#3334);
#3333 = CARTESIAN_POINT('',(0.279227112039,-0.24,-0.24));
#3334 = VECTOR('',#3335,1.);
#3335 = DIRECTION('',(-0.,-1.,3.383061121595E-15));
#3336 = PCURVE('',#3337,#3342);
#3337 = PLANE('',#3338);
#3338 = AXIS2_PLACEMENT_3D('',#3339,#3340,#3341);
#3339 = CARTESIAN_POINT('',(-0.4,0.24,-0.24));
#3340 = DIRECTION('',(0.,1.129377263006E-16,-1.));
#3341 = DIRECTION('',(0.,1.,1.129377263006E-16));
#3342 = DEFINITIONAL_REPRESENTATION('',(#3343),#3347);
#3343 = LINE('',#3344,#3345);
#3344 = CARTESIAN_POINT('',(-0.48,0.679227112039));
#3345 = VECTOR('',#3346,1.);
#3346 = DIRECTION('',(-1.,0.));
#3347 = ( GEOMETRIC_REPRESENTATION_CONTEXT(2) 
PARAMETRIC_REPRESENTATION_CONTEXT() REPRESENTATION_CONTEXT('2D SPACE',''
  ) );
#3348 = PCURVE('',#2777,#3349);
#3349 = DEFINITIONAL_REPRESENTATION('',(#3350),#3354);
#3350 = LINE('',#3351,#3352);
#3351 = CARTESIAN_POINT('',(4.954754831424,-8.326672684689E-16));
#3352 = VECTOR('',#3353,1.);
#3353 = DIRECTION('',(0.,1.));
#3354 = ( GEOMETRIC_REPRESENTATION_CONTEXT(2) 
PARAMETRIC_REPRESENTATION_CONTEXT() REPRESENTATION_CONTEXT('2D SPACE',''
  ) );
#3355 = ORIENTED_EDGE('',*,*,#3356,.T.);
#3356 = EDGE_CURVE('',#3327,#3357,#3359,.T.);
#3357 = VERTEX_POINT('',#3358);
#3358 = CARTESIAN_POINT('',(0.281066273533,-0.247320508076,-0.24));
#3359 = SURFACE_CURVE('',#3360,(#3365,#3376),.PCURVE_S1.);
#3360 = CIRCLE('',#3361,1.);
#3361 = AXIS2_PLACEMENT_3D('',#3362,#3363,#3364);
#3362 = CARTESIAN_POINT('',(1.25,2.602085213965E-17,-0.24));
#3363 = DIRECTION('',(0.,-1.084202172486E-16,1.));
#3364 = DIRECTION('',(0.,1.,1.084202172486E-16));
#3365 = PCURVE('',#3337,#3366);
#3366 = DEFINITIONAL_REPRESENTATION('',(#3367),#3375);
#3367 = ( BOUNDED_CURVE() B_SPLINE_CURVE(2,(#3368,#3369,#3370,#3371,
#3372,#3373,#3374),.UNSPECIFIED.,.T.,.F.) B_SPLINE_CURVE_WITH_KNOTS((1,2
    ,2,2,2,1),(-2.094395102393,0.,2.094395102393,4.188790204786,
6.28318530718,8.377580409573),.UNSPECIFIED.) CURVE() 
GEOMETRIC_REPRESENTATION_ITEM() RATIONAL_B_SPLINE_CURVE((1.,0.5,1.,0.5,
1.,0.5,1.)) REPRESENTATION_ITEM('') );
#3368 = CARTESIAN_POINT('',(0.76,1.65));
#3369 = CARTESIAN_POINT('',(0.76,-8.205080756888E-02));
#3370 = CARTESIAN_POINT('',(-0.74,0.783974596216));
#3371 = CARTESIAN_POINT('',(-2.24,1.65));
#3372 = CARTESIAN_POINT('',(-0.74,2.516025403784));
#3373 = CARTESIAN_POINT('',(0.76,3.382050807569));
#3374 = CARTESIAN_POINT('',(0.76,1.65));
#3375 = ( GEOMETRIC_REPRESENTATION_CONTEXT(2) 
PARAMETRIC_REPRESENTATION_CONTEXT() REPRESENTATION_CONTEXT('2D SPACE',''
  ) );
#3376 = PCURVE('',#3377,#3382);
#3377 = CYLINDRICAL_SURFACE('',#3378,1.);
#3378 = AXIS2_PLACEMENT_3D('',#3379,#3380,#3381);
#3379 = CARTESIAN_POINT('',(1.25,2.602085213965E-17,-0.24));
#3380 = DIRECTION('',(-0.,1.084202172486E-16,-1.));
#3381 = DIRECTION('',(0.,1.,1.084202172486E-16));
#3382 = DEFINITIONAL_REPRESENTATION('',(#3383),#3387);
#3383 = LINE('',#3384,#3385);
#3384 = CARTESIAN_POINT('',(6.28318530718,0.));
#3385 = VECTOR('',#3386,1.);
#3386 = DIRECTION('',(-1.,0.));
#3387 = ( GEOMETRIC_REPRESENTATION_CONTEXT(2) 
PARAMETRIC_REPRESENTATION_CONTEXT() REPRESENTATION_CONTEXT('2D SPACE',''
  ) );
#3388 = ORIENTED_EDGE('',*,*,#3389,.F.);
#3389 = EDGE_CURVE('',#3329,#3357,#3390,.T.);
#3390 = SURFACE_CURVE('',#3391,(#3395,#3402),.PCURVE_S1.);
#3391 = LINE('',#3392,#3393);
#3392 = CARTESIAN_POINT('',(0.25,-0.247320508076,-0.24));
#3393 = VECTOR('',#3394,1.);
#3394 = DIRECTION('',(1.,0.,0.));
#3395 = PCURVE('',#3337,#3396);
#3396 = DEFINITIONAL_REPRESENTATION('',(#3397),#3401);
#3397 = LINE('',#3398,#3399);
#3398 = CARTESIAN_POINT('',(-0.487320508076,0.65));
#3399 = VECTOR('',#3400,1.);
#3400 = DIRECTION('',(0.,1.));
#3401 = ( GEOMETRIC_REPRESENTATION_CONTEXT(2) 
PARAMETRIC_REPRESENTATION_CONTEXT() REPRESENTATION_CONTEXT('2D SPACE',''
  ) );
#3402 = PCURVE('',#3027,#3403);
#3403 = DEFINITIONAL_REPRESENTATION('',(#3404),#3408);
#3404 = LINE('',#3405,#3406);
#3405 = CARTESIAN_POINT('',(5.235987755983,0.));
#3406 = VECTOR('',#3407,1.);
#3407 = DIRECTION('',(0.,1.));
#3408 = ( GEOMETRIC_REPRESENTATION_CONTEXT(2) 
PARAMETRIC_REPRESENTATION_CONTEXT() REPRESENTATION_CONTEXT('2D SPACE',''
  ) );
#3409 = ADVANCED_FACE('',(#3410),#245,.T.);
#3410 = FACE_BOUND('',#3411,.T.);
#3411 = EDGE_LOOP('',(#3412,#3440,#3462,#3534,#3535,#3609,#3631,#3659,
    #3730,#3763));
#3412 = ORIENTED_EDGE('',*,*,#3413,.F.);
#3413 = EDGE_CURVE('',#3327,#3414,#3416,.T.);
#3414 = VERTEX_POINT('',#3415);
#3415 = CARTESIAN_POINT('',(0.279227112039,-0.24,-0.247320508076));
#3416 = SURFACE_CURVE('',#3417,(#3421,#3428),.PCURVE_S1.);
#3417 = LINE('',#3418,#3419);
#3418 = CARTESIAN_POINT('',(0.279227112039,-0.24,-0.24));
#3419 = VECTOR('',#3420,1.);
#3420 = DIRECTION('',(-0.,1.084202172486E-16,-1.));
#3421 = PCURVE('',#245,#3422);
#3422 = DEFINITIONAL_REPRESENTATION('',(#3423),#3427);
#3423 = LINE('',#3424,#3425);
#3424 = CARTESIAN_POINT('',(4.470023129346,-8.604228440845E-16));
#3425 = VECTOR('',#3426,1.);
#3426 = DIRECTION('',(0.,1.));
#3427 = ( GEOMETRIC_REPRESENTATION_CONTEXT(2) 
PARAMETRIC_REPRESENTATION_CONTEXT() REPRESENTATION_CONTEXT('2D SPACE',''
  ) );
#3428 = PCURVE('',#3429,#3434);
#3429 = PLANE('',#3430);
#3430 = AXIS2_PLACEMENT_3D('',#3431,#3432,#3433);
#3431 = CARTESIAN_POINT('',(1.25,-0.24,8.119346691827E-16));
#3432 = DIRECTION('',(0.,-1.,3.383061121595E-15));
#3433 = DIRECTION('',(0.,-3.383061121595E-15,-1.));
#3434 = DEFINITIONAL_REPRESENTATION('',(#3435),#3439);
#3435 = LINE('',#3436,#3437);
#3436 = CARTESIAN_POINT('',(0.24,-0.970772887961));
#3437 = VECTOR('',#3438,1.);
#3438 = DIRECTION('',(1.,0.));
#3439 = ( GEOMETRIC_REPRESENTATION_CONTEXT(2) 
PARAMETRIC_REPRESENTATION_CONTEXT() REPRESENTATION_CONTEXT('2D SPACE',''
  ) );
#3440 = ORIENTED_EDGE('',*,*,#3441,.T.);
#3441 = EDGE_CURVE('',#3327,#3442,#3444,.T.);
#3442 = VERTEX_POINT('',#3443);
#3443 = CARTESIAN_POINT('',(0.278507689785,-0.237071067812,
    -0.237071067812));
#3444 = SURFACE_CURVE('',#3445,(#3450,#3456),.PCURVE_S1.);
#3445 = ( BOUNDED_CURVE() B_SPLINE_CURVE(3,(#3446,#3447,#3448,#3449),
.UNSPECIFIED.,.F.,.F.) B_SPLINE_CURVE_WITH_KNOTS((4,4),(1.328430475756,
1.331446469628),.PIECEWISE_BEZIER_KNOTS.) CURVE() 
GEOMETRIC_REPRESENTATION_ITEM() RATIONAL_B_SPLINE_CURVE((1.,
0.999999241982,0.999999241982,1.)) REPRESENTATION_ITEM('') );
#3446 = CARTESIAN_POINT('',(0.279227112039,-0.24,-0.24));
#3447 = CARTESIAN_POINT('',(0.278985832438,-0.23902405127,-0.23902405127
    ));
#3448 = CARTESIAN_POINT('',(0.278746024838,-0.2380477398,-0.2380477398)
  );
#3449 = CARTESIAN_POINT('',(0.278507689785,-0.237071067812,
    -0.237071067812));
#3450 = PCURVE('',#245,#3451);
#3451 = DEFINITIONAL_REPRESENTATION('',(#3452),#3455);
#3452 = B_SPLINE_CURVE_WITH_KNOTS('',1,(#3453,#3454),.UNSPECIFIED.,.F.,
  .F.,(2,2),(1.328430475756,1.331446469628),.PIECEWISE_BEZIER_KNOTS.);
#3453 = CARTESIAN_POINT('',(4.470023129346,8.604228440845E-16));
#3454 = CARTESIAN_POINT('',(4.473039123218,-2.928932188135E-03));
#3455 = ( GEOMETRIC_REPRESENTATION_CONTEXT(2) 
PARAMETRIC_REPRESENTATION_CONTEXT() REPRESENTATION_CONTEXT('2D SPACE',''
  ) );
#3456 = PCURVE('',#2777,#3457);
#3457 = DEFINITIONAL_REPRESENTATION('',(#3458),#3461);
#3458 = B_SPLINE_CURVE_WITH_KNOTS('',1,(#3459,#3460),.UNSPECIFIED.,.F.,
  .F.,(2,2),(1.328430475756,1.331446469628),.PIECEWISE_BEZIER_KNOTS.);
#3459 = CARTESIAN_POINT('',(4.954754831424,-8.326672684689E-16));
#3460 = CARTESIAN_POINT('',(4.951738837551,-2.928932188135E-03));
#3461 = ( GEOMETRIC_REPRESENTATION_CONTEXT(2) 
PARAMETRIC_REPRESENTATION_CONTEXT() REPRESENTATION_CONTEXT('2D SPACE',''
  ) );
#3462 = ORIENTED_EDGE('',*,*,#3463,.T.);
#3463 = EDGE_CURVE('',#3442,#225,#3464,.T.);
#3464 = SURFACE_CURVE('',#3465,(#3476,#3505),.PCURVE_S1.);
#3465 = B_SPLINE_CURVE_WITH_KNOTS('',3,(#3466,#3467,#3468,#3469,#3470,
    #3471,#3472,#3473,#3474,#3475),.UNSPECIFIED.,.F.,.F.,(4,3,3,4),(0.,
    3.478040274405E-06,6.952384663513E-06,7.988743472569E-06),
  .UNSPECIFIED.);
#3466 = CARTESIAN_POINT('',(0.278507689785,-0.237071067812,
    -0.237071067812));
#3467 = CARTESIAN_POINT('',(0.278310553568,-0.236263224319,
    -0.237878911305));
#3468 = CARTESIAN_POINT('',(0.278078131276,-0.235306161927,
    -0.238551483714));
#3469 = CARTESIAN_POINT('',(0.277831439086,-0.234282498645,
    -0.239036603654));
#3470 = CARTESIAN_POINT('',(0.277584909514,-0.233259510158,
    -0.239521403804));
#3471 = CARTESIAN_POINT('',(0.277317416227,-0.232142026143,
    -0.239832756701));
#3472 = CARTESIAN_POINT('',(0.277051083041,-0.231020356221,
    -0.239947807468));
#3473 = CARTESIAN_POINT('',(0.276970633766,-0.230681541771,
    -0.239982559994));
#3474 = CARTESIAN_POINT('',(0.276889862995,-0.230340582038,-0.24));
#3475 = CARTESIAN_POINT('',(0.276809371192,-0.23,-0.24));
#3476 = PCURVE('',#245,#3477);
#3477 = DEFINITIONAL_REPRESENTATION('',(#3478),#3504);
#3478 = B_SPLINE_CURVE_WITH_KNOTS('',3,(#3479,#3480,#3481,#3482,#3483,
    #3484,#3485,#3486,#3487,#3488,#3489,#3490,#3491,#3492,#3493,#3494,
    #3495,#3496,#3497,#3498,#3499,#3500,#3501,#3502,#3503),
  .UNSPECIFIED.,.F.,.F.,(4,1,1,1,1,1,1,1,1,1,1,1,1,1,1,1,1,1,1,1,1,1,4),
  (0.,3.631247032986E-07,7.262494065972E-07,1.089374109896E-06,
    1.452498813194E-06,1.815623516493E-06,2.178748219792E-06,
    2.54187292309E-06,2.904997626389E-06,3.268122329687E-06,
    3.631247032986E-06,3.994371736284E-06,4.357496439583E-06,
    4.720621142882E-06,5.08374584618E-06,5.446870549479E-06,
    5.809995252777E-06,6.173119956076E-06,6.536244659375E-06,
    6.899369362673E-06,7.262494065972E-06,7.62561876927E-06,
    7.988743472569E-06),.QUASI_UNIFORM_KNOTS.);
#3479 = CARTESIAN_POINT('',(4.473039123218,-2.928932188135E-03));
#3480 = CARTESIAN_POINT('',(4.473125941073,-2.844589309546E-03));
#3481 = CARTESIAN_POINT('',(4.473302919507,-2.678852569295E-03));
#3482 = CARTESIAN_POINT('',(4.473577833262,-2.439450826192E-03));
#3483 = CARTESIAN_POINT('',(4.473861611087,-2.209608748839E-03));
#3484 = CARTESIAN_POINT('',(4.474153670838,-1.989682698783E-03));
#3485 = CARTESIAN_POINT('',(4.474453430791,-1.780028803311E-03));
#3486 = CARTESIAN_POINT('',(4.474760307668,-1.581004063678E-03));
#3487 = CARTESIAN_POINT('',(4.475073724015,-1.392962219524E-03));
#3488 = CARTESIAN_POINT('',(4.475393080648,-1.216269182984E-03));
#3489 = CARTESIAN_POINT('',(4.475717859516,-1.051245437833E-03));
#3490 = CARTESIAN_POINT('',(4.47604723979,-8.983810087795E-04));
#3491 = CARTESIAN_POINT('',(4.476382872852,-7.568865727205E-04));
#3492 = CARTESIAN_POINT('',(4.476723895567,-6.269999146275E-04));
#3493 = CARTESIAN_POINT('',(4.47706973088,-5.088559075844E-04));
#3494 = CARTESIAN_POINT('',(4.477419728856,-4.026166301485E-04));
#3495 = CARTESIAN_POINT('',(4.477773245006,-3.084382508726E-04));
#3496 = CARTESIAN_POINT('',(4.478129685953,-2.264733728532E-04));
#3497 = CARTESIAN_POINT('',(4.478488248428,-1.568947710176E-04));
#3498 = CARTESIAN_POINT('',(4.478848917641,-9.97980984257E-05));
#3499 = CARTESIAN_POINT('',(4.479208734798,-5.556732377594E-05));
#3500 = CARTESIAN_POINT('',(4.479575728665,-2.35102750796E-05));
#3501 = CARTESIAN_POINT('',(4.47994327101,-4.287892139971E-06));
#3502 = CARTESIAN_POINT('',(4.480188747806,7.27595851469E-09));
#3503 = CARTESIAN_POINT('',(4.480311297522,0.));
#3504 = ( GEOMETRIC_REPRESENTATION_CONTEXT(2) 
PARAMETRIC_REPRESENTATION_CONTEXT() REPRESENTATION_CONTEXT('2D SPACE',''
  ) );
#3505 = PCURVE('',#271,#3506);
#3506 = DEFINITIONAL_REPRESENTATION('',(#3507),#3533);
#3507 = B_SPLINE_CURVE_WITH_KNOTS('',3,(#3508,#3509,#3510,#3511,#3512,
    #3513,#3514,#3515,#3516,#3517,#3518,#3519,#3520,#3521,#3522,#3523,
    #3524,#3525,#3526,#3527,#3528,#3529,#3530,#3531,#3532),
  .UNSPECIFIED.,.F.,.F.,(4,1,1,1,1,1,1,1,1,1,1,1,1,1,1,1,1,1,1,1,1,1,4),
  (0.,3.631247032986E-07,7.262494065972E-07,1.089374109896E-06,
    1.452498813194E-06,1.815623516493E-06,2.178748219792E-06,
    2.54187292309E-06,2.904997626389E-06,3.268122329687E-06,
    3.631247032986E-06,3.994371736284E-06,4.357496439583E-06,
    4.720621142882E-06,5.08374584618E-06,5.446870549479E-06,
    5.809995252777E-06,6.173119956076E-06,6.536244659375E-06,
    6.899369362673E-06,7.262494065972E-06,7.62561876927E-06,
    7.988743472569E-06),.QUASI_UNIFORM_KNOTS.);
#3508 = CARTESIAN_POINT('',(5.497787143782,0.678507689785));
#3509 = CARTESIAN_POINT('',(5.509714858784,0.678487107784));
#3510 = CARTESIAN_POINT('',(5.533592445504,0.678445174516));
#3511 = CARTESIAN_POINT('',(5.569456331803,0.678380110327));
#3512 = CARTESIAN_POINT('',(5.605349450574,0.678313025351));
#3513 = CARTESIAN_POINT('',(5.641251112446,0.678244063114));
#3514 = CARTESIAN_POINT('',(5.677139723775,0.678173367045));
#3515 = CARTESIAN_POINT('',(5.712992816928,0.678101080937));
#3516 = CARTESIAN_POINT('',(5.748788456358,0.678027347218));
#3517 = CARTESIAN_POINT('',(5.784502654614,0.677952313418));
#3518 = CARTESIAN_POINT('',(5.820121365866,0.677876108025));
#3519 = CARTESIAN_POINT('',(5.855598113508,0.677798930582));
#3520 = CARTESIAN_POINT('',(5.89115998688,0.677720401723));
#3521 = CARTESIAN_POINT('',(5.926767316528,0.677640725405));
#3522 = CARTESIAN_POINT('',(5.962408229041,0.677560039322));
#3523 = CARTESIAN_POINT('',(5.998062100309,0.677478498051));
#3524 = CARTESIAN_POINT('',(6.033708188353,0.677396254899));
#3525 = CARTESIAN_POINT('',(6.069330438688,0.677313451366));
#3526 = CARTESIAN_POINT('',(6.104892466575,0.677230277455));
#3527 = CARTESIAN_POINT('',(6.140435672441,0.677146740962));
#3528 = CARTESIAN_POINT('',(6.175714626823,0.677063530013));
#3529 = CARTESIAN_POINT('',(6.211560189936,0.676978793612));
#3530 = CARTESIAN_POINT('',(6.247370307427,0.676894061441));
#3531 = CARTESIAN_POINT('',(6.271258928169,0.676837557555));
#3532 = CARTESIAN_POINT('',(6.28318530718,0.676809371192));
#3533 = ( GEOMETRIC_REPRESENTATION_CONTEXT(2) 
PARAMETRIC_REPRESENTATION_CONTEXT() REPRESENTATION_CONTEXT('2D SPACE',''
  ) );
#3534 = ORIENTED_EDGE('',*,*,#224,.F.);
#3535 = ORIENTED_EDGE('',*,*,#3536,.T.);
#3536 = EDGE_CURVE('',#202,#3537,#3539,.T.);
#3537 = VERTEX_POINT('',#3538);
#3538 = CARTESIAN_POINT('',(0.278507689785,0.237071067812,
    -0.237071067812));
#3539 = SURFACE_CURVE('',#3540,(#3551,#3580),.PCURVE_S1.);
#3540 = B_SPLINE_CURVE_WITH_KNOTS('',3,(#3541,#3542,#3543,#3544,#3545,
    #3546,#3547,#3548,#3549,#3550),.UNSPECIFIED.,.F.,.F.,(4,3,3,4),(0.,
    3.527781105258E-06,7.058075805892E-06,7.991169092062E-06),
  .UNSPECIFIED.);
#3541 = CARTESIAN_POINT('',(0.276809371192,0.23,-0.24));
#3542 = CARTESIAN_POINT('',(0.27707983441,0.231144401171,-0.24));
#3543 = CARTESIAN_POINT('',(0.277356161761,0.232304102678,
    -0.239798306037));
#3544 = CARTESIAN_POINT('',(0.277615226308,0.23338348676,-0.239410208167
    ));
#3545 = CARTESIAN_POINT('',(0.277874391787,0.234463291373,
    -0.239021959092));
#3546 = CARTESIAN_POINT('',(0.278123512921,0.235492957457,
    -0.238435900193));
#3547 = CARTESIAN_POINT('',(0.278340051564,0.23638304636,-0.237697838641
    ));
#3548 = CARTESIAN_POINT('',(0.278398075948,0.236621557416,
    -0.237500065318));
#3549 = CARTESIAN_POINT('',(0.278454088187,0.236851414097,
    -0.237290721527));
#3550 = CARTESIAN_POINT('',(0.278507689785,0.237071067812,
    -0.237071067812));
#3551 = PCURVE('',#245,#3552);
#3552 = DEFINITIONAL_REPRESENTATION('',(#3553),#3579);
#3553 = B_SPLINE_CURVE_WITH_KNOTS('',3,(#3554,#3555,#3556,#3557,#3558,
    #3559,#3560,#3561,#3562,#3563,#3564,#3565,#3566,#3567,#3568,#3569,
    #3570,#3571,#3572,#3573,#3574,#3575,#3576,#3577,#3578),
  .UNSPECIFIED.,.F.,.F.,(4,1,1,1,1,1,1,1,1,1,1,1,1,1,1,1,1,1,1,1,1,1,4),
  (0.,3.632349587301E-07,7.264699174602E-07,1.08970487619E-06,
    1.45293983492E-06,1.81617479365E-06,2.179409752381E-06,
    2.542644711111E-06,2.905879669841E-06,3.269114628571E-06,
    3.632349587301E-06,3.995584546031E-06,4.358819504761E-06,
    4.722054463491E-06,5.085289422221E-06,5.448524380951E-06,
    5.811759339681E-06,6.174994298411E-06,6.538229257142E-06,
    6.901464215872E-06,7.264699174602E-06,7.627934133332E-06,
    7.991169092062E-06),.QUASI_UNIFORM_KNOTS.);
#3554 = CARTESIAN_POINT('',(4.944466663247,0.));
#3555 = CARTESIAN_POINT('',(4.944587741567,1.542068403106E-17));
#3556 = CARTESIAN_POINT('',(4.944830242525,-4.276563969603E-06));
#3557 = CARTESIAN_POINT('',(4.945194382657,-2.342095415666E-05));
#3558 = CARTESIAN_POINT('',(4.945558267281,-5.519476169084E-05));
#3559 = CARTESIAN_POINT('',(4.945921251968,-9.949778691881E-05));
#3560 = CARTESIAN_POINT('',(4.946282693108,-1.562301004687E-04));
#3561 = CARTESIAN_POINT('',(4.946641944022,-2.252907646098E-04));
#3562 = CARTESIAN_POINT('',(4.946998369473,-3.065826047661E-04));
#3563 = CARTESIAN_POINT('',(4.947351291519,-3.999944021006E-04));
#3564 = CARTESIAN_POINT('',(4.947700191597,-5.054673516667E-04));
#3565 = CARTESIAN_POINT('',(4.948043956326,-6.227470372157E-04));
#3566 = CARTESIAN_POINT('',(4.948383993999,-7.52413435611E-04));
#3567 = CARTESIAN_POINT('',(4.948720092288,-8.942836473583E-04));
#3568 = CARTESIAN_POINT('',(4.949051543498,-1.048026799908E-03));
#3569 = CARTESIAN_POINT('',(4.949377774349,-1.213353036094E-03));
#3570 = CARTESIAN_POINT('',(4.949698169243,-1.389956410269E-03));
#3571 = CARTESIAN_POINT('',(4.950012147409,-1.577554315329E-03));
#3572 = CARTESIAN_POINT('',(4.950319031064,-1.775786878479E-03));
#3573 = CARTESIAN_POINT('',(4.950618495622,-1.984579951144E-03));
#3574 = CARTESIAN_POINT('',(4.950908900708,-2.202793753556E-03));
#3575 = CARTESIAN_POINT('',(4.951193515888,-2.433265306504E-03));
#3576 = CARTESIAN_POINT('',(4.951471626679,-2.675549111447E-03));
#3577 = CARTESIAN_POINT('',(4.951650998199,-2.843566977339E-03));
#3578 = CARTESIAN_POINT('',(4.951738837551,-2.928932188134E-03));
#3579 = ( GEOMETRIC_REPRESENTATION_CONTEXT(2) 
PARAMETRIC_REPRESENTATION_CONTEXT() REPRESENTATION_CONTEXT('2D SPACE',''
  ) );
#3580 = PCURVE('',#95,#3581);
#3581 = DEFINITIONAL_REPRESENTATION('',(#3582),#3608);
#3582 = B_SPLINE_CURVE_WITH_KNOTS('',3,(#3583,#3584,#3585,#3586,#3587,
    #3588,#3589,#3590,#3591,#3592,#3593,#3594,#3595,#3596,#3597,#3598,
    #3599,#3600,#3601,#3602,#3603,#3604,#3605,#3606,#3607),
  .UNSPECIFIED.,.F.,.F.,(4,1,1,1,1,1,1,1,1,1,1,1,1,1,1,1,1,1,1,1,1,1,4),
  (0.,3.632349587301E-07,7.264699174602E-07,1.08970487619E-06,
    1.45293983492E-06,1.81617479365E-06,2.179409752381E-06,
    2.542644711111E-06,2.905879669841E-06,3.269114628571E-06,
    3.632349587301E-06,3.995584546031E-06,4.358819504761E-06,
    4.722054463491E-06,5.085289422221E-06,5.448524380951E-06,
    5.811759339681E-06,6.174994298411E-06,6.538229257142E-06,
    6.901464215872E-06,7.264699174602E-06,7.627934133332E-06,
    7.991169092062E-06),.QUASI_UNIFORM_KNOTS.);
#3583 = CARTESIAN_POINT('',(0.,0.676809371192));
#3584 = CARTESIAN_POINT('',(1.178309401533E-02,0.676837219205));
#3585 = CARTESIAN_POINT('',(3.538224652157E-02,0.676893039571));
#3586 = CARTESIAN_POINT('',(7.08621616796E-02,0.676976991663));
#3587 = CARTESIAN_POINT('',(0.10640609462,0.677061013839));
#3588 = CARTESIAN_POINT('',(0.141994992285,0.677144954588));
#3589 = CARTESIAN_POINT('',(0.177609240133,0.67722866259));
#3590 = CARTESIAN_POINT('',(0.213228525444,0.677311985813));
#3591 = CARTESIAN_POINT('',(0.248833853644,0.677394774882));
#3592 = CARTESIAN_POINT('',(0.284402440423,0.677476870515));
#3593 = CARTESIAN_POINT('',(0.319928942275,0.677558150387));
#3594 = CARTESIAN_POINT('',(0.355348418944,0.677638354259));
#3595 = CARTESIAN_POINT('',(0.39085711458,0.677717806475));
#3596 = CARTESIAN_POINT('',(0.426476420043,0.677796450087));
#3597 = CARTESIAN_POINT('',(0.462175621471,0.677874113503));
#3598 = CARTESIAN_POINT('',(0.497936713057,0.677950656246));
#3599 = CARTESIAN_POINT('',(0.533736633924,0.678025928017));
#3600 = CARTESIAN_POINT('',(0.569556424484,0.678099786701));
#3601 = CARTESIAN_POINT('',(0.605365337436,0.67817206726));
#3602 = CARTESIAN_POINT('',(0.641178230812,0.678242688173));
#3603 = CARTESIAN_POINT('',(0.676844860756,0.678311256762));
#3604 = CARTESIAN_POINT('',(0.712838239785,0.67837854147));
#3605 = CARTESIAN_POINT('',(0.749124833841,0.678444364438));
#3606 = CARTESIAN_POINT('',(0.773327946351,0.678486865515));
#3607 = CARTESIAN_POINT('',(0.785398163397,0.678507689785));
#3608 = ( GEOMETRIC_REPRESENTATION_CONTEXT(2) 
PARAMETRIC_REPRESENTATION_CONTEXT() REPRESENTATION_CONTEXT('2D SPACE',''
  ) );
#3609 = ORIENTED_EDGE('',*,*,#3610,.F.);
#3610 = EDGE_CURVE('',#3611,#3537,#3613,.T.);
#3611 = VERTEX_POINT('',#3612);
#3612 = CARTESIAN_POINT('',(0.279227112039,0.24,-0.24));
#3613 = SURFACE_CURVE('',#3614,(#3619,#3625),.PCURVE_S1.);
#3614 = ( BOUNDED_CURVE() B_SPLINE_CURVE(3,(#3615,#3616,#3617,#3618),
.UNSPECIFIED.,.F.,.F.) B_SPLINE_CURVE_WITH_KNOTS((4,4),(1.328430475756,
1.331446469628),.PIECEWISE_BEZIER_KNOTS.) CURVE() 
GEOMETRIC_REPRESENTATION_ITEM() RATIONAL_B_SPLINE_CURVE((1.,
0.999999241982,0.999999241982,1.)) REPRESENTATION_ITEM('') );
#3615 = CARTESIAN_POINT('',(0.279227112039,0.24,-0.24));
#3616 = CARTESIAN_POINT('',(0.278985832438,0.23902405127,-0.23902405127)
  );
#3617 = CARTESIAN_POINT('',(0.278746024838,0.2380477398,-0.2380477398));
#3618 = CARTESIAN_POINT('',(0.278507689785,0.237071067812,
    -0.237071067812));
#3619 = PCURVE('',#245,#3620);
#3620 = DEFINITIONAL_REPRESENTATION('',(#3621),#3624);
#3621 = B_SPLINE_CURVE_WITH_KNOTS('',1,(#3622,#3623),.UNSPECIFIED.,.F.,
  .F.,(2,2),(1.328430475756,1.331446469628),.PIECEWISE_BEZIER_KNOTS.);
#3622 = CARTESIAN_POINT('',(4.954754831424,6.938893903907E-16));
#3623 = CARTESIAN_POINT('',(4.951738837551,-2.928932188134E-03));
#3624 = ( GEOMETRIC_REPRESENTATION_CONTEXT(2) 
PARAMETRIC_REPRESENTATION_CONTEXT() REPRESENTATION_CONTEXT('2D SPACE',''
  ) );
#3625 = PCURVE('',#67,#3626);
#3626 = DEFINITIONAL_REPRESENTATION('',(#3627),#3630);
#3627 = B_SPLINE_CURVE_WITH_KNOTS('',1,(#3628,#3629),.UNSPECIFIED.,.F.,
  .F.,(2,2),(1.328430475756,1.331446469628),.PIECEWISE_BEZIER_KNOTS.);
#3628 = CARTESIAN_POINT('',(4.470023129346,2.525757381022E-15));
#3629 = CARTESIAN_POINT('',(4.473039123218,-2.928932188133E-03));
#3630 = ( GEOMETRIC_REPRESENTATION_CONTEXT(2) 
PARAMETRIC_REPRESENTATION_CONTEXT() REPRESENTATION_CONTEXT('2D SPACE',''
  ) );
#3631 = ORIENTED_EDGE('',*,*,#3632,.F.);
#3632 = EDGE_CURVE('',#3633,#3611,#3635,.T.);
#3633 = VERTEX_POINT('',#3634);
#3634 = CARTESIAN_POINT('',(0.279227112039,0.240000000001,-0.24732050808
    ));
#3635 = SURFACE_CURVE('',#3636,(#3640,#3647),.PCURVE_S1.);
#3636 = LINE('',#3637,#3638);
#3637 = CARTESIAN_POINT('',(0.279227112039,0.24,-0.24));
#3638 = VECTOR('',#3639,1.);
#3639 = DIRECTION('',(0.,-1.084202172486E-16,1.));
#3640 = PCURVE('',#245,#3641);
#3641 = DEFINITIONAL_REPRESENTATION('',(#3642),#3646);
#3642 = LINE('',#3643,#3644);
#3643 = CARTESIAN_POINT('',(4.954754831424,2.498001805407E-15));
#3644 = VECTOR('',#3645,1.);
#3645 = DIRECTION('',(0.,-1.));
#3646 = ( GEOMETRIC_REPRESENTATION_CONTEXT(2) 
PARAMETRIC_REPRESENTATION_CONTEXT() REPRESENTATION_CONTEXT('2D SPACE',''
  ) );
#3647 = PCURVE('',#3648,#3653);
#3648 = PLANE('',#3649);
#3649 = AXIS2_PLACEMENT_3D('',#3650,#3651,#3652);
#3650 = CARTESIAN_POINT('',(1.25,0.24,-2.487845711827E-15));
#3651 = DIRECTION('',(0.,1.,-1.036602379928E-14));
#3652 = DIRECTION('',(0.,1.036602379928E-14,1.));
#3653 = DEFINITIONAL_REPRESENTATION('',(#3654),#3658);
#3654 = LINE('',#3655,#3656);
#3655 = CARTESIAN_POINT('',(-0.24,-0.970772887961));
#3656 = VECTOR('',#3657,1.);
#3657 = DIRECTION('',(1.,0.));
#3658 = ( GEOMETRIC_REPRESENTATION_CONTEXT(2) 
PARAMETRIC_REPRESENTATION_CONTEXT() REPRESENTATION_CONTEXT('2D SPACE',''
  ) );
#3659 = ORIENTED_EDGE('',*,*,#3660,.T.);
#3660 = EDGE_CURVE('',#3633,#3661,#3663,.T.);
#3661 = VERTEX_POINT('',#3662);
#3662 = CARTESIAN_POINT('',(0.276809371192,0.23,-0.25));
#3663 = SURFACE_CURVE('',#3664,(#3672,#3701),.PCURVE_S1.);
#3664 = B_SPLINE_CURVE_WITH_KNOTS('',3,(#3665,#3666,#3667,#3668,#3669,
    #3670,#3671),.UNSPECIFIED.,.F.,.F.,(4,3,4),(1.058466536079E-05,
    1.364972369942E-05,2.129201596795E-05),.UNSPECIFIED.);
#3665 = CARTESIAN_POINT('',(0.279227112039,0.240000000001,-0.24732050808
    ));
#3666 = CARTESIAN_POINT('',(0.279012205157,0.239130725939,
    -0.247822383688));
#3667 = CARTESIAN_POINT('',(0.278788942455,0.238222589776,
    -0.248258994634));
#3668 = CARTESIAN_POINT('',(0.278561270396,0.237290527893,
    -0.248623861141));
#3669 = CARTESIAN_POINT('',(0.27799766816,0.234983208488,-0.249527088262
    ));
#3670 = CARTESIAN_POINT('',(0.277393824207,0.232472974772,-0.25));
#3671 = CARTESIAN_POINT('',(0.276809371192,0.23,-0.25));
#3672 = PCURVE('',#245,#3673);
#3673 = DEFINITIONAL_REPRESENTATION('',(#3674),#3700);
#3674 = B_SPLINE_CURVE_WITH_KNOTS('',3,(#3675,#3676,#3677,#3678,#3679,
    #3680,#3681,#3682,#3683,#3684,#3685,#3686,#3687,#3688,#3689,#3690,
    #3691,#3692,#3693,#3694,#3695,#3696,#3697,#3698,#3699),
  .UNSPECIFIED.,.F.,.F.,(4,1,1,1,1,1,1,1,1,1,1,1,1,1,1,1,1,1,1,1,1,1,4),
  (1.058466536079E-05,1.107136311567E-05,1.155806087054E-05,
    1.204475862541E-05,1.253145638028E-05,1.301815413515E-05,
    1.350485189002E-05,1.399154964489E-05,1.447824739976E-05,
    1.496494515463E-05,1.54516429095E-05,1.593834066437E-05,
    1.642503841924E-05,1.691173617411E-05,1.739843392898E-05,
    1.788513168385E-05,1.837182943872E-05,1.885852719359E-05,
    1.934522494846E-05,1.983192270333E-05,2.031862045821E-05,
    2.080531821308E-05,2.129201596795E-05),.QUASI_UNIFORM_KNOTS.);
#3675 = CARTESIAN_POINT('',(4.954754831425,7.320508079602E-03));
#3676 = CARTESIAN_POINT('',(4.954612644494,7.400200439447E-03));
#3677 = CARTESIAN_POINT('',(4.95432626789,7.556293671544E-03));
#3678 = CARTESIAN_POINT('',(4.953891058153,7.780406326355E-03));
#3679 = CARTESIAN_POINT('',(4.953450597344,7.994327345309E-03));
#3680 = CARTESIAN_POINT('',(4.953005172942,8.197933277774E-03));
#3681 = CARTESIAN_POINT('',(4.952555467153,8.390948417509E-03));
#3682 = CARTESIAN_POINT('',(4.952100689513,8.57366508883E-03));
#3683 = CARTESIAN_POINT('',(4.951645545484,8.744255749422E-03));
#3684 = CARTESIAN_POINT('',(4.951186024844,8.904154749898E-03));
#3685 = CARTESIAN_POINT('',(4.95072202501,9.053516423193E-03));
#3686 = CARTESIAN_POINT('',(4.950254059595,9.192215714537E-03));
#3687 = CARTESIAN_POINT('',(4.949782477107,9.320202430869E-03));
#3688 = CARTESIAN_POINT('',(4.949307670293,9.437406319992E-03));
#3689 = CARTESIAN_POINT('',(4.948830020048,9.543762504542E-03));
#3690 = CARTESIAN_POINT('',(4.948349910441,9.639204666969E-03));
#3691 = CARTESIAN_POINT('',(4.94786772469,9.723666875621E-03));
#3692 = CARTESIAN_POINT('',(4.947383846237,9.797083095446E-03));
#3693 = CARTESIAN_POINT('',(4.94689865846,9.859387319098E-03));
#3694 = CARTESIAN_POINT('',(4.94641254475,9.910513531805E-03));
#3695 = CARTESIAN_POINT('',(4.945925888488,9.950395720787E-03));
#3696 = CARTESIAN_POINT('',(4.945439073047,9.978967872729E-03));
#3697 = CARTESIAN_POINT('',(4.944952481797,9.99616397446E-03));
#3698 = CARTESIAN_POINT('',(4.944628492663,1.E-02));
#3699 = CARTESIAN_POINT('',(4.944466663247,1.E-02));
#3700 = ( GEOMETRIC_REPRESENTATION_CONTEXT(2) 
PARAMETRIC_REPRESENTATION_CONTEXT() REPRESENTATION_CONTEXT('2D SPACE',''
  ) );
#3701 = PCURVE('',#3311,#3702);
#3702 = DEFINITIONAL_REPRESENTATION('',(#3703),#3729);
#3703 = B_SPLINE_CURVE_WITH_KNOTS('',3,(#3704,#3705,#3706,#3707,#3708,
    #3709,#3710,#3711,#3712,#3713,#3714,#3715,#3716,#3717,#3718,#3719,
    #3720,#3721,#3722,#3723,#3724,#3725,#3726,#3727,#3728),
  .UNSPECIFIED.,.F.,.F.,(4,1,1,1,1,1,1,1,1,1,1,1,1,1,1,1,1,1,1,1,1,1,4),
  (1.058466536079E-05,1.107136311567E-05,1.155806087054E-05,
    1.204475862541E-05,1.253145638028E-05,1.301815413515E-05,
    1.350485189002E-05,1.399154964489E-05,1.447824739976E-05,
    1.496494515463E-05,1.54516429095E-05,1.593834066437E-05,
    1.642503841924E-05,1.691173617411E-05,1.739843392898E-05,
    1.788513168385E-05,1.837182943872E-05,1.885852719359E-05,
    1.934522494846E-05,1.983192270333E-05,2.031862045821E-05,
    2.080531821308E-05,2.129201596795E-05),.QUASI_UNIFORM_KNOTS.);
#3704 = CARTESIAN_POINT('',(0.52359877555,2.922711203928E-02));
#3705 = CARTESIAN_POINT('',(0.515629553081,2.919298717589E-02));
#3706 = CARTESIAN_POINT('',(0.499688518989,2.912431628281E-02));
#3707 = CARTESIAN_POINT('',(0.475774647858,2.902013944311E-02));
#3708 = CARTESIAN_POINT('',(0.451865442336,2.89148923179E-02));
#3709 = CARTESIAN_POINT('',(0.427962504576,2.880864986663E-02));
#3710 = CARTESIAN_POINT('',(0.404088098972,2.870158085351E-02));
#3711 = CARTESIAN_POINT('',(0.380187501201,2.859350407871E-02));
#3712 = CARTESIAN_POINT('',(0.356493166167,2.848554439385E-02));
#3713 = CARTESIAN_POINT('',(0.332783219632,2.83767631904E-02));
#3714 = CARTESIAN_POINT('',(0.309036230613,2.826713517014E-02));
#3715 = CARTESIAN_POINT('',(0.285264135888,2.815678428924E-02));
#3716 = CARTESIAN_POINT('',(0.26147036072,2.804579451129E-02));
#3717 = CARTESIAN_POINT('',(0.237660965496,2.793426051584E-02));
#3718 = CARTESIAN_POINT('',(0.21384158238,2.782227411111E-02));
#3719 = CARTESIAN_POINT('',(0.190018158134,2.770992787469E-02));
#3720 = CARTESIAN_POINT('',(0.166196676088,2.759731417804E-02));
#3721 = CARTESIAN_POINT('',(0.142383150981,2.748452544782E-02));
#3722 = CARTESIAN_POINT('',(0.118583550819,2.737165409592E-02));
#3723 = CARTESIAN_POINT('',(9.480373743998E-02,2.725879253817E-02));
#3724 = CARTESIAN_POINT('',(7.104940694334E-02,2.714603318937E-02));
#3725 = CARTESIAN_POINT('',(4.732601561158E-02,2.703346846458E-02));
#3726 = CARTESIAN_POINT('',(2.363876962037E-02,2.692119077879E-02));
#3727 = CARTESIAN_POINT('',(7.874510835204E-03,2.684659195761E-02));
#3728 = CARTESIAN_POINT('',(0.,2.680937119185E-02));
#3729 = ( GEOMETRIC_REPRESENTATION_CONTEXT(2) 
PARAMETRIC_REPRESENTATION_CONTEXT() REPRESENTATION_CONTEXT('2D SPACE',''
  ) );
#3730 = ORIENTED_EDGE('',*,*,#3731,.T.);
#3731 = EDGE_CURVE('',#3661,#3732,#3734,.T.);
#3732 = VERTEX_POINT('',#3733);
#3733 = CARTESIAN_POINT('',(0.276809371192,-0.23,-0.25));
#3734 = SURFACE_CURVE('',#3735,(#3740,#3747),.PCURVE_S1.);
#3735 = CIRCLE('',#3736,1.);
#3736 = AXIS2_PLACEMENT_3D('',#3737,#3738,#3739);
#3737 = CARTESIAN_POINT('',(1.25,2.710505431214E-17,-0.25));
#3738 = DIRECTION('',(0.,-1.084202172486E-16,1.));
#3739 = DIRECTION('',(0.,1.,1.084202172486E-16));
#3740 = PCURVE('',#245,#3741);
#3741 = DEFINITIONAL_REPRESENTATION('',(#3742),#3746);
#3742 = LINE('',#3743,#3744);
#3743 = CARTESIAN_POINT('',(6.28318530718,1.E-02));
#3744 = VECTOR('',#3745,1.);
#3745 = DIRECTION('',(-1.,-5.979802812847E-17));
#3746 = ( GEOMETRIC_REPRESENTATION_CONTEXT(2) 
PARAMETRIC_REPRESENTATION_CONTEXT() REPRESENTATION_CONTEXT('2D SPACE',''
  ) );
#3747 = PCURVE('',#3748,#3753);
#3748 = PLANE('',#3749);
#3749 = AXIS2_PLACEMENT_3D('',#3750,#3751,#3752);
#3750 = CARTESIAN_POINT('',(0.25,0.25,-0.25));
#3751 = DIRECTION('',(0.,1.084202172486E-16,-1.));
#3752 = DIRECTION('',(0.,1.,1.084202172486E-16));
#3753 = DEFINITIONAL_REPRESENTATION('',(#3754),#3762);
#3754 = ( BOUNDED_CURVE() B_SPLINE_CURVE(2,(#3755,#3756,#3757,#3758,
#3759,#3760,#3761),.UNSPECIFIED.,.T.,.F.) B_SPLINE_CURVE_WITH_KNOTS((1,2
    ,2,2,2,1),(-2.094395102393,0.,2.094395102393,4.188790204786,
6.28318530718,8.377580409573),.UNSPECIFIED.) CURVE() 
GEOMETRIC_REPRESENTATION_ITEM() RATIONAL_B_SPLINE_CURVE((1.,0.5,1.,0.5,
1.,0.5,1.)) REPRESENTATION_ITEM('') );
#3755 = CARTESIAN_POINT('',(0.75,1.));
#3756 = CARTESIAN_POINT('',(0.75,-0.732050807569));
#3757 = CARTESIAN_POINT('',(-0.75,0.133974596216));
#3758 = CARTESIAN_POINT('',(-2.25,1.));
#3759 = CARTESIAN_POINT('',(-0.75,1.866025403784));
#3760 = CARTESIAN_POINT('',(0.75,2.732050807569));
#3761 = CARTESIAN_POINT('',(0.75,1.));
#3762 = ( GEOMETRIC_REPRESENTATION_CONTEXT(2) 
PARAMETRIC_REPRESENTATION_CONTEXT() REPRESENTATION_CONTEXT('2D SPACE',''
  ) );
#3763 = ORIENTED_EDGE('',*,*,#3764,.T.);
#3764 = EDGE_CURVE('',#3732,#3414,#3765,.T.);
#3765 = SURFACE_CURVE('',#3766,(#3774,#3803),.PCURVE_S1.);
#3766 = B_SPLINE_CURVE_WITH_KNOTS('',3,(#3767,#3768,#3769,#3770,#3771,
    #3772,#3773),.UNSPECIFIED.,.F.,.F.,(4,3,4),(2.710505431214E-20,
    7.065715423434E-06,1.069814982429E-05),.UNSPECIFIED.);
#3767 = CARTESIAN_POINT('',(0.276809371192,-0.23,-0.25));
#3768 = CARTESIAN_POINT('',(0.277351076041,-0.232292096012,-0.25));
#3769 = CARTESIAN_POINT('',(0.277908791819,-0.234613779644,
    -0.249595486595));
#3770 = CARTESIAN_POINT('',(0.278435187443,-0.23677376333,-0.24881797364
    ));
#3771 = CARTESIAN_POINT('',(0.27870665937,-0.237887706734,
    -0.248416995877));
#3772 = CARTESIAN_POINT('',(0.278972816309,-0.238971402497,
    -0.247914369121));
#3773 = CARTESIAN_POINT('',(0.279227112039,-0.24,-0.247320508076));
#3774 = PCURVE('',#245,#3775);
#3775 = DEFINITIONAL_REPRESENTATION('',(#3776),#3802);
#3776 = B_SPLINE_CURVE_WITH_KNOTS('',3,(#3777,#3778,#3779,#3780,#3781,
    #3782,#3783,#3784,#3785,#3786,#3787,#3788,#3789,#3790,#3791,#3792,
    #3793,#3794,#3795,#3796,#3797,#3798,#3799,#3800,#3801),
  .UNSPECIFIED.,.F.,.F.,(4,1,1,1,1,1,1,1,1,1,1,1,1,1,1,1,1,1,1,1,1,1,4),
  (2.710505431214E-20,4.862795374679E-07,9.725590749357E-07,
    1.458838612404E-06,1.945118149871E-06,2.431397687339E-06,
    2.917677224807E-06,3.403956762275E-06,3.890236299743E-06,
    4.376515837211E-06,4.862795374678E-06,5.349074912146E-06,
    5.835354449614E-06,6.321633987082E-06,6.80791352455E-06,
    7.294193062018E-06,7.780472599485E-06,8.266752136953E-06,
    8.753031674421E-06,9.239311211889E-06,9.725590749357E-06,
    1.021187028682E-05,1.069814982429E-05),.QUASI_UNIFORM_KNOTS.);
#3777 = CARTESIAN_POINT('',(4.480311297522,1.E-02));
#3778 = CARTESIAN_POINT('',(4.480149204343,1.E-02));
#3779 = CARTESIAN_POINT('',(4.479824710329,9.996168025413E-03));
#3780 = CARTESIAN_POINT('',(4.479337431608,9.97898577691E-03));
#3781 = CARTESIAN_POINT('',(4.478850000462,9.95043087886E-03));
#3782 = CARTESIAN_POINT('',(4.478362802173,9.910564968555E-03));
#3783 = CARTESIAN_POINT('',(4.477876222029,9.859449682489E-03));
#3784 = CARTESIAN_POINT('',(4.477390645329,9.797146660122E-03));
#3785 = CARTESIAN_POINT('',(4.476906457349,9.723717529858E-03));
#3786 = CARTESIAN_POINT('',(4.476424043478,9.639223961354E-03));
#3787 = CARTESIAN_POINT('',(4.475943788704,9.543727470314E-03));
#3788 = CARTESIAN_POINT('',(4.475466079511,9.437290146995E-03));
#3789 = CARTESIAN_POINT('',(4.474991296817,9.319971937398E-03));
#3790 = CARTESIAN_POINT('',(4.474519842312,9.191840790003E-03));
#3791 = CARTESIAN_POINT('',(4.474052040169,9.052934787618E-03));
#3792 = CARTESIAN_POINT('',(4.473588503847,8.903403473263E-03));
#3793 = CARTESIAN_POINT('',(4.473128767168,8.742980414785E-03));
#3794 = CARTESIAN_POINT('',(4.472671386085,8.571311358666E-03));
#3795 = CARTESIAN_POINT('',(4.472218142217,8.389035871408E-03));
#3796 = CARTESIAN_POINT('',(4.471769027044,8.196172673979E-03));
#3797 = CARTESIAN_POINT('',(4.47132451172,7.992906842701E-03));
#3798 = CARTESIAN_POINT('',(4.470884938876,7.779378878011E-03));
#3799 = CARTESIAN_POINT('',(4.470450685599,7.555741228525E-03));
#3800 = CARTESIAN_POINT('',(4.470164975003,7.400009160202E-03));
#3801 = CARTESIAN_POINT('',(4.470023129346,7.320508075688E-03));
#3802 = ( GEOMETRIC_REPRESENTATION_CONTEXT(2) 
PARAMETRIC_REPRESENTATION_CONTEXT() REPRESENTATION_CONTEXT('2D SPACE',''
  ) );
#3803 = PCURVE('',#3027,#3804);
#3804 = DEFINITIONAL_REPRESENTATION('',(#3805),#3831);
#3805 = B_SPLINE_CURVE_WITH_KNOTS('',3,(#3806,#3807,#3808,#3809,#3810,
    #3811,#3812,#3813,#3814,#3815,#3816,#3817,#3818,#3819,#3820,#3821,
    #3822,#3823,#3824,#3825,#3826,#3827,#3828,#3829,#3830),
  .UNSPECIFIED.,.F.,.F.,(4,1,1,1,1,1,1,1,1,1,1,1,1,1,1,1,1,1,1,1,1,1,4),
  (2.710505431214E-20,4.862795374679E-07,9.725590749357E-07,
    1.458838612404E-06,1.945118149871E-06,2.431397687339E-06,
    2.917677224807E-06,3.403956762275E-06,3.890236299743E-06,
    4.376515837211E-06,4.862795374678E-06,5.349074912146E-06,
    5.835354449614E-06,6.321633987082E-06,6.80791352455E-06,
    7.294193062018E-06,7.780472599485E-06,8.266752136953E-06,
    8.753031674421E-06,9.239311211889E-06,9.725590749357E-06,
    1.021187028682E-05,1.069814982429E-05),.QUASI_UNIFORM_KNOTS.);
#3806 = CARTESIAN_POINT('',(6.28318530718,2.680937119185E-02));
#3807 = CARTESIAN_POINT('',(6.275297959162,2.684665262306E-02));
#3808 = CARTESIAN_POINT('',(6.259509132938,2.692136715775E-02));
#3809 = CARTESIAN_POINT('',(6.235788509409,2.703380140302E-02));
#3810 = CARTESIAN_POINT('',(6.212035379531,2.714650551792E-02));
#3811 = CARTESIAN_POINT('',(6.188255070998,2.725938692874E-02));
#3812 = CARTESIAN_POINT('',(6.164453131408,2.737235306223E-02));
#3813 = CARTESIAN_POINT('',(6.140635313748,2.748531134333E-02));
#3814 = CARTESIAN_POINT('',(6.116807500512,2.759816920382E-02));
#3815 = CARTESIAN_POINT('',(6.092975651572,2.771083404994E-02));
#3816 = CARTESIAN_POINT('',(6.069145713897,2.782321338327E-02));
#3817 = CARTESIAN_POINT('',(6.04532365765,2.793521434946E-02));
#3818 = CARTESIAN_POINT('',(6.021515044402,2.804674542267E-02));
#3819 = CARTESIAN_POINT('',(5.997726342025,2.81577101189E-02));
#3820 = CARTESIAN_POINT('',(5.973959724247,2.826803045823E-02));
#3821 = CARTESIAN_POINT('',(5.950232190284,2.837755940265E-02));
#3822 = CARTESIAN_POINT('',(5.926503926641,2.84864076424E-02));
#3823 = CARTESIAN_POINT('',(5.902688755898,2.859490358418E-02));
#3824 = CARTESIAN_POINT('',(5.878865368873,2.870261889502E-02));
#3825 = CARTESIAN_POINT('',(5.85502015574,2.880954886284E-02));
#3826 = CARTESIAN_POINT('',(5.831164315913,2.891557526647E-02));
#3827 = CARTESIAN_POINT('',(5.807302390842,2.902061030019E-02));
#3828 = CARTESIAN_POINT('',(5.783440637877,2.912455800564E-02));
#3829 = CARTESIAN_POINT('',(5.767536623628,2.919306908151E-02));
#3830 = CARTESIAN_POINT('',(5.759586531581,2.922711203907E-02));
#3831 = ( GEOMETRIC_REPRESENTATION_CONTEXT(2) 
PARAMETRIC_REPRESENTATION_CONTEXT() REPRESENTATION_CONTEXT('2D SPACE',''
  ) );
#3832 = ADVANCED_FACE('',(#3833),#3377,.T.);
#3833 = FACE_BOUND('',#3834,.T.);
#3834 = EDGE_LOOP('',(#3835,#3836,#3863));
#3835 = ORIENTED_EDGE('',*,*,#3356,.F.);
#3836 = ORIENTED_EDGE('',*,*,#3837,.T.);
#3837 = EDGE_CURVE('',#3327,#3838,#3840,.T.);
#3838 = VERTEX_POINT('',#3839);
#3839 = CARTESIAN_POINT('',(0.280260541376,-0.244142135624,
    -0.244142135624));
#3840 = SURFACE_CURVE('',#3841,(#3846,#3852),.PCURVE_S1.);
#3841 = ( BOUNDED_CURVE() B_SPLINE_CURVE(3,(#3842,#3843,#3844,#3845),
.UNSPECIFIED.,.F.,.F.) B_SPLINE_CURVE_WITH_KNOTS((4,4),(4.954754831424,
4.959023940394),.PIECEWISE_BEZIER_KNOTS.) CURVE() 
GEOMETRIC_REPRESENTATION_ITEM() RATIONAL_B_SPLINE_CURVE((1.,
0.999998481226,0.999998481226,1.)) REPRESENTATION_ITEM('') );
#3842 = CARTESIAN_POINT('',(0.279227112039,-0.24,-0.24));
#3843 = CARTESIAN_POINT('',(0.279568641016,-0.24138144613,-0.24138144613
    ));
#3844 = CARTESIAN_POINT('',(0.279913117985,-0.242762160102,
    -0.242762160102));
#3845 = CARTESIAN_POINT('',(0.280260541376,-0.244142135624,
    -0.244142135624));
#3846 = PCURVE('',#3377,#3847);
#3847 = DEFINITIONAL_REPRESENTATION('',(#3848),#3851);
#3848 = B_SPLINE_CURVE_WITH_KNOTS('',1,(#3849,#3850),.UNSPECIFIED.,.F.,
  .F.,(2,2),(4.954754831424,4.959023940394),.PIECEWISE_BEZIER_KNOTS.);
#3849 = CARTESIAN_POINT('',(4.470023129346,8.604228440845E-16));
#3850 = CARTESIAN_POINT('',(4.465754020376,4.14213562373E-03));
#3851 = ( GEOMETRIC_REPRESENTATION_CONTEXT(2) 
PARAMETRIC_REPRESENTATION_CONTEXT() REPRESENTATION_CONTEXT('2D SPACE',''
  ) );
#3852 = PCURVE('',#3853,#3858);
#3853 = CYLINDRICAL_SURFACE('',#3854,1.);
#3854 = AXIS2_PLACEMENT_3D('',#3855,#3856,#3857);
#3855 = CARTESIAN_POINT('',(1.25,-0.24,8.119346691827E-16));
#3856 = DIRECTION('',(-0.,-1.,3.383061121595E-15));
#3857 = DIRECTION('',(0.,-3.383061121595E-15,-1.));
#3858 = DEFINITIONAL_REPRESENTATION('',(#3859),#3862);
#3859 = B_SPLINE_CURVE_WITH_KNOTS('',1,(#3860,#3861),.UNSPECIFIED.,.F.,
  .F.,(2,2),(4.954754831424,4.959023940394),.PIECEWISE_BEZIER_KNOTS.);
#3860 = CARTESIAN_POINT('',(4.954754831424,-8.326672684689E-16));
#3861 = CARTESIAN_POINT('',(4.959023940394,4.14213562373E-03));
#3862 = ( GEOMETRIC_REPRESENTATION_CONTEXT(2) 
PARAMETRIC_REPRESENTATION_CONTEXT() REPRESENTATION_CONTEXT('2D SPACE',''
  ) );
#3863 = ORIENTED_EDGE('',*,*,#3864,.T.);
#3864 = EDGE_CURVE('',#3838,#3357,#3865,.T.);
#3865 = SURFACE_CURVE('',#3866,(#3871,#3900),.PCURVE_S1.);
#3866 = B_SPLINE_CURVE_WITH_KNOTS('',3,(#3867,#3868,#3869,#3870),
  .UNSPECIFIED.,.F.,.F.,(4,4),(1.600470957399E-05,2.128837104461E-05),
  .PIECEWISE_BEZIER_KNOTS.);
#3867 = CARTESIAN_POINT('',(0.280260541376,-0.244142135624,
    -0.244142135624));
#3868 = CARTESIAN_POINT('',(0.280569176279,-0.245368042176,
    -0.242916229071));
#3869 = CARTESIAN_POINT('',(0.280843340227,-0.246447116698,
    -0.241512758241));
#3870 = CARTESIAN_POINT('',(0.281066273533,-0.247320508076,-0.24));
#3871 = PCURVE('',#3377,#3872);
#3872 = DEFINITIONAL_REPRESENTATION('',(#3873),#3899);
#3873 = B_SPLINE_CURVE_WITH_KNOTS('',3,(#3874,#3875,#3876,#3877,#3878,
    #3879,#3880,#3881,#3882,#3883,#3884,#3885,#3886,#3887,#3888,#3889,
    #3890,#3891,#3892,#3893,#3894,#3895,#3896,#3897,#3898),
  .UNSPECIFIED.,.F.,.F.,(4,1,1,1,1,1,1,1,1,1,1,1,1,1,1,1,1,1,1,1,1,1,4),
  (1.600470957399E-05,1.624487600448E-05,1.648504243496E-05,
    1.672520886544E-05,1.696537529592E-05,1.720554172641E-05,
    1.744570815689E-05,1.768587458737E-05,1.792604101785E-05,
    1.816620744834E-05,1.840637387882E-05,1.86465403093E-05,
    1.888670673978E-05,1.912687317027E-05,1.936703960075E-05,
    1.960720603123E-05,1.984737246172E-05,2.00875388922E-05,
    2.032770532268E-05,2.056787175316E-05,2.080803818365E-05,
    2.104820461413E-05,2.128837104461E-05),.QUASI_UNIFORM_KNOTS.);
#3874 = CARTESIAN_POINT('',(4.465754020376,4.14213562373E-03));
#3875 = CARTESIAN_POINT('',(4.465696558524,4.086412598627E-03));
#3876 = CARTESIAN_POINT('',(4.46558225798,3.974232811734E-03));
#3877 = CARTESIAN_POINT('',(4.465412711101,3.8038003944E-03));
#3878 = CARTESIAN_POINT('',(4.46524510262,3.631243713136E-03));
#3879 = CARTESIAN_POINT('',(4.465079466995,3.45660124101E-03));
#3880 = CARTESIAN_POINT('',(4.464915838686,3.279911451086E-03));
#3881 = CARTESIAN_POINT('',(4.464754252155,3.101212816432E-03));
#3882 = CARTESIAN_POINT('',(4.464594741861,2.920543810113E-03));
#3883 = CARTESIAN_POINT('',(4.464437342265,2.737942905195E-03));
#3884 = CARTESIAN_POINT('',(4.46428208783,2.553448574744E-03));
#3885 = CARTESIAN_POINT('',(4.464129013017,2.367099291826E-03));
#3886 = CARTESIAN_POINT('',(4.463978152287,2.178933529508E-03));
#3887 = CARTESIAN_POINT('',(4.463829540103,1.988989760855E-03));
#3888 = CARTESIAN_POINT('',(4.463683210928,1.797306458933E-03));
#3889 = CARTESIAN_POINT('',(4.463539199225,1.603922096808E-03));
#3890 = CARTESIAN_POINT('',(4.463397539456,1.408875147547E-03));
#3891 = CARTESIAN_POINT('',(4.463258266085,1.212204084215E-03));
#3892 = CARTESIAN_POINT('',(4.463121413576,1.013947379878E-03));
#3893 = CARTESIAN_POINT('',(4.462987016393,8.141435076027E-04));
#3894 = CARTESIAN_POINT('',(4.462855109,6.128309404545E-04));
#3895 = CARTESIAN_POINT('',(4.462725725862,4.100481515E-04));
#3896 = CARTESIAN_POINT('',(4.462598901443,2.058336138046E-04));
#3897 = CARTESIAN_POINT('',(4.46251608062,6.876173822467E-05));
#3898 = CARTESIAN_POINT('',(4.46247510815,0.));
#3899 = ( GEOMETRIC_REPRESENTATION_CONTEXT(2) 
PARAMETRIC_REPRESENTATION_CONTEXT() REPRESENTATION_CONTEXT('2D SPACE',''
  ) );
#3900 = PCURVE('',#3027,#3901);
#3901 = DEFINITIONAL_REPRESENTATION('',(#3902),#3928);
#3902 = B_SPLINE_CURVE_WITH_KNOTS('',3,(#3903,#3904,#3905,#3906,#3907,
    #3908,#3909,#3910,#3911,#3912,#3913,#3914,#3915,#3916,#3917,#3918,
    #3919,#3920,#3921,#3922,#3923,#3924,#3925,#3926,#3927),
  .UNSPECIFIED.,.F.,.F.,(4,1,1,1,1,1,1,1,1,1,1,1,1,1,1,1,1,1,1,1,1,1,4),
  (1.600470957399E-05,1.624487600448E-05,1.648504243496E-05,
    1.672520886544E-05,1.696537529592E-05,1.720554172641E-05,
    1.744570815689E-05,1.768587458737E-05,1.792604101785E-05,
    1.816620744834E-05,1.840637387882E-05,1.86465403093E-05,
    1.888670673978E-05,1.912687317027E-05,1.936703960075E-05,
    1.960720603123E-05,1.984737246172E-05,2.00875388922E-05,
    2.032770532268E-05,2.056787175316E-05,2.080803818365E-05,
    2.104820461413E-05,2.128837104461E-05),.QUASI_UNIFORM_KNOTS.);
#3903 = CARTESIAN_POINT('',(5.497787143782,3.026054137563E-02));
#3904 = CARTESIAN_POINT('',(5.493846932352,3.027457023486E-02));
#3905 = CARTESIAN_POINT('',(5.485962014014,3.030248551135E-02));
#3906 = CARTESIAN_POINT('',(5.474121973161,3.034392165635E-02));
#3907 = CARTESIAN_POINT('',(5.462270085643,3.038491158776E-02));
#3908 = CARTESIAN_POINT('',(5.450407190571,3.042544586173E-02));
#3909 = CARTESIAN_POINT('',(5.438534139132,3.046551503441E-02));
#3910 = CARTESIAN_POINT('',(5.426651794709,3.050510966195E-02));
#3911 = CARTESIAN_POINT('',(5.41476103016,3.05442203005E-02));
#3912 = CARTESIAN_POINT('',(5.402862725836,3.058283750621E-02));
#3913 = CARTESIAN_POINT('',(5.390957767381,3.062095183523E-02));
#3914 = CARTESIAN_POINT('',(5.379047043572,3.06585538437E-02));
#3915 = CARTESIAN_POINT('',(5.367131444136,3.069563408778E-02));
#3916 = CARTESIAN_POINT('',(5.355211857562,3.073218312362E-02));
#3917 = CARTESIAN_POINT('',(5.343289168912,3.076819150736E-02));
#3918 = CARTESIAN_POINT('',(5.331364257631,3.080364979516E-02));
#3919 = CARTESIAN_POINT('',(5.319437995361,3.083854854316E-02));
#3920 = CARTESIAN_POINT('',(5.307511243756,3.087287830752E-02));
#3921 = CARTESIAN_POINT('',(5.295584852328,3.090662964438E-02));
#3922 = CARTESIAN_POINT('',(5.283659656228,3.093979310989E-02));
#3923 = CARTESIAN_POINT('',(5.271736474329,3.09723592602E-02));
#3924 = CARTESIAN_POINT('',(5.259816106271,3.100431865147E-02));
#3925 = CARTESIAN_POINT('',(5.247899333449,3.103566183984E-02));
#3926 = CARTESIAN_POINT('',(5.239957714757,3.105614020092E-02));
#3927 = CARTESIAN_POINT('',(5.235987755983,3.106627353302E-02));
#3928 = ( GEOMETRIC_REPRESENTATION_CONTEXT(2) 
PARAMETRIC_REPRESENTATION_CONTEXT() REPRESENTATION_CONTEXT('2D SPACE',''
  ) );
#3929 = ADVANCED_FACE('',(#3930),#3748,.T.);
#3930 = FACE_BOUND('',#3931,.T.);
#3931 = EDGE_LOOP('',(#3932,#3933,#3956,#3984));
#3932 = ORIENTED_EDGE('',*,*,#3731,.F.);
#3933 = ORIENTED_EDGE('',*,*,#3934,.T.);
#3934 = EDGE_CURVE('',#3661,#3935,#3937,.T.);
#3935 = VERTEX_POINT('',#3936);
#3936 = CARTESIAN_POINT('',(0.48,0.23,-0.25));
#3937 = SURFACE_CURVE('',#3938,(#3942,#3949),.PCURVE_S1.);
#3938 = LINE('',#3939,#3940);
#3939 = CARTESIAN_POINT('',(0.25,0.23,-0.25));
#3940 = VECTOR('',#3941,1.);
#3941 = DIRECTION('',(1.,0.,0.));
#3942 = PCURVE('',#3748,#3943);
#3943 = DEFINITIONAL_REPRESENTATION('',(#3944),#3948);
#3944 = LINE('',#3945,#3946);
#3945 = CARTESIAN_POINT('',(-2.E-02,0.));
#3946 = VECTOR('',#3947,1.);
#3947 = DIRECTION('',(0.,1.));
#3948 = ( GEOMETRIC_REPRESENTATION_CONTEXT(2) 
PARAMETRIC_REPRESENTATION_CONTEXT() REPRESENTATION_CONTEXT('2D SPACE',''
  ) );
#3949 = PCURVE('',#3311,#3950);
#3950 = DEFINITIONAL_REPRESENTATION('',(#3951),#3955);
#3951 = LINE('',#3952,#3953);
#3952 = CARTESIAN_POINT('',(0.,0.));
#3953 = VECTOR('',#3954,1.);
#3954 = DIRECTION('',(0.,1.));
#3955 = ( GEOMETRIC_REPRESENTATION_CONTEXT(2) 
PARAMETRIC_REPRESENTATION_CONTEXT() REPRESENTATION_CONTEXT('2D SPACE',''
  ) );
#3956 = ORIENTED_EDGE('',*,*,#3957,.T.);
#3957 = EDGE_CURVE('',#3935,#3958,#3960,.T.);
#3958 = VERTEX_POINT('',#3959);
#3959 = CARTESIAN_POINT('',(0.48,-0.23,-0.25));
#3960 = SURFACE_CURVE('',#3961,(#3965,#3972),.PCURVE_S1.);
#3961 = LINE('',#3962,#3963);
#3962 = CARTESIAN_POINT('',(0.48,0.25,-0.25));
#3963 = VECTOR('',#3964,1.);
#3964 = DIRECTION('',(-0.,-1.,-1.084202172486E-16));
#3965 = PCURVE('',#3748,#3966);
#3966 = DEFINITIONAL_REPRESENTATION('',(#3967),#3971);
#3967 = LINE('',#3968,#3969);
#3968 = CARTESIAN_POINT('',(0.,0.23));
#3969 = VECTOR('',#3970,1.);
#3970 = DIRECTION('',(-1.,0.));
#3971 = ( GEOMETRIC_REPRESENTATION_CONTEXT(2) 
PARAMETRIC_REPRESENTATION_CONTEXT() REPRESENTATION_CONTEXT('2D SPACE',''
  ) );
#3972 = PCURVE('',#3973,#3978);
#3973 = CYLINDRICAL_SURFACE('',#3974,2.E-02);
#3974 = AXIS2_PLACEMENT_3D('',#3975,#3976,#3977);
#3975 = CARTESIAN_POINT('',(0.48,2.493664996717E-17,-0.23));
#3976 = DIRECTION('',(-0.,1.,1.084202172486E-16));
#3977 = DIRECTION('',(0.,-1.084202172486E-16,1.));
#3978 = DEFINITIONAL_REPRESENTATION('',(#3979),#3983);
#3979 = LINE('',#3980,#3981);
#3980 = CARTESIAN_POINT('',(3.14159265359,0.25));
#3981 = VECTOR('',#3982,1.);
#3982 = DIRECTION('',(0.,-1.));
#3983 = ( GEOMETRIC_REPRESENTATION_CONTEXT(2) 
PARAMETRIC_REPRESENTATION_CONTEXT() REPRESENTATION_CONTEXT('2D SPACE',''
  ) );
#3984 = ORIENTED_EDGE('',*,*,#3985,.T.);
#3985 = EDGE_CURVE('',#3958,#3732,#3986,.T.);
#3986 = SURFACE_CURVE('',#3987,(#3991,#3998),.PCURVE_S1.);
#3987 = LINE('',#3988,#3989);
#3988 = CARTESIAN_POINT('',(0.25,-0.23,-0.25));
#3989 = VECTOR('',#3990,1.);
#3990 = DIRECTION('',(-1.,-0.,-0.));
#3991 = PCURVE('',#3748,#3992);
#3992 = DEFINITIONAL_REPRESENTATION('',(#3993),#3997);
#3993 = LINE('',#3994,#3995);
#3994 = CARTESIAN_POINT('',(-0.48,0.));
#3995 = VECTOR('',#3996,1.);
#3996 = DIRECTION('',(0.,-1.));
#3997 = ( GEOMETRIC_REPRESENTATION_CONTEXT(2) 
PARAMETRIC_REPRESENTATION_CONTEXT() REPRESENTATION_CONTEXT('2D SPACE',''
  ) );
#3998 = PCURVE('',#3027,#3999);
#3999 = DEFINITIONAL_REPRESENTATION('',(#4000),#4004);
#4000 = LINE('',#4001,#4002);
#4001 = CARTESIAN_POINT('',(6.28318530718,0.));
#4002 = VECTOR('',#4003,1.);
#4003 = DIRECTION('',(0.,-1.));
#4004 = ( GEOMETRIC_REPRESENTATION_CONTEXT(2) 
PARAMETRIC_REPRESENTATION_CONTEXT() REPRESENTATION_CONTEXT('2D SPACE',''
  ) );
#4005 = ADVANCED_FACE('',(#4006),#4020,.T.);
#4006 = FACE_BOUND('',#4007,.T.);
#4007 = EDGE_LOOP('',(#4008,#4038,#4061,#4084));
#4008 = ORIENTED_EDGE('',*,*,#4009,.T.);
#4009 = EDGE_CURVE('',#4010,#4012,#4014,.T.);
#4010 = VERTEX_POINT('',#4011);
#4011 = CARTESIAN_POINT('',(0.5,0.23,0.23));
#4012 = VERTEX_POINT('',#4013);
#4013 = CARTESIAN_POINT('',(0.5,-0.23,0.23));
#4014 = SURFACE_CURVE('',#4015,(#4019,#4031),.PCURVE_S1.);
#4015 = LINE('',#4016,#4017);
#4016 = CARTESIAN_POINT('',(0.5,-2.493664996717E-17,0.23));
#4017 = VECTOR('',#4018,1.);
#4018 = DIRECTION('',(0.,-1.,-1.084202172486E-16));
#4019 = PCURVE('',#4020,#4025);
#4020 = PLANE('',#4021);
#4021 = AXIS2_PLACEMENT_3D('',#4022,#4023,#4024);
#4022 = CARTESIAN_POINT('',(0.5,0.,0.));
#4023 = DIRECTION('',(1.,0.,0.));
#4024 = DIRECTION('',(0.,0.,-1.));
#4025 = DEFINITIONAL_REPRESENTATION('',(#4026),#4030);
#4026 = LINE('',#4027,#4028);
#4027 = CARTESIAN_POINT('',(-0.23,-2.493664996717E-17));
#4028 = VECTOR('',#4029,1.);
#4029 = DIRECTION('',(1.084202172486E-16,-1.));
#4030 = ( GEOMETRIC_REPRESENTATION_CONTEXT(2) 
PARAMETRIC_REPRESENTATION_CONTEXT() REPRESENTATION_CONTEXT('2D SPACE',''
  ) );
#4031 = PCURVE('',#3170,#4032);
#4032 = DEFINITIONAL_REPRESENTATION('',(#4033),#4037);
#4033 = LINE('',#4034,#4035);
#4034 = CARTESIAN_POINT('',(1.570796326795,0.));
#4035 = VECTOR('',#4036,1.);
#4036 = DIRECTION('',(0.,1.));
#4037 = ( GEOMETRIC_REPRESENTATION_CONTEXT(2) 
PARAMETRIC_REPRESENTATION_CONTEXT() REPRESENTATION_CONTEXT('2D SPACE',''
  ) );
#4038 = ORIENTED_EDGE('',*,*,#4039,.T.);
#4039 = EDGE_CURVE('',#4012,#4040,#4042,.T.);
#4040 = VERTEX_POINT('',#4041);
#4041 = CARTESIAN_POINT('',(0.5,-0.23,-0.23));
#4042 = SURFACE_CURVE('',#4043,(#4047,#4054),.PCURVE_S1.);
#4043 = LINE('',#4044,#4045);
#4044 = CARTESIAN_POINT('',(0.5,-0.23,0.));
#4045 = VECTOR('',#4046,1.);
#4046 = DIRECTION('',(0.,0.,-1.));
#4047 = PCURVE('',#4020,#4048);
#4048 = DEFINITIONAL_REPRESENTATION('',(#4049),#4053);
#4049 = LINE('',#4050,#4051);
#4050 = CARTESIAN_POINT('',(0.,-0.23));
#4051 = VECTOR('',#4052,1.);
#4052 = DIRECTION('',(1.,0.));
#4053 = ( GEOMETRIC_REPRESENTATION_CONTEXT(2) 
PARAMETRIC_REPRESENTATION_CONTEXT() REPRESENTATION_CONTEXT('2D SPACE',''
  ) );
#4054 = PCURVE('',#3055,#4055);
#4055 = DEFINITIONAL_REPRESENTATION('',(#4056),#4060);
#4056 = LINE('',#4057,#4058);
#4057 = CARTESIAN_POINT('',(3.14159265359,0.));
#4058 = VECTOR('',#4059,1.);
#4059 = DIRECTION('',(0.,1.));
#4060 = ( GEOMETRIC_REPRESENTATION_CONTEXT(2) 
PARAMETRIC_REPRESENTATION_CONTEXT() REPRESENTATION_CONTEXT('2D SPACE',''
  ) );
#4061 = ORIENTED_EDGE('',*,*,#4062,.T.);
#4062 = EDGE_CURVE('',#4040,#4063,#4065,.T.);
#4063 = VERTEX_POINT('',#4064);
#4064 = CARTESIAN_POINT('',(0.5,0.23,-0.23));
#4065 = SURFACE_CURVE('',#4066,(#4070,#4077),.PCURVE_S1.);
#4066 = LINE('',#4067,#4068);
#4067 = CARTESIAN_POINT('',(0.5,2.493664996717E-17,-0.23));
#4068 = VECTOR('',#4069,1.);
#4069 = DIRECTION('',(-0.,1.,1.084202172486E-16));
#4070 = PCURVE('',#4020,#4071);
#4071 = DEFINITIONAL_REPRESENTATION('',(#4072),#4076);
#4072 = LINE('',#4073,#4074);
#4073 = CARTESIAN_POINT('',(0.23,2.493664996717E-17));
#4074 = VECTOR('',#4075,1.);
#4075 = DIRECTION('',(-1.084202172486E-16,1.));
#4076 = ( GEOMETRIC_REPRESENTATION_CONTEXT(2) 
PARAMETRIC_REPRESENTATION_CONTEXT() REPRESENTATION_CONTEXT('2D SPACE',''
  ) );
#4077 = PCURVE('',#3973,#4078);
#4078 = DEFINITIONAL_REPRESENTATION('',(#4079),#4083);
#4079 = LINE('',#4080,#4081);
#4080 = CARTESIAN_POINT('',(1.570796326795,0.));
#4081 = VECTOR('',#4082,1.);
#4082 = DIRECTION('',(0.,1.));
#4083 = ( GEOMETRIC_REPRESENTATION_CONTEXT(2) 
PARAMETRIC_REPRESENTATION_CONTEXT() REPRESENTATION_CONTEXT('2D SPACE',''
  ) );
#4084 = ORIENTED_EDGE('',*,*,#4085,.T.);
#4085 = EDGE_CURVE('',#4063,#4010,#4086,.T.);
#4086 = SURFACE_CURVE('',#4087,(#4091,#4098),.PCURVE_S1.);
#4087 = LINE('',#4088,#4089);
#4088 = CARTESIAN_POINT('',(0.5,0.23,0.));
#4089 = VECTOR('',#4090,1.);
#4090 = DIRECTION('',(0.,-0.,1.));
#4091 = PCURVE('',#4020,#4092);
#4092 = DEFINITIONAL_REPRESENTATION('',(#4093),#4097);
#4093 = LINE('',#4094,#4095);
#4094 = CARTESIAN_POINT('',(0.,0.23));
#4095 = VECTOR('',#4096,1.);
#4096 = DIRECTION('',(-1.,0.));
#4097 = ( GEOMETRIC_REPRESENTATION_CONTEXT(2) 
PARAMETRIC_REPRESENTATION_CONTEXT() REPRESENTATION_CONTEXT('2D SPACE',''
  ) );
#4098 = PCURVE('',#3285,#4099);
#4099 = DEFINITIONAL_REPRESENTATION('',(#4100),#4104);
#4100 = LINE('',#4101,#4102);
#4101 = CARTESIAN_POINT('',(0.,0.));
#4102 = VECTOR('',#4103,1.);
#4103 = DIRECTION('',(0.,1.));
#4104 = ( GEOMETRIC_REPRESENTATION_CONTEXT(2) 
PARAMETRIC_REPRESENTATION_CONTEXT() REPRESENTATION_CONTEXT('2D SPACE',''
  ) );
#4105 = ADVANCED_FACE('',(#4106),#4118,.T.);
#4106 = FACE_BOUND('',#4107,.T.);
#4107 = EDGE_LOOP('',(#4108,#4136,#4159));
#4108 = ORIENTED_EDGE('',*,*,#4109,.F.);
#4109 = EDGE_CURVE('',#4110,#3611,#4112,.T.);
#4110 = VERTEX_POINT('',#4111);
#4111 = CARTESIAN_POINT('',(0.279227112039,0.247320508076,-0.24));
#4112 = SURFACE_CURVE('',#4113,(#4117,#4129),.PCURVE_S1.);
#4113 = LINE('',#4114,#4115);
#4114 = CARTESIAN_POINT('',(0.279227112039,0.24,-0.24));
#4115 = VECTOR('',#4116,1.);
#4116 = DIRECTION('',(0.,-1.,1.036602379928E-14));
#4117 = PCURVE('',#4118,#4123);
#4118 = PLANE('',#4119);
#4119 = AXIS2_PLACEMENT_3D('',#4120,#4121,#4122);
#4120 = CARTESIAN_POINT('',(-0.4,0.24,-0.24));
#4121 = DIRECTION('',(0.,1.129377263006E-16,-1.));
#4122 = DIRECTION('',(0.,1.,1.129377263006E-16));
#4123 = DEFINITIONAL_REPRESENTATION('',(#4124),#4128);
#4124 = LINE('',#4125,#4126);
#4125 = CARTESIAN_POINT('',(1.110223024625E-16,0.679227112039));
#4126 = VECTOR('',#4127,1.);
#4127 = DIRECTION('',(-1.,0.));
#4128 = ( GEOMETRIC_REPRESENTATION_CONTEXT(2) 
PARAMETRIC_REPRESENTATION_CONTEXT() REPRESENTATION_CONTEXT('2D SPACE',''
  ) );
#4129 = PCURVE('',#67,#4130);
#4130 = DEFINITIONAL_REPRESENTATION('',(#4131),#4135);
#4131 = LINE('',#4132,#4133);
#4132 = CARTESIAN_POINT('',(4.470023129346,2.525757381022E-15));
#4133 = VECTOR('',#4134,1.);
#4134 = DIRECTION('',(0.,-1.));
#4135 = ( GEOMETRIC_REPRESENTATION_CONTEXT(2) 
PARAMETRIC_REPRESENTATION_CONTEXT() REPRESENTATION_CONTEXT('2D SPACE',''
  ) );
#4136 = ORIENTED_EDGE('',*,*,#4137,.F.);
#4137 = EDGE_CURVE('',#4138,#4110,#4140,.T.);
#4138 = VERTEX_POINT('',#4139);
#4139 = CARTESIAN_POINT('',(0.281066273533,0.247320508076,-0.24));
#4140 = SURFACE_CURVE('',#4141,(#4145,#4152),.PCURVE_S1.);
#4141 = LINE('',#4142,#4143);
#4142 = CARTESIAN_POINT('',(0.25,0.247320508076,-0.24));
#4143 = VECTOR('',#4144,1.);
#4144 = DIRECTION('',(-1.,-0.,-0.));
#4145 = PCURVE('',#4118,#4146);
#4146 = DEFINITIONAL_REPRESENTATION('',(#4147),#4151);
#4147 = LINE('',#4148,#4149);
#4148 = CARTESIAN_POINT('',(7.320508075689E-03,0.65));
#4149 = VECTOR('',#4150,1.);
#4150 = DIRECTION('',(0.,-1.));
#4151 = ( GEOMETRIC_REPRESENTATION_CONTEXT(2) 
PARAMETRIC_REPRESENTATION_CONTEXT() REPRESENTATION_CONTEXT('2D SPACE',''
  ) );
#4152 = PCURVE('',#3311,#4153);
#4153 = DEFINITIONAL_REPRESENTATION('',(#4154),#4158);
#4154 = LINE('',#4155,#4156);
#4155 = CARTESIAN_POINT('',(1.047197551197,0.));
#4156 = VECTOR('',#4157,1.);
#4157 = DIRECTION('',(0.,-1.));
#4158 = ( GEOMETRIC_REPRESENTATION_CONTEXT(2) 
PARAMETRIC_REPRESENTATION_CONTEXT() REPRESENTATION_CONTEXT('2D SPACE',''
  ) );
#4159 = ORIENTED_EDGE('',*,*,#4160,.T.);
#4160 = EDGE_CURVE('',#4138,#3611,#4161,.T.);
#4161 = SURFACE_CURVE('',#4162,(#4167,#4178),.PCURVE_S1.);
#4162 = CIRCLE('',#4163,1.);
#4163 = AXIS2_PLACEMENT_3D('',#4164,#4165,#4166);
#4164 = CARTESIAN_POINT('',(1.25,2.602085213965E-17,-0.24));
#4165 = DIRECTION('',(0.,-1.084202172486E-16,1.));
#4166 = DIRECTION('',(0.,1.,1.084202172486E-16));
#4167 = PCURVE('',#4118,#4168);
#4168 = DEFINITIONAL_REPRESENTATION('',(#4169),#4177);
#4169 = ( BOUNDED_CURVE() B_SPLINE_CURVE(2,(#4170,#4171,#4172,#4173,
#4174,#4175,#4176),.UNSPECIFIED.,.T.,.F.) B_SPLINE_CURVE_WITH_KNOTS((1,2
    ,2,2,2,1),(-2.094395102393,0.,2.094395102393,4.188790204786,
6.28318530718,8.377580409573),.UNSPECIFIED.) CURVE() 
GEOMETRIC_REPRESENTATION_ITEM() RATIONAL_B_SPLINE_CURVE((1.,0.5,1.,0.5,
1.,0.5,1.)) REPRESENTATION_ITEM('') );
#4170 = CARTESIAN_POINT('',(0.76,1.65));
#4171 = CARTESIAN_POINT('',(0.76,-8.205080756888E-02));
#4172 = CARTESIAN_POINT('',(-0.74,0.783974596216));
#4173 = CARTESIAN_POINT('',(-2.24,1.65));
#4174 = CARTESIAN_POINT('',(-0.74,2.516025403784));
#4175 = CARTESIAN_POINT('',(0.76,3.382050807569));
#4176 = CARTESIAN_POINT('',(0.76,1.65));
#4177 = ( GEOMETRIC_REPRESENTATION_CONTEXT(2) 
PARAMETRIC_REPRESENTATION_CONTEXT() REPRESENTATION_CONTEXT('2D SPACE',''
  ) );
#4178 = PCURVE('',#4179,#4184);
#4179 = CYLINDRICAL_SURFACE('',#4180,1.);
#4180 = AXIS2_PLACEMENT_3D('',#4181,#4182,#4183);
#4181 = CARTESIAN_POINT('',(1.25,2.602085213965E-17,-0.24));
#4182 = DIRECTION('',(-0.,1.084202172486E-16,-1.));
#4183 = DIRECTION('',(0.,1.,1.084202172486E-16));
#4184 = DEFINITIONAL_REPRESENTATION('',(#4185),#4189);
#4185 = LINE('',#4186,#4187);
#4186 = CARTESIAN_POINT('',(6.28318530718,0.));
#4187 = VECTOR('',#4188,1.);
#4188 = DIRECTION('',(-1.,0.));
#4189 = ( GEOMETRIC_REPRESENTATION_CONTEXT(2) 
PARAMETRIC_REPRESENTATION_CONTEXT() REPRESENTATION_CONTEXT('2D SPACE',''
  ) );
#4190 = ADVANCED_FACE('',(#4191),#3196,.T.);
#4191 = FACE_BOUND('',#4192,.T.);
#4192 = EDGE_LOOP('',(#4193,#4264,#4265,#4314,#4315,#4389,#4417,#4493,
    #4569));
#4193 = ORIENTED_EDGE('',*,*,#4194,.F.);
#4194 = EDGE_CURVE('',#3099,#4195,#4197,.T.);
#4195 = VERTEX_POINT('',#4196);
#4196 = CARTESIAN_POINT('',(0.279227112039,0.24,0.247320508076));
#4197 = SURFACE_CURVE('',#4198,(#4206,#4235),.PCURVE_S1.);
#4198 = B_SPLINE_CURVE_WITH_KNOTS('',3,(#4199,#4200,#4201,#4202,#4203,
    #4204,#4205),.UNSPECIFIED.,.F.,.F.,(4,3,4),(6.331307020723E-05,
    6.810566160699E-05,7.402224657649E-05),.UNSPECIFIED.);
#4199 = CARTESIAN_POINT('',(0.276809371192,0.23,0.25));
#4200 = CARTESIAN_POINT('',(0.277177385079,0.231557163766,0.25));
#4201 = CARTESIAN_POINT('',(0.277551588018,0.233123391585,0.249815924235
    ));
#4202 = CARTESIAN_POINT('',(0.277917328668,0.234638615953,0.249454645803
    ));
#4203 = CARTESIAN_POINT('',(0.27836818655,0.236506471899,0.249009288613)
  );
#4204 = CARTESIAN_POINT('',(0.278814165025,0.238329675977,0.2482848701)
  );
#4205 = CARTESIAN_POINT('',(0.279227112039,0.24,0.247320508076));
#4206 = PCURVE('',#3196,#4207);
#4207 = DEFINITIONAL_REPRESENTATION('',(#4208),#4234);
#4208 = B_SPLINE_CURVE_WITH_KNOTS('',3,(#4209,#4210,#4211,#4212,#4213,
    #4214,#4215,#4216,#4217,#4218,#4219,#4220,#4221,#4222,#4223,#4224,
    #4225,#4226,#4227,#4228,#4229,#4230,#4231,#4232,#4233),
  .UNSPECIFIED.,.F.,.F.,(4,1,1,1,1,1,1,1,1,1,1,1,1,1,1,1,1,1,1,1,1,1,4),
  (6.331307020723E-05,6.379985095129E-05,6.428663169534E-05,
    6.47734124394E-05,6.526019318346E-05,6.574697392752E-05,
    6.623375467157E-05,6.672053541563E-05,6.720731615969E-05,
    6.769409690375E-05,6.81808776478E-05,6.866765839186E-05,
    6.915443913592E-05,6.964121987998E-05,7.012800062403E-05,
    7.061478136809E-05,7.110156211215E-05,7.158834285621E-05,
    7.207512360026E-05,7.256190434432E-05,7.304868508838E-05,
    7.353546583244E-05,7.402224657649E-05),.QUASI_UNIFORM_KNOTS.);
#4209 = CARTESIAN_POINT('',(3.14159265359,2.680937119185E-02));
#4210 = CARTESIAN_POINT('',(3.133684661232,2.684675015008E-02));
#4211 = CARTESIAN_POINT('',(3.117859252236,2.692163576354E-02));
#4212 = CARTESIAN_POINT('',(3.094098299226,2.703425516082E-02));
#4213 = CARTESIAN_POINT('',(3.070319863561,2.714707342778E-02));
#4214 = CARTESIAN_POINT('',(3.046529569728,2.725999843423E-02));
#4215 = CARTESIAN_POINT('',(3.02273311849,2.737293813464E-02));
#4216 = CARTESIAN_POINT('',(2.998936339215,2.748580016767E-02));
#4217 = CARTESIAN_POINT('',(2.975144799263,2.759849335044E-02));
#4218 = CARTESIAN_POINT('',(2.951364939651,2.771092210218E-02));
#4219 = CARTESIAN_POINT('',(2.927599548733,2.782300725511E-02));
#4220 = CARTESIAN_POINT('',(2.903864359629,2.793460838739E-02));
#4221 = CARTESIAN_POINT('',(2.880152944807,2.804568621206E-02));
#4222 = CARTESIAN_POINT('',(2.856386555777,2.815654048483E-02));
#4223 = CARTESIAN_POINT('',(2.832593234976,2.826697161121E-02));
#4224 = CARTESIAN_POINT('',(2.808772703972,2.837691379721E-02));
#4225 = CARTESIAN_POINT('',(2.784932488145,2.848626539711E-02));
#4226 = CARTESIAN_POINT('',(2.761078157323,2.859493437163E-02));
#4227 = CARTESIAN_POINT('',(2.737215860364,2.870282610744E-02));
#4228 = CARTESIAN_POINT('',(2.713351564162,2.880984668094E-02));
#4229 = CARTESIAN_POINT('',(2.689491179229,2.89159019837E-02));
#4230 = CARTESIAN_POINT('',(2.665640434787,2.902089795682E-02));
#4231 = CARTESIAN_POINT('',(2.641804871564,2.912474052815E-02));
#4232 = CARTESIAN_POINT('',(2.625928036205,2.91931372621E-02));
#4233 = CARTESIAN_POINT('',(2.617993877991,2.922711203907E-02));
#4234 = ( GEOMETRIC_REPRESENTATION_CONTEXT(2) 
PARAMETRIC_REPRESENTATION_CONTEXT() REPRESENTATION_CONTEXT('2D SPACE',''
  ) );
#4235 = PCURVE('',#2940,#4236);
#4236 = DEFINITIONAL_REPRESENTATION('',(#4237),#4263);
#4237 = B_SPLINE_CURVE_WITH_KNOTS('',3,(#4238,#4239,#4240,#4241,#4242,
    #4243,#4244,#4245,#4246,#4247,#4248,#4249,#4250,#4251,#4252,#4253,
    #4254,#4255,#4256,#4257,#4258,#4259,#4260,#4261,#4262),
  .UNSPECIFIED.,.F.,.F.,(4,1,1,1,1,1,1,1,1,1,1,1,1,1,1,1,1,1,1,1,1,1,4),
  (6.331307020723E-05,6.379985095129E-05,6.428663169534E-05,
    6.47734124394E-05,6.526019318346E-05,6.574697392752E-05,
    6.623375467157E-05,6.672053541563E-05,6.720731615969E-05,
    6.769409690375E-05,6.81808776478E-05,6.866765839186E-05,
    6.915443913592E-05,6.964121987998E-05,7.012800062403E-05,
    7.061478136809E-05,7.110156211215E-05,7.158834285621E-05,
    7.207512360026E-05,7.256190434432E-05,7.304868508838E-05,
    7.353546583244E-05,7.402224657649E-05),.QUASI_UNIFORM_KNOTS.);
#4238 = CARTESIAN_POINT('',(4.480311297522,1.E-02));
#4239 = CARTESIAN_POINT('',(4.480148780313,1.E-02));
#4240 = CARTESIAN_POINT('',(4.479823534519,9.996202020589E-03));
#4241 = CARTESIAN_POINT('',(4.479335420299,9.979154325938E-03));
#4242 = CARTESIAN_POINT('',(4.478847449113,9.950799111049E-03));
#4243 = CARTESIAN_POINT('',(4.478360009629,9.911179607134E-03));
#4244 = CARTESIAN_POINT('',(4.477873490157,9.860338949137E-03));
#4245 = CARTESIAN_POINT('',(4.477388280355,9.798320631161E-03));
#4246 = CARTESIAN_POINT('',(4.47690476487,9.725166806941E-03));
#4247 = CARTESIAN_POINT('',(4.47642334705,9.640924632531E-03));
#4248 = CARTESIAN_POINT('',(4.475944360454,9.545622595063E-03));
#4249 = CARTESIAN_POINT('',(4.475468399092,9.439358855052E-03));
#4250 = CARTESIAN_POINT('',(4.474995628514,9.322094651703E-03));
#4251 = CARTESIAN_POINT('',(4.474524743829,9.193563653704E-03));
#4252 = CARTESIAN_POINT('',(4.474056568278,9.05400295942E-03));
#4253 = CARTESIAN_POINT('',(4.47359135488,8.903514773641E-03));
#4254 = CARTESIAN_POINT('',(4.473129509457,8.742237445782E-03));
#4255 = CARTESIAN_POINT('',(4.472671396894,8.570299640335E-03));
#4256 = CARTESIAN_POINT('',(4.472217393052,8.387832616858E-03));
#4257 = CARTESIAN_POINT('',(4.471767870858,8.194966939564E-03));
#4258 = CARTESIAN_POINT('',(4.471323204031,7.991833358983E-03));
#4259 = CARTESIAN_POINT('',(4.470883766082,7.778562575722E-03));
#4260 = CARTESIAN_POINT('',(4.47044993058,7.555285303767E-03));
#4261 = CARTESIAN_POINT('',(4.470164690917,7.399849936924E-03));
#4262 = CARTESIAN_POINT('',(4.470023129346,7.320508075687E-03));
#4263 = ( GEOMETRIC_REPRESENTATION_CONTEXT(2) 
PARAMETRIC_REPRESENTATION_CONTEXT() REPRESENTATION_CONTEXT('2D SPACE',''
  ) );
#4264 = ORIENTED_EDGE('',*,*,#3182,.F.);
#4265 = ORIENTED_EDGE('',*,*,#4266,.F.);
#4266 = EDGE_CURVE('',#3247,#3155,#4267,.T.);
#4267 = SURFACE_CURVE('',#4268,(#4273,#4280),.PCURVE_S1.);
#4268 = CIRCLE('',#4269,2.E-02);
#4269 = AXIS2_PLACEMENT_3D('',#4270,#4271,#4272);
#4270 = CARTESIAN_POINT('',(0.48,0.23,0.23));
#4271 = DIRECTION('',(1.,0.,0.));
#4272 = DIRECTION('',(0.,0.,-1.));
#4273 = PCURVE('',#3196,#4274);
#4274 = DEFINITIONAL_REPRESENTATION('',(#4275),#4279);
#4275 = LINE('',#4276,#4277);
#4276 = CARTESIAN_POINT('',(0.,0.23));
#4277 = VECTOR('',#4278,1.);
#4278 = DIRECTION('',(1.,0.));
#4279 = ( GEOMETRIC_REPRESENTATION_CONTEXT(2) 
PARAMETRIC_REPRESENTATION_CONTEXT() REPRESENTATION_CONTEXT('2D SPACE',''
  ) );
#4280 = PCURVE('',#4281,#4286);
#4281 = SPHERICAL_SURFACE('',#4282,2.E-02);
#4282 = AXIS2_PLACEMENT_3D('',#4283,#4284,#4285);
#4283 = CARTESIAN_POINT('',(0.48,0.23,0.23));
#4284 = DIRECTION('',(0.,1.,0.));
#4285 = DIRECTION('',(1.,0.,0.));
#4286 = DEFINITIONAL_REPRESENTATION('',(#4287),#4313);
#4287 = B_SPLINE_CURVE_WITH_KNOTS('',3,(#4288,#4289,#4290,#4291,#4292,
    #4293,#4294,#4295,#4296,#4297,#4298,#4299,#4300,#4301,#4302,#4303,
    #4304,#4305,#4306,#4307,#4308,#4309,#4310,#4311,#4312),
  .UNSPECIFIED.,.F.,.F.,(4,1,1,1,1,1,1,1,1,1,1,1,1,1,1,1,1,1,1,1,1,1,4),
  (1.570796326795,1.642196159831,1.713595992867,1.784995825903,
    1.856395658939,1.927795491976,1.999195325012,2.070595158048,
    2.141994991084,2.21339482412,2.284794657156,2.356194490192,
    2.427594323228,2.498994156265,2.570393989301,2.641793822337,
    2.713193655373,2.784593488409,2.855993321445,2.927393154481,
    2.998792987518,3.070192820554,3.14159265359),.QUASI_UNIFORM_KNOTS.);
#4288 = CARTESIAN_POINT('',(4.712388980385,1.570796326795));
#4289 = CARTESIAN_POINT('',(4.712388980385,1.54699638245));
#4290 = CARTESIAN_POINT('',(4.712388980385,1.499396493759));
#4291 = CARTESIAN_POINT('',(4.712388980385,1.427996660723));
#4292 = CARTESIAN_POINT('',(4.712388980385,1.356596827687));
#4293 = CARTESIAN_POINT('',(4.712388980385,1.28519699465));
#4294 = CARTESIAN_POINT('',(4.712388980385,1.213797161614));
#4295 = CARTESIAN_POINT('',(4.712388980385,1.142397328578));
#4296 = CARTESIAN_POINT('',(4.712388980385,1.070997495542));
#4297 = CARTESIAN_POINT('',(4.712388980385,0.999597662506));
#4298 = CARTESIAN_POINT('',(4.712388980385,0.92819782947));
#4299 = CARTESIAN_POINT('',(4.712388980385,0.856797996434));
#4300 = CARTESIAN_POINT('',(4.712388980385,0.785398163397));
#4301 = CARTESIAN_POINT('',(4.712388980385,0.713998330361));
#4302 = CARTESIAN_POINT('',(4.712388980385,0.642598497325));
#4303 = CARTESIAN_POINT('',(4.712388980385,0.571198664289));
#4304 = CARTESIAN_POINT('',(4.712388980385,0.499798831253));
#4305 = CARTESIAN_POINT('',(4.712388980385,0.428398998217));
#4306 = CARTESIAN_POINT('',(4.712388980385,0.356999165181));
#4307 = CARTESIAN_POINT('',(4.712388980385,0.285599332145));
#4308 = CARTESIAN_POINT('',(4.712388980385,0.214199499108));
#4309 = CARTESIAN_POINT('',(4.712388980385,0.142799666072));
#4310 = CARTESIAN_POINT('',(4.712388980385,7.139983303613E-02));
#4311 = CARTESIAN_POINT('',(4.712388980385,2.379994434538E-02));
#4312 = CARTESIAN_POINT('',(4.712388980385,0.));
#4313 = ( GEOMETRIC_REPRESENTATION_CONTEXT(2) 
PARAMETRIC_REPRESENTATION_CONTEXT() REPRESENTATION_CONTEXT('2D SPACE',''
  ) );
#4314 = ORIENTED_EDGE('',*,*,#3246,.F.);
#4315 = ORIENTED_EDGE('',*,*,#4316,.F.);
#4316 = EDGE_CURVE('',#4317,#3212,#4319,.T.);
#4317 = VERTEX_POINT('',#4318);
#4318 = CARTESIAN_POINT('',(0.279227112039,0.247320508076,0.24));
#4319 = SURFACE_CURVE('',#4320,(#4331,#4360),.PCURVE_S1.);
#4320 = B_SPLINE_CURVE_WITH_KNOTS('',3,(#4321,#4322,#4323,#4324,#4325,
    #4326,#4327,#4328,#4329,#4330),.UNSPECIFIED.,.F.,.F.,(4,3,3,4),(
    8.444605093577E-05,8.790807228044E-05,9.488733255371E-05,
    9.514204838077E-05),.UNSPECIFIED.);
#4321 = CARTESIAN_POINT('',(0.279227112039,0.247320508076,0.24));
#4322 = CARTESIAN_POINT('',(0.278984625708,0.247886790435,0.239019170182
    ));
#4323 = CARTESIAN_POINT('',(0.278731398474,0.248370078795,0.237988428651
    ));
#4324 = CARTESIAN_POINT('',(0.278473104262,0.248761259835,0.236929295064
    ));
#4325 = CARTESIAN_POINT('',(0.277954331175,0.249546930539,0.234802069698
    ));
#4326 = CARTESIAN_POINT('',(0.277404323379,0.249970007487,0.232514645781
    ));
#4327 = CARTESIAN_POINT('',(0.276868739216,0.249998424224,0.230251057077
    ));
#4328 = CARTESIAN_POINT('',(0.276848940188,0.24999947471,0.230167378621)
  );
#4329 = CARTESIAN_POINT('',(0.276829150107,0.25,0.230083689805));
#4330 = CARTESIAN_POINT('',(0.276809371192,0.25,0.23));
#4331 = PCURVE('',#3196,#4332);
#4332 = DEFINITIONAL_REPRESENTATION('',(#4333),#4359);
#4333 = B_SPLINE_CURVE_WITH_KNOTS('',3,(#4334,#4335,#4336,#4337,#4338,
    #4339,#4340,#4341,#4342,#4343,#4344,#4345,#4346,#4347,#4348,#4349,
    #4350,#4351,#4352,#4353,#4354,#4355,#4356,#4357,#4358),
  .UNSPECIFIED.,.F.,.F.,(4,1,1,1,1,1,1,1,1,1,1,1,1,1,1,1,1,1,1,1,1,1,4),
  (8.444605093577E-05,8.493223263782E-05,8.541841433986E-05,
    8.590459604191E-05,8.639077774395E-05,8.6876959446E-05,
    8.736314114804E-05,8.784932285009E-05,8.833550455213E-05,
    8.882168625418E-05,8.930786795622E-05,8.979404965827E-05,
    9.028023136031E-05,9.076641306236E-05,9.12525947644E-05,
    9.173877646645E-05,9.222495816849E-05,9.271113987054E-05,
    9.319732157259E-05,9.368350327463E-05,9.416968497668E-05,
    9.465586667872E-05,9.514204838077E-05),.QUASI_UNIFORM_KNOTS.);
#4334 = CARTESIAN_POINT('',(2.094395102393,2.922711203907E-02));
#4335 = CARTESIAN_POINT('',(2.08644265046,2.919305898E-02));
#4336 = CARTESIAN_POINT('',(2.070534271188,2.912452917768E-02));
#4337 = CARTESIAN_POINT('',(2.046667095351,2.902055800274E-02));
#4338 = CARTESIAN_POINT('',(2.022800813792,2.891550375191E-02));
#4339 = CARTESIAN_POINT('',(1.998942040999,2.88094639702E-02));
#4340 = CARTESIAN_POINT('',(1.975094069236,2.870252079034E-02));
#4341 = CARTESIAN_POINT('',(1.951272794273,2.859481384482E-02));
#4342 = CARTESIAN_POINT('',(1.92744706185,2.84862681793E-02));
#4343 = CARTESIAN_POINT('',(1.903760970744,2.837760968699E-02));
#4344 = CARTESIAN_POINT('',(1.880013681552,2.826798893461E-02));
#4345 = CARTESIAN_POINT('',(1.856247105017,2.815766875038E-02));
#4346 = CARTESIAN_POINT('',(1.832456504521,2.804669612987E-02));
#4347 = CARTESIAN_POINT('',(1.808650007327,2.793517589843E-02));
#4348 = CARTESIAN_POINT('',(1.784832584645,2.782319739502E-02));
#4349 = CARTESIAN_POINT('',(1.761010257322,2.771085407434E-02));
#4350 = CARTESIAN_POINT('',(1.737188923879,2.759823841453E-02));
#4351 = CARTESIAN_POINT('',(1.71337446893,2.748544268428E-02));
#4352 = CARTESIAN_POINT('',(1.689573125115,2.737256096652E-02));
#4353 = CARTESIAN_POINT('',(1.665789539934,2.725968029676E-02));
#4354 = CARTESIAN_POINT('',(1.642033770857,2.714691408596E-02));
#4355 = CARTESIAN_POINT('',(1.618294865781,2.703427729067E-02));
#4356 = CARTESIAN_POINT('',(1.594639179083,2.69221523096E-02));
#4357 = CARTESIAN_POINT('',(1.578775171017,2.684708425473E-02));
#4358 = CARTESIAN_POINT('',(1.570796326795,2.680937119185E-02));
#4359 = ( GEOMETRIC_REPRESENTATION_CONTEXT(2) 
PARAMETRIC_REPRESENTATION_CONTEXT() REPRESENTATION_CONTEXT('2D SPACE',''
  ) );
#4360 = PCURVE('',#67,#4361);
#4361 = DEFINITIONAL_REPRESENTATION('',(#4362),#4388);
#4362 = B_SPLINE_CURVE_WITH_KNOTS('',3,(#4363,#4364,#4365,#4366,#4367,
    #4368,#4369,#4370,#4371,#4372,#4373,#4374,#4375,#4376,#4377,#4378,
    #4379,#4380,#4381,#4382,#4383,#4384,#4385,#4386,#4387),
  .UNSPECIFIED.,.F.,.F.,(4,1,1,1,1,1,1,1,1,1,1,1,1,1,1,1,1,1,1,1,1,1,4),
  (8.444605093577E-05,8.493223263782E-05,8.541841433986E-05,
    8.590459604191E-05,8.639077774395E-05,8.6876959446E-05,
    8.736314114804E-05,8.784932285009E-05,8.833550455213E-05,
    8.882168625418E-05,8.930786795622E-05,8.979404965827E-05,
    9.028023136031E-05,9.076641306236E-05,9.12525947644E-05,
    9.173877646645E-05,9.222495816849E-05,9.271113987054E-05,
    9.319732157259E-05,9.368350327463E-05,9.416968497668E-05,
    9.465586667872E-05,9.514204838077E-05),.QUASI_UNIFORM_KNOTS.);
#4363 = CARTESIAN_POINT('',(4.954754831424,7.320508075686E-03));
#4364 = CARTESIAN_POINT('',(4.954612943677,7.400032750404E-03));
#4365 = CARTESIAN_POINT('',(4.954327155251,7.555808636887E-03));
#4366 = CARTESIAN_POINT('',(4.953892804746,7.779500165302E-03));
#4367 = CARTESIAN_POINT('',(4.953453152329,7.993069378282E-03));
#4368 = CARTESIAN_POINT('',(4.95300858137,8.196359617581E-03));
#4369 = CARTESIAN_POINT('',(4.952559410532,8.389238903107E-03));
#4370 = CARTESIAN_POINT('',(4.952106199863,8.571483186276E-03));
#4371 = CARTESIAN_POINT('',(4.951648608544,8.743212014314E-03));
#4372 = CARTESIAN_POINT('',(4.95118965779,8.9032626197E-03));
#4373 = CARTESIAN_POINT('',(4.950725725247,9.052878342911E-03));
#4374 = CARTESIAN_POINT('',(4.950257921684,9.191766513737E-03));
#4375 = CARTESIAN_POINT('',(4.949786436961,9.319923087512E-03));
#4376 = CARTESIAN_POINT('',(4.949311707685,9.437266682724E-03));
#4377 = CARTESIAN_POINT('',(4.94883410439,9.54373663971E-03));
#4378 = CARTESIAN_POINT('',(4.948354015163,9.639266748251E-03));
#4379 = CARTESIAN_POINT('',(4.947871823938,9.723792278498E-03));
#4380 = CARTESIAN_POINT('',(4.947387913712,9.797248129686E-03));
#4381 = CARTESIAN_POINT('',(4.946902675358,9.859569204337E-03));
#4382 = CARTESIAN_POINT('',(4.94641646917,9.910690762748E-03));
#4383 = CARTESIAN_POINT('',(4.94592976985,9.950546630829E-03));
#4384 = CARTESIAN_POINT('',(4.945442625017,9.979076014257E-03));
#4385 = CARTESIAN_POINT('',(4.944956676185,9.99619803403E-03));
#4386 = CARTESIAN_POINT('',(4.944630636279,1.000000385808E-02));
#4387 = CARTESIAN_POINT('',(4.944466663247,1.E-02));
#4388 = ( GEOMETRIC_REPRESENTATION_CONTEXT(2) 
PARAMETRIC_REPRESENTATION_CONTEXT() REPRESENTATION_CONTEXT('2D SPACE',''
  ) );
#4389 = ORIENTED_EDGE('',*,*,#4390,.T.);
#4390 = EDGE_CURVE('',#4317,#4391,#4393,.T.);
#4391 = VERTEX_POINT('',#4392);
#4392 = CARTESIAN_POINT('',(0.281066273533,0.247320508076,0.24));
#4393 = SURFACE_CURVE('',#4394,(#4398,#4405),.PCURVE_S1.);
#4394 = LINE('',#4395,#4396);
#4395 = CARTESIAN_POINT('',(0.25,0.247320508076,0.24));
#4396 = VECTOR('',#4397,1.);
#4397 = DIRECTION('',(1.,0.,0.));
#4398 = PCURVE('',#3196,#4399);
#4399 = DEFINITIONAL_REPRESENTATION('',(#4400),#4404);
#4400 = LINE('',#4401,#4402);
#4401 = CARTESIAN_POINT('',(2.094395102393,0.));
#4402 = VECTOR('',#4403,1.);
#4403 = DIRECTION('',(0.,1.));
#4404 = ( GEOMETRIC_REPRESENTATION_CONTEXT(2) 
PARAMETRIC_REPRESENTATION_CONTEXT() REPRESENTATION_CONTEXT('2D SPACE',''
  ) );
#4405 = PCURVE('',#4406,#4411);
#4406 = PLANE('',#4407);
#4407 = AXIS2_PLACEMENT_3D('',#4408,#4409,#4410);
#4408 = CARTESIAN_POINT('',(1.25,-2.602085213965E-17,0.24));
#4409 = DIRECTION('',(0.,-1.084202172486E-16,1.));
#4410 = DIRECTION('',(0.,-1.,-1.084202172486E-16));
#4411 = DEFINITIONAL_REPRESENTATION('',(#4412),#4416);
#4412 = LINE('',#4413,#4414);
#4413 = CARTESIAN_POINT('',(-0.247320508076,-1.));
#4414 = VECTOR('',#4415,1.);
#4415 = DIRECTION('',(0.,1.));
#4416 = ( GEOMETRIC_REPRESENTATION_CONTEXT(2) 
PARAMETRIC_REPRESENTATION_CONTEXT() REPRESENTATION_CONTEXT('2D SPACE',''
  ) );
#4417 = ORIENTED_EDGE('',*,*,#4418,.F.);
#4418 = EDGE_CURVE('',#4419,#4391,#4421,.T.);
#4419 = VERTEX_POINT('',#4420);
#4420 = CARTESIAN_POINT('',(0.280260541376,0.244142135624,0.244142135624
    ));
#4421 = SURFACE_CURVE('',#4422,(#4430,#4459),.PCURVE_S1.);
#4422 = B_SPLINE_CURVE_WITH_KNOTS('',3,(#4423,#4424,#4425,#4426,#4427,
    #4428,#4429),.UNSPECIFIED.,.F.,.F.,(4,3,4),(7.933241173103E-05,
    8.223419268728E-05,8.45987998578E-05),.UNSPECIFIED.);
#4423 = CARTESIAN_POINT('',(0.280260541376,0.244142135624,0.244142135624
    ));
#4424 = CARTESIAN_POINT('',(0.280430855006,0.244818626175,0.243465645072
    ));
#4425 = CARTESIAN_POINT('',(0.28059044131,0.245449504573,0.242737181984)
  );
#4426 = CARTESIAN_POINT('',(0.280736358526,0.246024375463,0.241967430536
    ));
#4427 = CARTESIAN_POINT('',(0.280855434991,0.246493501696,0.241339271061
    ));
#4428 = CARTESIAN_POINT('',(0.280965881621,0.246927200176,0.240681229266
    ));
#4429 = CARTESIAN_POINT('',(0.281066273533,0.247320508076,0.24));
#4430 = PCURVE('',#3196,#4431);
#4431 = DEFINITIONAL_REPRESENTATION('',(#4432),#4458);
#4432 = B_SPLINE_CURVE_WITH_KNOTS('',3,(#4433,#4434,#4435,#4436,#4437,
    #4438,#4439,#4440,#4441,#4442,#4443,#4444,#4445,#4446,#4447,#4448,
    #4449,#4450,#4451,#4452,#4453,#4454,#4455,#4456,#4457),
  .UNSPECIFIED.,.F.,.F.,(4,1,1,1,1,1,1,1,1,1,1,1,1,1,1,1,1,1,1,1,1,1,4),
  (7.933241173103E-05,7.957179300952E-05,7.981117428801E-05,
    8.00505555665E-05,8.028993684499E-05,8.052931812348E-05,
    8.076869940197E-05,8.100808068046E-05,8.124746195895E-05,
    8.148684323744E-05,8.172622451593E-05,8.196560579442E-05,
    8.220498707291E-05,8.24443683514E-05,8.268374962988E-05,
    8.292313090837E-05,8.316251218686E-05,8.340189346535E-05,
    8.364127474384E-05,8.388065602233E-05,8.412003730082E-05,
    8.435941857931E-05,8.45987998578E-05),.QUASI_UNIFORM_KNOTS.);
#4433 = CARTESIAN_POINT('',(2.356194490192,3.026054137563E-02));
#4434 = CARTESIAN_POINT('',(2.352248352536,3.02745913316E-02));
#4435 = CARTESIAN_POINT('',(2.34435301432,3.03025452369E-02));
#4436 = CARTESIAN_POINT('',(2.332501655615,3.034402816574E-02));
#4437 = CARTESIAN_POINT('',(2.32064278058,3.038505325656E-02));
#4438 = CARTESIAN_POINT('',(2.308777232245,3.042561059946E-02));
#4439 = CARTESIAN_POINT('',(2.296905854794,3.046569028818E-02));
#4440 = CARTESIAN_POINT('',(2.285029497956,3.050528240294E-02));
#4441 = CARTESIAN_POINT('',(2.273148993588,3.054437707429E-02));
#4442 = CARTESIAN_POINT('',(2.261265232206,3.058296424512E-02));
#4443 = CARTESIAN_POINT('',(2.249378867513,3.062103455848E-02));
#4444 = CARTESIAN_POINT('',(2.237491409019,3.065857604459E-02));
#4445 = CARTESIAN_POINT('',(2.225601134288,3.069558648474E-02));
#4446 = CARTESIAN_POINT('',(2.213718334626,3.073202726876E-02));
#4447 = CARTESIAN_POINT('',(2.20180840744,3.07679956013E-02));
#4448 = CARTESIAN_POINT('',(2.189892560585,3.080342005249E-02));
#4449 = CARTESIAN_POINT('',(2.177969493604,3.083829864212E-02));
#4450 = CARTESIAN_POINT('',(2.166040695279,3.087262065407E-02));
#4451 = CARTESIAN_POINT('',(2.154106909137,3.090637771301E-02));
#4452 = CARTESIAN_POINT('',(2.142169077652,3.093956081638E-02));
#4453 = CARTESIAN_POINT('',(2.130228086502,3.097216112971E-02));
#4454 = CARTESIAN_POINT('',(2.118284829883,3.100416977348E-02));
#4455 = CARTESIAN_POINT('',(2.106340191548,3.103557788023E-02));
#4456 = CARTESIAN_POINT('',(2.098376758454,3.105611034626E-02));
#4457 = CARTESIAN_POINT('',(2.094395102393,3.106627353302E-02));
#4458 = ( GEOMETRIC_REPRESENTATION_CONTEXT(2) 
PARAMETRIC_REPRESENTATION_CONTEXT() REPRESENTATION_CONTEXT('2D SPACE',''
  ) );
#4459 = PCURVE('',#4460,#4465);
#4460 = CYLINDRICAL_SURFACE('',#4461,1.);
#4461 = AXIS2_PLACEMENT_3D('',#4462,#4463,#4464);
#4462 = CARTESIAN_POINT('',(1.25,-2.602085213965E-17,0.24));
#4463 = DIRECTION('',(-0.,-1.084202172486E-16,1.));
#4464 = DIRECTION('',(0.,-1.,-1.084202172486E-16));
#4465 = DEFINITIONAL_REPRESENTATION('',(#4466),#4492);
#4466 = B_SPLINE_CURVE_WITH_KNOTS('',3,(#4467,#4468,#4469,#4470,#4471,
    #4472,#4473,#4474,#4475,#4476,#4477,#4478,#4479,#4480,#4481,#4482,
    #4483,#4484,#4485,#4486,#4487,#4488,#4489,#4490,#4491),
  .UNSPECIFIED.,.F.,.F.,(4,1,1,1,1,1,1,1,1,1,1,1,1,1,1,1,1,1,1,1,1,1,4),
  (7.933241173103E-05,7.957179300952E-05,7.981117428801E-05,
    8.00505555665E-05,8.028993684499E-05,8.052931812348E-05,
    8.076869940197E-05,8.100808068046E-05,8.124746195895E-05,
    8.148684323744E-05,8.172622451593E-05,8.196560579442E-05,
    8.220498707291E-05,8.24443683514E-05,8.268374962988E-05,
    8.292313090837E-05,8.316251218686E-05,8.340189346535E-05,
    8.364127474384E-05,8.388065602233E-05,8.412003730082E-05,
    8.435941857931E-05,8.45987998578E-05),.QUASI_UNIFORM_KNOTS.);
#4467 = CARTESIAN_POINT('',(4.465754020376,4.14213562373E-03));
#4468 = CARTESIAN_POINT('',(4.465696472112,4.086328801781E-03));
#4469 = CARTESIAN_POINT('',(4.465582013259,3.97400777419E-03));
#4470 = CARTESIAN_POINT('',(4.465412274374,3.803440071026E-03));
#4471 = CARTESIAN_POINT('',(4.465244521254,3.630822193911E-03));
#4472 = CARTESIAN_POINT('',(4.465078790273,3.456190135828E-03));
#4473 = CARTESIAN_POINT('',(4.46491511779,3.279579870608E-03));
#4474 = CARTESIAN_POINT('',(4.464753540222,3.101027443541E-03));
#4475 = CARTESIAN_POINT('',(4.46459409378,2.920568633226E-03));
#4476 = CARTESIAN_POINT('',(4.464436815438,2.738240213566E-03));
#4477 = CARTESIAN_POINT('',(4.464281739324,2.554075243947E-03));
#4478 = CARTESIAN_POINT('',(4.464128910189,2.368120646514E-03));
#4479 = CARTESIAN_POINT('',(4.463978333144,2.180371606894E-03));
#4480 = CARTESIAN_POINT('',(4.463830161236,1.99101639402E-03));
#4481 = CARTESIAN_POINT('',(4.463683995407,1.799522680127E-03));
#4482 = CARTESIAN_POINT('',(4.463540121938,1.606255346967E-03));
#4483 = CARTESIAN_POINT('',(4.46339854498,1.411221465821E-03));
#4484 = CARTESIAN_POINT('',(4.463259304153,1.214471984941E-03));
#4485 = CARTESIAN_POINT('',(4.463122429572,1.016046095776E-03));
#4486 = CARTESIAN_POINT('',(4.462987953902,8.15986140005E-04));
#4487 = CARTESIAN_POINT('',(4.462855909121,6.143336152013E-04));
#4488 = CARTESIAN_POINT('',(4.462726327395,4.111302451223E-04));
#4489 = CARTESIAN_POINT('',(4.462599240838,2.064176928987E-04));
#4490 = CARTESIAN_POINT('',(4.462516201332,6.896432295532E-05));
#4491 = CARTESIAN_POINT('',(4.46247510815,0.));
#4492 = ( GEOMETRIC_REPRESENTATION_CONTEXT(2) 
PARAMETRIC_REPRESENTATION_CONTEXT() REPRESENTATION_CONTEXT('2D SPACE',''
  ) );
#4493 = ORIENTED_EDGE('',*,*,#4494,.F.);
#4494 = EDGE_CURVE('',#4495,#4419,#4497,.T.);
#4495 = VERTEX_POINT('',#4496);
#4496 = CARTESIAN_POINT('',(0.281066273533,0.24,0.247320508076));
#4497 = SURFACE_CURVE('',#4498,(#4506,#4535),.PCURVE_S1.);
#4498 = B_SPLINE_CURVE_WITH_KNOTS('',3,(#4499,#4500,#4501,#4502,#4503,
    #4504,#4505),.UNSPECIFIED.,.F.,.F.,(4,3,4),(7.386919116223E-05,
    7.452351874334E-05,7.914066333969E-05),.UNSPECIFIED.);
#4499 = CARTESIAN_POINT('',(0.281066273533,0.24,0.247320508076));
#4500 = CARTESIAN_POINT('',(0.281038337125,0.240189568048,0.247211060912
    ));
#4501 = CARTESIAN_POINT('',(0.281009634434,0.240377280657,0.247098534301
    ));
#4502 = CARTESIAN_POINT('',(0.28098019466,0.240562987714,0.246983029505)
  );
#4503 = CARTESIAN_POINT('',(0.280774479739,0.241860644138,0.2461759221)
  );
#4504 = CARTESIAN_POINT('',(0.280530795271,0.24306867952,0.245215591728)
  );
#4505 = CARTESIAN_POINT('',(0.280260541376,0.244142135624,0.244142135624
    ));
#4506 = PCURVE('',#3196,#4507);
#4507 = DEFINITIONAL_REPRESENTATION('',(#4508),#4534);
#4508 = B_SPLINE_CURVE_WITH_KNOTS('',3,(#4509,#4510,#4511,#4512,#4513,
    #4514,#4515,#4516,#4517,#4518,#4519,#4520,#4521,#4522,#4523,#4524,
    #4525,#4526,#4527,#4528,#4529,#4530,#4531,#4532,#4533),
  .UNSPECIFIED.,.F.,.F.,(4,1,1,1,1,1,1,1,1,1,1,1,1,1,1,1,1,1,1,1,1,1,4),
  (7.386919116223E-05,7.410880353394E-05,7.434841590564E-05,
    7.458802827734E-05,7.482764064904E-05,7.506725302075E-05,
    7.530686539245E-05,7.554647776415E-05,7.578609013585E-05,
    7.602570250756E-05,7.626531487926E-05,7.650492725096E-05,
    7.674453962267E-05,7.698415199437E-05,7.722376436607E-05,
    7.746337673777E-05,7.770298910948E-05,7.794260148118E-05,
    7.818221385288E-05,7.842182622458E-05,7.866143859629E-05,
    7.890105096799E-05,7.914066333969E-05),.QUASI_UNIFORM_KNOTS.);
#4509 = CARTESIAN_POINT('',(2.617993877991,3.106627353302E-02));
#4510 = CARTESIAN_POINT('',(2.61398942325,3.105605265489E-02));
#4511 = CARTESIAN_POINT('',(2.605970216832,3.103537514243E-02));
#4512 = CARTESIAN_POINT('',(2.593949926153,3.100376437792E-02));
#4513 = CARTESIAN_POINT('',(2.581948203028,3.097159118512E-02));
#4514 = CARTESIAN_POINT('',(2.570077860069,3.093917010002E-02));
#4515 = CARTESIAN_POINT('',(2.55816838106,3.090605029618E-02));
#4516 = CARTESIAN_POINT('',(2.546266436694,3.087236469407E-02));
#4517 = CARTESIAN_POINT('',(2.53436052746,3.083808979963E-02));
#4518 = CARTESIAN_POINT('',(2.522454762714,3.080324402995E-02));
#4519 = CARTESIAN_POINT('',(2.510549088965,3.076783457207E-02));
#4520 = CARTESIAN_POINT('',(2.498644584999,3.073187162211E-02));
#4521 = CARTESIAN_POINT('',(2.486742040344,3.069536456989E-02));
#4522 = CARTESIAN_POINT('',(2.47484233345,3.06583230213E-02));
#4523 = CARTESIAN_POINT('',(2.462946327618,3.062075652434E-02));
#4524 = CARTESIAN_POINT('',(2.451054896146,3.05826746425E-02));
#4525 = CARTESIAN_POINT('',(2.439168912852,3.054408693512E-02));
#4526 = CARTESIAN_POINT('',(2.427289251867,3.050500296268E-02));
#4527 = CARTESIAN_POINT('',(2.415416784966,3.046543228532E-02));
#4528 = CARTESIAN_POINT('',(2.403552379525,3.042538446329E-02));
#4529 = CARTESIAN_POINT('',(2.391696896478,3.03848690568E-02));
#4530 = CARTESIAN_POINT('',(2.379851187715,3.034389562609E-02));
#4531 = CARTESIAN_POINT('',(2.368016095803,3.030247373138E-02));
#4532 = CARTESIAN_POINT('',(2.360133661982,3.027456653239E-02));
#4533 = CARTESIAN_POINT('',(2.356194490192,3.026054137563E-02));
#4534 = ( GEOMETRIC_REPRESENTATION_CONTEXT(2) 
PARAMETRIC_REPRESENTATION_CONTEXT() REPRESENTATION_CONTEXT('2D SPACE',''
  ) );
#4535 = PCURVE('',#4536,#4541);
#4536 = CYLINDRICAL_SURFACE('',#4537,1.);
#4537 = AXIS2_PLACEMENT_3D('',#4538,#4539,#4540);
#4538 = CARTESIAN_POINT('',(1.25,0.24,-2.487845711827E-15));
#4539 = DIRECTION('',(-0.,1.,-1.036602379928E-14));
#4540 = DIRECTION('',(0.,1.036602379928E-14,1.));
#4541 = DEFINITIONAL_REPRESENTATION('',(#4542),#4568);
#4542 = B_SPLINE_CURVE_WITH_KNOTS('',3,(#4543,#4544,#4545,#4546,#4547,
    #4548,#4549,#4550,#4551,#4552,#4553,#4554,#4555,#4556,#4557,#4558,
    #4559,#4560,#4561,#4562,#4563,#4564,#4565,#4566,#4567),
  .UNSPECIFIED.,.F.,.F.,(4,1,1,1,1,1,1,1,1,1,1,1,1,1,1,1,1,1,1,1,1,1,4),
  (7.386919116223E-05,7.410880353394E-05,7.434841590564E-05,
    7.458802827734E-05,7.482764064904E-05,7.506725302075E-05,
    7.530686539245E-05,7.554647776415E-05,7.578609013585E-05,
    7.602570250756E-05,7.626531487926E-05,7.650492725096E-05,
    7.674453962267E-05,7.698415199437E-05,7.722376436607E-05,
    7.746337673777E-05,7.770298910948E-05,7.794260148118E-05,
    7.818221385288E-05,7.842182622458E-05,7.866143859629E-05,
    7.890105096799E-05,7.914066333969E-05),.QUASI_UNIFORM_KNOTS.);
#4543 = CARTESIAN_POINT('',(4.96230285262,0.));
#4544 = CARTESIAN_POINT('',(4.962261526226,6.93604069367E-05));
#4545 = CARTESIAN_POINT('',(4.96217789991,2.077734883389E-04));
#4546 = CARTESIAN_POINT('',(4.962049992745,4.137735906126E-04));
#4547 = CARTESIAN_POINT('',(4.961919743753,6.17952290923E-04));
#4548 = CARTESIAN_POINT('',(4.961788423402,8.183771661491E-04));
#4549 = CARTESIAN_POINT('',(4.961654202694,1.017921041451E-03));
#4550 = CARTESIAN_POINT('',(4.961517616013,1.21576634105E-03));
#4551 = CARTESIAN_POINT('',(4.961378564477,1.412084329122E-03));
#4552 = CARTESIAN_POINT('',(4.961237118885,1.606781310972E-03));
#4553 = CARTESIAN_POINT('',(4.961093304573,1.799834587422E-03));
#4554 = CARTESIAN_POINT('',(4.960947159055,1.991202436104E-03));
#4555 = CARTESIAN_POINT('',(4.960798716583,2.180848231896E-03));
#4556 = CARTESIAN_POINT('',(4.960648012283,2.368733983874E-03));
#4557 = CARTESIAN_POINT('',(4.960495081046,2.554822067079E-03));
#4558 = CARTESIAN_POINT('',(4.960339957827,2.739074758495E-03));
#4559 = CARTESIAN_POINT('',(4.960182677561,2.921454361376E-03));
#4560 = CARTESIAN_POINT('',(4.960023275189,3.101923171938E-03));
#4561 = CARTESIAN_POINT('',(4.95986178565,3.280443488286E-03));
#4562 = CARTESIAN_POINT('',(4.959698243884,3.456977608015E-03));
#4563 = CARTESIAN_POINT('',(4.95953268483,3.631487828859E-03));
#4564 = CARTESIAN_POINT('',(4.959365143425,3.803936448513E-03));
#4565 = CARTESIAN_POINT('',(4.959195654608,3.974285764684E-03));
#4566 = CARTESIAN_POINT('',(4.95908138708,4.086427304945E-03));
#4567 = CARTESIAN_POINT('',(4.959023940394,4.14213562373E-03));
#4568 = ( GEOMETRIC_REPRESENTATION_CONTEXT(2) 
PARAMETRIC_REPRESENTATION_CONTEXT() REPRESENTATION_CONTEXT('2D SPACE',''
  ) );
#4569 = ORIENTED_EDGE('',*,*,#4570,.T.);
#4570 = EDGE_CURVE('',#4495,#4195,#4571,.T.);
#4571 = SURFACE_CURVE('',#4572,(#4576,#4583),.PCURVE_S1.);
#4572 = LINE('',#4573,#4574);
#4573 = CARTESIAN_POINT('',(0.25,0.24,0.247320508076));
#4574 = VECTOR('',#4575,1.);
#4575 = DIRECTION('',(-1.,-0.,-0.));
#4576 = PCURVE('',#3196,#4577);
#4577 = DEFINITIONAL_REPRESENTATION('',(#4578),#4582);
#4578 = LINE('',#4579,#4580);
#4579 = CARTESIAN_POINT('',(2.617993877991,0.));
#4580 = VECTOR('',#4581,1.);
#4581 = DIRECTION('',(0.,-1.));
#4582 = ( GEOMETRIC_REPRESENTATION_CONTEXT(2) 
PARAMETRIC_REPRESENTATION_CONTEXT() REPRESENTATION_CONTEXT('2D SPACE',''
  ) );
#4583 = PCURVE('',#4584,#4589);
#4584 = PLANE('',#4585);
#4585 = AXIS2_PLACEMENT_3D('',#4586,#4587,#4588);
#4586 = CARTESIAN_POINT('',(1.25,0.24,-2.487845711827E-15));
#4587 = DIRECTION('',(0.,1.,-1.036602379928E-14));
#4588 = DIRECTION('',(0.,1.036602379928E-14,1.));
#4589 = DEFINITIONAL_REPRESENTATION('',(#4590),#4594);
#4590 = LINE('',#4591,#4592);
#4591 = CARTESIAN_POINT('',(0.247320508076,-1.));
#4592 = VECTOR('',#4593,1.);
#4593 = DIRECTION('',(0.,-1.));
#4594 = ( GEOMETRIC_REPRESENTATION_CONTEXT(2) 
PARAMETRIC_REPRESENTATION_CONTEXT() REPRESENTATION_CONTEXT('2D SPACE',''
  ) );
#4595 = ADVANCED_FACE('',(#4596),#3285,.T.);
#4596 = FACE_BOUND('',#4597,.T.);
#4597 = EDGE_LOOP('',(#4598,#4625,#4626,#4648));
#4598 = ORIENTED_EDGE('',*,*,#4599,.F.);
#4599 = EDGE_CURVE('',#3270,#4063,#4600,.T.);
#4600 = SURFACE_CURVE('',#4601,(#4606,#4613),.PCURVE_S1.);
#4601 = CIRCLE('',#4602,2.E-02);
#4602 = AXIS2_PLACEMENT_3D('',#4603,#4604,#4605);
#4603 = CARTESIAN_POINT('',(0.48,0.23,-0.23));
#4604 = DIRECTION('',(0.,0.,-1.));
#4605 = DIRECTION('',(-1.,0.,0.));
#4606 = PCURVE('',#3285,#4607);
#4607 = DEFINITIONAL_REPRESENTATION('',(#4608),#4612);
#4608 = LINE('',#4609,#4610);
#4609 = CARTESIAN_POINT('',(3.14159265359,-0.23));
#4610 = VECTOR('',#4611,1.);
#4611 = DIRECTION('',(-1.,0.));
#4612 = ( GEOMETRIC_REPRESENTATION_CONTEXT(2) 
PARAMETRIC_REPRESENTATION_CONTEXT() REPRESENTATION_CONTEXT('2D SPACE',''
  ) );
#4613 = PCURVE('',#4614,#4619);
#4614 = SPHERICAL_SURFACE('',#4615,2.E-02);
#4615 = AXIS2_PLACEMENT_3D('',#4616,#4617,#4618);
#4616 = CARTESIAN_POINT('',(0.48,0.23,-0.23));
#4617 = DIRECTION('',(0.,1.,0.));
#4618 = DIRECTION('',(1.,0.,0.));
#4619 = DEFINITIONAL_REPRESENTATION('',(#4620),#4624);
#4620 = LINE('',#4621,#4622);
#4621 = CARTESIAN_POINT('',(0.,3.14159265359));
#4622 = VECTOR('',#4623,1.);
#4623 = DIRECTION('',(0.,-1.));
#4624 = ( GEOMETRIC_REPRESENTATION_CONTEXT(2) 
PARAMETRIC_REPRESENTATION_CONTEXT() REPRESENTATION_CONTEXT('2D SPACE',''
  ) );
#4625 = ORIENTED_EDGE('',*,*,#3269,.F.);
#4626 = ORIENTED_EDGE('',*,*,#4627,.F.);
#4627 = EDGE_CURVE('',#4010,#3247,#4628,.T.);
#4628 = SURFACE_CURVE('',#4629,(#4634,#4641),.PCURVE_S1.);
#4629 = CIRCLE('',#4630,2.E-02);
#4630 = AXIS2_PLACEMENT_3D('',#4631,#4632,#4633);
#4631 = CARTESIAN_POINT('',(0.48,0.23,0.23));
#4632 = DIRECTION('',(0.,0.,1.));
#4633 = DIRECTION('',(1.,0.,-0.));
#4634 = PCURVE('',#3285,#4635);
#4635 = DEFINITIONAL_REPRESENTATION('',(#4636),#4640);
#4636 = LINE('',#4637,#4638);
#4637 = CARTESIAN_POINT('',(0.,0.23));
#4638 = VECTOR('',#4639,1.);
#4639 = DIRECTION('',(1.,0.));
#4640 = ( GEOMETRIC_REPRESENTATION_CONTEXT(2) 
PARAMETRIC_REPRESENTATION_CONTEXT() REPRESENTATION_CONTEXT('2D SPACE',''
  ) );
#4641 = PCURVE('',#4281,#4642);
#4642 = DEFINITIONAL_REPRESENTATION('',(#4643),#4647);
#4643 = LINE('',#4644,#4645);
#4644 = CARTESIAN_POINT('',(6.28318530718,0.));
#4645 = VECTOR('',#4646,1.);
#4646 = DIRECTION('',(0.,1.));
#4647 = ( GEOMETRIC_REPRESENTATION_CONTEXT(2) 
PARAMETRIC_REPRESENTATION_CONTEXT() REPRESENTATION_CONTEXT('2D SPACE',''
  ) );
#4648 = ORIENTED_EDGE('',*,*,#4085,.F.);
#4649 = ADVANCED_FACE('',(#4650),#3311,.T.);
#4650 = FACE_BOUND('',#4651,.T.);
#4651 = EDGE_LOOP('',(#4652,#4721,#4722,#4766,#4767,#4768,#4791,#4867,
    #4933));
#4652 = ORIENTED_EDGE('',*,*,#4653,.F.);
#4653 = EDGE_CURVE('',#3214,#4110,#4654,.T.);
#4654 = SURFACE_CURVE('',#4655,(#4663,#4692),.PCURVE_S1.);
#4655 = B_SPLINE_CURVE_WITH_KNOTS('',3,(#4656,#4657,#4658,#4659,#4660,
    #4661,#4662),.UNSPECIFIED.,.F.,.F.,(4,3,4),(9.507563232982E-05,
    1.018722707882E-04,1.0578182173E-04),.UNSPECIFIED.);
#4656 = CARTESIAN_POINT('',(0.276809371192,0.25,-0.23));
#4657 = CARTESIAN_POINT('',(0.277330265689,0.25,-0.232204041928));
#4658 = CARTESIAN_POINT('',(0.277865674097,0.249626709377,-0.23443434841
    ));
#4659 = CARTESIAN_POINT('',(0.278373578212,0.24890711395,-0.236520816174
    ));
#4660 = CARTESIAN_POINT('',(0.278666465573,0.248492152938,
    -0.237723996102));
#4661 = CARTESIAN_POINT('',(0.27895369073,0.247959033403,-0.238894041691
    ));
#4662 = CARTESIAN_POINT('',(0.279227112039,0.247320508076,-0.24));
#4663 = PCURVE('',#3311,#4664);
#4664 = DEFINITIONAL_REPRESENTATION('',(#4665),#4691);
#4665 = B_SPLINE_CURVE_WITH_KNOTS('',3,(#4666,#4667,#4668,#4669,#4670,
    #4671,#4672,#4673,#4674,#4675,#4676,#4677,#4678,#4679,#4680,#4681,
    #4682,#4683,#4684,#4685,#4686,#4687,#4688,#4689,#4690),
  .UNSPECIFIED.,.F.,.F.,(4,1,1,1,1,1,1,1,1,1,1,1,1,1,1,1,1,1,1,1,1,1,4),
  (9.507563232982E-05,9.556227730255E-05,9.604892227529E-05,
    9.653556724802E-05,9.702221222076E-05,9.750885719349E-05,
    9.799550216623E-05,9.848214713897E-05,9.89687921117E-05,
    9.945543708444E-05,9.994208205717E-05,1.004287270299E-04,
    1.009153720026E-04,1.014020169754E-04,1.018886619481E-04,
    1.023753069208E-04,1.028619518936E-04,1.033485968663E-04,
    1.038352418391E-04,1.043218868118E-04,1.048085317845E-04,
    1.052951767573E-04,1.0578182173E-04),.QUASI_UNIFORM_KNOTS.);
#4666 = CARTESIAN_POINT('',(1.570796326795,2.680937119185E-02));
#4667 = CARTESIAN_POINT('',(1.562905793739,2.684666767158E-02));
#4668 = CARTESIAN_POINT('',(1.547111151704,2.692140944737E-02));
#4669 = CARTESIAN_POINT('',(1.523383531042,2.703387601713E-02));
#4670 = CARTESIAN_POINT('',(1.499625200709,2.714660395021E-02));
#4671 = CARTESIAN_POINT('',(1.475841536418,2.725950070335E-02));
#4672 = CARTESIAN_POINT('',(1.452038118527,2.737247373511E-02));
#4673 = CARTESIAN_POINT('',(1.428220716548,2.748543049742E-02));
#4674 = CARTESIAN_POINT('',(1.404395208769,2.759827846679E-02));
#4675 = CARTESIAN_POINT('',(1.380567547998,2.771092502809E-02));
#4676 = CARTESIAN_POINT('',(1.356743603809,2.782327790816E-02));
#4677 = CARTESIAN_POINT('',(1.332929450719,2.79352435576E-02));
#4678 = CARTESIAN_POINT('',(1.309129996189,2.804673319E-02));
#4679 = CARTESIAN_POINT('',(1.285353805476,2.815764024319E-02));
#4680 = CARTESIAN_POINT('',(1.261594803279,2.826792449512E-02));
#4681 = CARTESIAN_POINT('',(1.237900277223,2.8377298139E-02));
#4682 = CARTESIAN_POINT('',(1.214104574036,2.848645366687E-02));
#4683 = CARTESIAN_POINT('',(1.190299448095,2.859490196463E-02));
#4684 = CARTESIAN_POINT('',(1.166467686323,2.870265463035E-02));
#4685 = CARTESIAN_POINT('',(1.14262140771,2.880958909668E-02));
#4686 = CARTESIAN_POINT('',(1.118764927,2.891561874586E-02));
#4687 = CARTESIAN_POINT('',(1.094904617364,2.902064732721E-02));
#4688 = CARTESIAN_POINT('',(1.07104621104,2.912458117208E-02));
#4689 = CARTESIAN_POINT('',(1.055145636507,2.919307766846E-02));
#4690 = CARTESIAN_POINT('',(1.047197551197,2.922711203907E-02));
#4691 = ( GEOMETRIC_REPRESENTATION_CONTEXT(2) 
PARAMETRIC_REPRESENTATION_CONTEXT() REPRESENTATION_CONTEXT('2D SPACE',''
  ) );
#4692 = PCURVE('',#67,#4693);
#4693 = DEFINITIONAL_REPRESENTATION('',(#4694),#4720);
#4694 = B_SPLINE_CURVE_WITH_KNOTS('',3,(#4695,#4696,#4697,#4698,#4699,
    #4700,#4701,#4702,#4703,#4704,#4705,#4706,#4707,#4708,#4709,#4710,
    #4711,#4712,#4713,#4714,#4715,#4716,#4717,#4718,#4719),
  .UNSPECIFIED.,.F.,.F.,(4,1,1,1,1,1,1,1,1,1,1,1,1,1,1,1,1,1,1,1,1,1,4),
  (9.507563232982E-05,9.556227730255E-05,9.604892227529E-05,
    9.653556724802E-05,9.702221222076E-05,9.750885719349E-05,
    9.799550216623E-05,9.848214713897E-05,9.89687921117E-05,
    9.945543708444E-05,9.994208205717E-05,1.004287270299E-04,
    1.009153720026E-04,1.014020169754E-04,1.018886619481E-04,
    1.023753069208E-04,1.028619518936E-04,1.033485968663E-04,
    1.038352418391E-04,1.043218868118E-04,1.048085317845E-04,
    1.052951767573E-04,1.0578182173E-04),.QUASI_UNIFORM_KNOTS.);
#4695 = CARTESIAN_POINT('',(4.480311297522,1.E-02));
#4696 = CARTESIAN_POINT('',(4.480149138915,1.E-02));
#4697 = CARTESIAN_POINT('',(4.479824525391,9.996172517428E-03));
#4698 = CARTESIAN_POINT('',(4.479337101938,9.979008280729E-03));
#4699 = CARTESIAN_POINT('',(4.47884956108,9.950480465894E-03));
#4700 = CARTESIAN_POINT('',(4.47836228859,9.91064850824E-03));
#4701 = CARTESIAN_POINT('',(4.47787567024,9.859571840797E-03));
#4702 = CARTESIAN_POINT('',(4.477390091832,9.797309905136E-03));
#4703 = CARTESIAN_POINT('',(4.476905939073,9.723922110956E-03));
#4704 = CARTESIAN_POINT('',(4.476423598058,9.639467986894E-03));
#4705 = CARTESIAN_POINT('',(4.475943453433,9.544006617712E-03));
#4706 = CARTESIAN_POINT('',(4.475465895276,9.437598744731E-03));
#4707 = CARTESIAN_POINT('',(4.474991293388,9.320298926913E-03));
#4708 = CARTESIAN_POINT('',(4.474520093253,9.1921847961E-03));
#4709 = CARTESIAN_POINT('',(4.474052457898,9.05324787497E-03));
#4710 = CARTESIAN_POINT('',(4.473589604491,8.903801049973E-03));
#4711 = CARTESIAN_POINT('',(4.473128577938,8.742878509732E-03));
#4712 = CARTESIAN_POINT('',(4.472671400672,8.571256750737E-03));
#4713 = CARTESIAN_POINT('',(4.472218000196,8.388914828001E-03));
#4714 = CARTESIAN_POINT('',(4.471768865357,8.196045470363E-03));
#4715 = CARTESIAN_POINT('',(4.4713243346,7.992784152832E-03));
#4716 = CARTESIAN_POINT('',(4.470884786678,7.779281691912E-03));
#4717 = CARTESIAN_POINT('',(4.470450589543,7.555684791954E-03));
#4718 = CARTESIAN_POINT('',(4.470164939224,7.399989106937E-03));
#4719 = CARTESIAN_POINT('',(4.470023129346,7.320508075691E-03));
#4720 = ( GEOMETRIC_REPRESENTATION_CONTEXT(2) 
PARAMETRIC_REPRESENTATION_CONTEXT() REPRESENTATION_CONTEXT('2D SPACE',''
  ) );
#4721 = ORIENTED_EDGE('',*,*,#3297,.F.);
#4722 = ORIENTED_EDGE('',*,*,#4723,.F.);
#4723 = EDGE_CURVE('',#3935,#3270,#4724,.T.);
#4724 = SURFACE_CURVE('',#4725,(#4730,#4737),.PCURVE_S1.);
#4725 = CIRCLE('',#4726,2.E-02);
#4726 = AXIS2_PLACEMENT_3D('',#4727,#4728,#4729);
#4727 = CARTESIAN_POINT('',(0.48,0.23,-0.23));
#4728 = DIRECTION('',(1.,-0.,0.));
#4729 = DIRECTION('',(0.,0.,-1.));
#4730 = PCURVE('',#3311,#4731);
#4731 = DEFINITIONAL_REPRESENTATION('',(#4732),#4736);
#4732 = LINE('',#4733,#4734);
#4733 = CARTESIAN_POINT('',(0.,0.23));
#4734 = VECTOR('',#4735,1.);
#4735 = DIRECTION('',(1.,0.));
#4736 = ( GEOMETRIC_REPRESENTATION_CONTEXT(2) 
PARAMETRIC_REPRESENTATION_CONTEXT() REPRESENTATION_CONTEXT('2D SPACE',''
  ) );
#4737 = PCURVE('',#4614,#4738);
#4738 = DEFINITIONAL_REPRESENTATION('',(#4739),#4765);
#4739 = B_SPLINE_CURVE_WITH_KNOTS('',3,(#4740,#4741,#4742,#4743,#4744,
    #4745,#4746,#4747,#4748,#4749,#4750,#4751,#4752,#4753,#4754,#4755,
    #4756,#4757,#4758,#4759,#4760,#4761,#4762,#4763,#4764),
  .UNSPECIFIED.,.F.,.F.,(4,1,1,1,1,1,1,1,1,1,1,1,1,1,1,1,1,1,1,1,1,1,4),
  (0.,7.139983303613E-02,0.142799666072,0.214199499108,0.285599332145,
    0.356999165181,0.428398998217,0.499798831253,0.571198664289,
    0.642598497325,0.713998330361,0.785398163397,0.856797996434,
    0.92819782947,0.999597662506,1.070997495542,1.142397328578,
    1.213797161614,1.28519699465,1.356596827687,1.427996660723,
    1.499396493759,1.570796326795),.QUASI_UNIFORM_KNOTS.);
#4740 = CARTESIAN_POINT('',(1.570796326795,0.));
#4741 = CARTESIAN_POINT('',(1.570796326795,2.379994434538E-02));
#4742 = CARTESIAN_POINT('',(1.570796326795,7.139983303613E-02));
#4743 = CARTESIAN_POINT('',(1.570796326795,0.142799666072));
#4744 = CARTESIAN_POINT('',(1.570796326795,0.214199499108));
#4745 = CARTESIAN_POINT('',(1.570796326795,0.285599332145));
#4746 = CARTESIAN_POINT('',(1.570796326795,0.356999165181));
#4747 = CARTESIAN_POINT('',(1.570796326795,0.428398998217));
#4748 = CARTESIAN_POINT('',(1.570796326795,0.499798831253));
#4749 = CARTESIAN_POINT('',(1.570796326795,0.571198664289));
#4750 = CARTESIAN_POINT('',(1.570796326795,0.642598497325));
#4751 = CARTESIAN_POINT('',(1.570796326795,0.713998330361));
#4752 = CARTESIAN_POINT('',(1.570796326795,0.785398163397));
#4753 = CARTESIAN_POINT('',(1.570796326795,0.856797996434));
#4754 = CARTESIAN_POINT('',(1.570796326795,0.92819782947));
#4755 = CARTESIAN_POINT('',(1.570796326795,0.999597662506));
#4756 = CARTESIAN_POINT('',(1.570796326795,1.070997495542));
#4757 = CARTESIAN_POINT('',(1.570796326795,1.142397328578));
#4758 = CARTESIAN_POINT('',(1.570796326795,1.213797161614));
#4759 = CARTESIAN_POINT('',(1.570796326795,1.28519699465));
#4760 = CARTESIAN_POINT('',(1.570796326795,1.356596827687));
#4761 = CARTESIAN_POINT('',(1.570796326795,1.427996660723));
#4762 = CARTESIAN_POINT('',(1.570796326795,1.499396493759));
#4763 = CARTESIAN_POINT('',(1.570796326795,1.54699638245));
#4764 = CARTESIAN_POINT('',(1.570796326795,1.570796326795));
#4765 = ( GEOMETRIC_REPRESENTATION_CONTEXT(2) 
PARAMETRIC_REPRESENTATION_CONTEXT() REPRESENTATION_CONTEXT('2D SPACE',''
  ) );
#4766 = ORIENTED_EDGE('',*,*,#3934,.F.);
#4767 = ORIENTED_EDGE('',*,*,#3660,.F.);
#4768 = ORIENTED_EDGE('',*,*,#4769,.T.);
#4769 = EDGE_CURVE('',#3633,#4770,#4772,.T.);
#4770 = VERTEX_POINT('',#4771);
#4771 = CARTESIAN_POINT('',(0.281066273533,0.24,-0.247320508076));
#4772 = SURFACE_CURVE('',#4773,(#4777,#4784),.PCURVE_S1.);
#4773 = LINE('',#4774,#4775);
#4774 = CARTESIAN_POINT('',(0.25,0.24,-0.247320508076));
#4775 = VECTOR('',#4776,1.);
#4776 = DIRECTION('',(1.,0.,0.));
#4777 = PCURVE('',#3311,#4778);
#4778 = DEFINITIONAL_REPRESENTATION('',(#4779),#4783);
#4779 = LINE('',#4780,#4781);
#4780 = CARTESIAN_POINT('',(0.523598775598,0.));
#4781 = VECTOR('',#4782,1.);
#4782 = DIRECTION('',(0.,1.));
#4783 = ( GEOMETRIC_REPRESENTATION_CONTEXT(2) 
PARAMETRIC_REPRESENTATION_CONTEXT() REPRESENTATION_CONTEXT('2D SPACE',''
  ) );
#4784 = PCURVE('',#3648,#4785);
#4785 = DEFINITIONAL_REPRESENTATION('',(#4786),#4790);
#4786 = LINE('',#4787,#4788);
#4787 = CARTESIAN_POINT('',(-0.247320508076,-1.));
#4788 = VECTOR('',#4789,1.);
#4789 = DIRECTION('',(0.,1.));
#4790 = ( GEOMETRIC_REPRESENTATION_CONTEXT(2) 
PARAMETRIC_REPRESENTATION_CONTEXT() REPRESENTATION_CONTEXT('2D SPACE',''
  ) );
#4791 = ORIENTED_EDGE('',*,*,#4792,.F.);
#4792 = EDGE_CURVE('',#4793,#4770,#4795,.T.);
#4793 = VERTEX_POINT('',#4794);
#4794 = CARTESIAN_POINT('',(0.280260541376,0.244142135624,
    -0.244142135624));
#4795 = SURFACE_CURVE('',#4796,(#4804,#4833),.PCURVE_S1.);
#4796 = B_SPLINE_CURVE_WITH_KNOTS('',3,(#4797,#4798,#4799,#4800,#4801,
    #4802,#4803),.UNSPECIFIED.,.F.,.F.,(4,3,4),(1.110898567588E-04,
    1.159663891705E-04,1.163689064852E-04),.UNSPECIFIED.);
#4797 = CARTESIAN_POINT('',(0.280260541376,0.244142135624,
    -0.244142135624));
#4798 = CARTESIAN_POINT('',(0.280545553742,0.243010058452,
    -0.245274212795));
#4799 = CARTESIAN_POINT('',(0.280801077311,0.241727641726,
    -0.246280712457));
#4800 = CARTESIAN_POINT('',(0.281013806074,0.240348015963,
    -0.247114863956));
#4801 = CARTESIAN_POINT('',(0.281031580634,0.240232741276,
    -0.247184561518));
#4802 = CARTESIAN_POINT('',(0.281049072035,0.240116724185,
    -0.247253117336));
#4803 = CARTESIAN_POINT('',(0.281066273533,0.24,-0.247320508076));
#4804 = PCURVE('',#3311,#4805);
#4805 = DEFINITIONAL_REPRESENTATION('',(#4806),#4832);
#4806 = B_SPLINE_CURVE_WITH_KNOTS('',3,(#4807,#4808,#4809,#4810,#4811,
    #4812,#4813,#4814,#4815,#4816,#4817,#4818,#4819,#4820,#4821,#4822,
    #4823,#4824,#4825,#4826,#4827,#4828,#4829,#4830,#4831),
  .UNSPECIFIED.,.F.,.F.,(4,1,1,1,1,1,1,1,1,1,1,1,1,1,1,1,1,1,1,1,1,1,4),
  (1.110898567588E-04,1.113298135646E-04,1.115697703703E-04,
    1.11809727176E-04,1.120496839818E-04,1.122896407875E-04,
    1.125295975933E-04,1.12769554399E-04,1.130095112048E-04,
    1.132494680105E-04,1.134894248162E-04,1.13729381622E-04,
    1.139693384277E-04,1.142092952335E-04,1.144492520392E-04,
    1.14689208845E-04,1.149291656507E-04,1.151691224564E-04,
    1.154090792622E-04,1.156490360679E-04,1.158889928737E-04,
    1.161289496794E-04,1.163689064852E-04),.QUASI_UNIFORM_KNOTS.);
#4807 = CARTESIAN_POINT('',(0.785398163397,3.026054137563E-02));
#4808 = CARTESIAN_POINT('',(0.78145919181,3.027456581992E-02));
#4809 = CARTESIAN_POINT('',(0.77357700412,3.030247190759E-02));
#4810 = CARTESIAN_POINT('',(0.761741816111,3.034389312451E-02));
#4811 = CARTESIAN_POINT('',(0.74989554304,3.038486691499E-02));
#4812 = CARTESIAN_POINT('',(0.738039026151,3.042538376718E-02));
#4813 = CARTESIAN_POINT('',(0.726173117057,3.046543416925E-02));
#4814 = CARTESIAN_POINT('',(0.714298677617,3.050500860934E-02));
#4815 = CARTESIAN_POINT('',(0.702416577284,3.054409757561E-02));
#4816 = CARTESIAN_POINT('',(0.690527691116,3.058269155618E-02));
#4817 = CARTESIAN_POINT('',(0.678632897548,3.06207810393E-02));
#4818 = CARTESIAN_POINT('',(0.666733076399,3.065835651283E-02));
#4819 = CARTESIAN_POINT('',(0.654829106114,3.069540846592E-02));
#4820 = CARTESIAN_POINT('',(0.642921863787,3.07319273831E-02));
#4821 = CARTESIAN_POINT('',(0.631012214794,3.076790376596E-02));
#4822 = CARTESIAN_POINT('',(0.619101041225,3.080332805252E-02));
#4823 = CARTESIAN_POINT('',(0.6071891255,3.083819091805E-02));
#4824 = CARTESIAN_POINT('',(0.595277574509,3.087248215237E-02));
#4825 = CARTESIAN_POINT('',(0.583366226511,3.090619484984E-02));
#4826 = CARTESIAN_POINT('',(0.571459586542,3.093930977207E-02));
#4827 = CARTESIAN_POINT('',(0.559544665141,3.097185370722E-02));
#4828 = CARTESIAN_POINT('',(0.547673675369,3.100368166995E-02));
#4829 = CARTESIAN_POINT('',(0.535655393482,3.103528974237E-02));
#4830 = CARTESIAN_POINT('',(0.527618957101,3.105601226657E-02));
#4831 = CARTESIAN_POINT('',(0.523598775598,3.106627353302E-02));
#4832 = ( GEOMETRIC_REPRESENTATION_CONTEXT(2) 
PARAMETRIC_REPRESENTATION_CONTEXT() REPRESENTATION_CONTEXT('2D SPACE',''
  ) );
#4833 = PCURVE('',#4834,#4839);
#4834 = CYLINDRICAL_SURFACE('',#4835,1.);
#4835 = AXIS2_PLACEMENT_3D('',#4836,#4837,#4838);
#4836 = CARTESIAN_POINT('',(1.25,0.24,-2.487845711827E-15));
#4837 = DIRECTION('',(-0.,1.,-1.036602379928E-14));
#4838 = DIRECTION('',(0.,1.036602379928E-14,1.));
#4839 = DEFINITIONAL_REPRESENTATION('',(#4840),#4866);
#4840 = B_SPLINE_CURVE_WITH_KNOTS('',3,(#4841,#4842,#4843,#4844,#4845,
    #4846,#4847,#4848,#4849,#4850,#4851,#4852,#4853,#4854,#4855,#4856,
    #4857,#4858,#4859,#4860,#4861,#4862,#4863,#4864,#4865),
  .UNSPECIFIED.,.F.,.F.,(4,1,1,1,1,1,1,1,1,1,1,1,1,1,1,1,1,1,1,1,1,1,4),
  (1.110898567588E-04,1.113298135646E-04,1.115697703703E-04,
    1.11809727176E-04,1.120496839818E-04,1.122896407875E-04,
    1.125295975933E-04,1.12769554399E-04,1.130095112048E-04,
    1.132494680105E-04,1.134894248162E-04,1.13729381622E-04,
    1.139693384277E-04,1.142092952335E-04,1.144492520392E-04,
    1.14689208845E-04,1.149291656507E-04,1.151691224564E-04,
    1.154090792622E-04,1.156490360679E-04,1.158889928737E-04,
    1.161289496794E-04,1.163689064852E-04),.QUASI_UNIFORM_KNOTS.);
#4841 = CARTESIAN_POINT('',(4.465754020376,4.142135623732E-03));
#4842 = CARTESIAN_POINT('',(4.465696576607,4.086430134881E-03));
#4843 = CARTESIAN_POINT('',(4.465582313647,3.974291130708E-03));
#4844 = CARTESIAN_POINT('',(4.465412827678,3.803936525581E-03));
#4845 = CARTESIAN_POINT('',(4.465245284919,3.631473802128E-03));
#4846 = CARTESIAN_POINT('',(4.46507972011,3.456940940896E-03));
#4847 = CARTESIAN_POINT('',(4.464916167993,3.280375922426E-03));
#4848 = CARTESIAN_POINT('',(4.464754663309,3.10181672727E-03));
#4849 = CARTESIAN_POINT('',(4.464595240799,2.92130133594E-03));
#4850 = CARTESIAN_POINT('',(4.464437935204,2.738867729101E-03));
#4851 = CARTESIAN_POINT('',(4.464282781268,2.554553886847E-03));
#4852 = CARTESIAN_POINT('',(4.464129813732,2.368397791402E-03));
#4853 = CARTESIAN_POINT('',(4.463979067337,2.180437417037E-03));
#4854 = CARTESIAN_POINT('',(4.463830576839,1.990710767708E-03));
#4855 = CARTESIAN_POINT('',(4.463684376928,1.799255736588E-03));
#4856 = CARTESIAN_POINT('',(4.463540502551,1.606110630292E-03));
#4857 = CARTESIAN_POINT('',(4.463398987693,1.411312212448E-03));
#4858 = CARTESIAN_POINT('',(4.463259869925,1.214903005197E-03));
#4859 = CARTESIAN_POINT('',(4.463123173446,1.01690403961E-03));
#4860 = CARTESIAN_POINT('',(4.462988972357,8.174165525254E-04));
#4861 = CARTESIAN_POINT('',(4.46285715452,6.162424487827E-04));
#4862 = CARTESIAN_POINT('',(4.462728302861,4.143007554497E-04));
#4863 = CARTESIAN_POINT('',(4.462600406281,2.083413426804E-04));
#4864 = CARTESIAN_POINT('',(4.46251659785,6.96322354792E-05));
#4865 = CARTESIAN_POINT('',(4.46247510815,-2.775557561563E-17));
#4866 = ( GEOMETRIC_REPRESENTATION_CONTEXT(2) 
PARAMETRIC_REPRESENTATION_CONTEXT() REPRESENTATION_CONTEXT('2D SPACE',''
  ) );
#4867 = ORIENTED_EDGE('',*,*,#4868,.F.);
#4868 = EDGE_CURVE('',#4138,#4793,#4869,.T.);
#4869 = SURFACE_CURVE('',#4870,(#4875,#4904),.PCURVE_S1.);
#4870 = B_SPLINE_CURVE_WITH_KNOTS('',3,(#4871,#4872,#4873,#4874),
  .UNSPECIFIED.,.F.,.F.,(4,4),(2.710505431214E-20,5.27890912456E-06),
  .PIECEWISE_BEZIER_KNOTS.);
#4871 = CARTESIAN_POINT('',(0.281066273533,0.247320508076,-0.24));
#4872 = CARTESIAN_POINT('',(0.280843340227,0.246447116698,
    -0.241512758241));
#4873 = CARTESIAN_POINT('',(0.280569176279,0.245368042176,
    -0.242916229071));
#4874 = CARTESIAN_POINT('',(0.280260541376,0.244142135624,
    -0.244142135624));
#4875 = PCURVE('',#3311,#4876);
#4876 = DEFINITIONAL_REPRESENTATION('',(#4877),#4903);
#4877 = B_SPLINE_CURVE_WITH_KNOTS('',3,(#4878,#4879,#4880,#4881,#4882,
    #4883,#4884,#4885,#4886,#4887,#4888,#4889,#4890,#4891,#4892,#4893,
    #4894,#4895,#4896,#4897,#4898,#4899,#4900,#4901,#4902),
  .UNSPECIFIED.,.F.,.F.,(4,1,1,1,1,1,1,1,1,1,1,1,1,1,1,1,1,1,1,1,1,1,4),
  (2.710505431214E-20,2.399504147528E-07,4.799008295055E-07,
    7.198512442582E-07,9.59801659011E-07,1.199752073764E-06,
    1.439702488516E-06,1.679652903269E-06,1.919603318022E-06,
    2.159553732775E-06,2.399504147527E-06,2.63945456228E-06,
    2.879404977033E-06,3.119355391786E-06,3.359305806538E-06,
    3.599256221291E-06,3.839206636044E-06,4.079157050796E-06,
    4.319107465549E-06,4.559057880302E-06,4.799008295055E-06,
    5.038958709807E-06,5.27890912456E-06),.QUASI_UNIFORM_KNOTS.);
#4878 = CARTESIAN_POINT('',(1.047197551197,3.106627353302E-02));
#4879 = CARTESIAN_POINT('',(1.043227592423,3.105614020092E-02));
#4880 = CARTESIAN_POINT('',(1.035285973731,3.103566183984E-02));
#4881 = CARTESIAN_POINT('',(1.023369200908,3.100431865147E-02));
#4882 = CARTESIAN_POINT('',(1.01144883285,3.09723592602E-02));
#4883 = CARTESIAN_POINT('',(0.999525650951,3.093979310989E-02));
#4884 = CARTESIAN_POINT('',(0.987600454851,3.090662964438E-02));
#4885 = CARTESIAN_POINT('',(0.975674063423,3.087287830752E-02));
#4886 = CARTESIAN_POINT('',(0.963747311818,3.083854854316E-02));
#4887 = CARTESIAN_POINT('',(0.951821049548,3.080364979516E-02));
#4888 = CARTESIAN_POINT('',(0.939896138268,3.076819150736E-02));
#4889 = CARTESIAN_POINT('',(0.927973449618,3.073218312362E-02));
#4890 = CARTESIAN_POINT('',(0.916053863043,3.069563408778E-02));
#4891 = CARTESIAN_POINT('',(0.904138263607,3.06585538437E-02));
#4892 = CARTESIAN_POINT('',(0.892227539798,3.062095183523E-02));
#4893 = CARTESIAN_POINT('',(0.880322581344,3.058283750621E-02));
#4894 = CARTESIAN_POINT('',(0.86842427702,3.05442203005E-02));
#4895 = CARTESIAN_POINT('',(0.85653351247,3.050510966195E-02));
#4896 = CARTESIAN_POINT('',(0.844651168047,3.046551503441E-02));
#4897 = CARTESIAN_POINT('',(0.832778116609,3.042544586173E-02));
#4898 = CARTESIAN_POINT('',(0.820915221536,3.038491158776E-02));
#4899 = CARTESIAN_POINT('',(0.809063334018,3.034392165635E-02));
#4900 = CARTESIAN_POINT('',(0.797223293165,3.030248551135E-02));
#4901 = CARTESIAN_POINT('',(0.789338374827,3.027457023486E-02));
#4902 = CARTESIAN_POINT('',(0.785398163397,3.026054137563E-02));
#4903 = ( GEOMETRIC_REPRESENTATION_CONTEXT(2) 
PARAMETRIC_REPRESENTATION_CONTEXT() REPRESENTATION_CONTEXT('2D SPACE',''
  ) );
#4904 = PCURVE('',#4179,#4905);
#4905 = DEFINITIONAL_REPRESENTATION('',(#4906),#4932);
#4906 = B_SPLINE_CURVE_WITH_KNOTS('',3,(#4907,#4908,#4909,#4910,#4911,
    #4912,#4913,#4914,#4915,#4916,#4917,#4918,#4919,#4920,#4921,#4922,
    #4923,#4924,#4925,#4926,#4927,#4928,#4929,#4930,#4931),
  .UNSPECIFIED.,.F.,.F.,(4,1,1,1,1,1,1,1,1,1,1,1,1,1,1,1,1,1,1,1,1,1,4),
  (2.710505431214E-20,2.399504147528E-07,4.799008295055E-07,
    7.198512442582E-07,9.59801659011E-07,1.199752073764E-06,
    1.439702488516E-06,1.679652903269E-06,1.919603318022E-06,
    2.159553732775E-06,2.399504147527E-06,2.63945456228E-06,
    2.879404977033E-06,3.119355391786E-06,3.359305806538E-06,
    3.599256221291E-06,3.839206636044E-06,4.079157050796E-06,
    4.319107465549E-06,4.559057880302E-06,4.799008295055E-06,
    5.038958709807E-06,5.27890912456E-06),.QUASI_UNIFORM_KNOTS.);
#4907 = CARTESIAN_POINT('',(4.96230285262,0.));
#4908 = CARTESIAN_POINT('',(4.96226188015,6.876173822476E-05));
#4909 = CARTESIAN_POINT('',(4.962179059326,2.058336138047E-04));
#4910 = CARTESIAN_POINT('',(4.962052234907,4.100481515001E-04));
#4911 = CARTESIAN_POINT('',(4.961922851769,6.128309404549E-04));
#4912 = CARTESIAN_POINT('',(4.961790944376,8.14143507603E-04));
#4913 = CARTESIAN_POINT('',(4.961656547193,1.013947379879E-03));
#4914 = CARTESIAN_POINT('',(4.961519694684,1.212204084215E-03));
#4915 = CARTESIAN_POINT('',(4.961380421314,1.408875147548E-03));
#4916 = CARTESIAN_POINT('',(4.961238761545,1.603922096809E-03));
#4917 = CARTESIAN_POINT('',(4.961094749841,1.797306458934E-03));
#4918 = CARTESIAN_POINT('',(4.960948420666,1.988989760856E-03));
#4919 = CARTESIAN_POINT('',(4.960799808482,2.178933529509E-03));
#4920 = CARTESIAN_POINT('',(4.960648947753,2.367099291827E-03));
#4921 = CARTESIAN_POINT('',(4.960495872939,2.553448574745E-03));
#4922 = CARTESIAN_POINT('',(4.960340618504,2.737942905196E-03));
#4923 = CARTESIAN_POINT('',(4.960183218909,2.920543810114E-03));
#4924 = CARTESIAN_POINT('',(4.960023708615,3.101212816433E-03));
#4925 = CARTESIAN_POINT('',(4.959862122083,3.279911451088E-03));
#4926 = CARTESIAN_POINT('',(4.959698493775,3.456601241011E-03));
#4927 = CARTESIAN_POINT('',(4.95953285815,3.631243713138E-03));
#4928 = CARTESIAN_POINT('',(4.959365249668,3.803800394401E-03));
#4929 = CARTESIAN_POINT('',(4.95919570279,3.974232811736E-03));
#4930 = CARTESIAN_POINT('',(4.959081402246,4.086412598629E-03));
#4931 = CARTESIAN_POINT('',(4.959023940394,4.142135623732E-03));
#4932 = ( GEOMETRIC_REPRESENTATION_CONTEXT(2) 
PARAMETRIC_REPRESENTATION_CONTEXT() REPRESENTATION_CONTEXT('2D SPACE',''
  ) );
#4933 = ORIENTED_EDGE('',*,*,#4137,.T.);
#4934 = ADVANCED_FACE('',(#4935),#4281,.T.);
#4935 = FACE_BOUND('',#4936,.T.);
#4936 = EDGE_LOOP('',(#4937,#4938,#4939));
#4937 = ORIENTED_EDGE('',*,*,#4627,.T.);
#4938 = ORIENTED_EDGE('',*,*,#4266,.T.);
#4939 = ORIENTED_EDGE('',*,*,#4940,.F.);
#4940 = EDGE_CURVE('',#4010,#3155,#4941,.T.);
#4941 = SURFACE_CURVE('',#4942,(#4947,#4976),.PCURVE_S1.);
#4942 = CIRCLE('',#4943,2.E-02);
#4943 = AXIS2_PLACEMENT_3D('',#4944,#4945,#4946);
#4944 = CARTESIAN_POINT('',(0.48,0.23,0.23));
#4945 = DIRECTION('',(0.,-1.,0.));
#4946 = DIRECTION('',(0.,0.,1.));
#4947 = PCURVE('',#4281,#4948);
#4948 = DEFINITIONAL_REPRESENTATION('',(#4949),#4975);
#4949 = B_SPLINE_CURVE_WITH_KNOTS('',3,(#4950,#4951,#4952,#4953,#4954,
    #4955,#4956,#4957,#4958,#4959,#4960,#4961,#4962,#4963,#4964,#4965,
    #4966,#4967,#4968,#4969,#4970,#4971,#4972,#4973,#4974),
  .UNSPECIFIED.,.F.,.F.,(4,1,1,1,1,1,1,1,1,1,1,1,1,1,1,1,1,1,1,1,1,1,4),
  (4.712388980385,4.783788813421,4.855188646457,4.926588479493,
    4.997988312529,5.069388145565,5.140787978601,5.212187811638,
    5.283587644674,5.35498747771,5.426387310746,5.497787143782,
    5.569186976818,5.640586809854,5.711986642891,5.783386475927,
    5.854786308963,5.926186141999,5.997585975035,6.068985808071,
    6.140385641107,6.211785474143,6.28318530718),.QUASI_UNIFORM_KNOTS.);
#4950 = CARTESIAN_POINT('',(6.28318530718,0.));
#4951 = CARTESIAN_POINT('',(6.259385362834,0.));
#4952 = CARTESIAN_POINT('',(6.211785474143,0.));
#4953 = CARTESIAN_POINT('',(6.140385641107,0.));
#4954 = CARTESIAN_POINT('',(6.068985808071,0.));
#4955 = CARTESIAN_POINT('',(5.997585975035,0.));
#4956 = CARTESIAN_POINT('',(5.926186141999,0.));
#4957 = CARTESIAN_POINT('',(5.854786308963,0.));
#4958 = CARTESIAN_POINT('',(5.783386475927,0.));
#4959 = CARTESIAN_POINT('',(5.711986642891,0.));
#4960 = CARTESIAN_POINT('',(5.640586809854,0.));
#4961 = CARTESIAN_POINT('',(5.569186976818,0.));
#4962 = CARTESIAN_POINT('',(5.497787143782,0.));
#4963 = CARTESIAN_POINT('',(5.426387310746,0.));
#4964 = CARTESIAN_POINT('',(5.35498747771,0.));
#4965 = CARTESIAN_POINT('',(5.283587644674,0.));
#4966 = CARTESIAN_POINT('',(5.212187811638,0.));
#4967 = CARTESIAN_POINT('',(5.140787978601,0.));
#4968 = CARTESIAN_POINT('',(5.069388145565,0.));
#4969 = CARTESIAN_POINT('',(4.997988312529,0.));
#4970 = CARTESIAN_POINT('',(4.926588479493,0.));
#4971 = CARTESIAN_POINT('',(4.855188646457,0.));
#4972 = CARTESIAN_POINT('',(4.783788813421,0.));
#4973 = CARTESIAN_POINT('',(4.73618892473,0.));
#4974 = CARTESIAN_POINT('',(4.712388980385,0.));
#4975 = ( GEOMETRIC_REPRESENTATION_CONTEXT(2) 
PARAMETRIC_REPRESENTATION_CONTEXT() REPRESENTATION_CONTEXT('2D SPACE',''
  ) );
#4976 = PCURVE('',#3170,#4977);
#4977 = DEFINITIONAL_REPRESENTATION('',(#4978),#4982);
#4978 = LINE('',#4979,#4980);
#4979 = CARTESIAN_POINT('',(-3.14159265359,-0.23));
#4980 = VECTOR('',#4981,1.);
#4981 = DIRECTION('',(1.,0.));
#4982 = ( GEOMETRIC_REPRESENTATION_CONTEXT(2) 
PARAMETRIC_REPRESENTATION_CONTEXT() REPRESENTATION_CONTEXT('2D SPACE',''
  ) );
#4983 = ADVANCED_FACE('',(#4984),#4614,.T.);
#4984 = FACE_BOUND('',#4985,.T.);
#4985 = EDGE_LOOP('',(#4986,#4987,#4988));
#4986 = ORIENTED_EDGE('',*,*,#4723,.T.);
#4987 = ORIENTED_EDGE('',*,*,#4599,.T.);
#4988 = ORIENTED_EDGE('',*,*,#4989,.F.);
#4989 = EDGE_CURVE('',#3935,#4063,#4990,.T.);
#4990 = SURFACE_CURVE('',#4991,(#4996,#5003),.PCURVE_S1.);
#4991 = CIRCLE('',#4992,2.E-02);
#4992 = AXIS2_PLACEMENT_3D('',#4993,#4994,#4995);
#4993 = CARTESIAN_POINT('',(0.48,0.23,-0.23));
#4994 = DIRECTION('',(0.,-1.,0.));
#4995 = DIRECTION('',(0.,0.,1.));
#4996 = PCURVE('',#4614,#4997);
#4997 = DEFINITIONAL_REPRESENTATION('',(#4998),#5002);
#4998 = LINE('',#4999,#5000);
#4999 = CARTESIAN_POINT('',(4.712388980385,0.));
#5000 = VECTOR('',#5001,1.);
#5001 = DIRECTION('',(-1.,0.));
#5002 = ( GEOMETRIC_REPRESENTATION_CONTEXT(2) 
PARAMETRIC_REPRESENTATION_CONTEXT() REPRESENTATION_CONTEXT('2D SPACE',''
  ) );
#5003 = PCURVE('',#3973,#5004);
#5004 = DEFINITIONAL_REPRESENTATION('',(#5005),#5009);
#5005 = LINE('',#5006,#5007);
#5006 = CARTESIAN_POINT('',(6.28318530718,0.23));
#5007 = VECTOR('',#5008,1.);
#5008 = DIRECTION('',(-1.,0.));
#5009 = ( GEOMETRIC_REPRESENTATION_CONTEXT(2) 
PARAMETRIC_REPRESENTATION_CONTEXT() REPRESENTATION_CONTEXT('2D SPACE',''
  ) );
#5010 = ADVANCED_FACE('',(#5011),#3081,.T.);
#5011 = FACE_BOUND('',#5012,.T.);
#5012 = EDGE_LOOP('',(#5013,#5087,#5088,#5137,#5138,#5212,#5240,#5316,
    #5389));
#5013 = ORIENTED_EDGE('',*,*,#5014,.F.);
#5014 = EDGE_CURVE('',#2979,#5015,#5017,.T.);
#5015 = VERTEX_POINT('',#5016);
#5016 = CARTESIAN_POINT('',(0.279227112039,-0.247320508076,0.24));
#5017 = SURFACE_CURVE('',#5018,(#5029,#5058),.PCURVE_S1.);
#5018 = B_SPLINE_CURVE_WITH_KNOTS('',3,(#5019,#5020,#5021,#5022,#5023,
    #5024,#5025,#5026,#5027,#5028),.UNSPECIFIED.,.F.,.F.,(4,3,3,4),(
    3.167100127873E-05,3.362104032773E-05,4.069779286089E-05,
    4.236128272409E-05),.UNSPECIFIED.);
#5019 = CARTESIAN_POINT('',(0.276809371192,-0.25,0.23));
#5020 = CARTESIAN_POINT('',(0.276959928035,-0.25,0.230637045692));
#5021 = CARTESIAN_POINT('',(0.277111275392,-0.249969500954,
    0.231274629676));
#5022 = CARTESIAN_POINT('',(0.277262425793,-0.249908720208,
    0.231908627968));
#5023 = CARTESIAN_POINT('',(0.277806808787,-0.249689812388,
    0.234192035005));
#5024 = CARTESIAN_POINT('',(0.278358527603,-0.249064446226,
    0.236468685938));
#5025 = CARTESIAN_POINT('',(0.27886961982,-0.248080622005,0.238549333872
    ));
#5026 = CARTESIAN_POINT('',(0.27899075317,-0.247847447012,0.239042465733
    ));
#5027 = CARTESIAN_POINT('',(0.27911012873,-0.247593701141,0.23952681573)
  );
#5028 = CARTESIAN_POINT('',(0.279227112039,-0.247320508076,0.24));
#5029 = PCURVE('',#3081,#5030);
#5030 = DEFINITIONAL_REPRESENTATION('',(#5031),#5057);
#5031 = B_SPLINE_CURVE_WITH_KNOTS('',3,(#5032,#5033,#5034,#5035,#5036,
    #5037,#5038,#5039,#5040,#5041,#5042,#5043,#5044,#5045,#5046,#5047,
    #5048,#5049,#5050,#5051,#5052,#5053,#5054,#5055,#5056),
  .UNSPECIFIED.,.F.,.F.,(4,1,1,1,1,1,1,1,1,1,1,1,1,1,1,1,1,1,1,1,1,1,4),
  (3.167100127873E-05,3.215692316261E-05,3.264284504649E-05,
    3.312876693037E-05,3.361468881425E-05,3.410061069813E-05,
    3.458653258201E-05,3.507245446589E-05,3.555837634977E-05,
    3.604429823365E-05,3.653022011753E-05,3.701614200141E-05,
    3.750206388529E-05,3.798798576917E-05,3.847390765305E-05,
    3.895982953693E-05,3.944575142081E-05,3.993167330469E-05,
    4.041759518857E-05,4.090351707245E-05,4.138943895633E-05,
    4.187536084021E-05,4.236128272409E-05),.QUASI_UNIFORM_KNOTS.);
#5032 = CARTESIAN_POINT('',(4.712388980385,2.680937119185E-02));
#5033 = CARTESIAN_POINT('',(4.704451850513,2.684688780724E-02));
#5034 = CARTESIAN_POINT('',(4.688575187359,2.692201467068E-02));
#5035 = CARTESIAN_POINT('',(4.664750037629,2.70349350399E-02));
#5036 = CARTESIAN_POINT('',(4.640946274372,2.714787126047E-02));
#5037 = CARTESIAN_POINT('',(4.617074737222,2.726118100534E-02));
#5038 = CARTESIAN_POINT('',(4.593494615983,2.737309776365E-02));
#5039 = CARTESIAN_POINT('',(4.569787266658,2.748554129104E-02));
#5040 = CARTESIAN_POINT('',(4.546067387078,2.759789705102E-02));
#5041 = CARTESIAN_POINT('',(4.522310961817,2.771021158029E-02));
#5042 = CARTESIAN_POINT('',(4.498531474018,2.782235428257E-02));
#5043 = CARTESIAN_POINT('',(4.474732614115,2.793424202025E-02));
#5044 = CARTESIAN_POINT('',(4.450920869259,2.804577895398E-02));
#5045 = CARTESIAN_POINT('',(4.427102086695,2.815687259275E-02));
#5046 = CARTESIAN_POINT('',(4.403282256104,2.826742975398E-02));
#5047 = CARTESIAN_POINT('',(4.379467439586,2.837735667293E-02));
#5048 = CARTESIAN_POINT('',(4.355662891593,2.848656260512E-02));
#5049 = CARTESIAN_POINT('',(4.33187627292,2.85949453072E-02));
#5050 = CARTESIAN_POINT('',(4.308105302,2.8702445511E-02));
#5051 = CARTESIAN_POINT('',(4.2843835683,2.880884354652E-02));
#5052 = CARTESIAN_POINT('',(4.260609267138,2.891451837592E-02));
#5053 = CARTESIAN_POINT('',(4.236656059375,2.901996140813E-02));
#5054 = CARTESIAN_POINT('',(4.212732519249,2.912417875164E-02));
#5055 = CARTESIAN_POINT('',(4.196770439011,2.919294005453E-02));
#5056 = CARTESIAN_POINT('',(4.188790204786,2.922711203907E-02));
#5057 = ( GEOMETRIC_REPRESENTATION_CONTEXT(2) 
PARAMETRIC_REPRESENTATION_CONTEXT() REPRESENTATION_CONTEXT('2D SPACE',''
  ) );
#5058 = PCURVE('',#2777,#5059);
#5059 = DEFINITIONAL_REPRESENTATION('',(#5060),#5086);
#5060 = B_SPLINE_CURVE_WITH_KNOTS('',3,(#5061,#5062,#5063,#5064,#5065,
    #5066,#5067,#5068,#5069,#5070,#5071,#5072,#5073,#5074,#5075,#5076,
    #5077,#5078,#5079,#5080,#5081,#5082,#5083,#5084,#5085),
  .UNSPECIFIED.,.F.,.F.,(4,1,1,1,1,1,1,1,1,1,1,1,1,1,1,1,1,1,1,1,1,1,4),
  (3.167100127873E-05,3.215692316261E-05,3.264284504649E-05,
    3.312876693037E-05,3.361468881425E-05,3.410061069813E-05,
    3.458653258201E-05,3.507245446589E-05,3.555837634977E-05,
    3.604429823365E-05,3.653022011753E-05,3.701614200141E-05,
    3.750206388529E-05,3.798798576917E-05,3.847390765305E-05,
    3.895982953693E-05,3.944575142081E-05,3.993167330469E-05,
    4.041759518857E-05,4.090351707245E-05,4.138943895633E-05,
    4.187536084021E-05,4.236128272409E-05),.QUASI_UNIFORM_KNOTS.);
#5061 = CARTESIAN_POINT('',(4.480311297522,1.E-02));
#5062 = CARTESIAN_POINT('',(4.480148181803,1.E-02));
#5063 = CARTESIAN_POINT('',(4.479821882354,9.996214067238E-03));
#5064 = CARTESIAN_POINT('',(4.47933244608,9.97918266436E-03));
#5065 = CARTESIAN_POINT('',(4.478843946159,9.9508635851E-03));
#5066 = CARTESIAN_POINT('',(4.478354833219,9.911113291996E-03));
#5067 = CARTESIAN_POINT('',(4.477872742677,9.860562174055E-03));
#5068 = CARTESIAN_POINT('',(4.477389395532,9.798424857005E-03));
#5069 = CARTESIAN_POINT('',(4.476907413212,9.725022754381E-03));
#5070 = CARTESIAN_POINT('',(4.476426573956,9.640387965023E-03));
#5071 = CARTESIAN_POINT('',(4.47594741784,9.544630107321E-03));
#5072 = CARTESIAN_POINT('',(4.475470280832,9.43783803616E-03));
#5073 = CARTESIAN_POINT('',(4.474995553533,9.320106140899E-03));
#5074 = CARTESIAN_POINT('',(4.474523612146,9.191527436506E-03));
#5075 = CARTESIAN_POINT('',(4.474054835875,9.05219490103E-03));
#5076 = CARTESIAN_POINT('',(4.473589606332,8.902203034595E-03));
#5077 = CARTESIAN_POINT('',(4.473128292521,8.741640285947E-03));
#5078 = CARTESIAN_POINT('',(4.472671311477,8.570617787264E-03));
#5079 = CARTESIAN_POINT('',(4.472218900731,8.389161988368E-03));
#5080 = CARTESIAN_POINT('',(4.471771967806,8.197615385087E-03));
#5081 = CARTESIAN_POINT('',(4.471328919756,7.995140971568E-03));
#5082 = CARTESIAN_POINT('',(4.470887639808,7.780839805755E-03));
#5083 = CARTESIAN_POINT('',(4.470452265007,7.556614013279E-03));
#5084 = CARTESIAN_POINT('',(4.470165512615,7.400310479044E-03));
#5085 = CARTESIAN_POINT('',(4.470023129346,7.320508075689E-03));
#5086 = ( GEOMETRIC_REPRESENTATION_CONTEXT(2) 
PARAMETRIC_REPRESENTATION_CONTEXT() REPRESENTATION_CONTEXT('2D SPACE',''
  ) );
#5087 = ORIENTED_EDGE('',*,*,#3067,.F.);
#5088 = ORIENTED_EDGE('',*,*,#5089,.F.);
#5089 = EDGE_CURVE('',#3132,#3040,#5090,.T.);
#5090 = SURFACE_CURVE('',#5091,(#5096,#5103),.PCURVE_S1.);
#5091 = CIRCLE('',#5092,2.E-02);
#5092 = AXIS2_PLACEMENT_3D('',#5093,#5094,#5095);
#5093 = CARTESIAN_POINT('',(0.48,-0.23,0.23));
#5094 = DIRECTION('',(1.,0.,0.));
#5095 = DIRECTION('',(0.,-0.,-1.));
#5096 = PCURVE('',#3081,#5097);
#5097 = DEFINITIONAL_REPRESENTATION('',(#5098),#5102);
#5098 = LINE('',#5099,#5100);
#5099 = CARTESIAN_POINT('',(0.,0.23));
#5100 = VECTOR('',#5101,1.);
#5101 = DIRECTION('',(1.,0.));
#5102 = ( GEOMETRIC_REPRESENTATION_CONTEXT(2) 
PARAMETRIC_REPRESENTATION_CONTEXT() REPRESENTATION_CONTEXT('2D SPACE',''
  ) );
#5103 = PCURVE('',#5104,#5109);
#5104 = SPHERICAL_SURFACE('',#5105,2.E-02);
#5105 = AXIS2_PLACEMENT_3D('',#5106,#5107,#5108);
#5106 = CARTESIAN_POINT('',(0.48,-0.23,0.23));
#5107 = DIRECTION('',(0.,1.,0.));
#5108 = DIRECTION('',(1.,0.,0.));
#5109 = DEFINITIONAL_REPRESENTATION('',(#5110),#5136);
#5110 = B_SPLINE_CURVE_WITH_KNOTS('',3,(#5111,#5112,#5113,#5114,#5115,
    #5116,#5117,#5118,#5119,#5120,#5121,#5122,#5123,#5124,#5125,#5126,
    #5127,#5128,#5129,#5130,#5131,#5132,#5133,#5134,#5135),
  .UNSPECIFIED.,.F.,.F.,(4,1,1,1,1,1,1,1,1,1,1,1,1,1,1,1,1,1,1,1,1,1,4),
  (3.14159265359,3.212992486626,3.284392319662,3.355792152698,
    3.427191985734,3.49859181877,3.569991651807,3.641391484843,
    3.712791317879,3.784191150915,3.855590983951,3.926990816987,
    3.998390650023,4.06979048306,4.141190316096,4.212590149132,
    4.283989982168,4.355389815204,4.42678964824,4.498189481276,
    4.569589314312,4.640989147349,4.712388980385),
  .QUASI_UNIFORM_KNOTS.);
#5111 = CARTESIAN_POINT('',(4.712388980385,0.));
#5112 = CARTESIAN_POINT('',(4.712388980385,-2.379994434538E-02));
#5113 = CARTESIAN_POINT('',(4.712388980385,-7.139983303613E-02));
#5114 = CARTESIAN_POINT('',(4.712388980385,-0.142799666072));
#5115 = CARTESIAN_POINT('',(4.712388980385,-0.214199499108));
#5116 = CARTESIAN_POINT('',(4.712388980385,-0.285599332145));
#5117 = CARTESIAN_POINT('',(4.712388980385,-0.356999165181));
#5118 = CARTESIAN_POINT('',(4.712388980385,-0.428398998217));
#5119 = CARTESIAN_POINT('',(4.712388980385,-0.499798831253));
#5120 = CARTESIAN_POINT('',(4.712388980385,-0.571198664289));
#5121 = CARTESIAN_POINT('',(4.712388980385,-0.642598497325));
#5122 = CARTESIAN_POINT('',(4.712388980385,-0.713998330361));
#5123 = CARTESIAN_POINT('',(4.712388980385,-0.785398163397));
#5124 = CARTESIAN_POINT('',(4.712388980385,-0.856797996434));
#5125 = CARTESIAN_POINT('',(4.712388980385,-0.92819782947));
#5126 = CARTESIAN_POINT('',(4.712388980385,-0.999597662506));
#5127 = CARTESIAN_POINT('',(4.712388980385,-1.070997495542));
#5128 = CARTESIAN_POINT('',(4.712388980385,-1.142397328578));
#5129 = CARTESIAN_POINT('',(4.712388980385,-1.213797161614));
#5130 = CARTESIAN_POINT('',(4.712388980385,-1.28519699465));
#5131 = CARTESIAN_POINT('',(4.712388980385,-1.356596827687));
#5132 = CARTESIAN_POINT('',(4.712388980385,-1.427996660723));
#5133 = CARTESIAN_POINT('',(4.712388980385,-1.499396493759));
#5134 = CARTESIAN_POINT('',(4.712388980385,-1.54699638245));
#5135 = CARTESIAN_POINT('',(4.712388980385,-1.570796326795));
#5136 = ( GEOMETRIC_REPRESENTATION_CONTEXT(2) 
PARAMETRIC_REPRESENTATION_CONTEXT() REPRESENTATION_CONTEXT('2D SPACE',''
  ) );
#5137 = ORIENTED_EDGE('',*,*,#3131,.F.);
#5138 = ORIENTED_EDGE('',*,*,#5139,.F.);
#5139 = EDGE_CURVE('',#5140,#3097,#5142,.T.);
#5140 = VERTEX_POINT('',#5141);
#5141 = CARTESIAN_POINT('',(0.279227112039,-0.24,0.247320508076));
#5142 = SURFACE_CURVE('',#5143,(#5154,#5183),.PCURVE_S1.);
#5143 = B_SPLINE_CURVE_WITH_KNOTS('',3,(#5144,#5145,#5146,#5147,#5148,
    #5149,#5150,#5151,#5152,#5153),.UNSPECIFIED.,.F.,.F.,(4,3,3,4),(
    5.276073554983E-05,5.42998752948E-05,6.122694245264E-05,
    6.344255592593E-05),.UNSPECIFIED.);
#5144 = CARTESIAN_POINT('',(0.279227112039,-0.24,0.247320508076));
#5145 = CARTESIAN_POINT('',(0.279118734939,-0.239561626875,
    0.247573602918));
#5146 = CARTESIAN_POINT('',(0.279008310843,-0.239113696167,
    0.247809996627));
#5147 = CARTESIAN_POINT('',(0.278896344082,-0.238658101614,
    0.248028790228));
#5148 = CARTESIAN_POINT('',(0.278396630545,-0.236624759191,
    0.249005277562));
#5149 = CARTESIAN_POINT('',(0.277857497284,-0.234401861779,
    0.249638656337));
#5150 = CARTESIAN_POINT('',(0.277324099084,-0.232167163436,
    0.249882238395));
#5151 = CARTESIAN_POINT('',(0.277152440024,-0.231447989251,
    0.249960628361));
#5152 = CARTESIAN_POINT('',(0.276980380999,-0.230723587572,0.25));
#5153 = CARTESIAN_POINT('',(0.276809371192,-0.23,0.25));
#5154 = PCURVE('',#3081,#5155);
#5155 = DEFINITIONAL_REPRESENTATION('',(#5156),#5182);
#5156 = B_SPLINE_CURVE_WITH_KNOTS('',3,(#5157,#5158,#5159,#5160,#5161,
    #5162,#5163,#5164,#5165,#5166,#5167,#5168,#5169,#5170,#5171,#5172,
    #5173,#5174,#5175,#5176,#5177,#5178,#5179,#5180,#5181),
  .UNSPECIFIED.,.F.,.F.,(4,1,1,1,1,1,1,1,1,1,1,1,1,1,1,1,1,1,1,1,1,1,4),
  (5.276073554983E-05,5.324627283965E-05,5.373181012948E-05,
    5.42173474193E-05,5.470288470912E-05,5.518842199894E-05,
    5.567395928877E-05,5.615949657859E-05,5.664503386841E-05,
    5.713057115824E-05,5.761610844806E-05,5.810164573788E-05,
    5.85871830277E-05,5.907272031753E-05,5.955825760735E-05,
    6.004379489717E-05,6.052933218699E-05,6.101486947682E-05,
    6.150040676664E-05,6.198594405646E-05,6.247148134629E-05,
    6.295701863611E-05,6.344255592593E-05),.QUASI_UNIFORM_KNOTS.);
#5157 = CARTESIAN_POINT('',(3.665191429188,2.922711203907E-02));
#5158 = CARTESIAN_POINT('',(3.657207300386,2.919292338047E-02));
#5159 = CARTESIAN_POINT('',(3.641236437132,2.912412397157E-02));
#5160 = CARTESIAN_POINT('',(3.617308172538,2.901988567581E-02));
#5161 = CARTESIAN_POINT('',(3.59332446474,2.891430689963E-02));
#5162 = CARTESIAN_POINT('',(3.569619462782,2.880893571248E-02));
#5163 = CARTESIAN_POINT('',(3.545857290534,2.870235594498E-02));
#5164 = CARTESIAN_POINT('',(3.5220781734,2.859481813021E-02));
#5165 = CARTESIAN_POINT('',(3.498277805164,2.848637343609E-02));
#5166 = CARTESIAN_POINT('',(3.474464190407,2.837712644879E-02));
#5167 = CARTESIAN_POINT('',(3.450642338534,2.826716744664E-02));
#5168 = CARTESIAN_POINT('',(3.426818281445,2.815659052107E-02));
#5169 = CARTESIAN_POINT('',(3.402997938555,2.804548881893E-02));
#5170 = CARTESIAN_POINT('',(3.379187264148,2.793395545235E-02));
#5171 = CARTESIAN_POINT('',(3.355392415342,2.782208461689E-02));
#5172 = CARTESIAN_POINT('',(3.331618554594,2.770996620908E-02));
#5173 = CARTESIAN_POINT('',(3.307874094756,2.759770623819E-02));
#5174 = CARTESIAN_POINT('',(3.28415454277,2.748535056151E-02));
#5175 = CARTESIAN_POINT('',(3.260502511476,2.737316953156E-02));
#5176 = CARTESIAN_POINT('',(3.236783467412,2.726059567185E-02));
#5177 = CARTESIAN_POINT('',(3.212973845687,2.714757950864E-02));
#5178 = CARTESIAN_POINT('',(3.189180410619,2.703469262493E-02));
#5179 = CARTESIAN_POINT('',(3.165381722514,2.692189772844E-02));
#5180 = CARTESIAN_POINT('',(3.149521123281,2.684684687938E-02));
#5181 = CARTESIAN_POINT('',(3.14159265359,2.680937119185E-02));
#5182 = ( GEOMETRIC_REPRESENTATION_CONTEXT(2) 
PARAMETRIC_REPRESENTATION_CONTEXT() REPRESENTATION_CONTEXT('2D SPACE',''
  ) );
#5183 = PCURVE('',#2940,#5184);
#5184 = DEFINITIONAL_REPRESENTATION('',(#5185),#5211);
#5185 = B_SPLINE_CURVE_WITH_KNOTS('',3,(#5186,#5187,#5188,#5189,#5190,
    #5191,#5192,#5193,#5194,#5195,#5196,#5197,#5198,#5199,#5200,#5201,
    #5202,#5203,#5204,#5205,#5206,#5207,#5208,#5209,#5210),
  .UNSPECIFIED.,.F.,.F.,(4,1,1,1,1,1,1,1,1,1,1,1,1,1,1,1,1,1,1,1,1,1,4),
  (5.276073554983E-05,5.324627283965E-05,5.373181012948E-05,
    5.42173474193E-05,5.470288470912E-05,5.518842199894E-05,
    5.567395928877E-05,5.615949657859E-05,5.664503386841E-05,
    5.713057115824E-05,5.761610844806E-05,5.810164573788E-05,
    5.85871830277E-05,5.907272031753E-05,5.955825760735E-05,
    6.004379489717E-05,6.052933218699E-05,6.101486947682E-05,
    6.150040676664E-05,6.198594405646E-05,6.247148134629E-05,
    6.295701863611E-05,6.344255592593E-05),.QUASI_UNIFORM_KNOTS.);
#5186 = CARTESIAN_POINT('',(4.954754831424,7.320508075689E-03));
#5187 = CARTESIAN_POINT('',(4.954612378679,7.400349418256E-03));
#5188 = CARTESIAN_POINT('',(4.954325467368,7.556737040658E-03));
#5189 = CARTESIAN_POINT('',(4.953890004465,7.781003246668E-03));
#5190 = CARTESIAN_POINT('',(4.953448156985,7.995567025164E-03));
#5191 = CARTESIAN_POINT('',(4.953006371895,8.197391238023E-03));
#5192 = CARTESIAN_POINT('',(4.952558672083,8.389247862602E-03));
#5193 = CARTESIAN_POINT('',(4.952106102814,8.570753080647E-03));
#5194 = CARTESIAN_POINT('',(4.951648864348,8.741887420896E-03));
#5195 = CARTESIAN_POINT('',(4.951187383355,8.90253378625E-03));
#5196 = CARTESIAN_POINT('',(4.950722025861,9.052601235971E-03));
#5197 = CARTESIAN_POINT('',(4.950253174051,9.191991829716E-03));
#5198 = CARTESIAN_POINT('',(4.94978120611,9.320609469193E-03));
#5199 = CARTESIAN_POINT('',(4.949306500048,9.43835768752E-03));
#5200 = CARTESIAN_POINT('',(4.94882943855,9.545139650122E-03));
#5201 = CARTESIAN_POINT('',(4.948350385751,9.640860361783E-03));
#5202 = CARTESIAN_POINT('',(4.947869775283,9.725417837541E-03));
#5203 = CARTESIAN_POINT('',(4.947387781302,9.798736212071E-03));
#5204 = CARTESIAN_POINT('',(4.94690554632,9.860642131231E-03));
#5205 = CARTESIAN_POINT('',(4.94642059886,9.91132607652E-03));
#5206 = CARTESIAN_POINT('',(4.945932752244,9.950937151253E-03));
#5207 = CARTESIAN_POINT('',(4.945444463278,9.979221549468E-03));
#5208 = CARTESIAN_POINT('',(4.944955570243,9.99621907018E-03));
#5209 = CARTESIAN_POINT('',(4.944629601019,1.E-02));
#5210 = CARTESIAN_POINT('',(4.944466663247,1.E-02));
#5211 = ( GEOMETRIC_REPRESENTATION_CONTEXT(2) 
PARAMETRIC_REPRESENTATION_CONTEXT() REPRESENTATION_CONTEXT('2D SPACE',''
  ) );
#5212 = ORIENTED_EDGE('',*,*,#5213,.T.);
#5213 = EDGE_CURVE('',#5140,#5214,#5216,.T.);
#5214 = VERTEX_POINT('',#5215);
#5215 = CARTESIAN_POINT('',(0.281066273533,-0.24,0.247320508076));
#5216 = SURFACE_CURVE('',#5217,(#5221,#5228),.PCURVE_S1.);
#5217 = LINE('',#5218,#5219);
#5218 = CARTESIAN_POINT('',(0.25,-0.24,0.247320508076));
#5219 = VECTOR('',#5220,1.);
#5220 = DIRECTION('',(1.,0.,0.));
#5221 = PCURVE('',#3081,#5222);
#5222 = DEFINITIONAL_REPRESENTATION('',(#5223),#5227);
#5223 = LINE('',#5224,#5225);
#5224 = CARTESIAN_POINT('',(3.665191429188,0.));
#5225 = VECTOR('',#5226,1.);
#5226 = DIRECTION('',(0.,1.));
#5227 = ( GEOMETRIC_REPRESENTATION_CONTEXT(2) 
PARAMETRIC_REPRESENTATION_CONTEXT() REPRESENTATION_CONTEXT('2D SPACE',''
  ) );
#5228 = PCURVE('',#5229,#5234);
#5229 = PLANE('',#5230);
#5230 = AXIS2_PLACEMENT_3D('',#5231,#5232,#5233);
#5231 = CARTESIAN_POINT('',(1.25,-0.24,8.119346691827E-16));
#5232 = DIRECTION('',(0.,-1.,3.383061121595E-15));
#5233 = DIRECTION('',(0.,-3.383061121595E-15,-1.));
#5234 = DEFINITIONAL_REPRESENTATION('',(#5235),#5239);
#5235 = LINE('',#5236,#5237);
#5236 = CARTESIAN_POINT('',(-0.247320508076,-1.));
#5237 = VECTOR('',#5238,1.);
#5238 = DIRECTION('',(0.,1.));
#5239 = ( GEOMETRIC_REPRESENTATION_CONTEXT(2) 
PARAMETRIC_REPRESENTATION_CONTEXT() REPRESENTATION_CONTEXT('2D SPACE',''
  ) );
#5240 = ORIENTED_EDGE('',*,*,#5241,.F.);
#5241 = EDGE_CURVE('',#5242,#5214,#5244,.T.);
#5242 = VERTEX_POINT('',#5243);
#5243 = CARTESIAN_POINT('',(0.280260541376,-0.244142135624,
    0.244142135624));
#5244 = SURFACE_CURVE('',#5245,(#5253,#5282),.PCURVE_S1.);
#5245 = B_SPLINE_CURVE_WITH_KNOTS('',3,(#5246,#5247,#5248,#5249,#5250,
    #5251,#5252),.UNSPECIFIED.,.F.,.F.,(4,3,4),(4.768478967379E-05,
    4.777703300455E-05,5.296728263383E-05),.UNSPECIFIED.);
#5246 = CARTESIAN_POINT('',(0.280260541376,-0.244142135624,
    0.244142135624));
#5247 = CARTESIAN_POINT('',(0.280266004595,-0.244120435562,
    0.244163835685));
#5248 = CARTESIAN_POINT('',(0.2802714564,-0.244098684103,0.244185487341)
  );
#5249 = CARTESIAN_POINT('',(0.280276896672,-0.244076881479,
    0.244207090143));
#5250 = CARTESIAN_POINT('',(0.280578840866,-0.242866799374,
    0.245406081787));
#5251 = CARTESIAN_POINT('',(0.280847253111,-0.241486206584,
    0.246462446304));
#5252 = CARTESIAN_POINT('',(0.281066273533,-0.24,0.247320508076));
#5253 = PCURVE('',#3081,#5254);
#5254 = DEFINITIONAL_REPRESENTATION('',(#5255),#5281);
#5255 = B_SPLINE_CURVE_WITH_KNOTS('',3,(#5256,#5257,#5258,#5259,#5260,
    #5261,#5262,#5263,#5264,#5265,#5266,#5267,#5268,#5269,#5270,#5271,
    #5272,#5273,#5274,#5275,#5276,#5277,#5278,#5279,#5280),
  .UNSPECIFIED.,.F.,.F.,(4,1,1,1,1,1,1,1,1,1,1,1,1,1,1,1,1,1,1,1,1,1,4),
  (4.768478967379E-05,4.792490299016E-05,4.816501630652E-05,
    4.840512962289E-05,4.864524293925E-05,4.888535625562E-05,
    4.912546957199E-05,4.936558288835E-05,4.960569620472E-05,
    4.984580952108E-05,5.008592283745E-05,5.032603615381E-05,
    5.056614947018E-05,5.080626278654E-05,5.104637610291E-05,
    5.128648941927E-05,5.152660273564E-05,5.1766716052E-05,
    5.200682936837E-05,5.224694268473E-05,5.24870560011E-05,
    5.272716931746E-05,5.296728263383E-05),.QUASI_UNIFORM_KNOTS.);
#5256 = CARTESIAN_POINT('',(3.926990816987,3.026054137563E-02));
#5257 = CARTESIAN_POINT('',(3.923013480881,3.02747023E-02));
#5258 = CARTESIAN_POINT('',(3.915095591315,3.030273508453E-02));
#5259 = CARTESIAN_POINT('',(3.903274492664,3.034410446418E-02));
#5260 = CARTESIAN_POINT('',(3.891423022127,3.038509324721E-02));
#5261 = CARTESIAN_POINT('',(3.879565305804,3.04256093167E-02));
#5262 = CARTESIAN_POINT('',(3.867695951358,3.046566540891E-02));
#5263 = CARTESIAN_POINT('',(3.855817491828,3.050524616476E-02));
#5264 = CARTESIAN_POINT('',(3.843930349912,3.054434375333E-02));
#5265 = CARTESIAN_POINT('',(3.832035524325,3.058294832649E-02));
#5266 = CARTESIAN_POINT('',(3.820133867258,3.062105057666E-02));
#5267 = CARTESIAN_POINT('',(3.808226275244,3.06586410514E-02));
#5268 = CARTESIAN_POINT('',(3.796313635253,3.069571033708E-02));
#5269 = CARTESIAN_POINT('',(3.784396836368,3.073224900969E-02));
#5270 = CARTESIAN_POINT('',(3.772476763883,3.076824764799E-02));
#5271 = CARTESIAN_POINT('',(3.760554298104,3.080369683E-02));
#5272 = CARTESIAN_POINT('',(3.748630311903,3.083858713393E-02));
#5273 = CARTESIAN_POINT('',(3.7367056686,3.087290913795E-02));
#5274 = CARTESIAN_POINT('',(3.724781219788,3.090665342023E-02));
#5275 = CARTESIAN_POINT('',(3.712857803121,3.093981055896E-02));
#5276 = CARTESIAN_POINT('',(3.700936240385,3.097237113231E-02));
#5277 = CARTESIAN_POINT('',(3.68901733456,3.100432571845E-02));
#5278 = CARTESIAN_POINT('',(3.677101870748,3.103566489555E-02));
#5279 = CARTESIAN_POINT('',(3.669161025422,3.105614112639E-02));
#5280 = CARTESIAN_POINT('',(3.665191429188,3.106627353302E-02));
#5281 = ( GEOMETRIC_REPRESENTATION_CONTEXT(2) 
PARAMETRIC_REPRESENTATION_CONTEXT() REPRESENTATION_CONTEXT('2D SPACE',''
  ) );
#5282 = PCURVE('',#5283,#5288);
#5283 = CYLINDRICAL_SURFACE('',#5284,1.);
#5284 = AXIS2_PLACEMENT_3D('',#5285,#5286,#5287);
#5285 = CARTESIAN_POINT('',(1.25,-0.24,8.119346691827E-16));
#5286 = DIRECTION('',(-0.,-1.,3.383061121595E-15));
#5287 = DIRECTION('',(0.,-3.383061121595E-15,-1.));
#5288 = DEFINITIONAL_REPRESENTATION('',(#5289),#5315);
#5289 = B_SPLINE_CURVE_WITH_KNOTS('',3,(#5290,#5291,#5292,#5293,#5294,
    #5295,#5296,#5297,#5298,#5299,#5300,#5301,#5302,#5303,#5304,#5305,
    #5306,#5307,#5308,#5309,#5310,#5311,#5312,#5313,#5314),
  .UNSPECIFIED.,.F.,.F.,(4,1,1,1,1,1,1,1,1,1,1,1,1,1,1,1,1,1,1,1,1,1,4),
  (4.768478967379E-05,4.792490299016E-05,4.816501630652E-05,
    4.840512962289E-05,4.864524293925E-05,4.888535625562E-05,
    4.912546957199E-05,4.936558288835E-05,4.960569620472E-05,
    4.984580952108E-05,5.008592283745E-05,5.032603615381E-05,
    5.056614947018E-05,5.080626278654E-05,5.104637610291E-05,
    5.128648941927E-05,5.152660273564E-05,5.1766716052E-05,
    5.200682936837E-05,5.224694268473E-05,5.24870560011E-05,
    5.272716931746E-05,5.296728263383E-05),.QUASI_UNIFORM_KNOTS.);
#5290 = CARTESIAN_POINT('',(4.465754020376,4.142135623731E-03));
#5291 = CARTESIAN_POINT('',(4.465696017701,4.085887023675E-03));
#5292 = CARTESIAN_POINT('',(4.465581236013,3.973241154864E-03));
#5293 = CARTESIAN_POINT('',(4.465411962749,3.803078749498E-03));
#5294 = CARTESIAN_POINT('',(4.465244359116,3.630528562387E-03));
#5295 = CARTESIAN_POINT('',(4.465078798174,3.455959456341E-03));
#5296 = CARTESIAN_POINT('',(4.464915223542,3.27932147822E-03));
#5297 = CARTESIAN_POINT('',(4.464753693907,3.10067689628E-03));
#5298 = CARTESIAN_POINT('',(4.464594237125,2.920057909144E-03));
#5299 = CARTESIAN_POINT('',(4.464436889313,2.737504772571E-03));
#5300 = CARTESIAN_POINT('',(4.464281684376,2.553055583415E-03));
#5301 = CARTESIAN_POINT('',(4.464128656811,2.366749017006E-03));
#5302 = CARTESIAN_POINT('',(4.463977840956,2.178623593673E-03));
#5303 = CARTESIAN_POINT('',(4.463829271194,1.988717875279E-03));
#5304 = CARTESIAN_POINT('',(4.463682981896,1.797070412554E-03));
#5305 = CARTESIAN_POINT('',(4.463539007434,1.603719759216E-03));
#5306 = CARTESIAN_POINT('',(4.463397382184,1.408704468178E-03));
#5307 = CARTESIAN_POINT('',(4.463258140519,1.212063092571E-03));
#5308 = CARTESIAN_POINT('',(4.463121316812,1.013834185467E-03));
#5309 = CARTESIAN_POINT('',(4.462986945439,8.140562999548E-04));
#5310 = CARTESIAN_POINT('',(4.462855060775,6.127679891167E-04));
#5311 = CARTESIAN_POINT('',(4.462725697193,4.100078060383E-04));
#5312 = CARTESIAN_POINT('',(4.46259888907,2.058143038038E-04));
#5313 = CARTESIAN_POINT('',(4.462516076878,6.875545826645E-05));
#5314 = CARTESIAN_POINT('',(4.46247510815,-2.775557561563E-17));
#5315 = ( GEOMETRIC_REPRESENTATION_CONTEXT(2) 
PARAMETRIC_REPRESENTATION_CONTEXT() REPRESENTATION_CONTEXT('2D SPACE',''
  ) );
#5316 = ORIENTED_EDGE('',*,*,#5317,.F.);
#5317 = EDGE_CURVE('',#5318,#5242,#5320,.T.);
#5318 = VERTEX_POINT('',#5319);
#5319 = CARTESIAN_POINT('',(0.281066273533,-0.247320508076,0.24));
#5320 = SURFACE_CURVE('',#5321,(#5326,#5355),.PCURVE_S1.);
#5321 = B_SPLINE_CURVE_WITH_KNOTS('',3,(#5322,#5323,#5324,#5325),
  .UNSPECIFIED.,.F.,.F.,(4,4),(4.217325540973E-05,4.74480945217E-05),
  .PIECEWISE_BEZIER_KNOTS.);
#5322 = CARTESIAN_POINT('',(0.281066273533,-0.247320508076,0.24));
#5323 = CARTESIAN_POINT('',(0.280843340227,-0.246447116698,
    0.241512758241));
#5324 = CARTESIAN_POINT('',(0.280569176279,-0.245368042176,
    0.242916229071));
#5325 = CARTESIAN_POINT('',(0.280260541376,-0.244142135624,
    0.244142135624));
#5326 = PCURVE('',#3081,#5327);
#5327 = DEFINITIONAL_REPRESENTATION('',(#5328),#5354);
#5328 = B_SPLINE_CURVE_WITH_KNOTS('',3,(#5329,#5330,#5331,#5332,#5333,
    #5334,#5335,#5336,#5337,#5338,#5339,#5340,#5341,#5342,#5343,#5344,
    #5345,#5346,#5347,#5348,#5349,#5350,#5351,#5352,#5353),
  .UNSPECIFIED.,.F.,.F.,(4,1,1,1,1,1,1,1,1,1,1,1,1,1,1,1,1,1,1,1,1,1,4),
  (4.217325540973E-05,4.241302082391E-05,4.265278623809E-05,
    4.289255165227E-05,4.313231706645E-05,4.337208248063E-05,
    4.361184789481E-05,4.385161330899E-05,4.409137872317E-05,
    4.433114413736E-05,4.457090955154E-05,4.481067496572E-05,
    4.50504403799E-05,4.529020579408E-05,4.552997120826E-05,
    4.576973662244E-05,4.600950203662E-05,4.62492674508E-05,
    4.648903286498E-05,4.672879827916E-05,4.696856369334E-05,
    4.720832910752E-05,4.74480945217E-05),.QUASI_UNIFORM_KNOTS.);
#5329 = CARTESIAN_POINT('',(4.188790204786,3.106627353302E-02));
#5330 = CARTESIAN_POINT('',(4.184820246012,3.105614020092E-02));
#5331 = CARTESIAN_POINT('',(4.17687862732,3.103566183984E-02));
#5332 = CARTESIAN_POINT('',(4.164961854498,3.100431865147E-02));
#5333 = CARTESIAN_POINT('',(4.15304148644,3.09723592602E-02));
#5334 = CARTESIAN_POINT('',(4.141118304541,3.093979310989E-02));
#5335 = CARTESIAN_POINT('',(4.129193108441,3.090662964438E-02));
#5336 = CARTESIAN_POINT('',(4.117266717013,3.087287830752E-02));
#5337 = CARTESIAN_POINT('',(4.105339965408,3.083854854316E-02));
#5338 = CARTESIAN_POINT('',(4.093413703138,3.080364979516E-02));
#5339 = CARTESIAN_POINT('',(4.081488791857,3.076819150736E-02));
#5340 = CARTESIAN_POINT('',(4.069566103207,3.073218312362E-02));
#5341 = CARTESIAN_POINT('',(4.057646516633,3.069563408778E-02));
#5342 = CARTESIAN_POINT('',(4.045730917197,3.06585538437E-02));
#5343 = CARTESIAN_POINT('',(4.033820193388,3.062095183523E-02));
#5344 = CARTESIAN_POINT('',(4.021915234934,3.058283750621E-02));
#5345 = CARTESIAN_POINT('',(4.01001693061,3.05442203005E-02));
#5346 = CARTESIAN_POINT('',(3.99812616606,3.050510966195E-02));
#5347 = CARTESIAN_POINT('',(3.986243821637,3.046551503441E-02));
#5348 = CARTESIAN_POINT('',(3.974370770198,3.042544586173E-02));
#5349 = CARTESIAN_POINT('',(3.962507875126,3.038491158776E-02));
#5350 = CARTESIAN_POINT('',(3.950655987608,3.034392165635E-02));
#5351 = CARTESIAN_POINT('',(3.938815946755,3.030248551135E-02));
#5352 = CARTESIAN_POINT('',(3.930931028417,3.027457023486E-02));
#5353 = CARTESIAN_POINT('',(3.926990816987,3.026054137563E-02));
#5354 = ( GEOMETRIC_REPRESENTATION_CONTEXT(2) 
PARAMETRIC_REPRESENTATION_CONTEXT() REPRESENTATION_CONTEXT('2D SPACE',''
  ) );
#5355 = PCURVE('',#5356,#5361);
#5356 = CYLINDRICAL_SURFACE('',#5357,1.);
#5357 = AXIS2_PLACEMENT_3D('',#5358,#5359,#5360);
#5358 = CARTESIAN_POINT('',(1.25,-2.602085213965E-17,0.24));
#5359 = DIRECTION('',(-0.,-1.084202172486E-16,1.));
#5360 = DIRECTION('',(0.,-1.,-1.084202172486E-16));
#5361 = DEFINITIONAL_REPRESENTATION('',(#5362),#5388);
#5362 = B_SPLINE_CURVE_WITH_KNOTS('',3,(#5363,#5364,#5365,#5366,#5367,
    #5368,#5369,#5370,#5371,#5372,#5373,#5374,#5375,#5376,#5377,#5378,
    #5379,#5380,#5381,#5382,#5383,#5384,#5385,#5386,#5387),
  .UNSPECIFIED.,.F.,.F.,(4,1,1,1,1,1,1,1,1,1,1,1,1,1,1,1,1,1,1,1,1,1,4),
  (4.217325540973E-05,4.241302082391E-05,4.265278623809E-05,
    4.289255165227E-05,4.313231706645E-05,4.337208248063E-05,
    4.361184789481E-05,4.385161330899E-05,4.409137872317E-05,
    4.433114413736E-05,4.457090955154E-05,4.481067496572E-05,
    4.50504403799E-05,4.529020579408E-05,4.552997120826E-05,
    4.576973662244E-05,4.600950203662E-05,4.62492674508E-05,
    4.648903286498E-05,4.672879827916E-05,4.696856369334E-05,
    4.720832910752E-05,4.74480945217E-05),.QUASI_UNIFORM_KNOTS.);
#5363 = CARTESIAN_POINT('',(4.96230285262,0.));
#5364 = CARTESIAN_POINT('',(4.96226188015,6.876173822477E-05));
#5365 = CARTESIAN_POINT('',(4.962179059326,2.058336138047E-04));
#5366 = CARTESIAN_POINT('',(4.962052234907,4.100481515E-04));
#5367 = CARTESIAN_POINT('',(4.961922851769,6.128309404547E-04));
#5368 = CARTESIAN_POINT('',(4.961790944376,8.141435076028E-04));
#5369 = CARTESIAN_POINT('',(4.961656547193,1.013947379878E-03));
#5370 = CARTESIAN_POINT('',(4.961519694684,1.212204084215E-03));
#5371 = CARTESIAN_POINT('',(4.961380421314,1.408875147547E-03));
#5372 = CARTESIAN_POINT('',(4.961238761545,1.603922096809E-03));
#5373 = CARTESIAN_POINT('',(4.961094749841,1.797306458933E-03));
#5374 = CARTESIAN_POINT('',(4.960948420666,1.988989760855E-03));
#5375 = CARTESIAN_POINT('',(4.960799808482,2.178933529508E-03));
#5376 = CARTESIAN_POINT('',(4.960648947753,2.367099291827E-03));
#5377 = CARTESIAN_POINT('',(4.960495872939,2.553448574745E-03));
#5378 = CARTESIAN_POINT('',(4.960340618504,2.737942905195E-03));
#5379 = CARTESIAN_POINT('',(4.960183218909,2.920543810113E-03));
#5380 = CARTESIAN_POINT('',(4.960023708615,3.101212816433E-03));
#5381 = CARTESIAN_POINT('',(4.959862122083,3.279911451087E-03));
#5382 = CARTESIAN_POINT('',(4.959698493775,3.45660124101E-03));
#5383 = CARTESIAN_POINT('',(4.95953285815,3.631243713137E-03));
#5384 = CARTESIAN_POINT('',(4.959365249668,3.8038003944E-03));
#5385 = CARTESIAN_POINT('',(4.95919570279,3.974232811735E-03));
#5386 = CARTESIAN_POINT('',(4.959081402246,4.086412598628E-03));
#5387 = CARTESIAN_POINT('',(4.959023940394,4.142135623731E-03));
#5388 = ( GEOMETRIC_REPRESENTATION_CONTEXT(2) 
PARAMETRIC_REPRESENTATION_CONTEXT() REPRESENTATION_CONTEXT('2D SPACE',''
  ) );
#5389 = ORIENTED_EDGE('',*,*,#5390,.T.);
#5390 = EDGE_CURVE('',#5318,#5015,#5391,.T.);
#5391 = SURFACE_CURVE('',#5392,(#5396,#5403),.PCURVE_S1.);
#5392 = LINE('',#5393,#5394);
#5393 = CARTESIAN_POINT('',(0.25,-0.247320508076,0.24));
#5394 = VECTOR('',#5395,1.);
#5395 = DIRECTION('',(-1.,-0.,-0.));
#5396 = PCURVE('',#3081,#5397);
#5397 = DEFINITIONAL_REPRESENTATION('',(#5398),#5402);
#5398 = LINE('',#5399,#5400);
#5399 = CARTESIAN_POINT('',(4.188790204786,0.));
#5400 = VECTOR('',#5401,1.);
#5401 = DIRECTION('',(0.,-1.));
#5402 = ( GEOMETRIC_REPRESENTATION_CONTEXT(2) 
PARAMETRIC_REPRESENTATION_CONTEXT() REPRESENTATION_CONTEXT('2D SPACE',''
  ) );
#5403 = PCURVE('',#5404,#5409);
#5404 = PLANE('',#5405);
#5405 = AXIS2_PLACEMENT_3D('',#5406,#5407,#5408);
#5406 = CARTESIAN_POINT('',(1.25,-2.602085213965E-17,0.24));
#5407 = DIRECTION('',(0.,-1.084202172486E-16,1.));
#5408 = DIRECTION('',(0.,-1.,-1.084202172486E-16));
#5409 = DEFINITIONAL_REPRESENTATION('',(#5410),#5414);
#5410 = LINE('',#5411,#5412);
#5411 = CARTESIAN_POINT('',(0.247320508076,-1.));
#5412 = VECTOR('',#5413,1.);
#5413 = DIRECTION('',(0.,-1.));
#5414 = ( GEOMETRIC_REPRESENTATION_CONTEXT(2) 
PARAMETRIC_REPRESENTATION_CONTEXT() REPRESENTATION_CONTEXT('2D SPACE',''
  ) );
#5415 = ADVANCED_FACE('',(#5416),#3170,.T.);
#5416 = FACE_BOUND('',#5417,.T.);
#5417 = EDGE_LOOP('',(#5418,#5419,#5420,#5464));
#5418 = ORIENTED_EDGE('',*,*,#4940,.T.);
#5419 = ORIENTED_EDGE('',*,*,#3154,.F.);
#5420 = ORIENTED_EDGE('',*,*,#5421,.F.);
#5421 = EDGE_CURVE('',#4012,#3132,#5422,.T.);
#5422 = SURFACE_CURVE('',#5423,(#5428,#5435),.PCURVE_S1.);
#5423 = CIRCLE('',#5424,2.E-02);
#5424 = AXIS2_PLACEMENT_3D('',#5425,#5426,#5427);
#5425 = CARTESIAN_POINT('',(0.48,-0.23,0.23));
#5426 = DIRECTION('',(0.,-1.,0.));
#5427 = DIRECTION('',(0.,0.,-1.));
#5428 = PCURVE('',#3170,#5429);
#5429 = DEFINITIONAL_REPRESENTATION('',(#5430),#5434);
#5430 = LINE('',#5431,#5432);
#5431 = CARTESIAN_POINT('',(0.,0.23));
#5432 = VECTOR('',#5433,1.);
#5433 = DIRECTION('',(1.,0.));
#5434 = ( GEOMETRIC_REPRESENTATION_CONTEXT(2) 
PARAMETRIC_REPRESENTATION_CONTEXT() REPRESENTATION_CONTEXT('2D SPACE',''
  ) );
#5435 = PCURVE('',#5104,#5436);
#5436 = DEFINITIONAL_REPRESENTATION('',(#5437),#5463);
#5437 = B_SPLINE_CURVE_WITH_KNOTS('',3,(#5438,#5439,#5440,#5441,#5442,
    #5443,#5444,#5445,#5446,#5447,#5448,#5449,#5450,#5451,#5452,#5453,
    #5454,#5455,#5456,#5457,#5458,#5459,#5460,#5461,#5462),
  .UNSPECIFIED.,.F.,.F.,(4,1,1,1,1,1,1,1,1,1,1,1,1,1,1,1,1,1,1,1,1,1,4),
  (1.570796326795,1.642196159831,1.713595992867,1.784995825903,
    1.856395658939,1.927795491976,1.999195325012,2.070595158048,
    2.141994991084,2.21339482412,2.284794657156,2.356194490192,
    2.427594323228,2.498994156265,2.570393989301,2.641793822337,
    2.713193655373,2.784593488409,2.855993321445,2.927393154481,
    2.998792987518,3.070192820554,3.14159265359),.QUASI_UNIFORM_KNOTS.);
#5438 = CARTESIAN_POINT('',(6.28318530718,0.));
#5439 = CARTESIAN_POINT('',(6.259385362834,0.));
#5440 = CARTESIAN_POINT('',(6.211785474143,0.));
#5441 = CARTESIAN_POINT('',(6.140385641107,0.));
#5442 = CARTESIAN_POINT('',(6.068985808071,0.));
#5443 = CARTESIAN_POINT('',(5.997585975035,0.));
#5444 = CARTESIAN_POINT('',(5.926186141999,0.));
#5445 = CARTESIAN_POINT('',(5.854786308963,0.));
#5446 = CARTESIAN_POINT('',(5.783386475927,0.));
#5447 = CARTESIAN_POINT('',(5.711986642891,0.));
#5448 = CARTESIAN_POINT('',(5.640586809854,0.));
#5449 = CARTESIAN_POINT('',(5.569186976818,0.));
#5450 = CARTESIAN_POINT('',(5.497787143782,0.));
#5451 = CARTESIAN_POINT('',(5.426387310746,0.));
#5452 = CARTESIAN_POINT('',(5.35498747771,0.));
#5453 = CARTESIAN_POINT('',(5.283587644674,0.));
#5454 = CARTESIAN_POINT('',(5.212187811638,0.));
#5455 = CARTESIAN_POINT('',(5.140787978601,0.));
#5456 = CARTESIAN_POINT('',(5.069388145565,0.));
#5457 = CARTESIAN_POINT('',(4.997988312529,0.));
#5458 = CARTESIAN_POINT('',(4.926588479493,0.));
#5459 = CARTESIAN_POINT('',(4.855188646457,0.));
#5460 = CARTESIAN_POINT('',(4.783788813421,0.));
#5461 = CARTESIAN_POINT('',(4.73618892473,0.));
#5462 = CARTESIAN_POINT('',(4.712388980385,0.));
#5463 = ( GEOMETRIC_REPRESENTATION_CONTEXT(2) 
PARAMETRIC_REPRESENTATION_CONTEXT() REPRESENTATION_CONTEXT('2D SPACE',''
  ) );
#5464 = ORIENTED_EDGE('',*,*,#4009,.F.);
#5465 = ADVANCED_FACE('',(#5466),#3973,.T.);
#5466 = FACE_BOUND('',#5467,.T.);
#5467 = EDGE_LOOP('',(#5468,#5469,#5470,#5497));
#5468 = ORIENTED_EDGE('',*,*,#4989,.T.);
#5469 = ORIENTED_EDGE('',*,*,#4062,.F.);
#5470 = ORIENTED_EDGE('',*,*,#5471,.F.);
#5471 = EDGE_CURVE('',#3958,#4040,#5472,.T.);
#5472 = SURFACE_CURVE('',#5473,(#5478,#5485),.PCURVE_S1.);
#5473 = CIRCLE('',#5474,2.E-02);
#5474 = AXIS2_PLACEMENT_3D('',#5475,#5476,#5477);
#5475 = CARTESIAN_POINT('',(0.48,-0.23,-0.23));
#5476 = DIRECTION('',(0.,-1.,0.));
#5477 = DIRECTION('',(0.,0.,-1.));
#5478 = PCURVE('',#3973,#5479);
#5479 = DEFINITIONAL_REPRESENTATION('',(#5480),#5484);
#5480 = LINE('',#5481,#5482);
#5481 = CARTESIAN_POINT('',(3.14159265359,-0.23));
#5482 = VECTOR('',#5483,1.);
#5483 = DIRECTION('',(-1.,0.));
#5484 = ( GEOMETRIC_REPRESENTATION_CONTEXT(2) 
PARAMETRIC_REPRESENTATION_CONTEXT() REPRESENTATION_CONTEXT('2D SPACE',''
  ) );
#5485 = PCURVE('',#5486,#5491);
#5486 = SPHERICAL_SURFACE('',#5487,2.E-02);
#5487 = AXIS2_PLACEMENT_3D('',#5488,#5489,#5490);
#5488 = CARTESIAN_POINT('',(0.48,-0.23,-0.23));
#5489 = DIRECTION('',(0.,1.,0.));
#5490 = DIRECTION('',(1.,0.,0.));
#5491 = DEFINITIONAL_REPRESENTATION('',(#5492),#5496);
#5492 = LINE('',#5493,#5494);
#5493 = CARTESIAN_POINT('',(1.570796326795,0.));
#5494 = VECTOR('',#5495,1.);
#5495 = DIRECTION('',(-1.,0.));
#5496 = ( GEOMETRIC_REPRESENTATION_CONTEXT(2) 
PARAMETRIC_REPRESENTATION_CONTEXT() REPRESENTATION_CONTEXT('2D SPACE',''
  ) );
#5497 = ORIENTED_EDGE('',*,*,#3957,.F.);
#5498 = ADVANCED_FACE('',(#5499),#3027,.T.);
#5499 = FACE_BOUND('',#5500,.T.);
#5500 = EDGE_LOOP('',(#5501,#5570,#5571,#5572,#5643,#5664,#5665,#5666,
    #5710));
#5501 = ORIENTED_EDGE('',*,*,#5502,.F.);
#5502 = EDGE_CURVE('',#3329,#2977,#5503,.T.);
#5503 = SURFACE_CURVE('',#5504,(#5512,#5541),.PCURVE_S1.);
#5504 = B_SPLINE_CURVE_WITH_KNOTS('',3,(#5505,#5506,#5507,#5508,#5509,
    #5510,#5511),.UNSPECIFIED.,.F.,.F.,(4,3,4),(2.102718473385E-05,
    2.661528908923E-05,3.173806432302E-05),.UNSPECIFIED.);
#5505 = CARTESIAN_POINT('',(0.279227112039,-0.247320508076,-0.24));
#5506 = CARTESIAN_POINT('',(0.278836876161,-0.248231832407,
    -0.238421539956));
#5507 = CARTESIAN_POINT('',(0.278417369238,-0.248928878781,
    -0.236707550041));
#5508 = CARTESIAN_POINT('',(0.277992335682,-0.2493779764,-0.234949144516
    ));
#5509 = CARTESIAN_POINT('',(0.277602679236,-0.249789693967,
    -0.233337097568));
#5510 = CARTESIAN_POINT('',(0.27720239798,-0.25,-0.231662999943));
#5511 = CARTESIAN_POINT('',(0.276809371192,-0.25,-0.23));
#5512 = PCURVE('',#3027,#5513);
#5513 = DEFINITIONAL_REPRESENTATION('',(#5514),#5540);
#5514 = B_SPLINE_CURVE_WITH_KNOTS('',3,(#5515,#5516,#5517,#5518,#5519,
    #5520,#5521,#5522,#5523,#5524,#5525,#5526,#5527,#5528,#5529,#5530,
    #5531,#5532,#5533,#5534,#5535,#5536,#5537,#5538,#5539),
  .UNSPECIFIED.,.F.,.F.,(4,1,1,1,1,1,1,1,1,1,1,1,1,1,1,1,1,1,1,1,1,1,4),
  (2.102718473385E-05,2.1514042897E-05,2.200090106014E-05,
    2.248775922329E-05,2.297461738643E-05,2.346147554957E-05,
    2.394833371272E-05,2.443519187586E-05,2.492205003901E-05,
    2.540890820215E-05,2.589576636529E-05,2.638262452844E-05,
    2.686948269158E-05,2.735634085473E-05,2.784319901787E-05,
    2.833005718101E-05,2.881691534416E-05,2.93037735073E-05,
    2.979063167045E-05,3.027748983359E-05,3.076434799673E-05,
    3.125120615988E-05,3.173806432302E-05),.QUASI_UNIFORM_KNOTS.);
#5515 = CARTESIAN_POINT('',(5.235987755983,2.922711203907E-02));
#5516 = CARTESIAN_POINT('',(5.228047957615,2.91931131173E-02));
#5517 = CARTESIAN_POINT('',(5.212160491551,2.912467090436E-02));
#5518 = CARTESIAN_POINT('',(5.188311019332,2.902076869329E-02));
#5519 = CARTESIAN_POINT('',(5.164448498935,2.891572180673E-02));
#5520 = CARTESIAN_POINT('',(5.140578540012,2.880962446184E-02));
#5521 = CARTESIAN_POINT('',(5.11670692474,2.870257087227E-02));
#5522 = CARTESIAN_POINT('',(5.092839587959,2.859465526472E-02));
#5523 = CARTESIAN_POINT('',(5.068982529347,2.848597181709E-02));
#5524 = CARTESIAN_POINT('',(5.045141801495,2.837661488955E-02));
#5525 = CARTESIAN_POINT('',(5.021323260736,2.826667816197E-02));
#5526 = CARTESIAN_POINT('',(4.997533191514,2.815625785309E-02));
#5527 = CARTESIAN_POINT('',(4.973775676315,2.804544070649E-02));
#5528 = CARTESIAN_POINT('',(4.950062114309,2.793434882758E-02));
#5529 = CARTESIAN_POINT('',(4.926315429865,2.782269269955E-02));
#5530 = CARTESIAN_POINT('',(4.902550802016,2.771061073215E-02));
#5531 = CARTESIAN_POINT('',(4.878771018693,2.759818259874E-02));
#5532 = CARTESIAN_POINT('',(4.854982424261,2.748550371103E-02));
#5533 = CARTESIAN_POINT('',(4.831190568663,2.737266526366E-02));
#5534 = CARTESIAN_POINT('',(4.807401293994,2.725975958125E-02));
#5535 = CARTESIAN_POINT('',(4.783620366358,2.714687868563E-02));
#5536 = CARTESIAN_POINT('',(4.759853487737,2.703411467975E-02));
#5537 = CARTESIAN_POINT('',(4.736106243003,2.692155964483E-02));
#5538 = CARTESIAN_POINT('',(4.720291366866,2.684672366024E-02));
#5539 = CARTESIAN_POINT('',(4.712388980385,2.680937119185E-02));
#5540 = ( GEOMETRIC_REPRESENTATION_CONTEXT(2) 
PARAMETRIC_REPRESENTATION_CONTEXT() REPRESENTATION_CONTEXT('2D SPACE',''
  ) );
#5541 = PCURVE('',#2777,#5542);
#5542 = DEFINITIONAL_REPRESENTATION('',(#5543),#5569);
#5543 = B_SPLINE_CURVE_WITH_KNOTS('',3,(#5544,#5545,#5546,#5547,#5548,
    #5549,#5550,#5551,#5552,#5553,#5554,#5555,#5556,#5557,#5558,#5559,
    #5560,#5561,#5562,#5563,#5564,#5565,#5566,#5567,#5568),
  .UNSPECIFIED.,.F.,.F.,(4,1,1,1,1,1,1,1,1,1,1,1,1,1,1,1,1,1,1,1,1,1,4),
  (2.102718473385E-05,2.1514042897E-05,2.200090106014E-05,
    2.248775922329E-05,2.297461738643E-05,2.346147554957E-05,
    2.394833371272E-05,2.443519187586E-05,2.492205003901E-05,
    2.540890820215E-05,2.589576636529E-05,2.638262452844E-05,
    2.686948269158E-05,2.735634085473E-05,2.784319901787E-05,
    2.833005718101E-05,2.881691534416E-05,2.93037735073E-05,
    2.979063167045E-05,3.027748983359E-05,3.076434799673E-05,
    3.125120615988E-05,3.173806432302E-05),.QUASI_UNIFORM_KNOTS.);
#5544 = CARTESIAN_POINT('',(4.954754831424,7.320508075688E-03));
#5545 = CARTESIAN_POINT('',(4.954613169249,7.399906322684E-03));
#5546 = CARTESIAN_POINT('',(4.954327740883,7.55544982173E-03));
#5547 = CARTESIAN_POINT('',(4.953893659771,7.778872481654E-03));
#5548 = CARTESIAN_POINT('',(4.953454013592,7.992268949531E-03));
#5549 = CARTESIAN_POINT('',(4.953009175838,8.195505620548E-03));
#5550 = CARTESIAN_POINT('',(4.952559519986,8.388448895135E-03));
#5551 = CARTESIAN_POINT('',(4.952105419563,8.570965154167E-03));
#5552 = CARTESIAN_POINT('',(4.95164724789,8.742920851492E-03));
#5553 = CARTESIAN_POINT('',(4.951185379038,8.904182168615E-03));
#5554 = CARTESIAN_POINT('',(4.950720184242,9.054616303449E-03));
#5555 = CARTESIAN_POINT('',(4.950252045306,9.194086660611E-03));
#5556 = CARTESIAN_POINT('',(4.949781304545,9.322470801501E-03));
#5557 = CARTESIAN_POINT('',(4.949308451619,9.43959345368E-03));
#5558 = CARTESIAN_POINT('',(4.948832240037,9.545812704816E-03));
#5559 = CARTESIAN_POINT('',(4.948353256849,9.641037514396E-03));
#5560 = CARTESIAN_POINT('',(4.947871836368,9.725234191388E-03));
#5561 = CARTESIAN_POINT('',(4.947388380628,9.798353678012E-03));
#5562 = CARTESIAN_POINT('',(4.946903273519,9.860351033998E-03));
#5563 = CARTESIAN_POINT('',(4.946416903787,9.911180215788E-03));
#5564 = CARTESIAN_POINT('',(4.945929658879,9.950795475454E-03));
#5565 = CARTESIAN_POINT('',(4.945441926585,9.97915098585E-03));
#5566 = CARTESIAN_POINT('',(4.944954094597,9.996200941064E-03));
#5567 = CARTESIAN_POINT('',(4.944629065283,1.E-02));
#5568 = CARTESIAN_POINT('',(4.944466663247,1.E-02));
#5569 = ( GEOMETRIC_REPRESENTATION_CONTEXT(2) 
PARAMETRIC_REPRESENTATION_CONTEXT() REPRESENTATION_CONTEXT('2D SPACE',''
  ) );
#5570 = ORIENTED_EDGE('',*,*,#3389,.T.);
#5571 = ORIENTED_EDGE('',*,*,#3864,.F.);
#5572 = ORIENTED_EDGE('',*,*,#5573,.F.);
#5573 = EDGE_CURVE('',#5574,#3838,#5576,.T.);
#5574 = VERTEX_POINT('',#5575);
#5575 = CARTESIAN_POINT('',(0.281066273533,-0.24,-0.247320508076));
#5576 = SURFACE_CURVE('',#5577,(#5585,#5614),.PCURVE_S1.);
#5577 = B_SPLINE_CURVE_WITH_KNOTS('',3,(#5578,#5579,#5580,#5581,#5582,
    #5583,#5584),.UNSPECIFIED.,.F.,.F.,(4,3,4),(1.045324091706E-05,
    1.311578980077E-05,1.571908136996E-05),.UNSPECIFIED.);
#5578 = CARTESIAN_POINT('',(0.281066273533,-0.24,-0.247320508076));
#5579 = CARTESIAN_POINT('',(0.280953322229,-0.240766453511,
    -0.246877995935));
#5580 = CARTESIAN_POINT('',(0.280827604231,-0.241503708824,
    -0.246384202583));
#5581 = CARTESIAN_POINT('',(0.280691165321,-0.242202298116,
    -0.245846258905));
#5582 = CARTESIAN_POINT('',(0.280557728381,-0.242885516834,
    -0.245320151228));
#5583 = CARTESIAN_POINT('',(0.280413473655,-0.243534684292,
    -0.244749586955));
#5584 = CARTESIAN_POINT('',(0.280260541376,-0.244142135624,
    -0.244142135624));
#5585 = PCURVE('',#3027,#5586);
#5586 = DEFINITIONAL_REPRESENTATION('',(#5587),#5613);
#5587 = B_SPLINE_CURVE_WITH_KNOTS('',3,(#5588,#5589,#5590,#5591,#5592,
    #5593,#5594,#5595,#5596,#5597,#5598,#5599,#5600,#5601,#5602,#5603,
    #5604,#5605,#5606,#5607,#5608,#5609,#5610,#5611,#5612),
  .UNSPECIFIED.,.F.,.F.,(4,1,1,1,1,1,1,1,1,1,1,1,1,1,1,1,1,1,1,1,1,1,4),
  (1.045324091706E-05,1.069259730128E-05,1.09319536855E-05,
    1.117131006972E-05,1.141066645395E-05,1.165002283817E-05,
    1.188937922239E-05,1.212873560661E-05,1.236809199084E-05,
    1.260744837506E-05,1.284680475928E-05,1.308616114351E-05,
    1.332551752773E-05,1.356487391195E-05,1.380423029617E-05,
    1.40435866804E-05,1.428294306462E-05,1.452229944884E-05,
    1.476165583306E-05,1.500101221729E-05,1.524036860151E-05,
    1.547972498573E-05,1.571908136996E-05),.QUASI_UNIFORM_KNOTS.);
#5588 = CARTESIAN_POINT('',(5.759586531581,3.106627353302E-02));
#5589 = CARTESIAN_POINT('',(5.755608460886,3.105611949763E-02));
#5590 = CARTESIAN_POINT('',(5.747652029024,3.103560507738E-02));
#5591 = CARTESIAN_POINT('',(5.735717373267,3.100422331629E-02));
#5592 = CARTESIAN_POINT('',(5.723783568455,3.097224034239E-02));
#5593 = CARTESIAN_POINT('',(5.71185148939,3.093966507264E-02));
#5594 = CARTESIAN_POINT('',(5.69992201986,3.09065064276E-02));
#5595 = CARTESIAN_POINT('',(5.68799604655,3.087277331432E-02));
#5596 = CARTESIAN_POINT('',(5.676074476982,3.083847469028E-02));
#5597 = CARTESIAN_POINT('',(5.664158160471,3.080361932476E-02));
#5598 = CARTESIAN_POINT('',(5.652248172989,3.076821668945E-02));
#5599 = CARTESIAN_POINT('',(5.640344743401,3.073227363457E-02));
#5600 = CARTESIAN_POINT('',(5.628451250304,3.069580679378E-02));
#5601 = CARTESIAN_POINT('',(5.616559295167,3.065879628854E-02));
#5602 = CARTESIAN_POINT('',(5.604666635194,3.062124260684E-02));
#5603 = CARTESIAN_POINT('',(5.592775392024,3.058315981662E-02));
#5604 = CARTESIAN_POINT('',(5.580886033717,3.054455680394E-02));
#5605 = CARTESIAN_POINT('',(5.568999483284,3.050544384334E-02));
#5606 = CARTESIAN_POINT('',(5.557116551019,3.046583083732E-02));
#5607 = CARTESIAN_POINT('',(5.545238083902,3.042572778807E-02));
#5608 = CARTESIAN_POINT('',(5.533364922917,3.038514467105E-02));
#5609 = CARTESIAN_POINT('',(5.521497911623,3.034409146892E-02));
#5610 = CARTESIAN_POINT('',(5.509637891804,3.030257816237E-02));
#5611 = CARTESIAN_POINT('',(5.501736430311,3.027460254255E-02));
#5612 = CARTESIAN_POINT('',(5.497787143782,3.026054137563E-02));
#5613 = ( GEOMETRIC_REPRESENTATION_CONTEXT(2) 
PARAMETRIC_REPRESENTATION_CONTEXT() REPRESENTATION_CONTEXT('2D SPACE',''
  ) );
#5614 = PCURVE('',#3853,#5615);
#5615 = DEFINITIONAL_REPRESENTATION('',(#5616),#5642);
#5616 = B_SPLINE_CURVE_WITH_KNOTS('',3,(#5617,#5618,#5619,#5620,#5621,
    #5622,#5623,#5624,#5625,#5626,#5627,#5628,#5629,#5630,#5631,#5632,
    #5633,#5634,#5635,#5636,#5637,#5638,#5639,#5640,#5641),
  .UNSPECIFIED.,.F.,.F.,(4,1,1,1,1,1,1,1,1,1,1,1,1,1,1,1,1,1,1,1,1,1,4),
  (1.045324091706E-05,1.069259730128E-05,1.09319536855E-05,
    1.117131006972E-05,1.141066645395E-05,1.165002283817E-05,
    1.188937922239E-05,1.212873560661E-05,1.236809199084E-05,
    1.260744837506E-05,1.284680475928E-05,1.308616114351E-05,
    1.332551752773E-05,1.356487391195E-05,1.380423029617E-05,
    1.40435866804E-05,1.428294306462E-05,1.452229944884E-05,
    1.476165583306E-05,1.500101221729E-05,1.524036860151E-05,
    1.547972498573E-05,1.571908136996E-05),.QUASI_UNIFORM_KNOTS.);
#5617 = CARTESIAN_POINT('',(4.96230285262,0.));
#5618 = CARTESIAN_POINT('',(4.962261796439,6.890222451266E-05));
#5619 = CARTESIAN_POINT('',(4.96217882993,2.062347399202E-04));
#5620 = CARTESIAN_POINT('',(4.962051850043,4.107764416506E-04));
#5621 = CARTESIAN_POINT('',(4.961922372354,6.138198000525E-04));
#5622 = CARTESIAN_POINT('',(4.961790429183,8.153235481487E-04));
#5623 = CARTESIAN_POINT('',(4.961656052861,1.015246400501E-03));
#5624 = CARTESIAN_POINT('',(4.961519275667,1.213547140544E-03));
#5625 = CARTESIAN_POINT('',(4.961380130083,1.410184294679E-03));
#5626 = CARTESIAN_POINT('',(4.961238647825,1.605117348576E-03));
#5627 = CARTESIAN_POINT('',(4.961094863469,1.798302207856E-03));
#5628 = CARTESIAN_POINT('',(4.960948800915,1.989708139071E-03));
#5629 = CARTESIAN_POINT('',(4.960800523904,2.179254545097E-03));
#5630 = CARTESIAN_POINT('',(4.96064994749,2.367046922581E-03));
#5631 = CARTESIAN_POINT('',(4.96049706942,2.553097129313E-03));
#5632 = CARTESIAN_POINT('',(4.960341943062,2.737348758165E-03));
#5633 = CARTESIAN_POINT('',(4.96018460061,2.919771599785E-03));
#5634 = CARTESIAN_POINT('',(4.96002507993,3.100328425148E-03));
#5635 = CARTESIAN_POINT('',(4.959863417365,3.278983886145E-03));
#5636 = CARTESIAN_POINT('',(4.95969964967,3.455702130677E-03));
#5637 = CARTESIAN_POINT('',(4.959533813487,3.630447441689E-03));
#5638 = CARTESIAN_POINT('',(4.959365945488,3.803184065938E-03));
#5639 = CARTESIAN_POINT('',(4.959196082336,3.973876259884E-03));
#5640 = CARTESIAN_POINT('',(4.959081534577,4.086284271544E-03));
#5641 = CARTESIAN_POINT('',(4.959023940394,4.14213562373E-03));
#5642 = ( GEOMETRIC_REPRESENTATION_CONTEXT(2) 
PARAMETRIC_REPRESENTATION_CONTEXT() REPRESENTATION_CONTEXT('2D SPACE',''
  ) );
#5643 = ORIENTED_EDGE('',*,*,#5644,.T.);
#5644 = EDGE_CURVE('',#5574,#3414,#5645,.T.);
#5645 = SURFACE_CURVE('',#5646,(#5650,#5657),.PCURVE_S1.);
#5646 = LINE('',#5647,#5648);
#5647 = CARTESIAN_POINT('',(0.25,-0.24,-0.247320508076));
#5648 = VECTOR('',#5649,1.);
#5649 = DIRECTION('',(-1.,-0.,-0.));
#5650 = PCURVE('',#3027,#5651);
#5651 = DEFINITIONAL_REPRESENTATION('',(#5652),#5656);
#5652 = LINE('',#5653,#5654);
#5653 = CARTESIAN_POINT('',(5.759586531581,0.));
#5654 = VECTOR('',#5655,1.);
#5655 = DIRECTION('',(0.,-1.));
#5656 = ( GEOMETRIC_REPRESENTATION_CONTEXT(2) 
PARAMETRIC_REPRESENTATION_CONTEXT() REPRESENTATION_CONTEXT('2D SPACE',''
  ) );
#5657 = PCURVE('',#3429,#5658);
#5658 = DEFINITIONAL_REPRESENTATION('',(#5659),#5663);
#5659 = LINE('',#5660,#5661);
#5660 = CARTESIAN_POINT('',(0.247320508076,-1.));
#5661 = VECTOR('',#5662,1.);
#5662 = DIRECTION('',(0.,-1.));
#5663 = ( GEOMETRIC_REPRESENTATION_CONTEXT(2) 
PARAMETRIC_REPRESENTATION_CONTEXT() REPRESENTATION_CONTEXT('2D SPACE',''
  ) );
#5664 = ORIENTED_EDGE('',*,*,#3764,.F.);
#5665 = ORIENTED_EDGE('',*,*,#3985,.F.);
#5666 = ORIENTED_EDGE('',*,*,#5667,.F.);
#5667 = EDGE_CURVE('',#3012,#3958,#5668,.T.);
#5668 = SURFACE_CURVE('',#5669,(#5674,#5681),.PCURVE_S1.);
#5669 = CIRCLE('',#5670,2.E-02);
#5670 = AXIS2_PLACEMENT_3D('',#5671,#5672,#5673);
#5671 = CARTESIAN_POINT('',(0.48,-0.23,-0.23));
#5672 = DIRECTION('',(1.,0.,0.));
#5673 = DIRECTION('',(0.,0.,-1.));
#5674 = PCURVE('',#3027,#5675);
#5675 = DEFINITIONAL_REPRESENTATION('',(#5676),#5680);
#5676 = LINE('',#5677,#5678);
#5677 = CARTESIAN_POINT('',(0.,0.23));
#5678 = VECTOR('',#5679,1.);
#5679 = DIRECTION('',(1.,0.));
#5680 = ( GEOMETRIC_REPRESENTATION_CONTEXT(2) 
PARAMETRIC_REPRESENTATION_CONTEXT() REPRESENTATION_CONTEXT('2D SPACE',''
  ) );
#5681 = PCURVE('',#5486,#5682);
#5682 = DEFINITIONAL_REPRESENTATION('',(#5683),#5709);
#5683 = B_SPLINE_CURVE_WITH_KNOTS('',3,(#5684,#5685,#5686,#5687,#5688,
    #5689,#5690,#5691,#5692,#5693,#5694,#5695,#5696,#5697,#5698,#5699,
    #5700,#5701,#5702,#5703,#5704,#5705,#5706,#5707,#5708),
  .UNSPECIFIED.,.F.,.F.,(4,1,1,1,1,1,1,1,1,1,1,1,1,1,1,1,1,1,1,1,1,1,4),
  (4.712388980385,4.783788813421,4.855188646457,4.926588479493,
    4.997988312529,5.069388145565,5.140787978601,5.212187811638,
    5.283587644674,5.35498747771,5.426387310746,5.497787143782,
    5.569186976818,5.640586809854,5.711986642891,5.783386475927,
    5.854786308963,5.926186141999,5.997585975035,6.068985808071,
    6.140385641107,6.211785474143,6.28318530718),.QUASI_UNIFORM_KNOTS.);
#5684 = CARTESIAN_POINT('',(1.570796326795,-1.570796326795));
#5685 = CARTESIAN_POINT('',(1.570796326795,-1.54699638245));
#5686 = CARTESIAN_POINT('',(1.570796326795,-1.499396493759));
#5687 = CARTESIAN_POINT('',(1.570796326795,-1.427996660723));
#5688 = CARTESIAN_POINT('',(1.570796326795,-1.356596827687));
#5689 = CARTESIAN_POINT('',(1.570796326795,-1.28519699465));
#5690 = CARTESIAN_POINT('',(1.570796326795,-1.213797161614));
#5691 = CARTESIAN_POINT('',(1.570796326795,-1.142397328578));
#5692 = CARTESIAN_POINT('',(1.570796326795,-1.070997495542));
#5693 = CARTESIAN_POINT('',(1.570796326795,-0.999597662506));
#5694 = CARTESIAN_POINT('',(1.570796326795,-0.92819782947));
#5695 = CARTESIAN_POINT('',(1.570796326795,-0.856797996434));
#5696 = CARTESIAN_POINT('',(1.570796326795,-0.785398163397));
#5697 = CARTESIAN_POINT('',(1.570796326795,-0.713998330361));
#5698 = CARTESIAN_POINT('',(1.570796326795,-0.642598497325));
#5699 = CARTESIAN_POINT('',(1.570796326795,-0.571198664289));
#5700 = CARTESIAN_POINT('',(1.570796326795,-0.499798831253));
#5701 = CARTESIAN_POINT('',(1.570796326795,-0.428398998217));
#5702 = CARTESIAN_POINT('',(1.570796326795,-0.356999165181));
#5703 = CARTESIAN_POINT('',(1.570796326795,-0.285599332145));
#5704 = CARTESIAN_POINT('',(1.570796326795,-0.214199499108));
#5705 = CARTESIAN_POINT('',(1.570796326795,-0.142799666072));
#5706 = CARTESIAN_POINT('',(1.570796326795,-7.139983303613E-02));
#5707 = CARTESIAN_POINT('',(1.570796326795,-2.379994434538E-02));
#5708 = CARTESIAN_POINT('',(1.570796326795,0.));
#5709 = ( GEOMETRIC_REPRESENTATION_CONTEXT(2) 
PARAMETRIC_REPRESENTATION_CONTEXT() REPRESENTATION_CONTEXT('2D SPACE',''
  ) );
#5710 = ORIENTED_EDGE('',*,*,#3011,.F.);
#5711 = ADVANCED_FACE('',(#5712),#5104,.T.);
#5712 = FACE_BOUND('',#5713,.T.);
#5713 = EDGE_LOOP('',(#5714,#5715,#5716));
#5714 = ORIENTED_EDGE('',*,*,#5421,.T.);
#5715 = ORIENTED_EDGE('',*,*,#5089,.T.);
#5716 = ORIENTED_EDGE('',*,*,#5717,.F.);
#5717 = EDGE_CURVE('',#4012,#3040,#5718,.T.);
#5718 = SURFACE_CURVE('',#5719,(#5724,#5731),.PCURVE_S1.);
#5719 = CIRCLE('',#5720,2.E-02);
#5720 = AXIS2_PLACEMENT_3D('',#5721,#5722,#5723);
#5721 = CARTESIAN_POINT('',(0.48,-0.23,0.23));
#5722 = DIRECTION('',(0.,0.,-1.));
#5723 = DIRECTION('',(1.,0.,0.));
#5724 = PCURVE('',#5104,#5725);
#5725 = DEFINITIONAL_REPRESENTATION('',(#5726),#5730);
#5726 = LINE('',#5727,#5728);
#5727 = CARTESIAN_POINT('',(6.28318530718,0.));
#5728 = VECTOR('',#5729,1.);
#5729 = DIRECTION('',(0.,-1.));
#5730 = ( GEOMETRIC_REPRESENTATION_CONTEXT(2) 
PARAMETRIC_REPRESENTATION_CONTEXT() REPRESENTATION_CONTEXT('2D SPACE',''
  ) );
#5731 = PCURVE('',#3055,#5732);
#5732 = DEFINITIONAL_REPRESENTATION('',(#5733),#5737);
#5733 = LINE('',#5734,#5735);
#5734 = CARTESIAN_POINT('',(3.14159265359,-0.23));
#5735 = VECTOR('',#5736,1.);
#5736 = DIRECTION('',(1.,0.));
#5737 = ( GEOMETRIC_REPRESENTATION_CONTEXT(2) 
PARAMETRIC_REPRESENTATION_CONTEXT() REPRESENTATION_CONTEXT('2D SPACE',''
  ) );
#5738 = ADVANCED_FACE('',(#5739),#5486,.T.);
#5739 = FACE_BOUND('',#5740,.T.);
#5740 = EDGE_LOOP('',(#5741,#5742,#5743));
#5741 = ORIENTED_EDGE('',*,*,#5667,.T.);
#5742 = ORIENTED_EDGE('',*,*,#5471,.T.);
#5743 = ORIENTED_EDGE('',*,*,#5744,.F.);
#5744 = EDGE_CURVE('',#3012,#4040,#5745,.T.);
#5745 = SURFACE_CURVE('',#5746,(#5751,#5758),.PCURVE_S1.);
#5746 = CIRCLE('',#5747,2.E-02);
#5747 = AXIS2_PLACEMENT_3D('',#5748,#5749,#5750);
#5748 = CARTESIAN_POINT('',(0.48,-0.23,-0.23));
#5749 = DIRECTION('',(0.,-0.,1.));
#5750 = DIRECTION('',(-1.,0.,0.));
#5751 = PCURVE('',#5486,#5752);
#5752 = DEFINITIONAL_REPRESENTATION('',(#5753),#5757);
#5753 = LINE('',#5754,#5755);
#5754 = CARTESIAN_POINT('',(0.,-3.14159265359));
#5755 = VECTOR('',#5756,1.);
#5756 = DIRECTION('',(0.,1.));
#5757 = ( GEOMETRIC_REPRESENTATION_CONTEXT(2) 
PARAMETRIC_REPRESENTATION_CONTEXT() REPRESENTATION_CONTEXT('2D SPACE',''
  ) );
#5758 = PCURVE('',#3055,#5759);
#5759 = DEFINITIONAL_REPRESENTATION('',(#5760),#5764);
#5760 = LINE('',#5761,#5762);
#5761 = CARTESIAN_POINT('',(6.28318530718,0.23));
#5762 = VECTOR('',#5763,1.);
#5763 = DIRECTION('',(-1.,0.));
#5764 = ( GEOMETRIC_REPRESENTATION_CONTEXT(2) 
PARAMETRIC_REPRESENTATION_CONTEXT() REPRESENTATION_CONTEXT('2D SPACE',''
  ) );
#5765 = ADVANCED_FACE('',(#5766),#3055,.T.);
#5766 = FACE_BOUND('',#5767,.T.);
#5767 = EDGE_LOOP('',(#5768,#5769,#5770,#5771));
#5768 = ORIENTED_EDGE('',*,*,#5717,.T.);
#5769 = ORIENTED_EDGE('',*,*,#3039,.F.);
#5770 = ORIENTED_EDGE('',*,*,#5744,.T.);
#5771 = ORIENTED_EDGE('',*,*,#4039,.F.);
#5772 = ADVANCED_FACE('',(#5773),#4179,.T.);
#5773 = FACE_BOUND('',#5774,.T.);
#5774 = EDGE_LOOP('',(#5775,#5776,#5796));
#5775 = ORIENTED_EDGE('',*,*,#4868,.T.);
#5776 = ORIENTED_EDGE('',*,*,#5777,.T.);
#5777 = EDGE_CURVE('',#4793,#3611,#5778,.T.);
#5778 = SURFACE_CURVE('',#5779,(#5784,#5790),.PCURVE_S1.);
#5779 = ( BOUNDED_CURVE() B_SPLINE_CURVE(3,(#5780,#5781,#5782,#5783),
.UNSPECIFIED.,.F.,.F.) B_SPLINE_CURVE_WITH_KNOTS((4,4),(1.324161366786,
1.328430475756),.PIECEWISE_BEZIER_KNOTS.) CURVE() 
GEOMETRIC_REPRESENTATION_ITEM() RATIONAL_B_SPLINE_CURVE((1.,
0.999998481226,0.999998481226,1.)) REPRESENTATION_ITEM('') );
#5780 = CARTESIAN_POINT('',(0.280260541376,0.244142135624,
    -0.244142135624));
#5781 = CARTESIAN_POINT('',(0.279913117985,0.242762160102,
    -0.242762160102));
#5782 = CARTESIAN_POINT('',(0.279568641016,0.24138144613,-0.24138144613)
  );
#5783 = CARTESIAN_POINT('',(0.279227112039,0.24,-0.24));
#5784 = PCURVE('',#4179,#5785);
#5785 = DEFINITIONAL_REPRESENTATION('',(#5786),#5789);
#5786 = B_SPLINE_CURVE_WITH_KNOTS('',1,(#5787,#5788),.UNSPECIFIED.,.F.,
  .F.,(2,2),(1.324161366786,1.328430475756),.PIECEWISE_BEZIER_KNOTS.);
#5787 = CARTESIAN_POINT('',(4.959023940394,4.142135623732E-03));
#5788 = CARTESIAN_POINT('',(4.954754831424,6.938893903907E-16));
#5789 = ( GEOMETRIC_REPRESENTATION_CONTEXT(2) 
PARAMETRIC_REPRESENTATION_CONTEXT() REPRESENTATION_CONTEXT('2D SPACE',''
  ) );
#5790 = PCURVE('',#4834,#5791);
#5791 = DEFINITIONAL_REPRESENTATION('',(#5792),#5795);
#5792 = B_SPLINE_CURVE_WITH_KNOTS('',1,(#5793,#5794),.UNSPECIFIED.,.F.,
  .F.,(2,2),(1.324161366786,1.328430475756),.PIECEWISE_BEZIER_KNOTS.);
#5793 = CARTESIAN_POINT('',(4.465754020376,4.142135623732E-03));
#5794 = CARTESIAN_POINT('',(4.470023129346,2.525757381022E-15));
#5795 = ( GEOMETRIC_REPRESENTATION_CONTEXT(2) 
PARAMETRIC_REPRESENTATION_CONTEXT() REPRESENTATION_CONTEXT('2D SPACE',''
  ) );
#5796 = ORIENTED_EDGE('',*,*,#4160,.F.);
#5797 = ADVANCED_FACE('',(#5798),#3648,.T.);
#5798 = FACE_BOUND('',#5799,.T.);
#5799 = EDGE_LOOP('',(#5800,#5801,#5827));
#5800 = ORIENTED_EDGE('',*,*,#3632,.T.);
#5801 = ORIENTED_EDGE('',*,*,#5802,.T.);
#5802 = EDGE_CURVE('',#3611,#4770,#5803,.T.);
#5803 = SURFACE_CURVE('',#5804,(#5809,#5820),.PCURVE_S1.);
#5804 = CIRCLE('',#5805,1.);
#5805 = AXIS2_PLACEMENT_3D('',#5806,#5807,#5808);
#5806 = CARTESIAN_POINT('',(1.25,0.24,-2.487845711827E-15));
#5807 = DIRECTION('',(0.,-1.,1.036602379928E-14));
#5808 = DIRECTION('',(0.,1.036602379928E-14,1.));
#5809 = PCURVE('',#3648,#5810);
#5810 = DEFINITIONAL_REPRESENTATION('',(#5811),#5819);
#5811 = ( BOUNDED_CURVE() B_SPLINE_CURVE(2,(#5812,#5813,#5814,#5815,
#5816,#5817,#5818),.UNSPECIFIED.,.T.,.F.) B_SPLINE_CURVE_WITH_KNOTS((1,2
    ,2,2,2,1),(-2.094395102393,0.,2.094395102393,4.188790204786,
6.28318530718,8.377580409573),.UNSPECIFIED.) CURVE() 
GEOMETRIC_REPRESENTATION_ITEM() RATIONAL_B_SPLINE_CURVE((1.,0.5,1.,0.5,
1.,0.5,1.)) REPRESENTATION_ITEM('') );
#5812 = CARTESIAN_POINT('',(1.,0.));
#5813 = CARTESIAN_POINT('',(1.,-1.732050807569));
#5814 = CARTESIAN_POINT('',(-0.5,-0.866025403784));
#5815 = CARTESIAN_POINT('',(-2.,-2.449293598295E-16));
#5816 = CARTESIAN_POINT('',(-0.5,0.866025403784));
#5817 = CARTESIAN_POINT('',(1.,1.732050807569));
#5818 = CARTESIAN_POINT('',(1.,0.));
#5819 = ( GEOMETRIC_REPRESENTATION_CONTEXT(2) 
PARAMETRIC_REPRESENTATION_CONTEXT() REPRESENTATION_CONTEXT('2D SPACE',''
  ) );
#5820 = PCURVE('',#4834,#5821);
#5821 = DEFINITIONAL_REPRESENTATION('',(#5822),#5826);
#5822 = LINE('',#5823,#5824);
#5823 = CARTESIAN_POINT('',(6.28318530718,0.));
#5824 = VECTOR('',#5825,1.);
#5825 = DIRECTION('',(-1.,0.));
#5826 = ( GEOMETRIC_REPRESENTATION_CONTEXT(2) 
PARAMETRIC_REPRESENTATION_CONTEXT() REPRESENTATION_CONTEXT('2D SPACE',''
  ) );
#5827 = ORIENTED_EDGE('',*,*,#4769,.F.);
#5828 = ADVANCED_FACE('',(#5829),#4834,.T.);
#5829 = FACE_BOUND('',#5830,.T.);
#5830 = EDGE_LOOP('',(#5831,#5832,#5833));
#5831 = ORIENTED_EDGE('',*,*,#4792,.T.);
#5832 = ORIENTED_EDGE('',*,*,#5802,.F.);
#5833 = ORIENTED_EDGE('',*,*,#5777,.F.);
#5834 = ADVANCED_FACE('',(#5835),#3429,.T.);
#5835 = FACE_BOUND('',#5836,.T.);
#5836 = EDGE_LOOP('',(#5837,#5863,#5864));
#5837 = ORIENTED_EDGE('',*,*,#5838,.T.);
#5838 = EDGE_CURVE('',#5574,#3327,#5839,.T.);
#5839 = SURFACE_CURVE('',#5840,(#5845,#5856),.PCURVE_S1.);
#5840 = CIRCLE('',#5841,1.);
#5841 = AXIS2_PLACEMENT_3D('',#5842,#5843,#5844);
#5842 = CARTESIAN_POINT('',(1.25,-0.24,8.119346691827E-16));
#5843 = DIRECTION('',(0.,1.,-3.383061121595E-15));
#5844 = DIRECTION('',(0.,-3.383061121595E-15,-1.));
#5845 = PCURVE('',#3429,#5846);
#5846 = DEFINITIONAL_REPRESENTATION('',(#5847),#5855);
#5847 = ( BOUNDED_CURVE() B_SPLINE_CURVE(2,(#5848,#5849,#5850,#5851,
#5852,#5853,#5854),.UNSPECIFIED.,.T.,.F.) B_SPLINE_CURVE_WITH_KNOTS((1,2
    ,2,2,2,1),(-2.094395102393,0.,2.094395102393,4.188790204786,
6.28318530718,8.377580409573),.UNSPECIFIED.) CURVE() 
GEOMETRIC_REPRESENTATION_ITEM() RATIONAL_B_SPLINE_CURVE((1.,0.5,1.,0.5,
1.,0.5,1.)) REPRESENTATION_ITEM('') );
#5848 = CARTESIAN_POINT('',(1.,0.));
#5849 = CARTESIAN_POINT('',(1.,-1.732050807569));
#5850 = CARTESIAN_POINT('',(-0.5,-0.866025403784));
#5851 = CARTESIAN_POINT('',(-2.,-2.449293598295E-16));
#5852 = CARTESIAN_POINT('',(-0.5,0.866025403784));
#5853 = CARTESIAN_POINT('',(1.,1.732050807569));
#5854 = CARTESIAN_POINT('',(1.,0.));
#5855 = ( GEOMETRIC_REPRESENTATION_CONTEXT(2) 
PARAMETRIC_REPRESENTATION_CONTEXT() REPRESENTATION_CONTEXT('2D SPACE',''
  ) );
#5856 = PCURVE('',#3853,#5857);
#5857 = DEFINITIONAL_REPRESENTATION('',(#5858),#5862);
#5858 = LINE('',#5859,#5860);
#5859 = CARTESIAN_POINT('',(6.28318530718,0.));
#5860 = VECTOR('',#5861,1.);
#5861 = DIRECTION('',(-1.,0.));
#5862 = ( GEOMETRIC_REPRESENTATION_CONTEXT(2) 
PARAMETRIC_REPRESENTATION_CONTEXT() REPRESENTATION_CONTEXT('2D SPACE',''
  ) );
#5863 = ORIENTED_EDGE('',*,*,#3413,.T.);
#5864 = ORIENTED_EDGE('',*,*,#5644,.F.);
#5865 = ADVANCED_FACE('',(#5866),#3853,.T.);
#5866 = FACE_BOUND('',#5867,.T.);
#5867 = EDGE_LOOP('',(#5868,#5869,#5870));
#5868 = ORIENTED_EDGE('',*,*,#5573,.T.);
#5869 = ORIENTED_EDGE('',*,*,#3837,.F.);
#5870 = ORIENTED_EDGE('',*,*,#5838,.F.);
#5871 = ADVANCED_FACE('',(#5872),#2940,.T.);
#5872 = FACE_BOUND('',#5873,.T.);
#5873 = EDGE_LOOP('',(#5874,#5875,#5876,#5899,#5921,#5993,#5994,#6068,
    #6090,#6111));
#5874 = ORIENTED_EDGE('',*,*,#3096,.T.);
#5875 = ORIENTED_EDGE('',*,*,#4194,.T.);
#5876 = ORIENTED_EDGE('',*,*,#5877,.F.);
#5877 = EDGE_CURVE('',#5878,#4195,#5880,.T.);
#5878 = VERTEX_POINT('',#5879);
#5879 = CARTESIAN_POINT('',(0.279227112039,0.24,0.24));
#5880 = SURFACE_CURVE('',#5881,(#5885,#5892),.PCURVE_S1.);
#5881 = LINE('',#5882,#5883);
#5882 = CARTESIAN_POINT('',(0.279227112039,0.24,0.24));
#5883 = VECTOR('',#5884,1.);
#5884 = DIRECTION('',(-0.,-1.084202172486E-16,1.));
#5885 = PCURVE('',#2940,#5886);
#5886 = DEFINITIONAL_REPRESENTATION('',(#5887),#5891);
#5887 = LINE('',#5888,#5889);
#5888 = CARTESIAN_POINT('',(4.470023129346,-2.525757381022E-15));
#5889 = VECTOR('',#5890,1.);
#5890 = DIRECTION('',(0.,1.));
#5891 = ( GEOMETRIC_REPRESENTATION_CONTEXT(2) 
PARAMETRIC_REPRESENTATION_CONTEXT() REPRESENTATION_CONTEXT('2D SPACE',''
  ) );
#5892 = PCURVE('',#4584,#5893);
#5893 = DEFINITIONAL_REPRESENTATION('',(#5894),#5898);
#5894 = LINE('',#5895,#5896);
#5895 = CARTESIAN_POINT('',(0.24,-0.970772887961));
#5896 = VECTOR('',#5897,1.);
#5897 = DIRECTION('',(1.,0.));
#5898 = ( GEOMETRIC_REPRESENTATION_CONTEXT(2) 
PARAMETRIC_REPRESENTATION_CONTEXT() REPRESENTATION_CONTEXT('2D SPACE',''
  ) );
#5899 = ORIENTED_EDGE('',*,*,#5900,.T.);
#5900 = EDGE_CURVE('',#5878,#5901,#5903,.T.);
#5901 = VERTEX_POINT('',#5902);
#5902 = CARTESIAN_POINT('',(0.278507689785,0.237071067812,0.237071067812
    ));
#5903 = SURFACE_CURVE('',#5904,(#5909,#5915),.PCURVE_S1.);
#5904 = ( BOUNDED_CURVE() B_SPLINE_CURVE(3,(#5905,#5906,#5907,#5908),
.UNSPECIFIED.,.F.,.F.) B_SPLINE_CURVE_WITH_KNOTS((4,4),(1.328430475756,
1.331446469628),.PIECEWISE_BEZIER_KNOTS.) CURVE() 
GEOMETRIC_REPRESENTATION_ITEM() RATIONAL_B_SPLINE_CURVE((1.,
0.999999241982,0.999999241982,1.)) REPRESENTATION_ITEM('') );
#5905 = CARTESIAN_POINT('',(0.279227112039,0.24,0.24));
#5906 = CARTESIAN_POINT('',(0.278985832438,0.23902405127,0.23902405127)
  );
#5907 = CARTESIAN_POINT('',(0.278746024838,0.2380477398,0.2380477398));
#5908 = CARTESIAN_POINT('',(0.278507689785,0.237071067812,0.237071067812
    ));
#5909 = PCURVE('',#2940,#5910);
#5910 = DEFINITIONAL_REPRESENTATION('',(#5911),#5914);
#5911 = B_SPLINE_CURVE_WITH_KNOTS('',1,(#5912,#5913),.UNSPECIFIED.,.F.,
  .F.,(2,2),(1.328430475756,1.331446469628),.PIECEWISE_BEZIER_KNOTS.);
#5912 = CARTESIAN_POINT('',(4.470023129346,0.));
#5913 = CARTESIAN_POINT('',(4.473039123218,-2.928932188136E-03));
#5914 = ( GEOMETRIC_REPRESENTATION_CONTEXT(2) 
PARAMETRIC_REPRESENTATION_CONTEXT() REPRESENTATION_CONTEXT('2D SPACE',''
  ) );
#5915 = PCURVE('',#67,#5916);
#5916 = DEFINITIONAL_REPRESENTATION('',(#5917),#5920);
#5917 = B_SPLINE_CURVE_WITH_KNOTS('',1,(#5918,#5919),.UNSPECIFIED.,.F.,
  .F.,(2,2),(1.328430475756,1.331446469628),.PIECEWISE_BEZIER_KNOTS.);
#5918 = CARTESIAN_POINT('',(4.954754831424,-2.775557561563E-17));
#5919 = CARTESIAN_POINT('',(4.951738837551,-2.928932188136E-03));
#5920 = ( GEOMETRIC_REPRESENTATION_CONTEXT(2) 
PARAMETRIC_REPRESENTATION_CONTEXT() REPRESENTATION_CONTEXT('2D SPACE',''
  ) );
#5921 = ORIENTED_EDGE('',*,*,#5922,.T.);
#5922 = EDGE_CURVE('',#5901,#2920,#5923,.T.);
#5923 = SURFACE_CURVE('',#5924,(#5935,#5964),.PCURVE_S1.);
#5924 = B_SPLINE_CURVE_WITH_KNOTS('',3,(#5925,#5926,#5927,#5928,#5929,
    #5930,#5931,#5932,#5933,#5934),.UNSPECIFIED.,.F.,.F.,(4,3,3,4),(0.,
    3.478040274405E-06,6.952384663513E-06,7.98874347257E-06),
  .UNSPECIFIED.);
#5925 = CARTESIAN_POINT('',(0.278507689785,0.237071067812,0.237071067812
    ));
#5926 = CARTESIAN_POINT('',(0.278310553568,0.236263224319,0.237878911305
    ));
#5927 = CARTESIAN_POINT('',(0.278078131276,0.235306161927,0.238551483714
    ));
#5928 = CARTESIAN_POINT('',(0.277831439086,0.234282498645,0.239036603654
    ));
#5929 = CARTESIAN_POINT('',(0.277584909514,0.233259510158,0.239521403804
    ));
#5930 = CARTESIAN_POINT('',(0.277317416227,0.232142026143,0.239832756701
    ));
#5931 = CARTESIAN_POINT('',(0.277051083041,0.231020356221,0.239947807468
    ));
#5932 = CARTESIAN_POINT('',(0.276970633766,0.230681541771,0.239982559994
    ));
#5933 = CARTESIAN_POINT('',(0.276889862995,0.230340582038,0.24));
#5934 = CARTESIAN_POINT('',(0.276809371192,0.23,0.24));
#5935 = PCURVE('',#2940,#5936);
#5936 = DEFINITIONAL_REPRESENTATION('',(#5937),#5963);
#5937 = B_SPLINE_CURVE_WITH_KNOTS('',3,(#5938,#5939,#5940,#5941,#5942,
    #5943,#5944,#5945,#5946,#5947,#5948,#5949,#5950,#5951,#5952,#5953,
    #5954,#5955,#5956,#5957,#5958,#5959,#5960,#5961,#5962),
  .UNSPECIFIED.,.F.,.F.,(4,1,1,1,1,1,1,1,1,1,1,1,1,1,1,1,1,1,1,1,1,1,4),
  (0.,3.631247032987E-07,7.262494065973E-07,1.089374109896E-06,
    1.452498813195E-06,1.815623516493E-06,2.178748219792E-06,
    2.541872923091E-06,2.904997626389E-06,3.268122329688E-06,
    3.631247032987E-06,3.994371736285E-06,4.357496439584E-06,
    4.720621142883E-06,5.083745846181E-06,5.44687054948E-06,
    5.809995252778E-06,6.173119956077E-06,6.536244659376E-06,
    6.899369362674E-06,7.262494065973E-06,7.625618769272E-06,
    7.98874347257E-06),.QUASI_UNIFORM_KNOTS.);
#5938 = CARTESIAN_POINT('',(4.473039123218,-2.928932188136E-03));
#5939 = CARTESIAN_POINT('',(4.473125941073,-2.844589309547E-03));
#5940 = CARTESIAN_POINT('',(4.473302919507,-2.678852569296E-03));
#5941 = CARTESIAN_POINT('',(4.473577833262,-2.439450826193E-03));
#5942 = CARTESIAN_POINT('',(4.473861611087,-2.20960874884E-03));
#5943 = CARTESIAN_POINT('',(4.474153670838,-1.989682698784E-03));
#5944 = CARTESIAN_POINT('',(4.474453430791,-1.780028803311E-03));
#5945 = CARTESIAN_POINT('',(4.474760307668,-1.581004063678E-03));
#5946 = CARTESIAN_POINT('',(4.475073724015,-1.392962219525E-03));
#5947 = CARTESIAN_POINT('',(4.475393080648,-1.216269182984E-03));
#5948 = CARTESIAN_POINT('',(4.475717859516,-1.051245437833E-03));
#5949 = CARTESIAN_POINT('',(4.47604723979,-8.983810087798E-04));
#5950 = CARTESIAN_POINT('',(4.476382872852,-7.568865727208E-04));
#5951 = CARTESIAN_POINT('',(4.476723895567,-6.269999146277E-04));
#5952 = CARTESIAN_POINT('',(4.47706973088,-5.088559075846E-04));
#5953 = CARTESIAN_POINT('',(4.477419728856,-4.026166301485E-04));
#5954 = CARTESIAN_POINT('',(4.477773245006,-3.084382508728E-04));
#5955 = CARTESIAN_POINT('',(4.478129685953,-2.264733728534E-04));
#5956 = CARTESIAN_POINT('',(4.478488248428,-1.568947710176E-04));
#5957 = CARTESIAN_POINT('',(4.478848917641,-9.979809842578E-05));
#5958 = CARTESIAN_POINT('',(4.479208734798,-5.556732377596E-05));
#5959 = CARTESIAN_POINT('',(4.479575728665,-2.351027507959E-05));
#5960 = CARTESIAN_POINT('',(4.47994327101,-4.287892139971E-06));
#5961 = CARTESIAN_POINT('',(4.480188747806,7.275958511614E-09));
#5962 = CARTESIAN_POINT('',(4.480311297522,0.));
#5963 = ( GEOMETRIC_REPRESENTATION_CONTEXT(2) 
PARAMETRIC_REPRESENTATION_CONTEXT() REPRESENTATION_CONTEXT('2D SPACE',''
  ) );
#5964 = PCURVE('',#150,#5965);
#5965 = DEFINITIONAL_REPRESENTATION('',(#5966),#5992);
#5966 = B_SPLINE_CURVE_WITH_KNOTS('',3,(#5967,#5968,#5969,#5970,#5971,
    #5972,#5973,#5974,#5975,#5976,#5977,#5978,#5979,#5980,#5981,#5982,
    #5983,#5984,#5985,#5986,#5987,#5988,#5989,#5990,#5991),
  .UNSPECIFIED.,.F.,.F.,(4,1,1,1,1,1,1,1,1,1,1,1,1,1,1,1,1,1,1,1,1,1,4),
  (0.,3.631247032987E-07,7.262494065973E-07,1.089374109896E-06,
    1.452498813195E-06,1.815623516493E-06,2.178748219792E-06,
    2.541872923091E-06,2.904997626389E-06,3.268122329688E-06,
    3.631247032987E-06,3.994371736285E-06,4.357496439584E-06,
    4.720621142883E-06,5.083745846181E-06,5.44687054948E-06,
    5.809995252778E-06,6.173119956077E-06,6.536244659376E-06,
    6.899369362674E-06,7.262494065973E-06,7.625618769272E-06,
    7.98874347257E-06),.QUASI_UNIFORM_KNOTS.);
#5967 = CARTESIAN_POINT('',(2.356194490192,0.678507689785));
#5968 = CARTESIAN_POINT('',(2.368122205194,0.678487107784));
#5969 = CARTESIAN_POINT('',(2.391999791914,0.678445174516));
#5970 = CARTESIAN_POINT('',(2.427863678213,0.678380110327));
#5971 = CARTESIAN_POINT('',(2.463756796984,0.678313025351));
#5972 = CARTESIAN_POINT('',(2.499658458856,0.678244063114));
#5973 = CARTESIAN_POINT('',(2.535547070185,0.678173367045));
#5974 = CARTESIAN_POINT('',(2.571400163338,0.678101080937));
#5975 = CARTESIAN_POINT('',(2.607195802768,0.678027347218));
#5976 = CARTESIAN_POINT('',(2.642910001025,0.677952313418));
#5977 = CARTESIAN_POINT('',(2.678528712276,0.677876108025));
#5978 = CARTESIAN_POINT('',(2.714005459918,0.677798930582));
#5979 = CARTESIAN_POINT('',(2.74956733329,0.677720401723));
#5980 = CARTESIAN_POINT('',(2.785174662939,0.677640725405));
#5981 = CARTESIAN_POINT('',(2.820815575451,0.677560039322));
#5982 = CARTESIAN_POINT('',(2.856469446719,0.677478498051));
#5983 = CARTESIAN_POINT('',(2.892115534763,0.677396254899));
#5984 = CARTESIAN_POINT('',(2.927737785098,0.677313451366));
#5985 = CARTESIAN_POINT('',(2.963299812985,0.677230277455));
#5986 = CARTESIAN_POINT('',(2.998843018851,0.677146740962));
#5987 = CARTESIAN_POINT('',(3.034121973233,0.677063530013));
#5988 = CARTESIAN_POINT('',(3.069967536346,0.676978793612));
#5989 = CARTESIAN_POINT('',(3.105777653837,0.676894061441));
#5990 = CARTESIAN_POINT('',(3.129666274579,0.676837557555));
#5991 = CARTESIAN_POINT('',(3.14159265359,0.676809371192));
#5992 = ( GEOMETRIC_REPRESENTATION_CONTEXT(2) 
PARAMETRIC_REPRESENTATION_CONTEXT() REPRESENTATION_CONTEXT('2D SPACE',''
  ) );
#5993 = ORIENTED_EDGE('',*,*,#2919,.F.);
#5994 = ORIENTED_EDGE('',*,*,#5995,.T.);
#5995 = EDGE_CURVE('',#2897,#5996,#5998,.T.);
#5996 = VERTEX_POINT('',#5997);
#5997 = CARTESIAN_POINT('',(0.278507689785,-0.237071067812,
    0.237071067812));
#5998 = SURFACE_CURVE('',#5999,(#6010,#6039),.PCURVE_S1.);
#5999 = B_SPLINE_CURVE_WITH_KNOTS('',3,(#6000,#6001,#6002,#6003,#6004,
    #6005,#6006,#6007,#6008,#6009),.UNSPECIFIED.,.F.,.F.,(4,3,3,4),(0.,
    3.527781105258E-06,7.058075805892E-06,7.991169092063E-06),
  .UNSPECIFIED.);
#6000 = CARTESIAN_POINT('',(0.276809371192,-0.23,0.24));
#6001 = CARTESIAN_POINT('',(0.27707983441,-0.231144401171,0.24));
#6002 = CARTESIAN_POINT('',(0.277356161761,-0.232304102678,
    0.239798306037));
#6003 = CARTESIAN_POINT('',(0.277615226308,-0.23338348676,0.239410208167
    ));
#6004 = CARTESIAN_POINT('',(0.277874391787,-0.234463291373,
    0.239021959092));
#6005 = CARTESIAN_POINT('',(0.278123512921,-0.235492957457,
    0.238435900193));
#6006 = CARTESIAN_POINT('',(0.278340051564,-0.23638304636,0.237697838641
    ));
#6007 = CARTESIAN_POINT('',(0.278398075948,-0.236621557416,
    0.237500065318));
#6008 = CARTESIAN_POINT('',(0.278454088187,-0.236851414097,
    0.237290721527));
#6009 = CARTESIAN_POINT('',(0.278507689785,-0.237071067812,
    0.237071067812));
#6010 = PCURVE('',#2940,#6011);
#6011 = DEFINITIONAL_REPRESENTATION('',(#6012),#6038);
#6012 = B_SPLINE_CURVE_WITH_KNOTS('',3,(#6013,#6014,#6015,#6016,#6017,
    #6018,#6019,#6020,#6021,#6022,#6023,#6024,#6025,#6026,#6027,#6028,
    #6029,#6030,#6031,#6032,#6033,#6034,#6035,#6036,#6037),
  .UNSPECIFIED.,.F.,.F.,(4,1,1,1,1,1,1,1,1,1,1,1,1,1,1,1,1,1,1,1,1,1,4),
  (0.,3.632349587301E-07,7.264699174603E-07,1.08970487619E-06,
    1.452939834921E-06,1.816174793651E-06,2.179409752381E-06,
    2.542644711111E-06,2.905879669841E-06,3.269114628571E-06,
    3.632349587301E-06,3.995584546032E-06,4.358819504762E-06,
    4.722054463492E-06,5.085289422222E-06,5.448524380952E-06,
    5.811759339682E-06,6.174994298412E-06,6.538229257143E-06,
    6.901464215873E-06,7.264699174603E-06,7.627934133333E-06,
    7.991169092063E-06),.QUASI_UNIFORM_KNOTS.);
#6013 = CARTESIAN_POINT('',(4.944466663247,0.));
#6014 = CARTESIAN_POINT('',(4.944587741567,-2.929710586035E-17));
#6015 = CARTESIAN_POINT('',(4.944830242525,-4.276563969651E-06));
#6016 = CARTESIAN_POINT('',(4.945194382657,-2.342095415659E-05));
#6017 = CARTESIAN_POINT('',(4.945558267281,-5.51947616909E-05));
#6018 = CARTESIAN_POINT('',(4.945921251968,-9.949778691882E-05));
#6019 = CARTESIAN_POINT('',(4.946282693108,-1.562301004688E-04));
#6020 = CARTESIAN_POINT('',(4.946641944022,-2.252907646098E-04));
#6021 = CARTESIAN_POINT('',(4.946998369473,-3.065826047661E-04));
#6022 = CARTESIAN_POINT('',(4.947351291519,-3.999944021007E-04));
#6023 = CARTESIAN_POINT('',(4.947700191597,-5.054673516669E-04));
#6024 = CARTESIAN_POINT('',(4.948043956326,-6.227470372158E-04));
#6025 = CARTESIAN_POINT('',(4.948383993999,-7.524134356112E-04));
#6026 = CARTESIAN_POINT('',(4.948720092288,-8.942836473585E-04));
#6027 = CARTESIAN_POINT('',(4.949051543498,-1.048026799908E-03));
#6028 = CARTESIAN_POINT('',(4.949377774349,-1.213353036094E-03));
#6029 = CARTESIAN_POINT('',(4.949698169243,-1.389956410269E-03));
#6030 = CARTESIAN_POINT('',(4.950012147409,-1.577554315329E-03));
#6031 = CARTESIAN_POINT('',(4.950319031064,-1.775786878479E-03));
#6032 = CARTESIAN_POINT('',(4.950618495622,-1.984579951144E-03));
#6033 = CARTESIAN_POINT('',(4.950908900708,-2.202793753557E-03));
#6034 = CARTESIAN_POINT('',(4.951193515888,-2.433265306504E-03));
#6035 = CARTESIAN_POINT('',(4.951471626679,-2.675549111448E-03));
#6036 = CARTESIAN_POINT('',(4.951650998199,-2.843566977339E-03));
#6037 = CARTESIAN_POINT('',(4.951738837551,-2.928932188134E-03));
#6038 = ( GEOMETRIC_REPRESENTATION_CONTEXT(2) 
PARAMETRIC_REPRESENTATION_CONTEXT() REPRESENTATION_CONTEXT('2D SPACE',''
  ) );
#6039 = PCURVE('',#2805,#6040);
#6040 = DEFINITIONAL_REPRESENTATION('',(#6041),#6067);
#6041 = B_SPLINE_CURVE_WITH_KNOTS('',3,(#6042,#6043,#6044,#6045,#6046,
    #6047,#6048,#6049,#6050,#6051,#6052,#6053,#6054,#6055,#6056,#6057,
    #6058,#6059,#6060,#6061,#6062,#6063,#6064,#6065,#6066),
  .UNSPECIFIED.,.F.,.F.,(4,1,1,1,1,1,1,1,1,1,1,1,1,1,1,1,1,1,1,1,1,1,4),
  (0.,3.632349587301E-07,7.264699174603E-07,1.08970487619E-06,
    1.452939834921E-06,1.816174793651E-06,2.179409752381E-06,
    2.542644711111E-06,2.905879669841E-06,3.269114628571E-06,
    3.632349587301E-06,3.995584546032E-06,4.358819504762E-06,
    4.722054463492E-06,5.085289422222E-06,5.448524380952E-06,
    5.811759339682E-06,6.174994298412E-06,6.538229257143E-06,
    6.901464215873E-06,7.264699174603E-06,7.627934133333E-06,
    7.991169092063E-06),.QUASI_UNIFORM_KNOTS.);
#6042 = CARTESIAN_POINT('',(3.14159265359,0.676809371192));
#6043 = CARTESIAN_POINT('',(3.153375747605,0.676837219205));
#6044 = CARTESIAN_POINT('',(3.176974900111,0.676893039571));
#6045 = CARTESIAN_POINT('',(3.212454815269,0.676976991663));
#6046 = CARTESIAN_POINT('',(3.24799874821,0.677061013839));
#6047 = CARTESIAN_POINT('',(3.283587645875,0.677144954588));
#6048 = CARTESIAN_POINT('',(3.319201893723,0.67722866259));
#6049 = CARTESIAN_POINT('',(3.354821179033,0.677311985813));
#6050 = CARTESIAN_POINT('',(3.390426507234,0.677394774882));
#6051 = CARTESIAN_POINT('',(3.425995094013,0.677476870515));
#6052 = CARTESIAN_POINT('',(3.461521595865,0.677558150387));
#6053 = CARTESIAN_POINT('',(3.496941072533,0.677638354259));
#6054 = CARTESIAN_POINT('',(3.532449768169,0.677717806475));
#6055 = CARTESIAN_POINT('',(3.568069073633,0.677796450087));
#6056 = CARTESIAN_POINT('',(3.603768275061,0.677874113503));
#6057 = CARTESIAN_POINT('',(3.639529366647,0.677950656246));
#6058 = CARTESIAN_POINT('',(3.675329287514,0.678025928017));
#6059 = CARTESIAN_POINT('',(3.711149078074,0.678099786701));
#6060 = CARTESIAN_POINT('',(3.746957991026,0.67817206726));
#6061 = CARTESIAN_POINT('',(3.782770884402,0.678242688173));
#6062 = CARTESIAN_POINT('',(3.818437514346,0.678311256762));
#6063 = CARTESIAN_POINT('',(3.854430893375,0.67837854147));
#6064 = CARTESIAN_POINT('',(3.890717487431,0.678444364438));
#6065 = CARTESIAN_POINT('',(3.914920599941,0.678486865515));
#6066 = CARTESIAN_POINT('',(3.926990816987,0.678507689785));
#6067 = ( GEOMETRIC_REPRESENTATION_CONTEXT(2) 
PARAMETRIC_REPRESENTATION_CONTEXT() REPRESENTATION_CONTEXT('2D SPACE',''
  ) );
#6068 = ORIENTED_EDGE('',*,*,#6069,.F.);
#6069 = EDGE_CURVE('',#6070,#5996,#6072,.T.);
#6070 = VERTEX_POINT('',#6071);
#6071 = CARTESIAN_POINT('',(0.279227112039,-0.24,0.24));
#6072 = SURFACE_CURVE('',#6073,(#6078,#6084),.PCURVE_S1.);
#6073 = ( BOUNDED_CURVE() B_SPLINE_CURVE(3,(#6074,#6075,#6076,#6077),
.UNSPECIFIED.,.F.,.F.) B_SPLINE_CURVE_WITH_KNOTS((4,4),(1.328430475756,
1.331446469628),.PIECEWISE_BEZIER_KNOTS.) CURVE() 
GEOMETRIC_REPRESENTATION_ITEM() RATIONAL_B_SPLINE_CURVE((1.,
0.999999241982,0.999999241982,1.)) REPRESENTATION_ITEM('') );
#6074 = CARTESIAN_POINT('',(0.279227112039,-0.24,0.24));
#6075 = CARTESIAN_POINT('',(0.278985832438,-0.23902405127,0.23902405127)
  );
#6076 = CARTESIAN_POINT('',(0.278746024838,-0.2380477398,0.2380477398));
#6077 = CARTESIAN_POINT('',(0.278507689785,-0.237071067812,
    0.237071067812));
#6078 = PCURVE('',#2940,#6079);
#6079 = DEFINITIONAL_REPRESENTATION('',(#6080),#6083);
#6080 = B_SPLINE_CURVE_WITH_KNOTS('',1,(#6081,#6082),.UNSPECIFIED.,.F.,
  .F.,(2,2),(1.328430475756,1.331446469628),.PIECEWISE_BEZIER_KNOTS.);
#6081 = CARTESIAN_POINT('',(4.954754831424,0.));
#6082 = CARTESIAN_POINT('',(4.951738837551,-2.928932188134E-03));
#6083 = ( GEOMETRIC_REPRESENTATION_CONTEXT(2) 
PARAMETRIC_REPRESENTATION_CONTEXT() REPRESENTATION_CONTEXT('2D SPACE',''
  ) );
#6084 = PCURVE('',#2777,#6085);
#6085 = DEFINITIONAL_REPRESENTATION('',(#6086),#6089);
#6086 = B_SPLINE_CURVE_WITH_KNOTS('',1,(#6087,#6088),.UNSPECIFIED.,.F.,
  .F.,(2,2),(1.328430475756,1.331446469628),.PIECEWISE_BEZIER_KNOTS.);
#6087 = CARTESIAN_POINT('',(4.470023129346,-2.775557561563E-17));
#6088 = CARTESIAN_POINT('',(4.473039123218,-2.928932188134E-03));
#6089 = ( GEOMETRIC_REPRESENTATION_CONTEXT(2) 
PARAMETRIC_REPRESENTATION_CONTEXT() REPRESENTATION_CONTEXT('2D SPACE',''
  ) );
#6090 = ORIENTED_EDGE('',*,*,#6091,.T.);
#6091 = EDGE_CURVE('',#6070,#5140,#6092,.T.);
#6092 = SURFACE_CURVE('',#6093,(#6097,#6104),.PCURVE_S1.);
#6093 = LINE('',#6094,#6095);
#6094 = CARTESIAN_POINT('',(0.279227112039,-0.24,0.24));
#6095 = VECTOR('',#6096,1.);
#6096 = DIRECTION('',(-0.,-1.084202172486E-16,1.));
#6097 = PCURVE('',#2940,#6098);
#6098 = DEFINITIONAL_REPRESENTATION('',(#6099),#6103);
#6099 = LINE('',#6100,#6101);
#6100 = CARTESIAN_POINT('',(4.954754831424,8.326672684689E-16));
#6101 = VECTOR('',#6102,1.);
#6102 = DIRECTION('',(0.,1.));
#6103 = ( GEOMETRIC_REPRESENTATION_CONTEXT(2) 
PARAMETRIC_REPRESENTATION_CONTEXT() REPRESENTATION_CONTEXT('2D SPACE',''
  ) );
#6104 = PCURVE('',#5229,#6105);
#6105 = DEFINITIONAL_REPRESENTATION('',(#6106),#6110);
#6106 = LINE('',#6107,#6108);
#6107 = CARTESIAN_POINT('',(-0.24,-0.970772887961));
#6108 = VECTOR('',#6109,1.);
#6109 = DIRECTION('',(-1.,0.));
#6110 = ( GEOMETRIC_REPRESENTATION_CONTEXT(2) 
PARAMETRIC_REPRESENTATION_CONTEXT() REPRESENTATION_CONTEXT('2D SPACE',''
  ) );
#6111 = ORIENTED_EDGE('',*,*,#5139,.T.);
#6112 = ADVANCED_FACE('',(#6113),#2777,.T.);
#6113 = FACE_BOUND('',#6114,.T.);
#6114 = EDGE_LOOP('',(#6115,#6116,#6117,#6138,#6139,#6211,#6212,#6284,
    #6285,#6286));
#6115 = ORIENTED_EDGE('',*,*,#2976,.T.);
#6116 = ORIENTED_EDGE('',*,*,#5014,.T.);
#6117 = ORIENTED_EDGE('',*,*,#6118,.F.);
#6118 = EDGE_CURVE('',#6070,#5015,#6119,.T.);
#6119 = SURFACE_CURVE('',#6120,(#6124,#6131),.PCURVE_S1.);
#6120 = LINE('',#6121,#6122);
#6121 = CARTESIAN_POINT('',(0.279227112039,-0.24,0.24));
#6122 = VECTOR('',#6123,1.);
#6123 = DIRECTION('',(-0.,-1.,3.383061121595E-15));
#6124 = PCURVE('',#2777,#6125);
#6125 = DEFINITIONAL_REPRESENTATION('',(#6126),#6130);
#6126 = LINE('',#6127,#6128);
#6127 = CARTESIAN_POINT('',(4.470023129346,8.326672684689E-16));
#6128 = VECTOR('',#6129,1.);
#6129 = DIRECTION('',(0.,1.));
#6130 = ( GEOMETRIC_REPRESENTATION_CONTEXT(2) 
PARAMETRIC_REPRESENTATION_CONTEXT() REPRESENTATION_CONTEXT('2D SPACE',''
  ) );
#6131 = PCURVE('',#5404,#6132);
#6132 = DEFINITIONAL_REPRESENTATION('',(#6133),#6137);
#6133 = LINE('',#6134,#6135);
#6134 = CARTESIAN_POINT('',(0.24,-0.970772887961));
#6135 = VECTOR('',#6136,1.);
#6136 = DIRECTION('',(1.,-0.));
#6137 = ( GEOMETRIC_REPRESENTATION_CONTEXT(2) 
PARAMETRIC_REPRESENTATION_CONTEXT() REPRESENTATION_CONTEXT('2D SPACE',''
  ) );
#6138 = ORIENTED_EDGE('',*,*,#6069,.T.);
#6139 = ORIENTED_EDGE('',*,*,#6140,.T.);
#6140 = EDGE_CURVE('',#5996,#2752,#6141,.T.);
#6141 = SURFACE_CURVE('',#6142,(#6153,#6182),.PCURVE_S1.);
#6142 = B_SPLINE_CURVE_WITH_KNOTS('',3,(#6143,#6144,#6145,#6146,#6147,
    #6148,#6149,#6150,#6151,#6152),.UNSPECIFIED.,.F.,.F.,(4,3,3,4),(0.,
    3.478040274405E-06,6.952384663513E-06,7.988743472569E-06),
  .UNSPECIFIED.);
#6143 = CARTESIAN_POINT('',(0.278507689785,-0.237071067812,
    0.237071067812));
#6144 = CARTESIAN_POINT('',(0.278310553568,-0.237878911305,
    0.236263224319));
#6145 = CARTESIAN_POINT('',(0.278078131276,-0.238551483714,
    0.235306161927));
#6146 = CARTESIAN_POINT('',(0.277831439086,-0.239036603654,
    0.234282498645));
#6147 = CARTESIAN_POINT('',(0.277584909514,-0.239521403804,
    0.233259510158));
#6148 = CARTESIAN_POINT('',(0.277317416227,-0.239832756701,
    0.232142026143));
#6149 = CARTESIAN_POINT('',(0.277051083041,-0.239947807468,
    0.231020356221));
#6150 = CARTESIAN_POINT('',(0.276970633766,-0.239982559994,
    0.230681541771));
#6151 = CARTESIAN_POINT('',(0.276889862995,-0.24,0.230340582038));
#6152 = CARTESIAN_POINT('',(0.276809371192,-0.24,0.23));
#6153 = PCURVE('',#2777,#6154);
#6154 = DEFINITIONAL_REPRESENTATION('',(#6155),#6181);
#6155 = B_SPLINE_CURVE_WITH_KNOTS('',3,(#6156,#6157,#6158,#6159,#6160,
    #6161,#6162,#6163,#6164,#6165,#6166,#6167,#6168,#6169,#6170,#6171,
    #6172,#6173,#6174,#6175,#6176,#6177,#6178,#6179,#6180),
  .UNSPECIFIED.,.F.,.F.,(4,1,1,1,1,1,1,1,1,1,1,1,1,1,1,1,1,1,1,1,1,1,4),
  (0.,3.631247032986E-07,7.262494065971E-07,1.089374109896E-06,
    1.452498813194E-06,1.815623516493E-06,2.178748219791E-06,
    2.54187292309E-06,2.904997626389E-06,3.268122329687E-06,
    3.631247032986E-06,3.994371736284E-06,4.357496439583E-06,
    4.720621142881E-06,5.08374584618E-06,5.446870549479E-06,
    5.809995252777E-06,6.173119956076E-06,6.536244659374E-06,
    6.899369362673E-06,7.262494065971E-06,7.62561876927E-06,
    7.988743472569E-06),.QUASI_UNIFORM_KNOTS.);
#6156 = CARTESIAN_POINT('',(4.473039123218,-2.928932188134E-03));
#6157 = CARTESIAN_POINT('',(4.473125941073,-2.844589309545E-03));
#6158 = CARTESIAN_POINT('',(4.473302919507,-2.678852569294E-03));
#6159 = CARTESIAN_POINT('',(4.473577833262,-2.439450826191E-03));
#6160 = CARTESIAN_POINT('',(4.473861611087,-2.209608748838E-03));
#6161 = CARTESIAN_POINT('',(4.474153670838,-1.989682698782E-03));
#6162 = CARTESIAN_POINT('',(4.474453430791,-1.78002880331E-03));
#6163 = CARTESIAN_POINT('',(4.474760307668,-1.581004063677E-03));
#6164 = CARTESIAN_POINT('',(4.475073724015,-1.392962219523E-03));
#6165 = CARTESIAN_POINT('',(4.475393080648,-1.216269182983E-03));
#6166 = CARTESIAN_POINT('',(4.475717859516,-1.051245437832E-03));
#6167 = CARTESIAN_POINT('',(4.47604723979,-8.983810087786E-04));
#6168 = CARTESIAN_POINT('',(4.476382872852,-7.568865727198E-04));
#6169 = CARTESIAN_POINT('',(4.476723895567,-6.269999146266E-04));
#6170 = CARTESIAN_POINT('',(4.47706973088,-5.088559075837E-04));
#6171 = CARTESIAN_POINT('',(4.477419728856,-4.026166301476E-04));
#6172 = CARTESIAN_POINT('',(4.477773245006,-3.084382508719E-04));
#6173 = CARTESIAN_POINT('',(4.478129685953,-2.264733728524E-04));
#6174 = CARTESIAN_POINT('',(4.478488248428,-1.568947710169E-04));
#6175 = CARTESIAN_POINT('',(4.478848917641,-9.979809842489E-05));
#6176 = CARTESIAN_POINT('',(4.479208734798,-5.556732377526E-05));
#6177 = CARTESIAN_POINT('',(4.479575728665,-2.351027507879E-05));
#6178 = CARTESIAN_POINT('',(4.47994327101,-4.287892139394E-06));
#6179 = CARTESIAN_POINT('',(4.480188747806,7.275958736722E-09));
#6180 = CARTESIAN_POINT('',(4.480311297522,-2.775557561563E-17));
#6181 = ( GEOMETRIC_REPRESENTATION_CONTEXT(2) 
PARAMETRIC_REPRESENTATION_CONTEXT() REPRESENTATION_CONTEXT('2D SPACE',''
  ) );
#6182 = PCURVE('',#2805,#6183);
#6183 = DEFINITIONAL_REPRESENTATION('',(#6184),#6210);
#6184 = B_SPLINE_CURVE_WITH_KNOTS('',3,(#6185,#6186,#6187,#6188,#6189,
    #6190,#6191,#6192,#6193,#6194,#6195,#6196,#6197,#6198,#6199,#6200,
    #6201,#6202,#6203,#6204,#6205,#6206,#6207,#6208,#6209),
  .UNSPECIFIED.,.F.,.F.,(4,1,1,1,1,1,1,1,1,1,1,1,1,1,1,1,1,1,1,1,1,1,4),
  (0.,3.631247032986E-07,7.262494065971E-07,1.089374109896E-06,
    1.452498813194E-06,1.815623516493E-06,2.178748219791E-06,
    2.54187292309E-06,2.904997626389E-06,3.268122329687E-06,
    3.631247032986E-06,3.994371736284E-06,4.357496439583E-06,
    4.720621142881E-06,5.08374584618E-06,5.446870549479E-06,
    5.809995252777E-06,6.173119956076E-06,6.536244659374E-06,
    6.899369362673E-06,7.262494065971E-06,7.62561876927E-06,
    7.988743472569E-06),.QUASI_UNIFORM_KNOTS.);
#6185 = CARTESIAN_POINT('',(3.926990816987,0.678507689785));
#6186 = CARTESIAN_POINT('',(3.938918531989,0.678487107784));
#6187 = CARTESIAN_POINT('',(3.962796118709,0.678445174516));
#6188 = CARTESIAN_POINT('',(3.998660005009,0.678380110327));
#6189 = CARTESIAN_POINT('',(4.034553123779,0.678313025351));
#6190 = CARTESIAN_POINT('',(4.070454785651,0.678244063114));
#6191 = CARTESIAN_POINT('',(4.10634339698,0.678173367045));
#6192 = CARTESIAN_POINT('',(4.142196490133,0.678101080937));
#6193 = CARTESIAN_POINT('',(4.177992129563,0.678027347218));
#6194 = CARTESIAN_POINT('',(4.21370632782,0.677952313418));
#6195 = CARTESIAN_POINT('',(4.249325039071,0.677876108025));
#6196 = CARTESIAN_POINT('',(4.284801786713,0.677798930582));
#6197 = CARTESIAN_POINT('',(4.320363660085,0.677720401723));
#6198 = CARTESIAN_POINT('',(4.355970989734,0.677640725405));
#6199 = CARTESIAN_POINT('',(4.391611902246,0.677560039322));
#6200 = CARTESIAN_POINT('',(4.427265773514,0.677478498051));
#6201 = CARTESIAN_POINT('',(4.462911861558,0.677396254899));
#6202 = CARTESIAN_POINT('',(4.498534111893,0.677313451366));
#6203 = CARTESIAN_POINT('',(4.53409613978,0.677230277455));
#6204 = CARTESIAN_POINT('',(4.569639345646,0.677146740962));
#6205 = CARTESIAN_POINT('',(4.604918300028,0.677063530013));
#6206 = CARTESIAN_POINT('',(4.640763863141,0.676978793612));
#6207 = CARTESIAN_POINT('',(4.676573980632,0.676894061441));
#6208 = CARTESIAN_POINT('',(4.700462601374,0.676837557555));
#6209 = CARTESIAN_POINT('',(4.712388980385,0.676809371192));
#6210 = ( GEOMETRIC_REPRESENTATION_CONTEXT(2) 
PARAMETRIC_REPRESENTATION_CONTEXT() REPRESENTATION_CONTEXT('2D SPACE',''
  ) );
#6211 = ORIENTED_EDGE('',*,*,#2749,.F.);
#6212 = ORIENTED_EDGE('',*,*,#6213,.T.);
#6213 = EDGE_CURVE('',#2750,#3442,#6214,.T.);
#6214 = SURFACE_CURVE('',#6215,(#6226,#6255),.PCURVE_S1.);
#6215 = B_SPLINE_CURVE_WITH_KNOTS('',3,(#6216,#6217,#6218,#6219,#6220,
    #6221,#6222,#6223,#6224,#6225),.UNSPECIFIED.,.F.,.F.,(4,3,3,4),(
    1.242109631013E-19,3.527781105258E-06,7.058075805892E-06,
    7.991169092063E-06),.UNSPECIFIED.);
#6216 = CARTESIAN_POINT('',(0.276809371192,-0.24,-0.23));
#6217 = CARTESIAN_POINT('',(0.27707983441,-0.24,-0.231144401171));
#6218 = CARTESIAN_POINT('',(0.277356161761,-0.239798306037,
    -0.232304102678));
#6219 = CARTESIAN_POINT('',(0.277615226308,-0.239410208167,
    -0.23338348676));
#6220 = CARTESIAN_POINT('',(0.277874391787,-0.239021959092,
    -0.234463291373));
#6221 = CARTESIAN_POINT('',(0.278123512921,-0.238435900193,
    -0.235492957457));
#6222 = CARTESIAN_POINT('',(0.278340051564,-0.237697838641,
    -0.23638304636));
#6223 = CARTESIAN_POINT('',(0.278398075948,-0.237500065318,
    -0.236621557416));
#6224 = CARTESIAN_POINT('',(0.278454088187,-0.237290721527,
    -0.236851414097));
#6225 = CARTESIAN_POINT('',(0.278507689785,-0.237071067812,
    -0.237071067812));
#6226 = PCURVE('',#2777,#6227);
#6227 = DEFINITIONAL_REPRESENTATION('',(#6228),#6254);
#6228 = B_SPLINE_CURVE_WITH_KNOTS('',3,(#6229,#6230,#6231,#6232,#6233,
    #6234,#6235,#6236,#6237,#6238,#6239,#6240,#6241,#6242,#6243,#6244,
    #6245,#6246,#6247,#6248,#6249,#6250,#6251,#6252,#6253),
  .UNSPECIFIED.,.F.,.F.,(4,1,1,1,1,1,1,1,1,1,1,1,1,1,1,1,1,1,1,1,1,1,4),
  (1.242109631013E-19,3.632349587302E-07,7.264699174604E-07,
    1.08970487619E-06,1.452939834921E-06,1.816174793651E-06,
    2.179409752381E-06,2.542644711111E-06,2.905879669841E-06,
    3.269114628571E-06,3.632349587301E-06,3.995584546031E-06,
    4.358819504762E-06,4.722054463492E-06,5.085289422222E-06,
    5.448524380952E-06,5.811759339682E-06,6.174994298412E-06,
    6.538229257142E-06,6.901464215872E-06,7.264699174603E-06,
    7.627934133333E-06,7.991169092063E-06),.QUASI_UNIFORM_KNOTS.);
#6229 = CARTESIAN_POINT('',(4.944466663247,0.));
#6230 = CARTESIAN_POINT('',(4.944587741567,-7.092895228781E-17));
#6231 = CARTESIAN_POINT('',(4.944830242525,-4.276563969811E-06));
#6232 = CARTESIAN_POINT('',(4.945194382657,-2.342095415697E-05));
#6233 = CARTESIAN_POINT('',(4.945558267281,-5.519476169139E-05));
#6234 = CARTESIAN_POINT('',(4.945921251968,-9.949778691944E-05));
#6235 = CARTESIAN_POINT('',(4.946282693108,-1.562301004694E-04));
#6236 = CARTESIAN_POINT('',(4.946641944022,-2.252907646105E-04));
#6237 = CARTESIAN_POINT('',(4.946998369473,-3.065826047669E-04));
#6238 = CARTESIAN_POINT('',(4.947351291519,-3.999944021015E-04));
#6239 = CARTESIAN_POINT('',(4.947700191597,-5.054673516676E-04));
#6240 = CARTESIAN_POINT('',(4.948043956326,-6.227470372166E-04));
#6241 = CARTESIAN_POINT('',(4.948383993999,-7.524134356119E-04));
#6242 = CARTESIAN_POINT('',(4.948720092288,-8.942836473593E-04));
#6243 = CARTESIAN_POINT('',(4.949051543498,-1.048026799909E-03));
#6244 = CARTESIAN_POINT('',(4.949377774349,-1.213353036095E-03));
#6245 = CARTESIAN_POINT('',(4.949698169243,-1.38995641027E-03));
#6246 = CARTESIAN_POINT('',(4.950012147409,-1.57755431533E-03));
#6247 = CARTESIAN_POINT('',(4.950319031064,-1.77578687848E-03));
#6248 = CARTESIAN_POINT('',(4.950618495622,-1.984579951145E-03));
#6249 = CARTESIAN_POINT('',(4.950908900708,-2.202793753558E-03));
#6250 = CARTESIAN_POINT('',(4.951193515888,-2.433265306505E-03));
#6251 = CARTESIAN_POINT('',(4.951471626679,-2.675549111448E-03));
#6252 = CARTESIAN_POINT('',(4.951650998199,-2.84356697734E-03));
#6253 = CARTESIAN_POINT('',(4.951738837551,-2.928932188135E-03));
#6254 = ( GEOMETRIC_REPRESENTATION_CONTEXT(2) 
PARAMETRIC_REPRESENTATION_CONTEXT() REPRESENTATION_CONTEXT('2D SPACE',''
  ) );
#6255 = PCURVE('',#271,#6256);
#6256 = DEFINITIONAL_REPRESENTATION('',(#6257),#6283);
#6257 = B_SPLINE_CURVE_WITH_KNOTS('',3,(#6258,#6259,#6260,#6261,#6262,
    #6263,#6264,#6265,#6266,#6267,#6268,#6269,#6270,#6271,#6272,#6273,
    #6274,#6275,#6276,#6277,#6278,#6279,#6280,#6281,#6282),
  .UNSPECIFIED.,.F.,.F.,(4,1,1,1,1,1,1,1,1,1,1,1,1,1,1,1,1,1,1,1,1,1,4),
  (1.242109631013E-19,3.632349587302E-07,7.264699174604E-07,
    1.08970487619E-06,1.452939834921E-06,1.816174793651E-06,
    2.179409752381E-06,2.542644711111E-06,2.905879669841E-06,
    3.269114628571E-06,3.632349587301E-06,3.995584546031E-06,
    4.358819504762E-06,4.722054463492E-06,5.085289422222E-06,
    5.448524380952E-06,5.811759339682E-06,6.174994298412E-06,
    6.538229257142E-06,6.901464215872E-06,7.264699174603E-06,
    7.627934133333E-06,7.991169092063E-06),.QUASI_UNIFORM_KNOTS.);
#6258 = CARTESIAN_POINT('',(4.712388980385,0.676809371192));
#6259 = CARTESIAN_POINT('',(4.7241720744,0.676837219205));
#6260 = CARTESIAN_POINT('',(4.747771226906,0.676893039571));
#6261 = CARTESIAN_POINT('',(4.783251142064,0.676976991663));
#6262 = CARTESIAN_POINT('',(4.818795075005,0.677061013839));
#6263 = CARTESIAN_POINT('',(4.85438397267,0.677144954588));
#6264 = CARTESIAN_POINT('',(4.889998220518,0.67722866259));
#6265 = CARTESIAN_POINT('',(4.925617505828,0.677311985813));
#6266 = CARTESIAN_POINT('',(4.961222834029,0.677394774882));
#6267 = CARTESIAN_POINT('',(4.996791420808,0.677476870515));
#6268 = CARTESIAN_POINT('',(5.032317922659,0.677558150387));
#6269 = CARTESIAN_POINT('',(5.067737399328,0.677638354259));
#6270 = CARTESIAN_POINT('',(5.103246094964,0.677717806475));
#6271 = CARTESIAN_POINT('',(5.138865400428,0.677796450087));
#6272 = CARTESIAN_POINT('',(5.174564601856,0.677874113503));
#6273 = CARTESIAN_POINT('',(5.210325693442,0.677950656246));
#6274 = CARTESIAN_POINT('',(5.246125614308,0.678025928017));
#6275 = CARTESIAN_POINT('',(5.281945404868,0.678099786701));
#6276 = CARTESIAN_POINT('',(5.317754317821,0.67817206726));
#6277 = CARTESIAN_POINT('',(5.353567211197,0.678242688173));
#6278 = CARTESIAN_POINT('',(5.38923384114,0.678311256762));
#6279 = CARTESIAN_POINT('',(5.42522722017,0.67837854147));
#6280 = CARTESIAN_POINT('',(5.461513814226,0.678444364438));
#6281 = CARTESIAN_POINT('',(5.485716926736,0.678486865515));
#6282 = CARTESIAN_POINT('',(5.497787143782,0.678507689785));
#6283 = ( GEOMETRIC_REPRESENTATION_CONTEXT(2) 
PARAMETRIC_REPRESENTATION_CONTEXT() REPRESENTATION_CONTEXT('2D SPACE',''
  ) );
#6284 = ORIENTED_EDGE('',*,*,#3441,.F.);
#6285 = ORIENTED_EDGE('',*,*,#3326,.T.);
#6286 = ORIENTED_EDGE('',*,*,#5502,.T.);
#6287 = ADVANCED_FACE('',(#6288),#67,.T.);
#6288 = FACE_BOUND('',#6289,.T.);
#6289 = EDGE_LOOP('',(#6290,#6291,#6292,#6293,#6294,#6366,#6367,#6439,
    #6440,#6461));
#6290 = ORIENTED_EDGE('',*,*,#3211,.T.);
#6291 = ORIENTED_EDGE('',*,*,#4653,.T.);
#6292 = ORIENTED_EDGE('',*,*,#4109,.T.);
#6293 = ORIENTED_EDGE('',*,*,#3610,.T.);
#6294 = ORIENTED_EDGE('',*,*,#6295,.T.);
#6295 = EDGE_CURVE('',#3537,#42,#6296,.T.);
#6296 = SURFACE_CURVE('',#6297,(#6308,#6337),.PCURVE_S1.);
#6297 = B_SPLINE_CURVE_WITH_KNOTS('',3,(#6298,#6299,#6300,#6301,#6302,
    #6303,#6304,#6305,#6306,#6307),.UNSPECIFIED.,.F.,.F.,(4,3,3,4),(0.,
    3.478040274405E-06,6.952384663513E-06,7.98874347257E-06),
  .UNSPECIFIED.);
#6298 = CARTESIAN_POINT('',(0.278507689785,0.237071067812,
    -0.237071067812));
#6299 = CARTESIAN_POINT('',(0.278310553568,0.237878911305,
    -0.236263224319));
#6300 = CARTESIAN_POINT('',(0.278078131276,0.238551483714,
    -0.235306161927));
#6301 = CARTESIAN_POINT('',(0.277831439086,0.239036603654,
    -0.234282498645));
#6302 = CARTESIAN_POINT('',(0.277584909514,0.239521403804,
    -0.233259510158));
#6303 = CARTESIAN_POINT('',(0.277317416227,0.239832756701,
    -0.232142026143));
#6304 = CARTESIAN_POINT('',(0.277051083041,0.239947807468,
    -0.231020356221));
#6305 = CARTESIAN_POINT('',(0.276970633766,0.239982559994,
    -0.230681541771));
#6306 = CARTESIAN_POINT('',(0.276889862995,0.24,-0.230340582038));
#6307 = CARTESIAN_POINT('',(0.276809371192,0.24,-0.23));
#6308 = PCURVE('',#67,#6309);
#6309 = DEFINITIONAL_REPRESENTATION('',(#6310),#6336);
#6310 = B_SPLINE_CURVE_WITH_KNOTS('',3,(#6311,#6312,#6313,#6314,#6315,
    #6316,#6317,#6318,#6319,#6320,#6321,#6322,#6323,#6324,#6325,#6326,
    #6327,#6328,#6329,#6330,#6331,#6332,#6333,#6334,#6335),
  .UNSPECIFIED.,.F.,.F.,(4,1,1,1,1,1,1,1,1,1,1,1,1,1,1,1,1,1,1,1,1,1,4),
  (0.,3.631247032986E-07,7.262494065973E-07,1.089374109896E-06,
    1.452498813195E-06,1.815623516493E-06,2.178748219792E-06,
    2.54187292309E-06,2.904997626389E-06,3.268122329688E-06,
    3.631247032986E-06,3.994371736285E-06,4.357496439584E-06,
    4.720621142882E-06,5.083745846181E-06,5.446870549479E-06,
    5.809995252778E-06,6.173119956077E-06,6.536244659375E-06,
    6.899369362674E-06,7.262494065973E-06,7.625618769271E-06,
    7.98874347257E-06),.QUASI_UNIFORM_KNOTS.);
#6311 = CARTESIAN_POINT('',(4.473039123218,-2.928932188133E-03));
#6312 = CARTESIAN_POINT('',(4.473125941073,-2.844589309545E-03));
#6313 = CARTESIAN_POINT('',(4.473302919507,-2.678852569293E-03));
#6314 = CARTESIAN_POINT('',(4.473577833262,-2.43945082619E-03));
#6315 = CARTESIAN_POINT('',(4.473861611087,-2.209608748837E-03));
#6316 = CARTESIAN_POINT('',(4.474153670838,-1.989682698781E-03));
#6317 = CARTESIAN_POINT('',(4.474453430791,-1.780028803309E-03));
#6318 = CARTESIAN_POINT('',(4.474760307668,-1.581004063676E-03));
#6319 = CARTESIAN_POINT('',(4.475073724015,-1.392962219522E-03));
#6320 = CARTESIAN_POINT('',(4.475393080648,-1.216269182982E-03));
#6321 = CARTESIAN_POINT('',(4.475717859516,-1.05124543783E-03));
#6322 = CARTESIAN_POINT('',(4.47604723979,-8.983810087774E-04));
#6323 = CARTESIAN_POINT('',(4.476382872852,-7.568865727184E-04));
#6324 = CARTESIAN_POINT('',(4.476723895567,-6.269999146253E-04));
#6325 = CARTESIAN_POINT('',(4.47706973088,-5.088559075822E-04));
#6326 = CARTESIAN_POINT('',(4.477419728856,-4.026166301462E-04));
#6327 = CARTESIAN_POINT('',(4.477773245006,-3.084382508705E-04));
#6328 = CARTESIAN_POINT('',(4.478129685953,-2.26473372851E-04));
#6329 = CARTESIAN_POINT('',(4.478488248428,-1.568947710154E-04));
#6330 = CARTESIAN_POINT('',(4.478848917641,-9.97980984234E-05));
#6331 = CARTESIAN_POINT('',(4.479208734798,-5.556732377377E-05));
#6332 = CARTESIAN_POINT('',(4.479575728665,-2.351027507726E-05));
#6333 = CARTESIAN_POINT('',(4.47994327101,-4.287892138016E-06));
#6334 = CARTESIAN_POINT('',(4.480188747806,7.275959385904E-09));
#6335 = CARTESIAN_POINT('',(4.480311297522,0.));
#6336 = ( GEOMETRIC_REPRESENTATION_CONTEXT(2) 
PARAMETRIC_REPRESENTATION_CONTEXT() REPRESENTATION_CONTEXT('2D SPACE',''
  ) );
#6337 = PCURVE('',#95,#6338);
#6338 = DEFINITIONAL_REPRESENTATION('',(#6339),#6365);
#6339 = B_SPLINE_CURVE_WITH_KNOTS('',3,(#6340,#6341,#6342,#6343,#6344,
    #6345,#6346,#6347,#6348,#6349,#6350,#6351,#6352,#6353,#6354,#6355,
    #6356,#6357,#6358,#6359,#6360,#6361,#6362,#6363,#6364),
  .UNSPECIFIED.,.F.,.F.,(4,1,1,1,1,1,1,1,1,1,1,1,1,1,1,1,1,1,1,1,1,1,4),
  (0.,3.631247032986E-07,7.262494065973E-07,1.089374109896E-06,
    1.452498813195E-06,1.815623516493E-06,2.178748219792E-06,
    2.54187292309E-06,2.904997626389E-06,3.268122329688E-06,
    3.631247032986E-06,3.994371736285E-06,4.357496439584E-06,
    4.720621142882E-06,5.083745846181E-06,5.446870549479E-06,
    5.809995252778E-06,6.173119956077E-06,6.536244659375E-06,
    6.899369362674E-06,7.262494065973E-06,7.625618769271E-06,
    7.98874347257E-06),.QUASI_UNIFORM_KNOTS.);
#6340 = CARTESIAN_POINT('',(0.785398163397,0.678507689785));
#6341 = CARTESIAN_POINT('',(0.7973258784,0.678487107784));
#6342 = CARTESIAN_POINT('',(0.821203465119,0.678445174516));
#6343 = CARTESIAN_POINT('',(0.857067351419,0.678380110327));
#6344 = CARTESIAN_POINT('',(0.89296047019,0.678313025351));
#6345 = CARTESIAN_POINT('',(0.928862132061,0.678244063114));
#6346 = CARTESIAN_POINT('',(0.96475074339,0.678173367045));
#6347 = CARTESIAN_POINT('',(1.000603836543,0.678101080937));
#6348 = CARTESIAN_POINT('',(1.036399475973,0.678027347218));
#6349 = CARTESIAN_POINT('',(1.07211367423,0.677952313418));
#6350 = CARTESIAN_POINT('',(1.107732385482,0.677876108025));
#6351 = CARTESIAN_POINT('',(1.143209133124,0.677798930582));
#6352 = CARTESIAN_POINT('',(1.178771006495,0.677720401723));
#6353 = CARTESIAN_POINT('',(1.214378336144,0.677640725405));
#6354 = CARTESIAN_POINT('',(1.250019248656,0.677560039322));
#6355 = CARTESIAN_POINT('',(1.285673119924,0.677478498051));
#6356 = CARTESIAN_POINT('',(1.321319207969,0.677396254899));
#6357 = CARTESIAN_POINT('',(1.356941458303,0.677313451366));
#6358 = CARTESIAN_POINT('',(1.39250348619,0.677230277455));
#6359 = CARTESIAN_POINT('',(1.428046692056,0.677146740962));
#6360 = CARTESIAN_POINT('',(1.463325646438,0.677063530013));
#6361 = CARTESIAN_POINT('',(1.499171209551,0.676978793612));
#6362 = CARTESIAN_POINT('',(1.534981327043,0.676894061441));
#6363 = CARTESIAN_POINT('',(1.558869947784,0.676837557555));
#6364 = CARTESIAN_POINT('',(1.570796326795,0.676809371192));
#6365 = ( GEOMETRIC_REPRESENTATION_CONTEXT(2) 
PARAMETRIC_REPRESENTATION_CONTEXT() REPRESENTATION_CONTEXT('2D SPACE',''
  ) );
#6366 = ORIENTED_EDGE('',*,*,#39,.F.);
#6367 = ORIENTED_EDGE('',*,*,#6368,.T.);
#6368 = EDGE_CURVE('',#40,#5901,#6369,.T.);
#6369 = SURFACE_CURVE('',#6370,(#6381,#6410),.PCURVE_S1.);
#6370 = B_SPLINE_CURVE_WITH_KNOTS('',3,(#6371,#6372,#6373,#6374,#6375,
    #6376,#6377,#6378,#6379,#6380),.UNSPECIFIED.,.F.,.F.,(4,3,3,4),(
    4.285685386446E-19,3.527781105258E-06,7.058075805892E-06,
    7.991169092061E-06),.UNSPECIFIED.);
#6371 = CARTESIAN_POINT('',(0.276809371192,0.24,0.23));
#6372 = CARTESIAN_POINT('',(0.27707983441,0.24,0.231144401171));
#6373 = CARTESIAN_POINT('',(0.277356161761,0.239798306037,0.232304102678
    ));
#6374 = CARTESIAN_POINT('',(0.277615226308,0.239410208167,0.23338348676)
  );
#6375 = CARTESIAN_POINT('',(0.277874391787,0.239021959092,0.234463291373
    ));
#6376 = CARTESIAN_POINT('',(0.278123512921,0.238435900193,0.235492957457
    ));
#6377 = CARTESIAN_POINT('',(0.278340051564,0.237697838641,0.23638304636)
  );
#6378 = CARTESIAN_POINT('',(0.278398075948,0.237500065318,0.236621557416
    ));
#6379 = CARTESIAN_POINT('',(0.278454088187,0.237290721527,0.236851414097
    ));
#6380 = CARTESIAN_POINT('',(0.278507689785,0.237071067812,0.237071067812
    ));
#6381 = PCURVE('',#67,#6382);
#6382 = DEFINITIONAL_REPRESENTATION('',(#6383),#6409);
#6383 = B_SPLINE_CURVE_WITH_KNOTS('',3,(#6384,#6385,#6386,#6387,#6388,
    #6389,#6390,#6391,#6392,#6393,#6394,#6395,#6396,#6397,#6398,#6399,
    #6400,#6401,#6402,#6403,#6404,#6405,#6406,#6407,#6408),
  .UNSPECIFIED.,.F.,.F.,(4,1,1,1,1,1,1,1,1,1,1,1,1,1,1,1,1,1,1,1,1,1,4),
  (4.285685386446E-19,3.632349587305E-07,7.264699174605E-07,
    1.089704876191E-06,1.452939834921E-06,1.816174793651E-06,
    2.179409752381E-06,2.542644711111E-06,2.905879669841E-06,
    3.269114628571E-06,3.632349587301E-06,3.995584546031E-06,
    4.358819504761E-06,4.722054463491E-06,5.085289422221E-06,
    5.448524380951E-06,5.811759339681E-06,6.174994298411E-06,
    6.538229257141E-06,6.901464215871E-06,7.264699174601E-06,
    7.627934133331E-06,7.991169092061E-06),.QUASI_UNIFORM_KNOTS.);
#6384 = CARTESIAN_POINT('',(4.944466663247,-2.775557561563E-17));
#6385 = CARTESIAN_POINT('',(4.944587741567,-2.667626281641E-16));
#6386 = CARTESIAN_POINT('',(4.944830242525,-4.276563970325E-06));
#6387 = CARTESIAN_POINT('',(4.945194382657,-2.342095415788E-05));
#6388 = CARTESIAN_POINT('',(4.945558267281,-5.519476169259E-05));
#6389 = CARTESIAN_POINT('',(4.945921251968,-9.949778692076E-05));
#6390 = CARTESIAN_POINT('',(4.946282693108,-1.56230100471E-04));
#6391 = CARTESIAN_POINT('',(4.946641944022,-2.25290764612E-04));
#6392 = CARTESIAN_POINT('',(4.946998369473,-3.065826047687E-04));
#6393 = CARTESIAN_POINT('',(4.947351291519,-3.99994402103E-04));
#6394 = CARTESIAN_POINT('',(4.947700191597,-5.054673516692E-04));
#6395 = CARTESIAN_POINT('',(4.948043956326,-6.227470372182E-04));
#6396 = CARTESIAN_POINT('',(4.948383993999,-7.524134356134E-04));
#6397 = CARTESIAN_POINT('',(4.948720092288,-8.942836473607E-04));
#6398 = CARTESIAN_POINT('',(4.949051543498,-1.04802679991E-03));
#6399 = CARTESIAN_POINT('',(4.949377774349,-1.213353036096E-03));
#6400 = CARTESIAN_POINT('',(4.949698169243,-1.389956410271E-03));
#6401 = CARTESIAN_POINT('',(4.950012147409,-1.577554315331E-03));
#6402 = CARTESIAN_POINT('',(4.950319031064,-1.775786878481E-03));
#6403 = CARTESIAN_POINT('',(4.950618495622,-1.984579951146E-03));
#6404 = CARTESIAN_POINT('',(4.950908900708,-2.202793753559E-03));
#6405 = CARTESIAN_POINT('',(4.951193515888,-2.433265306506E-03));
#6406 = CARTESIAN_POINT('',(4.951471626679,-2.675549111449E-03));
#6407 = CARTESIAN_POINT('',(4.951650998199,-2.843566977341E-03));
#6408 = CARTESIAN_POINT('',(4.951738837551,-2.928932188136E-03));
#6409 = ( GEOMETRIC_REPRESENTATION_CONTEXT(2) 
PARAMETRIC_REPRESENTATION_CONTEXT() REPRESENTATION_CONTEXT('2D SPACE',''
  ) );
#6410 = PCURVE('',#150,#6411);
#6411 = DEFINITIONAL_REPRESENTATION('',(#6412),#6438);
#6412 = B_SPLINE_CURVE_WITH_KNOTS('',3,(#6413,#6414,#6415,#6416,#6417,
    #6418,#6419,#6420,#6421,#6422,#6423,#6424,#6425,#6426,#6427,#6428,
    #6429,#6430,#6431,#6432,#6433,#6434,#6435,#6436,#6437),
  .UNSPECIFIED.,.F.,.F.,(4,1,1,1,1,1,1,1,1,1,1,1,1,1,1,1,1,1,1,1,1,1,4),
  (4.285685386446E-19,3.632349587305E-07,7.264699174605E-07,
    1.089704876191E-06,1.452939834921E-06,1.816174793651E-06,
    2.179409752381E-06,2.542644711111E-06,2.905879669841E-06,
    3.269114628571E-06,3.632349587301E-06,3.995584546031E-06,
    4.358819504761E-06,4.722054463491E-06,5.085289422221E-06,
    5.448524380951E-06,5.811759339681E-06,6.174994298411E-06,
    6.538229257141E-06,6.901464215871E-06,7.264699174601E-06,
    7.627934133331E-06,7.991169092061E-06),.QUASI_UNIFORM_KNOTS.);
#6413 = CARTESIAN_POINT('',(1.570796326795,0.676809371192));
#6414 = CARTESIAN_POINT('',(1.58257942081,0.676837219205));
#6415 = CARTESIAN_POINT('',(1.606178573316,0.676893039571));
#6416 = CARTESIAN_POINT('',(1.641658488474,0.676976991663));
#6417 = CARTESIAN_POINT('',(1.677202421415,0.677061013839));
#6418 = CARTESIAN_POINT('',(1.71279131908,0.677144954588));
#6419 = CARTESIAN_POINT('',(1.748405566928,0.67722866259));
#6420 = CARTESIAN_POINT('',(1.784024852238,0.677311985813));
#6421 = CARTESIAN_POINT('',(1.819630180439,0.677394774882));
#6422 = CARTESIAN_POINT('',(1.855198767218,0.677476870515));
#6423 = CARTESIAN_POINT('',(1.89072526907,0.677558150387));
#6424 = CARTESIAN_POINT('',(1.926144745738,0.677638354259));
#6425 = CARTESIAN_POINT('',(1.961653441375,0.677717806475));
#6426 = CARTESIAN_POINT('',(1.997272746838,0.677796450087));
#6427 = CARTESIAN_POINT('',(2.032971948266,0.677874113503));
#6428 = CARTESIAN_POINT('',(2.068733039852,0.677950656246));
#6429 = CARTESIAN_POINT('',(2.104532960719,0.678025928017));
#6430 = CARTESIAN_POINT('',(2.140352751279,0.678099786701));
#6431 = CARTESIAN_POINT('',(2.176161664231,0.67817206726));
#6432 = CARTESIAN_POINT('',(2.211974557607,0.678242688173));
#6433 = CARTESIAN_POINT('',(2.247641187551,0.678311256762));
#6434 = CARTESIAN_POINT('',(2.28363456658,0.67837854147));
#6435 = CARTESIAN_POINT('',(2.319921160636,0.678444364438));
#6436 = CARTESIAN_POINT('',(2.344124273146,0.678486865515));
#6437 = CARTESIAN_POINT('',(2.356194490192,0.678507689785));
#6438 = ( GEOMETRIC_REPRESENTATION_CONTEXT(2) 
PARAMETRIC_REPRESENTATION_CONTEXT() REPRESENTATION_CONTEXT('2D SPACE',''
  ) );
#6439 = ORIENTED_EDGE('',*,*,#5900,.F.);
#6440 = ORIENTED_EDGE('',*,*,#6441,.T.);
#6441 = EDGE_CURVE('',#5878,#4317,#6442,.T.);
#6442 = SURFACE_CURVE('',#6443,(#6447,#6454),.PCURVE_S1.);
#6443 = LINE('',#6444,#6445);
#6444 = CARTESIAN_POINT('',(0.279227112039,0.24,0.24));
#6445 = VECTOR('',#6446,1.);
#6446 = DIRECTION('',(-0.,1.,-1.036602379928E-14));
#6447 = PCURVE('',#67,#6448);
#6448 = DEFINITIONAL_REPRESENTATION('',(#6449),#6453);
#6449 = LINE('',#6450,#6451);
#6450 = CARTESIAN_POINT('',(4.954754831424,-2.525757381022E-15));
#6451 = VECTOR('',#6452,1.);
#6452 = DIRECTION('',(0.,1.));
#6453 = ( GEOMETRIC_REPRESENTATION_CONTEXT(2) 
PARAMETRIC_REPRESENTATION_CONTEXT() REPRESENTATION_CONTEXT('2D SPACE',''
  ) );
#6454 = PCURVE('',#4406,#6455);
#6455 = DEFINITIONAL_REPRESENTATION('',(#6456),#6460);
#6456 = LINE('',#6457,#6458);
#6457 = CARTESIAN_POINT('',(-0.24,-0.970772887961));
#6458 = VECTOR('',#6459,1.);
#6459 = DIRECTION('',(-1.,0.));
#6460 = ( GEOMETRIC_REPRESENTATION_CONTEXT(2) 
PARAMETRIC_REPRESENTATION_CONTEXT() REPRESENTATION_CONTEXT('2D SPACE',''
  ) );
#6461 = ORIENTED_EDGE('',*,*,#4316,.T.);
#6462 = ADVANCED_FACE('',(#6463),#5283,.T.);
#6463 = FACE_BOUND('',#6464,.T.);
#6464 = EDGE_LOOP('',(#6465,#6466,#6492));
#6465 = ORIENTED_EDGE('',*,*,#5241,.T.);
#6466 = ORIENTED_EDGE('',*,*,#6467,.F.);
#6467 = EDGE_CURVE('',#6070,#5214,#6468,.T.);
#6468 = SURFACE_CURVE('',#6469,(#6474,#6481),.PCURVE_S1.);
#6469 = CIRCLE('',#6470,1.);
#6470 = AXIS2_PLACEMENT_3D('',#6471,#6472,#6473);
#6471 = CARTESIAN_POINT('',(1.25,-0.24,8.119346691827E-16));
#6472 = DIRECTION('',(0.,1.,-3.383061121595E-15));
#6473 = DIRECTION('',(0.,-3.383061121595E-15,-1.));
#6474 = PCURVE('',#5283,#6475);
#6475 = DEFINITIONAL_REPRESENTATION('',(#6476),#6480);
#6476 = LINE('',#6477,#6478);
#6477 = CARTESIAN_POINT('',(6.28318530718,0.));
#6478 = VECTOR('',#6479,1.);
#6479 = DIRECTION('',(-1.,0.));
#6480 = ( GEOMETRIC_REPRESENTATION_CONTEXT(2) 
PARAMETRIC_REPRESENTATION_CONTEXT() REPRESENTATION_CONTEXT('2D SPACE',''
  ) );
#6481 = PCURVE('',#5229,#6482);
#6482 = DEFINITIONAL_REPRESENTATION('',(#6483),#6491);
#6483 = ( BOUNDED_CURVE() B_SPLINE_CURVE(2,(#6484,#6485,#6486,#6487,
#6488,#6489,#6490),.UNSPECIFIED.,.T.,.F.) B_SPLINE_CURVE_WITH_KNOTS((1,2
    ,2,2,2,1),(-2.094395102393,0.,2.094395102393,4.188790204786,
6.28318530718,8.377580409573),.UNSPECIFIED.) CURVE() 
GEOMETRIC_REPRESENTATION_ITEM() RATIONAL_B_SPLINE_CURVE((1.,0.5,1.,0.5,
1.,0.5,1.)) REPRESENTATION_ITEM('') );
#6484 = CARTESIAN_POINT('',(1.,0.));
#6485 = CARTESIAN_POINT('',(1.,-1.732050807569));
#6486 = CARTESIAN_POINT('',(-0.5,-0.866025403784));
#6487 = CARTESIAN_POINT('',(-2.,-2.449293598295E-16));
#6488 = CARTESIAN_POINT('',(-0.5,0.866025403784));
#6489 = CARTESIAN_POINT('',(1.,1.732050807569));
#6490 = CARTESIAN_POINT('',(1.,0.));
#6491 = ( GEOMETRIC_REPRESENTATION_CONTEXT(2) 
PARAMETRIC_REPRESENTATION_CONTEXT() REPRESENTATION_CONTEXT('2D SPACE',''
  ) );
#6492 = ORIENTED_EDGE('',*,*,#6493,.T.);
#6493 = EDGE_CURVE('',#6070,#5242,#6494,.T.);
#6494 = SURFACE_CURVE('',#6495,(#6500,#6506),.PCURVE_S1.);
#6495 = ( BOUNDED_CURVE() B_SPLINE_CURVE(3,(#6496,#6497,#6498,#6499),
.UNSPECIFIED.,.F.,.F.) B_SPLINE_CURVE_WITH_KNOTS((4,4),(4.954754831424,
4.959023940394),.PIECEWISE_BEZIER_KNOTS.) CURVE() 
GEOMETRIC_REPRESENTATION_ITEM() RATIONAL_B_SPLINE_CURVE((1.,
0.999998481226,0.999998481226,1.)) REPRESENTATION_ITEM('') );
#6496 = CARTESIAN_POINT('',(0.279227112039,-0.24,0.24));
#6497 = CARTESIAN_POINT('',(0.279568641016,-0.24138144613,0.24138144613)
  );
#6498 = CARTESIAN_POINT('',(0.279913117985,-0.242762160102,
    0.242762160102));
#6499 = CARTESIAN_POINT('',(0.280260541376,-0.244142135624,
    0.244142135624));
#6500 = PCURVE('',#5283,#6501);
#6501 = DEFINITIONAL_REPRESENTATION('',(#6502),#6505);
#6502 = B_SPLINE_CURVE_WITH_KNOTS('',1,(#6503,#6504),.UNSPECIFIED.,.F.,
  .F.,(2,2),(4.954754831424,4.959023940394),.PIECEWISE_BEZIER_KNOTS.);
#6503 = CARTESIAN_POINT('',(4.470023129346,-2.775557561563E-17));
#6504 = CARTESIAN_POINT('',(4.465754020376,4.142135623731E-03));
#6505 = ( GEOMETRIC_REPRESENTATION_CONTEXT(2) 
PARAMETRIC_REPRESENTATION_CONTEXT() REPRESENTATION_CONTEXT('2D SPACE',''
  ) );
#6506 = PCURVE('',#5356,#6507);
#6507 = DEFINITIONAL_REPRESENTATION('',(#6508),#6511);
#6508 = B_SPLINE_CURVE_WITH_KNOTS('',1,(#6509,#6510),.UNSPECIFIED.,.F.,
  .F.,(2,2),(4.954754831424,4.959023940394),.PIECEWISE_BEZIER_KNOTS.);
#6509 = CARTESIAN_POINT('',(4.954754831424,0.));
#6510 = CARTESIAN_POINT('',(4.959023940394,4.142135623731E-03));
#6511 = ( GEOMETRIC_REPRESENTATION_CONTEXT(2) 
PARAMETRIC_REPRESENTATION_CONTEXT() REPRESENTATION_CONTEXT('2D SPACE',''
  ) );
#6512 = ADVANCED_FACE('',(#6513),#5229,.T.);
#6513 = FACE_BOUND('',#6514,.T.);
#6514 = EDGE_LOOP('',(#6515,#6516,#6517));
#6515 = ORIENTED_EDGE('',*,*,#6091,.F.);
#6516 = ORIENTED_EDGE('',*,*,#6467,.T.);
#6517 = ORIENTED_EDGE('',*,*,#5213,.F.);
#6518 = ADVANCED_FACE('',(#6519),#5404,.T.);
#6519 = FACE_BOUND('',#6520,.T.);
#6520 = EDGE_LOOP('',(#6521,#6547,#6548));
#6521 = ORIENTED_EDGE('',*,*,#6522,.T.);
#6522 = EDGE_CURVE('',#5318,#6070,#6523,.T.);
#6523 = SURFACE_CURVE('',#6524,(#6529,#6540),.PCURVE_S1.);
#6524 = CIRCLE('',#6525,1.);
#6525 = AXIS2_PLACEMENT_3D('',#6526,#6527,#6528);
#6526 = CARTESIAN_POINT('',(1.25,-2.602085213965E-17,0.24));
#6527 = DIRECTION('',(0.,1.084202172486E-16,-1.));
#6528 = DIRECTION('',(0.,-1.,-1.084202172486E-16));
#6529 = PCURVE('',#5404,#6530);
#6530 = DEFINITIONAL_REPRESENTATION('',(#6531),#6539);
#6531 = ( BOUNDED_CURVE() B_SPLINE_CURVE(2,(#6532,#6533,#6534,#6535,
#6536,#6537,#6538),.UNSPECIFIED.,.T.,.F.) B_SPLINE_CURVE_WITH_KNOTS((1,2
    ,2,2,2,1),(-2.094395102393,0.,2.094395102393,4.188790204786,
6.28318530718,8.377580409573),.UNSPECIFIED.) CURVE() 
GEOMETRIC_REPRESENTATION_ITEM() RATIONAL_B_SPLINE_CURVE((1.,0.5,1.,0.5,
1.,0.5,1.)) REPRESENTATION_ITEM('') );
#6532 = CARTESIAN_POINT('',(1.,0.));
#6533 = CARTESIAN_POINT('',(1.,-1.732050807569));
#6534 = CARTESIAN_POINT('',(-0.5,-0.866025403784));
#6535 = CARTESIAN_POINT('',(-2.,-2.449293598295E-16));
#6536 = CARTESIAN_POINT('',(-0.5,0.866025403784));
#6537 = CARTESIAN_POINT('',(1.,1.732050807569));
#6538 = CARTESIAN_POINT('',(1.,0.));
#6539 = ( GEOMETRIC_REPRESENTATION_CONTEXT(2) 
PARAMETRIC_REPRESENTATION_CONTEXT() REPRESENTATION_CONTEXT('2D SPACE',''
  ) );
#6540 = PCURVE('',#5356,#6541);
#6541 = DEFINITIONAL_REPRESENTATION('',(#6542),#6546);
#6542 = LINE('',#6543,#6544);
#6543 = CARTESIAN_POINT('',(6.28318530718,0.));
#6544 = VECTOR('',#6545,1.);
#6545 = DIRECTION('',(-1.,0.));
#6546 = ( GEOMETRIC_REPRESENTATION_CONTEXT(2) 
PARAMETRIC_REPRESENTATION_CONTEXT() REPRESENTATION_CONTEXT('2D SPACE',''
  ) );
#6547 = ORIENTED_EDGE('',*,*,#6118,.T.);
#6548 = ORIENTED_EDGE('',*,*,#5390,.F.);
#6549 = ADVANCED_FACE('',(#6550),#5356,.T.);
#6550 = FACE_BOUND('',#6551,.T.);
#6551 = EDGE_LOOP('',(#6552,#6553,#6554));
#6552 = ORIENTED_EDGE('',*,*,#5317,.T.);
#6553 = ORIENTED_EDGE('',*,*,#6493,.F.);
#6554 = ORIENTED_EDGE('',*,*,#6522,.F.);
#6555 = ADVANCED_FACE('',(#6556),#4460,.T.);
#6556 = FACE_BOUND('',#6557,.T.);
#6557 = EDGE_LOOP('',(#6558,#6559,#6585));
#6558 = ORIENTED_EDGE('',*,*,#4418,.T.);
#6559 = ORIENTED_EDGE('',*,*,#6560,.F.);
#6560 = EDGE_CURVE('',#5878,#4391,#6561,.T.);
#6561 = SURFACE_CURVE('',#6562,(#6567,#6574),.PCURVE_S1.);
#6562 = CIRCLE('',#6563,1.);
#6563 = AXIS2_PLACEMENT_3D('',#6564,#6565,#6566);
#6564 = CARTESIAN_POINT('',(1.25,-2.602085213965E-17,0.24));
#6565 = DIRECTION('',(0.,1.084202172486E-16,-1.));
#6566 = DIRECTION('',(0.,-1.,-1.084202172486E-16));
#6567 = PCURVE('',#4460,#6568);
#6568 = DEFINITIONAL_REPRESENTATION('',(#6569),#6573);
#6569 = LINE('',#6570,#6571);
#6570 = CARTESIAN_POINT('',(6.28318530718,0.));
#6571 = VECTOR('',#6572,1.);
#6572 = DIRECTION('',(-1.,0.));
#6573 = ( GEOMETRIC_REPRESENTATION_CONTEXT(2) 
PARAMETRIC_REPRESENTATION_CONTEXT() REPRESENTATION_CONTEXT('2D SPACE',''
  ) );
#6574 = PCURVE('',#4406,#6575);
#6575 = DEFINITIONAL_REPRESENTATION('',(#6576),#6584);
#6576 = ( BOUNDED_CURVE() B_SPLINE_CURVE(2,(#6577,#6578,#6579,#6580,
#6581,#6582,#6583),.UNSPECIFIED.,.T.,.F.) B_SPLINE_CURVE_WITH_KNOTS((1,2
    ,2,2,2,1),(-2.094395102393,0.,2.094395102393,4.188790204786,
6.28318530718,8.377580409573),.UNSPECIFIED.) CURVE() 
GEOMETRIC_REPRESENTATION_ITEM() RATIONAL_B_SPLINE_CURVE((1.,0.5,1.,0.5,
1.,0.5,1.)) REPRESENTATION_ITEM('') );
#6577 = CARTESIAN_POINT('',(1.,0.));
#6578 = CARTESIAN_POINT('',(1.,-1.732050807569));
#6579 = CARTESIAN_POINT('',(-0.5,-0.866025403784));
#6580 = CARTESIAN_POINT('',(-2.,-2.449293598295E-16));
#6581 = CARTESIAN_POINT('',(-0.5,0.866025403784));
#6582 = CARTESIAN_POINT('',(1.,1.732050807569));
#6583 = CARTESIAN_POINT('',(1.,0.));
#6584 = ( GEOMETRIC_REPRESENTATION_CONTEXT(2) 
PARAMETRIC_REPRESENTATION_CONTEXT() REPRESENTATION_CONTEXT('2D SPACE',''
  ) );
#6585 = ORIENTED_EDGE('',*,*,#6586,.T.);
#6586 = EDGE_CURVE('',#5878,#4419,#6587,.T.);
#6587 = SURFACE_CURVE('',#6588,(#6593,#6599),.PCURVE_S1.);
#6588 = ( BOUNDED_CURVE() B_SPLINE_CURVE(3,(#6589,#6590,#6591,#6592),
.UNSPECIFIED.,.F.,.F.) B_SPLINE_CURVE_WITH_KNOTS((4,4),(4.954754831424,
4.959023940394),.PIECEWISE_BEZIER_KNOTS.) CURVE() 
GEOMETRIC_REPRESENTATION_ITEM() RATIONAL_B_SPLINE_CURVE((1.,
0.999998481226,0.999998481226,1.)) REPRESENTATION_ITEM('') );
#6589 = CARTESIAN_POINT('',(0.279227112039,0.24,0.24));
#6590 = CARTESIAN_POINT('',(0.279568641016,0.24138144613,0.24138144613)
  );
#6591 = CARTESIAN_POINT('',(0.279913117985,0.242762160102,0.242762160102
    ));
#6592 = CARTESIAN_POINT('',(0.280260541376,0.244142135624,0.244142135624
    ));
#6593 = PCURVE('',#4460,#6594);
#6594 = DEFINITIONAL_REPRESENTATION('',(#6595),#6598);
#6595 = B_SPLINE_CURVE_WITH_KNOTS('',1,(#6596,#6597),.UNSPECIFIED.,.F.,
  .F.,(2,2),(4.954754831424,4.959023940394),.PIECEWISE_BEZIER_KNOTS.);
#6596 = CARTESIAN_POINT('',(4.470023129346,0.));
#6597 = CARTESIAN_POINT('',(4.465754020376,4.14213562373E-03));
#6598 = ( GEOMETRIC_REPRESENTATION_CONTEXT(2) 
PARAMETRIC_REPRESENTATION_CONTEXT() REPRESENTATION_CONTEXT('2D SPACE',''
  ) );
#6599 = PCURVE('',#4536,#6600);
#6600 = DEFINITIONAL_REPRESENTATION('',(#6601),#6604);
#6601 = B_SPLINE_CURVE_WITH_KNOTS('',1,(#6602,#6603),.UNSPECIFIED.,.F.,
  .F.,(2,2),(4.954754831424,4.959023940394),.PIECEWISE_BEZIER_KNOTS.);
#6602 = CARTESIAN_POINT('',(4.954754831424,-2.775557561563E-17));
#6603 = CARTESIAN_POINT('',(4.959023940394,4.14213562373E-03));
#6604 = ( GEOMETRIC_REPRESENTATION_CONTEXT(2) 
PARAMETRIC_REPRESENTATION_CONTEXT() REPRESENTATION_CONTEXT('2D SPACE',''
  ) );
#6605 = ADVANCED_FACE('',(#6606),#4406,.T.);
#6606 = FACE_BOUND('',#6607,.T.);
#6607 = EDGE_LOOP('',(#6608,#6609,#6610));
#6608 = ORIENTED_EDGE('',*,*,#6441,.F.);
#6609 = ORIENTED_EDGE('',*,*,#6560,.T.);
#6610 = ORIENTED_EDGE('',*,*,#4390,.F.);
#6611 = ADVANCED_FACE('',(#6612),#4584,.T.);
#6612 = FACE_BOUND('',#6613,.T.);
#6613 = EDGE_LOOP('',(#6614,#6640,#6641));
#6614 = ORIENTED_EDGE('',*,*,#6615,.T.);
#6615 = EDGE_CURVE('',#4495,#5878,#6616,.T.);
#6616 = SURFACE_CURVE('',#6617,(#6622,#6633),.PCURVE_S1.);
#6617 = CIRCLE('',#6618,1.);
#6618 = AXIS2_PLACEMENT_3D('',#6619,#6620,#6621);
#6619 = CARTESIAN_POINT('',(1.25,0.24,-2.487845711827E-15));
#6620 = DIRECTION('',(0.,-1.,1.036602379928E-14));
#6621 = DIRECTION('',(0.,1.036602379928E-14,1.));
#6622 = PCURVE('',#4584,#6623);
#6623 = DEFINITIONAL_REPRESENTATION('',(#6624),#6632);
#6624 = ( BOUNDED_CURVE() B_SPLINE_CURVE(2,(#6625,#6626,#6627,#6628,
#6629,#6630,#6631),.UNSPECIFIED.,.T.,.F.) B_SPLINE_CURVE_WITH_KNOTS((1,2
    ,2,2,2,1),(-2.094395102393,0.,2.094395102393,4.188790204786,
6.28318530718,8.377580409573),.UNSPECIFIED.) CURVE() 
GEOMETRIC_REPRESENTATION_ITEM() RATIONAL_B_SPLINE_CURVE((1.,0.5,1.,0.5,
1.,0.5,1.)) REPRESENTATION_ITEM('') );
#6625 = CARTESIAN_POINT('',(1.,0.));
#6626 = CARTESIAN_POINT('',(1.,-1.732050807569));
#6627 = CARTESIAN_POINT('',(-0.5,-0.866025403784));
#6628 = CARTESIAN_POINT('',(-2.,-2.449293598295E-16));
#6629 = CARTESIAN_POINT('',(-0.5,0.866025403784));
#6630 = CARTESIAN_POINT('',(1.,1.732050807569));
#6631 = CARTESIAN_POINT('',(1.,0.));
#6632 = ( GEOMETRIC_REPRESENTATION_CONTEXT(2) 
PARAMETRIC_REPRESENTATION_CONTEXT() REPRESENTATION_CONTEXT('2D SPACE',''
  ) );
#6633 = PCURVE('',#4536,#6634);
#6634 = DEFINITIONAL_REPRESENTATION('',(#6635),#6639);
#6635 = LINE('',#6636,#6637);
#6636 = CARTESIAN_POINT('',(6.28318530718,0.));
#6637 = VECTOR('',#6638,1.);
#6638 = DIRECTION('',(-1.,0.));
#6639 = ( GEOMETRIC_REPRESENTATION_CONTEXT(2) 
PARAMETRIC_REPRESENTATION_CONTEXT() REPRESENTATION_CONTEXT('2D SPACE',''
  ) );
#6640 = ORIENTED_EDGE('',*,*,#5877,.T.);
#6641 = ORIENTED_EDGE('',*,*,#4570,.F.);
#6642 = ADVANCED_FACE('',(#6643),#4536,.T.);
#6643 = FACE_BOUND('',#6644,.T.);
#6644 = EDGE_LOOP('',(#6645,#6646,#6647));
#6645 = ORIENTED_EDGE('',*,*,#4494,.T.);
#6646 = ORIENTED_EDGE('',*,*,#6586,.F.);
#6647 = ORIENTED_EDGE('',*,*,#6615,.F.);
#6648 = ADVANCED_FACE('',(#6649),#6663,.T.);
#6649 = FACE_BOUND('',#6650,.T.);
#6650 = EDGE_LOOP('',(#6651,#6681,#6704,#6727));
#6651 = ORIENTED_EDGE('',*,*,#6652,.T.);
#6652 = EDGE_CURVE('',#6653,#6655,#6657,.T.);
#6653 = VERTEX_POINT('',#6654);
#6654 = CARTESIAN_POINT('',(-0.5,-0.23,0.23));
#6655 = VERTEX_POINT('',#6656);
#6656 = CARTESIAN_POINT('',(-0.5,0.23,0.23));
#6657 = SURFACE_CURVE('',#6658,(#6662,#6674),.PCURVE_S1.);
#6658 = LINE('',#6659,#6660);
#6659 = CARTESIAN_POINT('',(-0.5,0.25,0.23));
#6660 = VECTOR('',#6661,1.);
#6661 = DIRECTION('',(-0.,1.,1.084202172486E-16));
#6662 = PCURVE('',#6663,#6668);
#6663 = PLANE('',#6664);
#6664 = AXIS2_PLACEMENT_3D('',#6665,#6666,#6667);
#6665 = CARTESIAN_POINT('',(-0.5,0.,0.));
#6666 = DIRECTION('',(-1.,0.,0.));
#6667 = DIRECTION('',(0.,0.,-1.));
#6668 = DEFINITIONAL_REPRESENTATION('',(#6669),#6673);
#6669 = LINE('',#6670,#6671);
#6670 = CARTESIAN_POINT('',(-0.23,-0.25));
#6671 = VECTOR('',#6672,1.);
#6672 = DIRECTION('',(-1.084202172486E-16,-1.));
#6673 = ( GEOMETRIC_REPRESENTATION_CONTEXT(2) 
PARAMETRIC_REPRESENTATION_CONTEXT() REPRESENTATION_CONTEXT('2D SPACE',''
  ) );
#6674 = PCURVE('',#1479,#6675);
#6675 = DEFINITIONAL_REPRESENTATION('',(#6676),#6680);
#6676 = LINE('',#6677,#6678);
#6677 = CARTESIAN_POINT('',(4.712388980385,0.));
#6678 = VECTOR('',#6679,1.);
#6679 = DIRECTION('',(0.,1.));
#6680 = ( GEOMETRIC_REPRESENTATION_CONTEXT(2) 
PARAMETRIC_REPRESENTATION_CONTEXT() REPRESENTATION_CONTEXT('2D SPACE',''
  ) );
#6681 = ORIENTED_EDGE('',*,*,#6682,.T.);
#6682 = EDGE_CURVE('',#6655,#6683,#6685,.T.);
#6683 = VERTEX_POINT('',#6684);
#6684 = CARTESIAN_POINT('',(-0.5,0.23,-0.23));
#6685 = SURFACE_CURVE('',#6686,(#6690,#6697),.PCURVE_S1.);
#6686 = LINE('',#6687,#6688);
#6687 = CARTESIAN_POINT('',(-0.5,0.23,-0.25));
#6688 = VECTOR('',#6689,1.);
#6689 = DIRECTION('',(-0.,0.,-1.));
#6690 = PCURVE('',#6663,#6691);
#6691 = DEFINITIONAL_REPRESENTATION('',(#6692),#6696);
#6692 = LINE('',#6693,#6694);
#6693 = CARTESIAN_POINT('',(0.25,-0.23));
#6694 = VECTOR('',#6695,1.);
#6695 = DIRECTION('',(1.,0.));
#6696 = ( GEOMETRIC_REPRESENTATION_CONTEXT(2) 
PARAMETRIC_REPRESENTATION_CONTEXT() REPRESENTATION_CONTEXT('2D SPACE',''
  ) );
#6697 = PCURVE('',#1359,#6698);
#6698 = DEFINITIONAL_REPRESENTATION('',(#6699),#6703);
#6699 = LINE('',#6700,#6701);
#6700 = CARTESIAN_POINT('',(0.,0.5));
#6701 = VECTOR('',#6702,1.);
#6702 = DIRECTION('',(0.,1.));
#6703 = ( GEOMETRIC_REPRESENTATION_CONTEXT(2) 
PARAMETRIC_REPRESENTATION_CONTEXT() REPRESENTATION_CONTEXT('2D SPACE',''
  ) );
#6704 = ORIENTED_EDGE('',*,*,#6705,.T.);
#6705 = EDGE_CURVE('',#6683,#6706,#6708,.T.);
#6706 = VERTEX_POINT('',#6707);
#6707 = CARTESIAN_POINT('',(-0.5,-0.23,-0.23));
#6708 = SURFACE_CURVE('',#6709,(#6713,#6720),.PCURVE_S1.);
#6709 = LINE('',#6710,#6711);
#6710 = CARTESIAN_POINT('',(-0.5,-0.25,-0.23));
#6711 = VECTOR('',#6712,1.);
#6712 = DIRECTION('',(-0.,-1.,-1.084202172486E-16));
#6713 = PCURVE('',#6663,#6714);
#6714 = DEFINITIONAL_REPRESENTATION('',(#6715),#6719);
#6715 = LINE('',#6716,#6717);
#6716 = CARTESIAN_POINT('',(0.23,0.25));
#6717 = VECTOR('',#6718,1.);
#6718 = DIRECTION('',(1.084202172486E-16,1.));
#6719 = ( GEOMETRIC_REPRESENTATION_CONTEXT(2) 
PARAMETRIC_REPRESENTATION_CONTEXT() REPRESENTATION_CONTEXT('2D SPACE',''
  ) );
#6720 = PCURVE('',#2733,#6721);
#6721 = DEFINITIONAL_REPRESENTATION('',(#6722),#6726);
#6722 = LINE('',#6723,#6724);
#6723 = CARTESIAN_POINT('',(4.712388980385,0.5));
#6724 = VECTOR('',#6725,1.);
#6725 = DIRECTION('',(0.,1.));
#6726 = ( GEOMETRIC_REPRESENTATION_CONTEXT(2) 
PARAMETRIC_REPRESENTATION_CONTEXT() REPRESENTATION_CONTEXT('2D SPACE',''
  ) );
#6727 = ORIENTED_EDGE('',*,*,#6728,.T.);
#6728 = EDGE_CURVE('',#6706,#6653,#6729,.T.);
#6729 = SURFACE_CURVE('',#6730,(#6734,#6741),.PCURVE_S1.);
#6730 = LINE('',#6731,#6732);
#6731 = CARTESIAN_POINT('',(-0.5,-0.23,0.25));
#6732 = VECTOR('',#6733,1.);
#6733 = DIRECTION('',(-0.,-0.,1.));
#6734 = PCURVE('',#6663,#6735);
#6735 = DEFINITIONAL_REPRESENTATION('',(#6736),#6740);
#6736 = LINE('',#6737,#6738);
#6737 = CARTESIAN_POINT('',(-0.25,0.23));
#6738 = VECTOR('',#6739,1.);
#6739 = DIRECTION('',(-1.,0.));
#6740 = ( GEOMETRIC_REPRESENTATION_CONTEXT(2) 
PARAMETRIC_REPRESENTATION_CONTEXT() REPRESENTATION_CONTEXT('2D SPACE',''
  ) );
#6741 = PCURVE('',#1585,#6742);
#6742 = DEFINITIONAL_REPRESENTATION('',(#6743),#6747);
#6743 = LINE('',#6744,#6745);
#6744 = CARTESIAN_POINT('',(3.14159265359,0.));
#6745 = VECTOR('',#6746,1.);
#6746 = DIRECTION('',(0.,1.));
#6747 = ( GEOMETRIC_REPRESENTATION_CONTEXT(2) 
PARAMETRIC_REPRESENTATION_CONTEXT() REPRESENTATION_CONTEXT('2D SPACE',''
  ) );
#6748 = ADVANCED_FACE('',(#6749),#1585,.T.);
#6749 = FACE_BOUND('',#6750,.T.);
#6750 = EDGE_LOOP('',(#6751,#6795,#6796,#6840));
#6751 = ORIENTED_EDGE('',*,*,#6752,.F.);
#6752 = EDGE_CURVE('',#649,#6706,#6753,.T.);
#6753 = SURFACE_CURVE('',#6754,(#6759,#6766),.PCURVE_S1.);
#6754 = CIRCLE('',#6755,2.E-02);
#6755 = AXIS2_PLACEMENT_3D('',#6756,#6757,#6758);
#6756 = CARTESIAN_POINT('',(-0.48,-0.23,-0.23));
#6757 = DIRECTION('',(-0.,0.,-1.));
#6758 = DIRECTION('',(-1.,0.,0.));
#6759 = PCURVE('',#1585,#6760);
#6760 = DEFINITIONAL_REPRESENTATION('',(#6761),#6765);
#6761 = LINE('',#6762,#6763);
#6762 = CARTESIAN_POINT('',(9.424777960769,-0.48));
#6763 = VECTOR('',#6764,1.);
#6764 = DIRECTION('',(-1.,0.));
#6765 = ( GEOMETRIC_REPRESENTATION_CONTEXT(2) 
PARAMETRIC_REPRESENTATION_CONTEXT() REPRESENTATION_CONTEXT('2D SPACE',''
  ) );
#6766 = PCURVE('',#693,#6767);
#6767 = DEFINITIONAL_REPRESENTATION('',(#6768),#6794);
#6768 = B_SPLINE_CURVE_WITH_KNOTS('',3,(#6769,#6770,#6771,#6772,#6773,
    #6774,#6775,#6776,#6777,#6778,#6779,#6780,#6781,#6782,#6783,#6784,
    #6785,#6786,#6787,#6788,#6789,#6790,#6791,#6792,#6793),
  .UNSPECIFIED.,.F.,.F.,(4,1,1,1,1,1,1,1,1,1,1,1,1,1,1,1,1,1,1,1,1,1,4),
  (4.712388980385,4.783788813421,4.855188646457,4.926588479493,
    4.997988312529,5.069388145565,5.140787978601,5.212187811638,
    5.283587644674,5.35498747771,5.426387310746,5.497787143782,
    5.569186976818,5.640586809854,5.711986642891,5.783386475927,
    5.854786308963,5.926186141999,5.997585975035,6.068985808071,
    6.140385641107,6.211785474143,6.28318530718),.QUASI_UNIFORM_KNOTS.);
#6769 = CARTESIAN_POINT('',(3.14159265359,-1.570796326795));
#6770 = CARTESIAN_POINT('',(3.14159265359,-1.54699638245));
#6771 = CARTESIAN_POINT('',(3.14159265359,-1.499396493759));
#6772 = CARTESIAN_POINT('',(3.14159265359,-1.427996660723));
#6773 = CARTESIAN_POINT('',(3.14159265359,-1.356596827687));
#6774 = CARTESIAN_POINT('',(3.14159265359,-1.28519699465));
#6775 = CARTESIAN_POINT('',(3.14159265359,-1.213797161614));
#6776 = CARTESIAN_POINT('',(3.14159265359,-1.142397328578));
#6777 = CARTESIAN_POINT('',(3.14159265359,-1.070997495542));
#6778 = CARTESIAN_POINT('',(3.14159265359,-0.999597662506));
#6779 = CARTESIAN_POINT('',(3.14159265359,-0.92819782947));
#6780 = CARTESIAN_POINT('',(3.14159265359,-0.856797996434));
#6781 = CARTESIAN_POINT('',(3.14159265359,-0.785398163397));
#6782 = CARTESIAN_POINT('',(3.14159265359,-0.713998330361));
#6783 = CARTESIAN_POINT('',(3.14159265359,-0.642598497325));
#6784 = CARTESIAN_POINT('',(3.14159265359,-0.571198664289));
#6785 = CARTESIAN_POINT('',(3.14159265359,-0.499798831253));
#6786 = CARTESIAN_POINT('',(3.14159265359,-0.428398998217));
#6787 = CARTESIAN_POINT('',(3.14159265359,-0.356999165181));
#6788 = CARTESIAN_POINT('',(3.14159265359,-0.285599332145));
#6789 = CARTESIAN_POINT('',(3.14159265359,-0.214199499108));
#6790 = CARTESIAN_POINT('',(3.14159265359,-0.142799666072));
#6791 = CARTESIAN_POINT('',(3.14159265359,-7.139983303613E-02));
#6792 = CARTESIAN_POINT('',(3.14159265359,-2.379994434538E-02));
#6793 = CARTESIAN_POINT('',(3.14159265359,0.));
#6794 = ( GEOMETRIC_REPRESENTATION_CONTEXT(2) 
PARAMETRIC_REPRESENTATION_CONTEXT() REPRESENTATION_CONTEXT('2D SPACE',''
  ) );
#6795 = ORIENTED_EDGE('',*,*,#1571,.F.);
#6796 = ORIENTED_EDGE('',*,*,#6797,.F.);
#6797 = EDGE_CURVE('',#6653,#1549,#6798,.T.);
#6798 = SURFACE_CURVE('',#6799,(#6804,#6811),.PCURVE_S1.);
#6799 = CIRCLE('',#6800,2.E-02);
#6800 = AXIS2_PLACEMENT_3D('',#6801,#6802,#6803);
#6801 = CARTESIAN_POINT('',(-0.48,-0.23,0.23));
#6802 = DIRECTION('',(0.,0.,1.));
#6803 = DIRECTION('',(1.,0.,-0.));
#6804 = PCURVE('',#1585,#6805);
#6805 = DEFINITIONAL_REPRESENTATION('',(#6806),#6810);
#6806 = LINE('',#6807,#6808);
#6807 = CARTESIAN_POINT('',(0.,-2.E-02));
#6808 = VECTOR('',#6809,1.);
#6809 = DIRECTION('',(1.,0.));
#6810 = ( GEOMETRIC_REPRESENTATION_CONTEXT(2) 
PARAMETRIC_REPRESENTATION_CONTEXT() REPRESENTATION_CONTEXT('2D SPACE',''
  ) );
#6811 = PCURVE('',#1716,#6812);
#6812 = DEFINITIONAL_REPRESENTATION('',(#6813),#6839);
#6813 = B_SPLINE_CURVE_WITH_KNOTS('',3,(#6814,#6815,#6816,#6817,#6818,
    #6819,#6820,#6821,#6822,#6823,#6824,#6825,#6826,#6827,#6828,#6829,
    #6830,#6831,#6832,#6833,#6834,#6835,#6836,#6837,#6838),
  .UNSPECIFIED.,.F.,.F.,(4,1,1,1,1,1,1,1,1,1,1,1,1,1,1,1,1,1,1,1,1,1,4),
  (3.14159265359,3.212992486626,3.284392319662,3.355792152698,
    3.427191985734,3.49859181877,3.569991651807,3.641391484843,
    3.712791317879,3.784191150915,3.855590983951,3.926990816987,
    3.998390650023,4.06979048306,4.141190316096,4.212590149132,
    4.283989982168,4.355389815204,4.42678964824,4.498189481276,
    4.569589314312,4.640989147349,4.712388980385),
  .QUASI_UNIFORM_KNOTS.);
#6814 = CARTESIAN_POINT('',(3.14159265359,0.));
#6815 = CARTESIAN_POINT('',(3.14159265359,-2.379994434538E-02));
#6816 = CARTESIAN_POINT('',(3.14159265359,-7.139983303613E-02));
#6817 = CARTESIAN_POINT('',(3.14159265359,-0.142799666072));
#6818 = CARTESIAN_POINT('',(3.14159265359,-0.214199499108));
#6819 = CARTESIAN_POINT('',(3.14159265359,-0.285599332145));
#6820 = CARTESIAN_POINT('',(3.14159265359,-0.356999165181));
#6821 = CARTESIAN_POINT('',(3.14159265359,-0.428398998217));
#6822 = CARTESIAN_POINT('',(3.14159265359,-0.499798831253));
#6823 = CARTESIAN_POINT('',(3.14159265359,-0.571198664289));
#6824 = CARTESIAN_POINT('',(3.14159265359,-0.642598497325));
#6825 = CARTESIAN_POINT('',(3.14159265359,-0.713998330361));
#6826 = CARTESIAN_POINT('',(3.14159265359,-0.785398163397));
#6827 = CARTESIAN_POINT('',(3.14159265359,-0.856797996434));
#6828 = CARTESIAN_POINT('',(3.14159265359,-0.92819782947));
#6829 = CARTESIAN_POINT('',(3.14159265359,-0.999597662506));
#6830 = CARTESIAN_POINT('',(3.14159265359,-1.070997495542));
#6831 = CARTESIAN_POINT('',(3.14159265359,-1.142397328578));
#6832 = CARTESIAN_POINT('',(3.14159265359,-1.213797161614));
#6833 = CARTESIAN_POINT('',(3.14159265359,-1.28519699465));
#6834 = CARTESIAN_POINT('',(3.14159265359,-1.356596827687));
#6835 = CARTESIAN_POINT('',(3.14159265359,-1.427996660723));
#6836 = CARTESIAN_POINT('',(3.14159265359,-1.499396493759));
#6837 = CARTESIAN_POINT('',(3.14159265359,-1.54699638245));
#6838 = CARTESIAN_POINT('',(3.14159265359,-1.570796326795));
#6839 = ( GEOMETRIC_REPRESENTATION_CONTEXT(2) 
PARAMETRIC_REPRESENTATION_CONTEXT() REPRESENTATION_CONTEXT('2D SPACE',''
  ) );
#6840 = ORIENTED_EDGE('',*,*,#6728,.F.);
#6841 = ADVANCED_FACE('',(#6842),#693,.T.);
#6842 = FACE_BOUND('',#6843,.T.);
#6843 = EDGE_LOOP('',(#6844,#6845,#6846));
#6844 = ORIENTED_EDGE('',*,*,#676,.T.);
#6845 = ORIENTED_EDGE('',*,*,#6752,.T.);
#6846 = ORIENTED_EDGE('',*,*,#6847,.F.);
#6847 = EDGE_CURVE('',#677,#6706,#6848,.T.);
#6848 = SURFACE_CURVE('',#6849,(#6854,#6861),.PCURVE_S1.);
#6849 = CIRCLE('',#6850,2.E-02);
#6850 = AXIS2_PLACEMENT_3D('',#6851,#6852,#6853);
#6851 = CARTESIAN_POINT('',(-0.48,-0.23,-0.23));
#6852 = DIRECTION('',(0.,1.,0.));
#6853 = DIRECTION('',(0.,0.,-1.));
#6854 = PCURVE('',#693,#6855);
#6855 = DEFINITIONAL_REPRESENTATION('',(#6856),#6860);
#6856 = LINE('',#6857,#6858);
#6857 = CARTESIAN_POINT('',(1.570796326795,0.));
#6858 = VECTOR('',#6859,1.);
#6859 = DIRECTION('',(1.,0.));
#6860 = ( GEOMETRIC_REPRESENTATION_CONTEXT(2) 
PARAMETRIC_REPRESENTATION_CONTEXT() REPRESENTATION_CONTEXT('2D SPACE',''
  ) );
#6861 = PCURVE('',#2733,#6862);
#6862 = DEFINITIONAL_REPRESENTATION('',(#6863),#6867);
#6863 = LINE('',#6864,#6865);
#6864 = CARTESIAN_POINT('',(6.28318530718,0.48));
#6865 = VECTOR('',#6866,1.);
#6866 = DIRECTION('',(-1.,0.));
#6867 = ( GEOMETRIC_REPRESENTATION_CONTEXT(2) 
PARAMETRIC_REPRESENTATION_CONTEXT() REPRESENTATION_CONTEXT('2D SPACE',''
  ) );
#6868 = ADVANCED_FACE('',(#6869),#1716,.T.);
#6869 = FACE_BOUND('',#6870,.T.);
#6870 = EDGE_LOOP('',(#6871,#6872,#6873));
#6871 = ORIENTED_EDGE('',*,*,#6797,.T.);
#6872 = ORIENTED_EDGE('',*,*,#1701,.T.);
#6873 = ORIENTED_EDGE('',*,*,#6874,.F.);
#6874 = EDGE_CURVE('',#6653,#1464,#6875,.T.);
#6875 = SURFACE_CURVE('',#6876,(#6881,#6888),.PCURVE_S1.);
#6876 = CIRCLE('',#6877,2.E-02);
#6877 = AXIS2_PLACEMENT_3D('',#6878,#6879,#6880);
#6878 = CARTESIAN_POINT('',(-0.48,-0.23,0.23));
#6879 = DIRECTION('',(-0.,1.,0.));
#6880 = DIRECTION('',(0.,0.,-1.));
#6881 = PCURVE('',#1716,#6882);
#6882 = DEFINITIONAL_REPRESENTATION('',(#6883),#6887);
#6883 = LINE('',#6884,#6885);
#6884 = CARTESIAN_POINT('',(1.570796326795,0.));
#6885 = VECTOR('',#6886,1.);
#6886 = DIRECTION('',(1.,0.));
#6887 = ( GEOMETRIC_REPRESENTATION_CONTEXT(2) 
PARAMETRIC_REPRESENTATION_CONTEXT() REPRESENTATION_CONTEXT('2D SPACE',''
  ) );
#6888 = PCURVE('',#1479,#6889);
#6889 = DEFINITIONAL_REPRESENTATION('',(#6890),#6894);
#6890 = LINE('',#6891,#6892);
#6891 = CARTESIAN_POINT('',(3.14159265359,-0.48));
#6892 = VECTOR('',#6893,1.);
#6893 = DIRECTION('',(1.,0.));
#6894 = ( GEOMETRIC_REPRESENTATION_CONTEXT(2) 
PARAMETRIC_REPRESENTATION_CONTEXT() REPRESENTATION_CONTEXT('2D SPACE',''
  ) );
#6895 = ADVANCED_FACE('',(#6896),#2733,.T.);
#6896 = FACE_BOUND('',#6897,.T.);
#6897 = EDGE_LOOP('',(#6898,#6899,#6900,#6922));
#6898 = ORIENTED_EDGE('',*,*,#6847,.T.);
#6899 = ORIENTED_EDGE('',*,*,#6705,.F.);
#6900 = ORIENTED_EDGE('',*,*,#6901,.F.);
#6901 = EDGE_CURVE('',#939,#6683,#6902,.T.);
#6902 = SURFACE_CURVE('',#6903,(#6908,#6915),.PCURVE_S1.);
#6903 = CIRCLE('',#6904,2.E-02);
#6904 = AXIS2_PLACEMENT_3D('',#6905,#6906,#6907);
#6905 = CARTESIAN_POINT('',(-0.48,0.23,-0.23));
#6906 = DIRECTION('',(0.,1.,0.));
#6907 = DIRECTION('',(0.,-0.,1.));
#6908 = PCURVE('',#2733,#6909);
#6909 = DEFINITIONAL_REPRESENTATION('',(#6910),#6914);
#6910 = LINE('',#6911,#6912);
#6911 = CARTESIAN_POINT('',(9.424777960769,2.E-02));
#6912 = VECTOR('',#6913,1.);
#6913 = DIRECTION('',(-1.,0.));
#6914 = ( GEOMETRIC_REPRESENTATION_CONTEXT(2) 
PARAMETRIC_REPRESENTATION_CONTEXT() REPRESENTATION_CONTEXT('2D SPACE',''
  ) );
#6915 = PCURVE('',#978,#6916);
#6916 = DEFINITIONAL_REPRESENTATION('',(#6917),#6921);
#6917 = LINE('',#6918,#6919);
#6918 = CARTESIAN_POINT('',(-1.570796326795,0.));
#6919 = VECTOR('',#6920,1.);
#6920 = DIRECTION('',(1.,0.));
#6921 = ( GEOMETRIC_REPRESENTATION_CONTEXT(2) 
PARAMETRIC_REPRESENTATION_CONTEXT() REPRESENTATION_CONTEXT('2D SPACE',''
  ) );
#6922 = ORIENTED_EDGE('',*,*,#2719,.F.);
#6923 = ADVANCED_FACE('',(#6924),#1479,.T.);
#6924 = FACE_BOUND('',#6925,.T.);
#6925 = EDGE_LOOP('',(#6926,#6927,#6928,#6950));
#6926 = ORIENTED_EDGE('',*,*,#6874,.T.);
#6927 = ORIENTED_EDGE('',*,*,#1463,.F.);
#6928 = ORIENTED_EDGE('',*,*,#6929,.F.);
#6929 = EDGE_CURVE('',#6655,#1441,#6930,.T.);
#6930 = SURFACE_CURVE('',#6931,(#6936,#6943),.PCURVE_S1.);
#6931 = CIRCLE('',#6932,2.E-02);
#6932 = AXIS2_PLACEMENT_3D('',#6933,#6934,#6935);
#6933 = CARTESIAN_POINT('',(-0.48,0.23,0.23));
#6934 = DIRECTION('',(0.,1.,-0.));
#6935 = DIRECTION('',(0.,0.,1.));
#6936 = PCURVE('',#1479,#6937);
#6937 = DEFINITIONAL_REPRESENTATION('',(#6938),#6942);
#6938 = LINE('',#6939,#6940);
#6939 = CARTESIAN_POINT('',(0.,-2.E-02));
#6940 = VECTOR('',#6941,1.);
#6941 = DIRECTION('',(1.,0.));
#6942 = ( GEOMETRIC_REPRESENTATION_CONTEXT(2) 
PARAMETRIC_REPRESENTATION_CONTEXT() REPRESENTATION_CONTEXT('2D SPACE',''
  ) );
#6943 = PCURVE('',#2118,#6944);
#6944 = DEFINITIONAL_REPRESENTATION('',(#6945),#6949);
#6945 = LINE('',#6946,#6947);
#6946 = CARTESIAN_POINT('',(-1.570796326795,0.));
#6947 = VECTOR('',#6948,1.);
#6948 = DIRECTION('',(1.,0.));
#6949 = ( GEOMETRIC_REPRESENTATION_CONTEXT(2) 
PARAMETRIC_REPRESENTATION_CONTEXT() REPRESENTATION_CONTEXT('2D SPACE',''
  ) );
#6950 = ORIENTED_EDGE('',*,*,#6652,.F.);
#6951 = ADVANCED_FACE('',(#6952),#978,.T.);
#6952 = FACE_BOUND('',#6953,.T.);
#6953 = EDGE_LOOP('',(#6954,#6955,#6956));
#6954 = ORIENTED_EDGE('',*,*,#961,.T.);
#6955 = ORIENTED_EDGE('',*,*,#6901,.T.);
#6956 = ORIENTED_EDGE('',*,*,#6957,.F.);
#6957 = EDGE_CURVE('',#962,#6683,#6958,.T.);
#6958 = SURFACE_CURVE('',#6959,(#6964,#6993),.PCURVE_S1.);
#6959 = CIRCLE('',#6960,2.E-02);
#6960 = AXIS2_PLACEMENT_3D('',#6961,#6962,#6963);
#6961 = CARTESIAN_POINT('',(-0.48,0.23,-0.23));
#6962 = DIRECTION('',(0.,-0.,1.));
#6963 = DIRECTION('',(-1.,0.,0.));
#6964 = PCURVE('',#978,#6965);
#6965 = DEFINITIONAL_REPRESENTATION('',(#6966),#6992);
#6966 = B_SPLINE_CURVE_WITH_KNOTS('',3,(#6967,#6968,#6969,#6970,#6971,
    #6972,#6973,#6974,#6975,#6976,#6977,#6978,#6979,#6980,#6981,#6982,
    #6983,#6984,#6985,#6986,#6987,#6988,#6989,#6990,#6991),
  .UNSPECIFIED.,.F.,.F.,(4,1,1,1,1,1,1,1,1,1,1,1,1,1,1,1,1,1,1,1,1,1,4),
  (4.712388980385,4.783788813421,4.855188646457,4.926588479493,
    4.997988312529,5.069388145565,5.140787978601,5.212187811638,
    5.283587644674,5.35498747771,5.426387310746,5.497787143782,
    5.569186976818,5.640586809854,5.711986642891,5.783386475927,
    5.854786308963,5.926186141999,5.997585975035,6.068985808071,
    6.140385641107,6.211785474143,6.28318530718),.QUASI_UNIFORM_KNOTS.);
#6967 = CARTESIAN_POINT('',(3.14159265359,1.570796326795));
#6968 = CARTESIAN_POINT('',(3.14159265359,1.54699638245));
#6969 = CARTESIAN_POINT('',(3.14159265359,1.499396493759));
#6970 = CARTESIAN_POINT('',(3.14159265359,1.427996660723));
#6971 = CARTESIAN_POINT('',(3.14159265359,1.356596827687));
#6972 = CARTESIAN_POINT('',(3.14159265359,1.28519699465));
#6973 = CARTESIAN_POINT('',(3.14159265359,1.213797161614));
#6974 = CARTESIAN_POINT('',(3.14159265359,1.142397328578));
#6975 = CARTESIAN_POINT('',(3.14159265359,1.070997495542));
#6976 = CARTESIAN_POINT('',(3.14159265359,0.999597662506));
#6977 = CARTESIAN_POINT('',(3.14159265359,0.92819782947));
#6978 = CARTESIAN_POINT('',(3.14159265359,0.856797996434));
#6979 = CARTESIAN_POINT('',(3.14159265359,0.785398163397));
#6980 = CARTESIAN_POINT('',(3.14159265359,0.713998330361));
#6981 = CARTESIAN_POINT('',(3.14159265359,0.642598497325));
#6982 = CARTESIAN_POINT('',(3.14159265359,0.571198664289));
#6983 = CARTESIAN_POINT('',(3.14159265359,0.499798831253));
#6984 = CARTESIAN_POINT('',(3.14159265359,0.428398998217));
#6985 = CARTESIAN_POINT('',(3.14159265359,0.356999165181));
#6986 = CARTESIAN_POINT('',(3.14159265359,0.285599332145));
#6987 = CARTESIAN_POINT('',(3.14159265359,0.214199499108));
#6988 = CARTESIAN_POINT('',(3.14159265359,0.142799666072));
#6989 = CARTESIAN_POINT('',(3.14159265359,7.139983303613E-02));
#6990 = CARTESIAN_POINT('',(3.14159265359,2.379994434538E-02));
#6991 = CARTESIAN_POINT('',(3.14159265359,0.));
#6992 = ( GEOMETRIC_REPRESENTATION_CONTEXT(2) 
PARAMETRIC_REPRESENTATION_CONTEXT() REPRESENTATION_CONTEXT('2D SPACE',''
  ) );
#6993 = PCURVE('',#1359,#6994);
#6994 = DEFINITIONAL_REPRESENTATION('',(#6995),#6999);
#6995 = LINE('',#6996,#6997);
#6996 = CARTESIAN_POINT('',(6.28318530718,0.48));
#6997 = VECTOR('',#6998,1.);
#6998 = DIRECTION('',(-1.,0.));
#6999 = ( GEOMETRIC_REPRESENTATION_CONTEXT(2) 
PARAMETRIC_REPRESENTATION_CONTEXT() REPRESENTATION_CONTEXT('2D SPACE',''
  ) );
#7000 = ADVANCED_FACE('',(#7001),#2118,.T.);
#7001 = FACE_BOUND('',#7002,.T.);
#7002 = EDGE_LOOP('',(#7003,#7004,#7005));
#7003 = ORIENTED_EDGE('',*,*,#6929,.T.);
#7004 = ORIENTED_EDGE('',*,*,#2103,.T.);
#7005 = ORIENTED_EDGE('',*,*,#7006,.F.);
#7006 = EDGE_CURVE('',#6655,#1344,#7007,.T.);
#7007 = SURFACE_CURVE('',#7008,(#7013,#7042),.PCURVE_S1.);
#7008 = CIRCLE('',#7009,2.E-02);
#7009 = AXIS2_PLACEMENT_3D('',#7010,#7011,#7012);
#7010 = CARTESIAN_POINT('',(-0.48,0.23,0.23));
#7011 = DIRECTION('',(0.,0.,-1.));
#7012 = DIRECTION('',(1.,0.,0.));
#7013 = PCURVE('',#2118,#7014);
#7014 = DEFINITIONAL_REPRESENTATION('',(#7015),#7041);
#7015 = B_SPLINE_CURVE_WITH_KNOTS('',3,(#7016,#7017,#7018,#7019,#7020,
    #7021,#7022,#7023,#7024,#7025,#7026,#7027,#7028,#7029,#7030,#7031,
    #7032,#7033,#7034,#7035,#7036,#7037,#7038,#7039,#7040),
  .UNSPECIFIED.,.F.,.F.,(4,1,1,1,1,1,1,1,1,1,1,1,1,1,1,1,1,1,1,1,1,1,4),
  (3.14159265359,3.212992486626,3.284392319662,3.355792152698,
    3.427191985734,3.49859181877,3.569991651807,3.641391484843,
    3.712791317879,3.784191150915,3.855590983951,3.926990816987,
    3.998390650023,4.06979048306,4.141190316096,4.212590149132,
    4.283989982168,4.355389815204,4.42678964824,4.498189481276,
    4.569589314312,4.640989147349,4.712388980385),
  .QUASI_UNIFORM_KNOTS.);
#7016 = CARTESIAN_POINT('',(3.14159265359,0.));
#7017 = CARTESIAN_POINT('',(3.14159265359,2.379994434538E-02));
#7018 = CARTESIAN_POINT('',(3.14159265359,7.139983303613E-02));
#7019 = CARTESIAN_POINT('',(3.14159265359,0.142799666072));
#7020 = CARTESIAN_POINT('',(3.14159265359,0.214199499108));
#7021 = CARTESIAN_POINT('',(3.14159265359,0.285599332145));
#7022 = CARTESIAN_POINT('',(3.14159265359,0.356999165181));
#7023 = CARTESIAN_POINT('',(3.14159265359,0.428398998217));
#7024 = CARTESIAN_POINT('',(3.14159265359,0.499798831253));
#7025 = CARTESIAN_POINT('',(3.14159265359,0.571198664289));
#7026 = CARTESIAN_POINT('',(3.14159265359,0.642598497325));
#7027 = CARTESIAN_POINT('',(3.14159265359,0.713998330361));
#7028 = CARTESIAN_POINT('',(3.14159265359,0.785398163397));
#7029 = CARTESIAN_POINT('',(3.14159265359,0.856797996434));
#7030 = CARTESIAN_POINT('',(3.14159265359,0.92819782947));
#7031 = CARTESIAN_POINT('',(3.14159265359,0.999597662506));
#7032 = CARTESIAN_POINT('',(3.14159265359,1.070997495542));
#7033 = CARTESIAN_POINT('',(3.14159265359,1.142397328578));
#7034 = CARTESIAN_POINT('',(3.14159265359,1.213797161614));
#7035 = CARTESIAN_POINT('',(3.14159265359,1.28519699465));
#7036 = CARTESIAN_POINT('',(3.14159265359,1.356596827687));
#7037 = CARTESIAN_POINT('',(3.14159265359,1.427996660723));
#7038 = CARTESIAN_POINT('',(3.14159265359,1.499396493759));
#7039 = CARTESIAN_POINT('',(3.14159265359,1.54699638245));
#7040 = CARTESIAN_POINT('',(3.14159265359,1.570796326795));
#7041 = ( GEOMETRIC_REPRESENTATION_CONTEXT(2) 
PARAMETRIC_REPRESENTATION_CONTEXT() REPRESENTATION_CONTEXT('2D SPACE',''
  ) );
#7042 = PCURVE('',#1359,#7043);
#7043 = DEFINITIONAL_REPRESENTATION('',(#7044),#7048);
#7044 = LINE('',#7045,#7046);
#7045 = CARTESIAN_POINT('',(-3.14159265359,2.E-02));
#7046 = VECTOR('',#7047,1.);
#7047 = DIRECTION('',(1.,0.));
#7048 = ( GEOMETRIC_REPRESENTATION_CONTEXT(2) 
PARAMETRIC_REPRESENTATION_CONTEXT() REPRESENTATION_CONTEXT('2D SPACE',''
  ) );
#7049 = ADVANCED_FACE('',(#7050),#1359,.T.);
#7050 = FACE_BOUND('',#7051,.T.);
#7051 = EDGE_LOOP('',(#7052,#7053,#7054,#7055));
#7052 = ORIENTED_EDGE('',*,*,#6957,.T.);
#7053 = ORIENTED_EDGE('',*,*,#6682,.F.);
#7054 = ORIENTED_EDGE('',*,*,#7006,.T.);
#7055 = ORIENTED_EDGE('',*,*,#1343,.F.);
#7056 = ADVANCED_FACE('',(#7057),#434,.T.);
#7057 = FACE_BOUND('',#7058,.T.);
#7058 = EDGE_LOOP('',(#7059,#7081,#7082));
#7059 = ORIENTED_EDGE('',*,*,#7060,.T.);
#7060 = EDGE_CURVE('',#365,#1217,#7061,.T.);
#7061 = SURFACE_CURVE('',#7062,(#7067,#7074),.PCURVE_S1.);
#7062 = CIRCLE('',#7063,1.);
#7063 = AXIS2_PLACEMENT_3D('',#7064,#7065,#7066);
#7064 = CARTESIAN_POINT('',(-1.25,-0.24,8.119346691827E-16));
#7065 = DIRECTION('',(0.,-1.,3.383061121595E-15));
#7066 = DIRECTION('',(0.,-3.383061121595E-15,-1.));
#7067 = PCURVE('',#434,#7068);
#7068 = DEFINITIONAL_REPRESENTATION('',(#7069),#7073);
#7069 = LINE('',#7070,#7071);
#7070 = CARTESIAN_POINT('',(0.,0.));
#7071 = VECTOR('',#7072,1.);
#7072 = DIRECTION('',(1.,0.));
#7073 = ( GEOMETRIC_REPRESENTATION_CONTEXT(2) 
PARAMETRIC_REPRESENTATION_CONTEXT() REPRESENTATION_CONTEXT('2D SPACE',''
  ) );
#7074 = PCURVE('',#380,#7075);
#7075 = DEFINITIONAL_REPRESENTATION('',(#7076),#7080);
#7076 = CIRCLE('',#7077,1.);
#7077 = AXIS2_PLACEMENT_2D('',#7078,#7079);
#7078 = CARTESIAN_POINT('',(0.,0.));
#7079 = DIRECTION('',(1.,0.));
#7080 = ( GEOMETRIC_REPRESENTATION_CONTEXT(2) 
PARAMETRIC_REPRESENTATION_CONTEXT() REPRESENTATION_CONTEXT('2D SPACE',''
  ) );
#7081 = ORIENTED_EDGE('',*,*,#2693,.F.);
#7082 = ORIENTED_EDGE('',*,*,#392,.F.);
#7083 = ADVANCED_FACE('',(#7084),#380,.T.);
#7084 = FACE_BOUND('',#7085,.T.);
#7085 = EDGE_LOOP('',(#7086,#7087,#7088));
#7086 = ORIENTED_EDGE('',*,*,#2616,.F.);
#7087 = ORIENTED_EDGE('',*,*,#7060,.F.);
#7088 = ORIENTED_EDGE('',*,*,#364,.F.);
#7089 = ADVANCED_FACE('',(#7090),#805,.T.);
#7090 = FACE_BOUND('',#7091,.T.);
#7091 = EDGE_LOOP('',(#7092,#7093,#7115));
#7092 = ORIENTED_EDGE('',*,*,#2668,.F.);
#7093 = ORIENTED_EDGE('',*,*,#7094,.T.);
#7094 = EDGE_CURVE('',#1267,#759,#7095,.T.);
#7095 = SURFACE_CURVE('',#7096,(#7101,#7108),.PCURVE_S1.);
#7096 = CIRCLE('',#7097,1.);
#7097 = AXIS2_PLACEMENT_3D('',#7098,#7099,#7100);
#7098 = CARTESIAN_POINT('',(-1.25,0.24,-2.487845711827E-15));
#7099 = DIRECTION('',(-0.,1.,-1.036602379928E-14));
#7100 = DIRECTION('',(0.,1.036602379928E-14,1.));
#7101 = PCURVE('',#805,#7102);
#7102 = DEFINITIONAL_REPRESENTATION('',(#7103),#7107);
#7103 = LINE('',#7104,#7105);
#7104 = CARTESIAN_POINT('',(0.,0.));
#7105 = VECTOR('',#7106,1.);
#7106 = DIRECTION('',(1.,0.));
#7107 = ( GEOMETRIC_REPRESENTATION_CONTEXT(2) 
PARAMETRIC_REPRESENTATION_CONTEXT() REPRESENTATION_CONTEXT('2D SPACE',''
  ) );
#7108 = PCURVE('',#855,#7109);
#7109 = DEFINITIONAL_REPRESENTATION('',(#7110),#7114);
#7110 = CIRCLE('',#7111,1.);
#7111 = AXIS2_PLACEMENT_2D('',#7112,#7113);
#7112 = CARTESIAN_POINT('',(0.,0.));
#7113 = DIRECTION('',(1.,0.));
#7114 = ( GEOMETRIC_REPRESENTATION_CONTEXT(2) 
PARAMETRIC_REPRESENTATION_CONTEXT() REPRESENTATION_CONTEXT('2D SPACE',''
  ) );
#7115 = ORIENTED_EDGE('',*,*,#756,.F.);
#7116 = ADVANCED_FACE('',(#7117),#855,.T.);
#7117 = FACE_BOUND('',#7118,.T.);
#7118 = EDGE_LOOP('',(#7119,#7120,#7121));
#7119 = ORIENTED_EDGE('',*,*,#7094,.F.);
#7120 = ORIENTED_EDGE('',*,*,#2406,.F.);
#7121 = ORIENTED_EDGE('',*,*,#839,.F.);
#7122 = ADVANCED_FACE('',(#7123),#1428,.T.);
#7123 = FACE_BOUND('',#7124,.T.);
#7124 = EDGE_LOOP('',(#7125,#7148,#7170,#7242,#7243,#7317,#7339,#7360,
    #7361,#7362));
#7125 = ORIENTED_EDGE('',*,*,#7126,.F.);
#7126 = EDGE_CURVE('',#7127,#1604,#7129,.T.);
#7127 = VERTEX_POINT('',#7128);
#7128 = CARTESIAN_POINT('',(-0.279227112039,-0.24,0.24));
#7129 = SURFACE_CURVE('',#7130,(#7134,#7141),.PCURVE_S1.);
#7130 = LINE('',#7131,#7132);
#7131 = CARTESIAN_POINT('',(-0.279227112039,-0.24,0.24));
#7132 = VECTOR('',#7133,1.);
#7133 = DIRECTION('',(-0.,-1.084202172486E-16,1.));
#7134 = PCURVE('',#1428,#7135);
#7135 = DEFINITIONAL_REPRESENTATION('',(#7136),#7140);
#7136 = LINE('',#7137,#7138);
#7137 = CARTESIAN_POINT('',(1.328430475756,8.326672684689E-16));
#7138 = VECTOR('',#7139,1.);
#7139 = DIRECTION('',(0.,1.));
#7140 = ( GEOMETRIC_REPRESENTATION_CONTEXT(2) 
PARAMETRIC_REPRESENTATION_CONTEXT() REPRESENTATION_CONTEXT('2D SPACE',''
  ) );
#7141 = PCURVE('',#1619,#7142);
#7142 = DEFINITIONAL_REPRESENTATION('',(#7143),#7147);
#7143 = LINE('',#7144,#7145);
#7144 = CARTESIAN_POINT('',(-0.24,0.970772887961));
#7145 = VECTOR('',#7146,1.);
#7146 = DIRECTION('',(-1.,0.));
#7147 = ( GEOMETRIC_REPRESENTATION_CONTEXT(2) 
PARAMETRIC_REPRESENTATION_CONTEXT() REPRESENTATION_CONTEXT('2D SPACE',''
  ) );
#7148 = ORIENTED_EDGE('',*,*,#7149,.T.);
#7149 = EDGE_CURVE('',#7127,#7150,#7152,.T.);
#7150 = VERTEX_POINT('',#7151);
#7151 = CARTESIAN_POINT('',(-0.278507689785,-0.237071067812,
    0.237071067812));
#7152 = SURFACE_CURVE('',#7153,(#7158,#7164),.PCURVE_S1.);
#7153 = ( BOUNDED_CURVE() B_SPLINE_CURVE(3,(#7154,#7155,#7156,#7157),
.UNSPECIFIED.,.F.,.F.) B_SPLINE_CURVE_WITH_KNOTS((4,4),(1.328430475756,
1.331446469628),.PIECEWISE_BEZIER_KNOTS.) CURVE() 
GEOMETRIC_REPRESENTATION_ITEM() RATIONAL_B_SPLINE_CURVE((1.,
0.999999241982,0.999999241982,1.)) REPRESENTATION_ITEM('') );
#7154 = CARTESIAN_POINT('',(-0.279227112039,-0.24,0.24));
#7155 = CARTESIAN_POINT('',(-0.278985832438,-0.23902405127,0.23902405127
    ));
#7156 = CARTESIAN_POINT('',(-0.278746024838,-0.2380477398,0.2380477398)
  );
#7157 = CARTESIAN_POINT('',(-0.278507689785,-0.237071067812,
    0.237071067812));
#7158 = PCURVE('',#1428,#7159);
#7159 = DEFINITIONAL_REPRESENTATION('',(#7160),#7163);
#7160 = B_SPLINE_CURVE_WITH_KNOTS('',1,(#7161,#7162),.UNSPECIFIED.,.F.,
  .F.,(2,2),(1.328430475756,1.331446469628),.PIECEWISE_BEZIER_KNOTS.);
#7161 = CARTESIAN_POINT('',(1.328430475756,0.));
#7162 = CARTESIAN_POINT('',(1.331446469628,-2.928932188134E-03));
#7163 = ( GEOMETRIC_REPRESENTATION_CONTEXT(2) 
PARAMETRIC_REPRESENTATION_CONTEXT() REPRESENTATION_CONTEXT('2D SPACE',''
  ) );
#7164 = PCURVE('',#614,#7165);
#7165 = DEFINITIONAL_REPRESENTATION('',(#7166),#7169);
#7166 = B_SPLINE_CURVE_WITH_KNOTS('',1,(#7167,#7168),.UNSPECIFIED.,.F.,
  .F.,(2,2),(1.328430475756,1.331446469628),.PIECEWISE_BEZIER_KNOTS.);
#7167 = CARTESIAN_POINT('',(1.813162177834,-2.775557561563E-17));
#7168 = CARTESIAN_POINT('',(1.810146183962,-2.928932188134E-03));
#7169 = ( GEOMETRIC_REPRESENTATION_CONTEXT(2) 
PARAMETRIC_REPRESENTATION_CONTEXT() REPRESENTATION_CONTEXT('2D SPACE',''
  ) );
#7170 = ORIENTED_EDGE('',*,*,#7171,.T.);
#7171 = EDGE_CURVE('',#7150,#2866,#7172,.T.);
#7172 = SURFACE_CURVE('',#7173,(#7184,#7213),.PCURVE_S1.);
#7173 = B_SPLINE_CURVE_WITH_KNOTS('',3,(#7174,#7175,#7176,#7177,#7178,
    #7179,#7180,#7181,#7182,#7183),.UNSPECIFIED.,.F.,.F.,(4,3,3,4),(0.,
    3.478040274405E-06,6.952384663513E-06,7.988743472568E-06),
  .UNSPECIFIED.);
#7174 = CARTESIAN_POINT('',(-0.278507689785,-0.237071067812,
    0.237071067812));
#7175 = CARTESIAN_POINT('',(-0.278310553568,-0.236263224319,
    0.237878911305));
#7176 = CARTESIAN_POINT('',(-0.278078131276,-0.235306161927,
    0.238551483714));
#7177 = CARTESIAN_POINT('',(-0.277831439086,-0.234282498645,
    0.239036603654));
#7178 = CARTESIAN_POINT('',(-0.277584909514,-0.233259510158,
    0.239521403804));
#7179 = CARTESIAN_POINT('',(-0.277317416227,-0.232142026143,
    0.239832756701));
#7180 = CARTESIAN_POINT('',(-0.277051083041,-0.231020356221,
    0.239947807468));
#7181 = CARTESIAN_POINT('',(-0.276970633766,-0.230681541771,
    0.239982559994));
#7182 = CARTESIAN_POINT('',(-0.276889862995,-0.230340582038,0.24));
#7183 = CARTESIAN_POINT('',(-0.276809371192,-0.23,0.24));
#7184 = PCURVE('',#1428,#7185);
#7185 = DEFINITIONAL_REPRESENTATION('',(#7186),#7212);
#7186 = B_SPLINE_CURVE_WITH_KNOTS('',3,(#7187,#7188,#7189,#7190,#7191,
    #7192,#7193,#7194,#7195,#7196,#7197,#7198,#7199,#7200,#7201,#7202,
    #7203,#7204,#7205,#7206,#7207,#7208,#7209,#7210,#7211),
  .UNSPECIFIED.,.F.,.F.,(4,1,1,1,1,1,1,1,1,1,1,1,1,1,1,1,1,1,1,1,1,1,4),
  (0.,3.631247032986E-07,7.262494065971E-07,1.089374109896E-06,
    1.452498813194E-06,1.815623516493E-06,2.178748219791E-06,
    2.54187292309E-06,2.904997626388E-06,3.268122329687E-06,
    3.631247032986E-06,3.994371736284E-06,4.357496439583E-06,
    4.720621142881E-06,5.08374584618E-06,5.446870549478E-06,
    5.809995252777E-06,6.173119956076E-06,6.536244659374E-06,
    6.899369362673E-06,7.262494065971E-06,7.62561876927E-06,
    7.988743472568E-06),.QUASI_UNIFORM_KNOTS.);
#7187 = CARTESIAN_POINT('',(1.331446469628,-2.928932188134E-03));
#7188 = CARTESIAN_POINT('',(1.331533287483,-2.844589309546E-03));
#7189 = CARTESIAN_POINT('',(1.331710265917,-2.678852569295E-03));
#7190 = CARTESIAN_POINT('',(1.331985179672,-2.439450826192E-03));
#7191 = CARTESIAN_POINT('',(1.332268957497,-2.209608748839E-03));
#7192 = CARTESIAN_POINT('',(1.332561017248,-1.989682698783E-03));
#7193 = CARTESIAN_POINT('',(1.332860777201,-1.78002880331E-03));
#7194 = CARTESIAN_POINT('',(1.333167654078,-1.581004063678E-03));
#7195 = CARTESIAN_POINT('',(1.333481070425,-1.392962219524E-03));
#7196 = CARTESIAN_POINT('',(1.333800427058,-1.216269182983E-03));
#7197 = CARTESIAN_POINT('',(1.334125205927,-1.051245437832E-03));
#7198 = CARTESIAN_POINT('',(1.3344545862,-8.983810087793E-04));
#7199 = CARTESIAN_POINT('',(1.334790219263,-7.568865727204E-04));
#7200 = CARTESIAN_POINT('',(1.335131241977,-6.269999146274E-04));
#7201 = CARTESIAN_POINT('',(1.33547707729,-5.088559075843E-04));
#7202 = CARTESIAN_POINT('',(1.335827075267,-4.026166301483E-04));
#7203 = CARTESIAN_POINT('',(1.336180591416,-3.084382508727E-04));
#7204 = CARTESIAN_POINT('',(1.336537032364,-2.264733728531E-04));
#7205 = CARTESIAN_POINT('',(1.336895594838,-1.568947710177E-04));
#7206 = CARTESIAN_POINT('',(1.337256264051,-9.979809842563E-05));
#7207 = CARTESIAN_POINT('',(1.337616081208,-5.5567323776E-05));
#7208 = CARTESIAN_POINT('',(1.337983075075,-2.351027507958E-05));
#7209 = CARTESIAN_POINT('',(1.33835061742,-4.287892139974E-06));
#7210 = CARTESIAN_POINT('',(1.338596094216,7.275958511624E-09));
#7211 = CARTESIAN_POINT('',(1.338718643932,0.));
#7212 = ( GEOMETRIC_REPRESENTATION_CONTEXT(2) 
PARAMETRIC_REPRESENTATION_CONTEXT() REPRESENTATION_CONTEXT('2D SPACE',''
  ) );
#7213 = PCURVE('',#2805,#7214);
#7214 = DEFINITIONAL_REPRESENTATION('',(#7215),#7241);
#7215 = B_SPLINE_CURVE_WITH_KNOTS('',3,(#7216,#7217,#7218,#7219,#7220,
    #7221,#7222,#7223,#7224,#7225,#7226,#7227,#7228,#7229,#7230,#7231,
    #7232,#7233,#7234,#7235,#7236,#7237,#7238,#7239,#7240),
  .UNSPECIFIED.,.F.,.F.,(4,1,1,1,1,1,1,1,1,1,1,1,1,1,1,1,1,1,1,1,1,1,4),
  (0.,3.631247032986E-07,7.262494065971E-07,1.089374109896E-06,
    1.452498813194E-06,1.815623516493E-06,2.178748219791E-06,
    2.54187292309E-06,2.904997626388E-06,3.268122329687E-06,
    3.631247032986E-06,3.994371736284E-06,4.357496439583E-06,
    4.720621142881E-06,5.08374584618E-06,5.446870549478E-06,
    5.809995252777E-06,6.173119956076E-06,6.536244659374E-06,
    6.899369362673E-06,7.262494065971E-06,7.62561876927E-06,
    7.988743472568E-06),.QUASI_UNIFORM_KNOTS.);
#7216 = CARTESIAN_POINT('',(3.926990816987,0.121492310215));
#7217 = CARTESIAN_POINT('',(3.915063101985,0.121512892216));
#7218 = CARTESIAN_POINT('',(3.891185515265,0.121554825484));
#7219 = CARTESIAN_POINT('',(3.855321628966,0.121619889673));
#7220 = CARTESIAN_POINT('',(3.819428510195,0.121686974649));
#7221 = CARTESIAN_POINT('',(3.783526848323,0.121755936886));
#7222 = CARTESIAN_POINT('',(3.747638236994,0.121826632955));
#7223 = CARTESIAN_POINT('',(3.711785143842,0.121898919063));
#7224 = CARTESIAN_POINT('',(3.675989504412,0.121972652782));
#7225 = CARTESIAN_POINT('',(3.640275306155,0.122047686582));
#7226 = CARTESIAN_POINT('',(3.604656594903,0.122123891975));
#7227 = CARTESIAN_POINT('',(3.569179847261,0.122201069418));
#7228 = CARTESIAN_POINT('',(3.53361797389,0.122279598277));
#7229 = CARTESIAN_POINT('',(3.498010644241,0.122359274595));
#7230 = CARTESIAN_POINT('',(3.462369731728,0.122439960678));
#7231 = CARTESIAN_POINT('',(3.426715860461,0.122521501949));
#7232 = CARTESIAN_POINT('',(3.391069772416,0.122603745101));
#7233 = CARTESIAN_POINT('',(3.355447522081,0.122686548634));
#7234 = CARTESIAN_POINT('',(3.319885494195,0.122769722545));
#7235 = CARTESIAN_POINT('',(3.284342288329,0.122853259038));
#7236 = CARTESIAN_POINT('',(3.249063333947,0.122936469987));
#7237 = CARTESIAN_POINT('',(3.213217770833,0.123021206388));
#7238 = CARTESIAN_POINT('',(3.177407653342,0.123105938559));
#7239 = CARTESIAN_POINT('',(3.1535190326,0.123162442445));
#7240 = CARTESIAN_POINT('',(3.14159265359,0.123190628808));
#7241 = ( GEOMETRIC_REPRESENTATION_CONTEXT(2) 
PARAMETRIC_REPRESENTATION_CONTEXT() REPRESENTATION_CONTEXT('2D SPACE',''
  ) );
#7242 = ORIENTED_EDGE('',*,*,#2865,.T.);
#7243 = ORIENTED_EDGE('',*,*,#7244,.T.);
#7244 = EDGE_CURVE('',#2868,#7245,#7247,.T.);
#7245 = VERTEX_POINT('',#7246);
#7246 = CARTESIAN_POINT('',(-0.278507689785,0.237071067812,
    0.237071067812));
#7247 = SURFACE_CURVE('',#7248,(#7259,#7288),.PCURVE_S1.);
#7248 = B_SPLINE_CURVE_WITH_KNOTS('',3,(#7249,#7250,#7251,#7252,#7253,
    #7254,#7255,#7256,#7257,#7258),.UNSPECIFIED.,.F.,.F.,(4,3,3,4),(0.,
    3.527781105258E-06,7.058075805892E-06,7.991169092065E-06),
  .UNSPECIFIED.);
#7249 = CARTESIAN_POINT('',(-0.276809371192,0.23,0.24));
#7250 = CARTESIAN_POINT('',(-0.27707983441,0.231144401171,0.24));
#7251 = CARTESIAN_POINT('',(-0.277356161761,0.232304102678,
    0.239798306037));
#7252 = CARTESIAN_POINT('',(-0.277615226308,0.23338348676,0.239410208167
    ));
#7253 = CARTESIAN_POINT('',(-0.277874391787,0.234463291373,
    0.239021959092));
#7254 = CARTESIAN_POINT('',(-0.278123512921,0.235492957457,
    0.238435900193));
#7255 = CARTESIAN_POINT('',(-0.278340051564,0.23638304636,0.237697838641
    ));
#7256 = CARTESIAN_POINT('',(-0.278398075948,0.236621557416,
    0.237500065318));
#7257 = CARTESIAN_POINT('',(-0.278454088187,0.236851414097,
    0.237290721527));
#7258 = CARTESIAN_POINT('',(-0.278507689785,0.237071067812,
    0.237071067812));
#7259 = PCURVE('',#1428,#7260);
#7260 = DEFINITIONAL_REPRESENTATION('',(#7261),#7287);
#7261 = B_SPLINE_CURVE_WITH_KNOTS('',3,(#7262,#7263,#7264,#7265,#7266,
    #7267,#7268,#7269,#7270,#7271,#7272,#7273,#7274,#7275,#7276,#7277,
    #7278,#7279,#7280,#7281,#7282,#7283,#7284,#7285,#7286),
  .UNSPECIFIED.,.F.,.F.,(4,1,1,1,1,1,1,1,1,1,1,1,1,1,1,1,1,1,1,1,1,1,4),
  (0.,3.632349587302E-07,7.264699174605E-07,1.089704876191E-06,
    1.452939834921E-06,1.816174793651E-06,2.179409752381E-06,
    2.542644711112E-06,2.905879669842E-06,3.269114628572E-06,
    3.632349587302E-06,3.995584546033E-06,4.358819504763E-06,
    4.722054463493E-06,5.085289422223E-06,5.448524380954E-06,
    5.811759339684E-06,6.174994298414E-06,6.538229257144E-06,
    6.901464215874E-06,7.264699174605E-06,7.627934133335E-06,
    7.991169092065E-06),.QUASI_UNIFORM_KNOTS.);
#7262 = CARTESIAN_POINT('',(1.802874009658,0.));
#7263 = CARTESIAN_POINT('',(1.802995087977,9.251808199397E-18));
#7264 = CARTESIAN_POINT('',(1.803237588935,-4.276563969607E-06));
#7265 = CARTESIAN_POINT('',(1.803601729067,-2.342095415664E-05));
#7266 = CARTESIAN_POINT('',(1.803965613691,-5.519476169093E-05));
#7267 = CARTESIAN_POINT('',(1.804328598378,-9.949778691882E-05));
#7268 = CARTESIAN_POINT('',(1.804690039518,-1.562301004689E-04));
#7269 = CARTESIAN_POINT('',(1.805049290432,-2.252907646099E-04));
#7270 = CARTESIAN_POINT('',(1.805405715883,-3.065826047664E-04));
#7271 = CARTESIAN_POINT('',(1.805758637929,-3.999944021008E-04));
#7272 = CARTESIAN_POINT('',(1.806107538007,-5.054673516671E-04));
#7273 = CARTESIAN_POINT('',(1.806451302736,-6.227470372162E-04));
#7274 = CARTESIAN_POINT('',(1.80679134041,-7.524134356116E-04));
#7275 = CARTESIAN_POINT('',(1.807127438698,-8.94283647359E-04));
#7276 = CARTESIAN_POINT('',(1.807458889908,-1.048026799909E-03));
#7277 = CARTESIAN_POINT('',(1.807785120759,-1.213353036095E-03));
#7278 = CARTESIAN_POINT('',(1.808105515654,-1.38995641027E-03));
#7279 = CARTESIAN_POINT('',(1.808419493819,-1.57755431533E-03));
#7280 = CARTESIAN_POINT('',(1.808726377474,-1.77578687848E-03));
#7281 = CARTESIAN_POINT('',(1.809025842032,-1.984579951145E-03));
#7282 = CARTESIAN_POINT('',(1.809316247118,-2.202793753558E-03));
#7283 = CARTESIAN_POINT('',(1.809600862298,-2.433265306505E-03));
#7284 = CARTESIAN_POINT('',(1.809878973089,-2.675549111449E-03));
#7285 = CARTESIAN_POINT('',(1.81005834461,-2.843566977341E-03));
#7286 = CARTESIAN_POINT('',(1.810146183962,-2.928932188136E-03));
#7287 = ( GEOMETRIC_REPRESENTATION_CONTEXT(2) 
PARAMETRIC_REPRESENTATION_CONTEXT() REPRESENTATION_CONTEXT('2D SPACE',''
  ) );
#7288 = PCURVE('',#150,#7289);
#7289 = DEFINITIONAL_REPRESENTATION('',(#7290),#7316);
#7290 = B_SPLINE_CURVE_WITH_KNOTS('',3,(#7291,#7292,#7293,#7294,#7295,
    #7296,#7297,#7298,#7299,#7300,#7301,#7302,#7303,#7304,#7305,#7306,
    #7307,#7308,#7309,#7310,#7311,#7312,#7313,#7314,#7315),
  .UNSPECIFIED.,.F.,.F.,(4,1,1,1,1,1,1,1,1,1,1,1,1,1,1,1,1,1,1,1,1,1,4),
  (0.,3.632349587302E-07,7.264699174605E-07,1.089704876191E-06,
    1.452939834921E-06,1.816174793651E-06,2.179409752381E-06,
    2.542644711112E-06,2.905879669842E-06,3.269114628572E-06,
    3.632349587302E-06,3.995584546033E-06,4.358819504763E-06,
    4.722054463493E-06,5.085289422223E-06,5.448524380954E-06,
    5.811759339684E-06,6.174994298414E-06,6.538229257144E-06,
    6.901464215874E-06,7.264699174605E-06,7.627934133335E-06,
    7.991169092065E-06),.QUASI_UNIFORM_KNOTS.);
#7291 = CARTESIAN_POINT('',(3.14159265359,0.123190628808));
#7292 = CARTESIAN_POINT('',(3.129809559574,0.123162780795));
#7293 = CARTESIAN_POINT('',(3.106210407068,0.123106960429));
#7294 = CARTESIAN_POINT('',(3.07073049191,0.123023008337));
#7295 = CARTESIAN_POINT('',(3.03518655897,0.122938986161));
#7296 = CARTESIAN_POINT('',(2.999597661304,0.122855045412));
#7297 = CARTESIAN_POINT('',(2.963983413457,0.12277133741));
#7298 = CARTESIAN_POINT('',(2.928364128146,0.122688014187));
#7299 = CARTESIAN_POINT('',(2.892758799946,0.122605225118));
#7300 = CARTESIAN_POINT('',(2.857190213166,0.122523129485));
#7301 = CARTESIAN_POINT('',(2.821663711315,0.122441849613));
#7302 = CARTESIAN_POINT('',(2.786244234646,0.122361645741));
#7303 = CARTESIAN_POINT('',(2.75073553901,0.122282193525));
#7304 = CARTESIAN_POINT('',(2.715116233546,0.122203549913));
#7305 = CARTESIAN_POINT('',(2.679417032118,0.122125886497));
#7306 = CARTESIAN_POINT('',(2.643655940532,0.122049343754));
#7307 = CARTESIAN_POINT('',(2.607856019666,0.121974071983));
#7308 = CARTESIAN_POINT('',(2.572036229106,0.121900213299));
#7309 = CARTESIAN_POINT('',(2.536227316153,0.12182793274));
#7310 = CARTESIAN_POINT('',(2.500414422777,0.121757311827));
#7311 = CARTESIAN_POINT('',(2.464747792834,0.121688743238));
#7312 = CARTESIAN_POINT('',(2.428754413804,0.12162145853));
#7313 = CARTESIAN_POINT('',(2.392467819748,0.121555635562));
#7314 = CARTESIAN_POINT('',(2.368264707239,0.121513134485));
#7315 = CARTESIAN_POINT('',(2.356194490192,0.121492310215));
#7316 = ( GEOMETRIC_REPRESENTATION_CONTEXT(2) 
PARAMETRIC_REPRESENTATION_CONTEXT() REPRESENTATION_CONTEXT('2D SPACE',''
  ) );
#7317 = ORIENTED_EDGE('',*,*,#7318,.F.);
#7318 = EDGE_CURVE('',#7319,#7245,#7321,.T.);
#7319 = VERTEX_POINT('',#7320);
#7320 = CARTESIAN_POINT('',(-0.279227112039,0.24,0.24));
#7321 = SURFACE_CURVE('',#7322,(#7327,#7333),.PCURVE_S1.);
#7322 = ( BOUNDED_CURVE() B_SPLINE_CURVE(3,(#7323,#7324,#7325,#7326),
.UNSPECIFIED.,.F.,.F.) B_SPLINE_CURVE_WITH_KNOTS((4,4),(1.328430475756,
1.331446469628),.PIECEWISE_BEZIER_KNOTS.) CURVE() 
GEOMETRIC_REPRESENTATION_ITEM() RATIONAL_B_SPLINE_CURVE((1.,
0.999999241982,0.999999241982,1.)) REPRESENTATION_ITEM('') );
#7323 = CARTESIAN_POINT('',(-0.279227112039,0.24,0.24));
#7324 = CARTESIAN_POINT('',(-0.278985832438,0.23902405127,0.23902405127)
  );
#7325 = CARTESIAN_POINT('',(-0.278746024838,0.2380477398,0.2380477398));
#7326 = CARTESIAN_POINT('',(-0.278507689785,0.237071067812,
    0.237071067812));
#7327 = PCURVE('',#1428,#7328);
#7328 = DEFINITIONAL_REPRESENTATION('',(#7329),#7332);
#7329 = B_SPLINE_CURVE_WITH_KNOTS('',1,(#7330,#7331),.UNSPECIFIED.,.F.,
  .F.,(2,2),(1.328430475756,1.331446469628),.PIECEWISE_BEZIER_KNOTS.);
#7330 = CARTESIAN_POINT('',(1.813162177834,0.));
#7331 = CARTESIAN_POINT('',(1.810146183962,-2.928932188136E-03));
#7332 = ( GEOMETRIC_REPRESENTATION_CONTEXT(2) 
PARAMETRIC_REPRESENTATION_CONTEXT() REPRESENTATION_CONTEXT('2D SPACE',''
  ) );
#7333 = PCURVE('',#124,#7334);
#7334 = DEFINITIONAL_REPRESENTATION('',(#7335),#7338);
#7335 = B_SPLINE_CURVE_WITH_KNOTS('',1,(#7336,#7337),.UNSPECIFIED.,.F.,
  .F.,(2,2),(1.328430475756,1.331446469628),.PIECEWISE_BEZIER_KNOTS.);
#7336 = CARTESIAN_POINT('',(1.328430475756,-2.775557561563E-17));
#7337 = CARTESIAN_POINT('',(1.331446469628,-2.928932188136E-03));
#7338 = ( GEOMETRIC_REPRESENTATION_CONTEXT(2) 
PARAMETRIC_REPRESENTATION_CONTEXT() REPRESENTATION_CONTEXT('2D SPACE',''
  ) );
#7339 = ORIENTED_EDGE('',*,*,#7340,.T.);
#7340 = EDGE_CURVE('',#7319,#2154,#7341,.T.);
#7341 = SURFACE_CURVE('',#7342,(#7346,#7353),.PCURVE_S1.);
#7342 = LINE('',#7343,#7344);
#7343 = CARTESIAN_POINT('',(-0.279227112039,0.24,0.24));
#7344 = VECTOR('',#7345,1.);
#7345 = DIRECTION('',(-0.,-1.084202172486E-16,1.));
#7346 = PCURVE('',#1428,#7347);
#7347 = DEFINITIONAL_REPRESENTATION('',(#7348),#7352);
#7348 = LINE('',#7349,#7350);
#7349 = CARTESIAN_POINT('',(1.813162177834,-2.525757381022E-15));
#7350 = VECTOR('',#7351,1.);
#7351 = DIRECTION('',(0.,1.));
#7352 = ( GEOMETRIC_REPRESENTATION_CONTEXT(2) 
PARAMETRIC_REPRESENTATION_CONTEXT() REPRESENTATION_CONTEXT('2D SPACE',''
  ) );
#7353 = PCURVE('',#2240,#7354);
#7354 = DEFINITIONAL_REPRESENTATION('',(#7355),#7359);
#7355 = LINE('',#7356,#7357);
#7356 = CARTESIAN_POINT('',(0.24,0.970772887961));
#7357 = VECTOR('',#7358,1.);
#7358 = DIRECTION('',(1.,0.));
#7359 = ( GEOMETRIC_REPRESENTATION_CONTEXT(2) 
PARAMETRIC_REPRESENTATION_CONTEXT() REPRESENTATION_CONTEXT('2D SPACE',''
  ) );
#7360 = ORIENTED_EDGE('',*,*,#2153,.F.);
#7361 = ORIENTED_EDGE('',*,*,#1400,.F.);
#7362 = ORIENTED_EDGE('',*,*,#1631,.F.);
#7363 = ADVANCED_FACE('',(#7364),#614,.T.);
#7364 = FACE_BOUND('',#7365,.T.);
#7365 = EDGE_LOOP('',(#7366,#7367,#7368,#7440,#7441,#7513,#7514,#7535,
    #7536,#7537));
#7366 = ORIENTED_EDGE('',*,*,#1240,.F.);
#7367 = ORIENTED_EDGE('',*,*,#2596,.T.);
#7368 = ORIENTED_EDGE('',*,*,#7369,.T.);
#7369 = EDGE_CURVE('',#2523,#2818,#7370,.T.);
#7370 = SURFACE_CURVE('',#7371,(#7382,#7411),.PCURVE_S1.);
#7371 = B_SPLINE_CURVE_WITH_KNOTS('',3,(#7372,#7373,#7374,#7375,#7376,
    #7377,#7378,#7379,#7380,#7381),.UNSPECIFIED.,.F.,.F.,(4,3,3,4),(0.,
    3.478040274405E-06,6.952384663513E-06,7.988743472568E-06),
  .UNSPECIFIED.);
#7372 = CARTESIAN_POINT('',(-0.278507689785,-0.237071067812,
    -0.237071067812));
#7373 = CARTESIAN_POINT('',(-0.278310553568,-0.237878911305,
    -0.236263224319));
#7374 = CARTESIAN_POINT('',(-0.278078131276,-0.238551483714,
    -0.235306161927));
#7375 = CARTESIAN_POINT('',(-0.277831439086,-0.239036603654,
    -0.234282498645));
#7376 = CARTESIAN_POINT('',(-0.277584909514,-0.239521403804,
    -0.233259510158));
#7377 = CARTESIAN_POINT('',(-0.277317416227,-0.239832756701,
    -0.232142026143));
#7378 = CARTESIAN_POINT('',(-0.277051083041,-0.239947807468,
    -0.231020356221));
#7379 = CARTESIAN_POINT('',(-0.276970633766,-0.239982559994,
    -0.230681541771));
#7380 = CARTESIAN_POINT('',(-0.276889862995,-0.24,-0.230340582038));
#7381 = CARTESIAN_POINT('',(-0.276809371192,-0.24,-0.23));
#7382 = PCURVE('',#614,#7383);
#7383 = DEFINITIONAL_REPRESENTATION('',(#7384),#7410);
#7384 = B_SPLINE_CURVE_WITH_KNOTS('',3,(#7385,#7386,#7387,#7388,#7389,
    #7390,#7391,#7392,#7393,#7394,#7395,#7396,#7397,#7398,#7399,#7400,
    #7401,#7402,#7403,#7404,#7405,#7406,#7407,#7408,#7409),
  .UNSPECIFIED.,.F.,.F.,(4,1,1,1,1,1,1,1,1,1,1,1,1,1,1,1,1,1,1,1,1,1,4),
  (0.,3.631247032986E-07,7.262494065971E-07,1.089374109896E-06,
    1.452498813194E-06,1.815623516493E-06,2.178748219791E-06,
    2.54187292309E-06,2.904997626388E-06,3.268122329687E-06,
    3.631247032986E-06,3.994371736284E-06,4.357496439583E-06,
    4.720621142881E-06,5.08374584618E-06,5.446870549478E-06,
    5.809995252777E-06,6.173119956076E-06,6.536244659374E-06,
    6.899369362673E-06,7.262494065971E-06,7.62561876927E-06,
    7.988743472568E-06),.QUASI_UNIFORM_KNOTS.);
#7385 = CARTESIAN_POINT('',(1.331446469628,-2.928932188135E-03));
#7386 = CARTESIAN_POINT('',(1.331533287483,-2.844589309547E-03));
#7387 = CARTESIAN_POINT('',(1.331710265917,-2.678852569295E-03));
#7388 = CARTESIAN_POINT('',(1.331985179672,-2.439450826192E-03));
#7389 = CARTESIAN_POINT('',(1.332268957497,-2.20960874884E-03));
#7390 = CARTESIAN_POINT('',(1.332561017248,-1.989682698783E-03));
#7391 = CARTESIAN_POINT('',(1.332860777201,-1.780028803311E-03));
#7392 = CARTESIAN_POINT('',(1.333167654078,-1.581004063678E-03));
#7393 = CARTESIAN_POINT('',(1.333481070425,-1.392962219525E-03));
#7394 = CARTESIAN_POINT('',(1.333800427058,-1.216269182984E-03));
#7395 = CARTESIAN_POINT('',(1.334125205927,-1.051245437833E-03));
#7396 = CARTESIAN_POINT('',(1.3344545862,-8.983810087802E-04));
#7397 = CARTESIAN_POINT('',(1.334790219263,-7.568865727211E-04));
#7398 = CARTESIAN_POINT('',(1.335131241977,-6.269999146281E-04));
#7399 = CARTESIAN_POINT('',(1.33547707729,-5.08855907585E-04));
#7400 = CARTESIAN_POINT('',(1.335827075267,-4.026166301492E-04));
#7401 = CARTESIAN_POINT('',(1.336180591416,-3.084382508733E-04));
#7402 = CARTESIAN_POINT('',(1.336537032364,-2.264733728539E-04));
#7403 = CARTESIAN_POINT('',(1.336895594838,-1.568947710183E-04));
#7404 = CARTESIAN_POINT('',(1.337256264051,-9.979809842633E-05));
#7405 = CARTESIAN_POINT('',(1.337616081208,-5.55673237767E-05));
#7406 = CARTESIAN_POINT('',(1.337983075075,-2.351027508041E-05));
#7407 = CARTESIAN_POINT('',(1.33835061742,-4.287892140472E-06));
#7408 = CARTESIAN_POINT('',(1.338596094216,7.275958334284E-09));
#7409 = CARTESIAN_POINT('',(1.338718643932,0.));
#7410 = ( GEOMETRIC_REPRESENTATION_CONTEXT(2) 
PARAMETRIC_REPRESENTATION_CONTEXT() REPRESENTATION_CONTEXT('2D SPACE',''
  ) );
#7411 = PCURVE('',#271,#7412);
#7412 = DEFINITIONAL_REPRESENTATION('',(#7413),#7439);
#7413 = B_SPLINE_CURVE_WITH_KNOTS('',3,(#7414,#7415,#7416,#7417,#7418,
    #7419,#7420,#7421,#7422,#7423,#7424,#7425,#7426,#7427,#7428,#7429,
    #7430,#7431,#7432,#7433,#7434,#7435,#7436,#7437,#7438),
  .UNSPECIFIED.,.F.,.F.,(4,1,1,1,1,1,1,1,1,1,1,1,1,1,1,1,1,1,1,1,1,1,4),
  (0.,3.631247032986E-07,7.262494065971E-07,1.089374109896E-06,
    1.452498813194E-06,1.815623516493E-06,2.178748219791E-06,
    2.54187292309E-06,2.904997626388E-06,3.268122329687E-06,
    3.631247032986E-06,3.994371736284E-06,4.357496439583E-06,
    4.720621142881E-06,5.08374584618E-06,5.446870549478E-06,
    5.809995252777E-06,6.173119956076E-06,6.536244659374E-06,
    6.899369362673E-06,7.262494065971E-06,7.62561876927E-06,
    7.988743472568E-06),.QUASI_UNIFORM_KNOTS.);
#7414 = CARTESIAN_POINT('',(5.497787143782,0.121492310215));
#7415 = CARTESIAN_POINT('',(5.48585942878,0.121512892216));
#7416 = CARTESIAN_POINT('',(5.46198184206,0.121554825484));
#7417 = CARTESIAN_POINT('',(5.426117955761,0.121619889673));
#7418 = CARTESIAN_POINT('',(5.39022483699,0.121686974649));
#7419 = CARTESIAN_POINT('',(5.354323175118,0.121755936886));
#7420 = CARTESIAN_POINT('',(5.318434563789,0.121826632955));
#7421 = CARTESIAN_POINT('',(5.282581470637,0.121898919063));
#7422 = CARTESIAN_POINT('',(5.246785831206,0.121972652782));
#7423 = CARTESIAN_POINT('',(5.21107163295,0.122047686582));
#7424 = CARTESIAN_POINT('',(5.175452921698,0.122123891975));
#7425 = CARTESIAN_POINT('',(5.139976174056,0.122201069418));
#7426 = CARTESIAN_POINT('',(5.104414300685,0.122279598277));
#7427 = CARTESIAN_POINT('',(5.068806971036,0.122359274595));
#7428 = CARTESIAN_POINT('',(5.033166058523,0.122439960678));
#7429 = CARTESIAN_POINT('',(4.997512187256,0.122521501949));
#7430 = CARTESIAN_POINT('',(4.961866099211,0.122603745101));
#7431 = CARTESIAN_POINT('',(4.926243848876,0.122686548634));
#7432 = CARTESIAN_POINT('',(4.89068182099,0.122769722545));
#7433 = CARTESIAN_POINT('',(4.855138615124,0.122853259038));
#7434 = CARTESIAN_POINT('',(4.819859660741,0.122936469987));
#7435 = CARTESIAN_POINT('',(4.784014097628,0.123021206388));
#7436 = CARTESIAN_POINT('',(4.748203980137,0.123105938559));
#7437 = CARTESIAN_POINT('',(4.724315359395,0.123162442445));
#7438 = CARTESIAN_POINT('',(4.712388980385,0.123190628808));
#7439 = ( GEOMETRIC_REPRESENTATION_CONTEXT(2) 
PARAMETRIC_REPRESENTATION_CONTEXT() REPRESENTATION_CONTEXT('2D SPACE',''
  ) );
#7440 = ORIENTED_EDGE('',*,*,#2817,.T.);
#7441 = ORIENTED_EDGE('',*,*,#7442,.T.);
#7442 = EDGE_CURVE('',#2790,#7150,#7443,.T.);
#7443 = SURFACE_CURVE('',#7444,(#7455,#7484),.PCURVE_S1.);
#7444 = B_SPLINE_CURVE_WITH_KNOTS('',3,(#7445,#7446,#7447,#7448,#7449,
    #7450,#7451,#7452,#7453,#7454),.UNSPECIFIED.,.F.,.F.,(4,3,3,4),(
    1.484604966916E-19,3.527781105258E-06,7.058075805892E-06,
    7.991169092063E-06),.UNSPECIFIED.);
#7445 = CARTESIAN_POINT('',(-0.276809371192,-0.24,0.23));
#7446 = CARTESIAN_POINT('',(-0.27707983441,-0.24,0.231144401171));
#7447 = CARTESIAN_POINT('',(-0.277356161761,-0.239798306037,
    0.232304102678));
#7448 = CARTESIAN_POINT('',(-0.277615226308,-0.239410208167,
    0.23338348676));
#7449 = CARTESIAN_POINT('',(-0.277874391787,-0.239021959092,
    0.234463291373));
#7450 = CARTESIAN_POINT('',(-0.278123512921,-0.238435900193,
    0.235492957457));
#7451 = CARTESIAN_POINT('',(-0.278340051564,-0.237697838641,
    0.23638304636));
#7452 = CARTESIAN_POINT('',(-0.278398075948,-0.237500065318,
    0.236621557416));
#7453 = CARTESIAN_POINT('',(-0.278454088187,-0.237290721527,
    0.236851414097));
#7454 = CARTESIAN_POINT('',(-0.278507689785,-0.237071067812,
    0.237071067812));
#7455 = PCURVE('',#614,#7456);
#7456 = DEFINITIONAL_REPRESENTATION('',(#7457),#7483);
#7457 = B_SPLINE_CURVE_WITH_KNOTS('',3,(#7458,#7459,#7460,#7461,#7462,
    #7463,#7464,#7465,#7466,#7467,#7468,#7469,#7470,#7471,#7472,#7473,
    #7474,#7475,#7476,#7477,#7478,#7479,#7480,#7481,#7482),
  .UNSPECIFIED.,.F.,.F.,(4,1,1,1,1,1,1,1,1,1,1,1,1,1,1,1,1,1,1,1,1,1,4),
  (1.484604966916E-19,3.632349587303E-07,7.264699174605E-07,
    1.089704876191E-06,1.452939834921E-06,1.816174793651E-06,
    2.179409752381E-06,2.542644711111E-06,2.905879669841E-06,
    3.269114628572E-06,3.632349587302E-06,3.995584546032E-06,
    4.358819504762E-06,4.722054463492E-06,5.085289422222E-06,
    5.448524380952E-06,5.811759339683E-06,6.174994298413E-06,
    6.538229257143E-06,6.901464215873E-06,7.264699174603E-06,
    7.627934133333E-06,7.991169092063E-06),.QUASI_UNIFORM_KNOTS.);
#7458 = CARTESIAN_POINT('',(1.802874009658,-2.775557561563E-17));
#7459 = CARTESIAN_POINT('',(1.802995087977,6.013488165221E-17));
#7460 = CARTESIAN_POINT('',(1.803237588935,-4.276563969405E-06));
#7461 = CARTESIAN_POINT('',(1.803601729067,-2.342095415625E-05));
#7462 = CARTESIAN_POINT('',(1.803965613691,-5.519476169033E-05));
#7463 = CARTESIAN_POINT('',(1.804328598378,-9.949778691824E-05));
#7464 = CARTESIAN_POINT('',(1.804690039518,-1.562301004682E-04));
#7465 = CARTESIAN_POINT('',(1.805049290432,-2.252907646091E-04));
#7466 = CARTESIAN_POINT('',(1.805405715883,-3.065826047654E-04));
#7467 = CARTESIAN_POINT('',(1.805758637929,-3.999944020999E-04));
#7468 = CARTESIAN_POINT('',(1.806107538007,-5.054673516661E-04));
#7469 = CARTESIAN_POINT('',(1.806451302736,-6.227470372152E-04));
#7470 = CARTESIAN_POINT('',(1.80679134041,-7.524134356105E-04));
#7471 = CARTESIAN_POINT('',(1.807127438698,-8.942836473578E-04));
#7472 = CARTESIAN_POINT('',(1.807458889908,-1.048026799907E-03));
#7473 = CARTESIAN_POINT('',(1.807785120759,-1.213353036093E-03));
#7474 = CARTESIAN_POINT('',(1.808105515654,-1.389956410269E-03));
#7475 = CARTESIAN_POINT('',(1.808419493819,-1.577554315329E-03));
#7476 = CARTESIAN_POINT('',(1.808726377474,-1.775786878478E-03));
#7477 = CARTESIAN_POINT('',(1.809025842032,-1.984579951144E-03));
#7478 = CARTESIAN_POINT('',(1.809316247118,-2.202793753556E-03));
#7479 = CARTESIAN_POINT('',(1.809600862298,-2.433265306504E-03));
#7480 = CARTESIAN_POINT('',(1.809878973089,-2.675549111447E-03));
#7481 = CARTESIAN_POINT('',(1.81005834461,-2.843566977339E-03));
#7482 = CARTESIAN_POINT('',(1.810146183962,-2.928932188134E-03));
#7483 = ( GEOMETRIC_REPRESENTATION_CONTEXT(2) 
PARAMETRIC_REPRESENTATION_CONTEXT() REPRESENTATION_CONTEXT('2D SPACE',''
  ) );
#7484 = PCURVE('',#2805,#7485);
#7485 = DEFINITIONAL_REPRESENTATION('',(#7486),#7512);
#7486 = B_SPLINE_CURVE_WITH_KNOTS('',3,(#7487,#7488,#7489,#7490,#7491,
    #7492,#7493,#7494,#7495,#7496,#7497,#7498,#7499,#7500,#7501,#7502,
    #7503,#7504,#7505,#7506,#7507,#7508,#7509,#7510,#7511),
  .UNSPECIFIED.,.F.,.F.,(4,1,1,1,1,1,1,1,1,1,1,1,1,1,1,1,1,1,1,1,1,1,4),
  (1.484604966916E-19,3.632349587303E-07,7.264699174605E-07,
    1.089704876191E-06,1.452939834921E-06,1.816174793651E-06,
    2.179409752381E-06,2.542644711111E-06,2.905879669841E-06,
    3.269114628572E-06,3.632349587302E-06,3.995584546032E-06,
    4.358819504762E-06,4.722054463492E-06,5.085289422222E-06,
    5.448524380952E-06,5.811759339683E-06,6.174994298413E-06,
    6.538229257143E-06,6.901464215873E-06,7.264699174603E-06,
    7.627934133333E-06,7.991169092063E-06),.QUASI_UNIFORM_KNOTS.);
#7487 = CARTESIAN_POINT('',(4.712388980385,0.123190628808));
#7488 = CARTESIAN_POINT('',(4.700605886369,0.123162780795));
#7489 = CARTESIAN_POINT('',(4.677006733863,0.123106960429));
#7490 = CARTESIAN_POINT('',(4.641526818705,0.123023008337));
#7491 = CARTESIAN_POINT('',(4.605982885765,0.122938986161));
#7492 = CARTESIAN_POINT('',(4.570393988099,0.122855045412));
#7493 = CARTESIAN_POINT('',(4.534779740252,0.12277133741));
#7494 = CARTESIAN_POINT('',(4.499160454941,0.122688014187));
#7495 = CARTESIAN_POINT('',(4.46355512674,0.122605225118));
#7496 = CARTESIAN_POINT('',(4.427986539961,0.122523129485));
#7497 = CARTESIAN_POINT('',(4.39246003811,0.122441849613));
#7498 = CARTESIAN_POINT('',(4.357040561441,0.122361645741));
#7499 = CARTESIAN_POINT('',(4.321531865805,0.122282193525));
#7500 = CARTESIAN_POINT('',(4.285912560341,0.122203549913));
#7501 = CARTESIAN_POINT('',(4.250213358913,0.122125886497));
#7502 = CARTESIAN_POINT('',(4.214452267327,0.122049343754));
#7503 = CARTESIAN_POINT('',(4.178652346461,0.121974071983));
#7504 = CARTESIAN_POINT('',(4.142832555901,0.121900213299));
#7505 = CARTESIAN_POINT('',(4.107023642948,0.12182793274));
#7506 = CARTESIAN_POINT('',(4.071210749572,0.121757311827));
#7507 = CARTESIAN_POINT('',(4.035544119629,0.121688743238));
#7508 = CARTESIAN_POINT('',(3.999550740599,0.12162145853));
#7509 = CARTESIAN_POINT('',(3.963264146543,0.121555635562));
#7510 = CARTESIAN_POINT('',(3.939061034034,0.121513134485));
#7511 = CARTESIAN_POINT('',(3.926990816987,0.121492310215));
#7512 = ( GEOMETRIC_REPRESENTATION_CONTEXT(2) 
PARAMETRIC_REPRESENTATION_CONTEXT() REPRESENTATION_CONTEXT('2D SPACE',''
  ) );
#7513 = ORIENTED_EDGE('',*,*,#7149,.F.);
#7514 = ORIENTED_EDGE('',*,*,#7515,.T.);
#7515 = EDGE_CURVE('',#7127,#1752,#7516,.T.);
#7516 = SURFACE_CURVE('',#7517,(#7521,#7528),.PCURVE_S1.);
#7517 = LINE('',#7518,#7519);
#7518 = CARTESIAN_POINT('',(-0.279227112039,-0.24,0.24));
#7519 = VECTOR('',#7520,1.);
#7520 = DIRECTION('',(-0.,-1.,3.383061121595E-15));
#7521 = PCURVE('',#614,#7522);
#7522 = DEFINITIONAL_REPRESENTATION('',(#7523),#7527);
#7523 = LINE('',#7524,#7525);
#7524 = CARTESIAN_POINT('',(1.813162177834,8.326672684689E-16));
#7525 = VECTOR('',#7526,1.);
#7526 = DIRECTION('',(0.,1.));
#7527 = ( GEOMETRIC_REPRESENTATION_CONTEXT(2) 
PARAMETRIC_REPRESENTATION_CONTEXT() REPRESENTATION_CONTEXT('2D SPACE',''
  ) );
#7528 = PCURVE('',#1838,#7529);
#7529 = DEFINITIONAL_REPRESENTATION('',(#7530),#7534);
#7530 = LINE('',#7531,#7532);
#7531 = CARTESIAN_POINT('',(0.24,0.970772887961));
#7532 = VECTOR('',#7533,1.);
#7533 = DIRECTION('',(1.,-0.));
#7534 = ( GEOMETRIC_REPRESENTATION_CONTEXT(2) 
PARAMETRIC_REPRESENTATION_CONTEXT() REPRESENTATION_CONTEXT('2D SPACE',''
  ) );
#7535 = ORIENTED_EDGE('',*,*,#1751,.F.);
#7536 = ORIENTED_EDGE('',*,*,#1520,.F.);
#7537 = ORIENTED_EDGE('',*,*,#569,.F.);
#7538 = ADVANCED_FACE('',(#7539),#124,.T.);
#7539 = FACE_BOUND('',#7540,.T.);
#7540 = EDGE_LOOP('',(#7541,#7562,#7563,#7635,#7636,#7708,#7709,#7710,
    #7711,#7712));
#7541 = ORIENTED_EDGE('',*,*,#7542,.F.);
#7542 = EDGE_CURVE('',#7319,#2006,#7543,.T.);
#7543 = SURFACE_CURVE('',#7544,(#7548,#7555),.PCURVE_S1.);
#7544 = LINE('',#7545,#7546);
#7545 = CARTESIAN_POINT('',(-0.279227112039,0.24,0.24));
#7546 = VECTOR('',#7547,1.);
#7547 = DIRECTION('',(-0.,1.,-1.036602379928E-14));
#7548 = PCURVE('',#124,#7549);
#7549 = DEFINITIONAL_REPRESENTATION('',(#7550),#7554);
#7550 = LINE('',#7551,#7552);
#7551 = CARTESIAN_POINT('',(1.328430475756,-2.525757381022E-15));
#7552 = VECTOR('',#7553,1.);
#7553 = DIRECTION('',(0.,1.));
#7554 = ( GEOMETRIC_REPRESENTATION_CONTEXT(2) 
PARAMETRIC_REPRESENTATION_CONTEXT() REPRESENTATION_CONTEXT('2D SPACE',''
  ) );
#7555 = PCURVE('',#2021,#7556);
#7556 = DEFINITIONAL_REPRESENTATION('',(#7557),#7561);
#7557 = LINE('',#7558,#7559);
#7558 = CARTESIAN_POINT('',(-0.24,0.970772887961));
#7559 = VECTOR('',#7560,1.);
#7560 = DIRECTION('',(-1.,0.));
#7561 = ( GEOMETRIC_REPRESENTATION_CONTEXT(2) 
PARAMETRIC_REPRESENTATION_CONTEXT() REPRESENTATION_CONTEXT('2D SPACE',''
  ) );
#7562 = ORIENTED_EDGE('',*,*,#7318,.T.);
#7563 = ORIENTED_EDGE('',*,*,#7564,.T.);
#7564 = EDGE_CURVE('',#7245,#108,#7565,.T.);
#7565 = SURFACE_CURVE('',#7566,(#7577,#7606),.PCURVE_S1.);
#7566 = B_SPLINE_CURVE_WITH_KNOTS('',3,(#7567,#7568,#7569,#7570,#7571,
    #7572,#7573,#7574,#7575,#7576),.UNSPECIFIED.,.F.,.F.,(4,3,3,4),(0.,
    3.478040274405E-06,6.952384663513E-06,7.988743472567E-06),
  .UNSPECIFIED.);
#7567 = CARTESIAN_POINT('',(-0.278507689785,0.237071067812,
    0.237071067812));
#7568 = CARTESIAN_POINT('',(-0.278310553568,0.237878911305,
    0.236263224319));
#7569 = CARTESIAN_POINT('',(-0.278078131276,0.238551483714,
    0.235306161927));
#7570 = CARTESIAN_POINT('',(-0.277831439086,0.239036603654,
    0.234282498645));
#7571 = CARTESIAN_POINT('',(-0.277584909514,0.239521403804,
    0.233259510158));
#7572 = CARTESIAN_POINT('',(-0.277317416227,0.239832756701,
    0.232142026143));
#7573 = CARTESIAN_POINT('',(-0.277051083041,0.239947807468,
    0.231020356221));
#7574 = CARTESIAN_POINT('',(-0.276970633766,0.239982559994,
    0.230681541771));
#7575 = CARTESIAN_POINT('',(-0.276889862995,0.24,0.230340582038));
#7576 = CARTESIAN_POINT('',(-0.276809371192,0.24,0.23));
#7577 = PCURVE('',#124,#7578);
#7578 = DEFINITIONAL_REPRESENTATION('',(#7579),#7605);
#7579 = B_SPLINE_CURVE_WITH_KNOTS('',3,(#7580,#7581,#7582,#7583,#7584,
    #7585,#7586,#7587,#7588,#7589,#7590,#7591,#7592,#7593,#7594,#7595,
    #7596,#7597,#7598,#7599,#7600,#7601,#7602,#7603,#7604),
  .UNSPECIFIED.,.F.,.F.,(4,1,1,1,1,1,1,1,1,1,1,1,1,1,1,1,1,1,1,1,1,1,4),
  (0.,3.631247032985E-07,7.26249406597E-07,1.089374109895E-06,
    1.452498813194E-06,1.815623516492E-06,2.178748219791E-06,
    2.541872923089E-06,2.904997626388E-06,3.268122329686E-06,
    3.631247032985E-06,3.994371736283E-06,4.357496439582E-06,
    4.72062114288E-06,5.083745846179E-06,5.446870549477E-06,
    5.809995252776E-06,6.173119956074E-06,6.536244659373E-06,
    6.899369362671E-06,7.26249406597E-06,7.625618769268E-06,
    7.988743472567E-06),.QUASI_UNIFORM_KNOTS.);
#7580 = CARTESIAN_POINT('',(1.331446469628,-2.928932188136E-03));
#7581 = CARTESIAN_POINT('',(1.331533287483,-2.844589309547E-03));
#7582 = CARTESIAN_POINT('',(1.331710265917,-2.678852569296E-03));
#7583 = CARTESIAN_POINT('',(1.331985179672,-2.439450826193E-03));
#7584 = CARTESIAN_POINT('',(1.332268957497,-2.20960874884E-03));
#7585 = CARTESIAN_POINT('',(1.332561017248,-1.989682698784E-03));
#7586 = CARTESIAN_POINT('',(1.332860777201,-1.780028803312E-03));
#7587 = CARTESIAN_POINT('',(1.333167654078,-1.581004063679E-03));
#7588 = CARTESIAN_POINT('',(1.333481070425,-1.392962219526E-03));
#7589 = CARTESIAN_POINT('',(1.333800427058,-1.216269182985E-03));
#7590 = CARTESIAN_POINT('',(1.334125205927,-1.051245437834E-03));
#7591 = CARTESIAN_POINT('',(1.3344545862,-8.983810087813E-04));
#7592 = CARTESIAN_POINT('',(1.334790219263,-7.568865727225E-04));
#7593 = CARTESIAN_POINT('',(1.335131241977,-6.269999146295E-04));
#7594 = CARTESIAN_POINT('',(1.33547707729,-5.088559075865E-04));
#7595 = CARTESIAN_POINT('',(1.335827075267,-4.026166301507E-04));
#7596 = CARTESIAN_POINT('',(1.336180591416,-3.08438250875E-04));
#7597 = CARTESIAN_POINT('',(1.336537032364,-2.264733728556E-04));
#7598 = CARTESIAN_POINT('',(1.336895594838,-1.5689477102E-04));
#7599 = CARTESIAN_POINT('',(1.337256264051,-9.979809842813E-05));
#7600 = CARTESIAN_POINT('',(1.337616081208,-5.556732377836E-05));
#7601 = CARTESIAN_POINT('',(1.337983075075,-2.351027508214E-05));
#7602 = CARTESIAN_POINT('',(1.33835061742,-4.287892141891E-06));
#7603 = CARTESIAN_POINT('',(1.338596094216,7.275957691271E-09));
#7604 = CARTESIAN_POINT('',(1.338718643932,-2.775557561563E-17));
#7605 = ( GEOMETRIC_REPRESENTATION_CONTEXT(2) 
PARAMETRIC_REPRESENTATION_CONTEXT() REPRESENTATION_CONTEXT('2D SPACE',''
  ) );
#7606 = PCURVE('',#150,#7607);
#7607 = DEFINITIONAL_REPRESENTATION('',(#7608),#7634);
#7608 = B_SPLINE_CURVE_WITH_KNOTS('',3,(#7609,#7610,#7611,#7612,#7613,
    #7614,#7615,#7616,#7617,#7618,#7619,#7620,#7621,#7622,#7623,#7624,
    #7625,#7626,#7627,#7628,#7629,#7630,#7631,#7632,#7633),
  .UNSPECIFIED.,.F.,.F.,(4,1,1,1,1,1,1,1,1,1,1,1,1,1,1,1,1,1,1,1,1,1,4),
  (0.,3.631247032985E-07,7.26249406597E-07,1.089374109895E-06,
    1.452498813194E-06,1.815623516492E-06,2.178748219791E-06,
    2.541872923089E-06,2.904997626388E-06,3.268122329686E-06,
    3.631247032985E-06,3.994371736283E-06,4.357496439582E-06,
    4.72062114288E-06,5.083745846179E-06,5.446870549477E-06,
    5.809995252776E-06,6.173119956074E-06,6.536244659373E-06,
    6.899369362671E-06,7.26249406597E-06,7.625618769268E-06,
    7.988743472567E-06),.QUASI_UNIFORM_KNOTS.);
#7609 = CARTESIAN_POINT('',(2.356194490192,0.121492310215));
#7610 = CARTESIAN_POINT('',(2.34426677519,0.121512892216));
#7611 = CARTESIAN_POINT('',(2.32038918847,0.121554825484));
#7612 = CARTESIAN_POINT('',(2.284525302171,0.121619889673));
#7613 = CARTESIAN_POINT('',(2.2486321834,0.121686974649));
#7614 = CARTESIAN_POINT('',(2.212730521528,0.121755936886));
#7615 = CARTESIAN_POINT('',(2.176841910199,0.121826632955));
#7616 = CARTESIAN_POINT('',(2.140988817047,0.121898919063));
#7617 = CARTESIAN_POINT('',(2.105193177617,0.121972652782));
#7618 = CARTESIAN_POINT('',(2.06947897936,0.122047686582));
#7619 = CARTESIAN_POINT('',(2.033860268108,0.122123891975));
#7620 = CARTESIAN_POINT('',(1.998383520466,0.122201069418));
#7621 = CARTESIAN_POINT('',(1.962821647095,0.122279598277));
#7622 = CARTESIAN_POINT('',(1.927214317446,0.122359274595));
#7623 = CARTESIAN_POINT('',(1.891573404933,0.122439960678));
#7624 = CARTESIAN_POINT('',(1.855919533666,0.122521501949));
#7625 = CARTESIAN_POINT('',(1.820273445621,0.122603745101));
#7626 = CARTESIAN_POINT('',(1.784651195286,0.122686548634));
#7627 = CARTESIAN_POINT('',(1.7490891674,0.122769722545));
#7628 = CARTESIAN_POINT('',(1.713545961534,0.122853259038));
#7629 = CARTESIAN_POINT('',(1.678267007152,0.122936469987));
#7630 = CARTESIAN_POINT('',(1.642421444038,0.123021206388));
#7631 = CARTESIAN_POINT('',(1.606611326547,0.123105938559));
#7632 = CARTESIAN_POINT('',(1.582722705805,0.123162442445));
#7633 = CARTESIAN_POINT('',(1.570796326795,0.123190628808));
#7634 = ( GEOMETRIC_REPRESENTATION_CONTEXT(2) 
PARAMETRIC_REPRESENTATION_CONTEXT() REPRESENTATION_CONTEXT('2D SPACE',''
  ) );
#7635 = ORIENTED_EDGE('',*,*,#107,.T.);
#7636 = ORIENTED_EDGE('',*,*,#7637,.T.);
#7637 = EDGE_CURVE('',#80,#2428,#7638,.T.);
#7638 = SURFACE_CURVE('',#7639,(#7650,#7679),.PCURVE_S1.);
#7639 = B_SPLINE_CURVE_WITH_KNOTS('',3,(#7640,#7641,#7642,#7643,#7644,
    #7645,#7646,#7647,#7648,#7649),.UNSPECIFIED.,.F.,.F.,(4,3,3,4),(
    3.98361315091E-19,3.527781105258E-06,7.058075805892E-06,
    7.991169092065E-06),.UNSPECIFIED.);
#7640 = CARTESIAN_POINT('',(-0.276809371192,0.24,-0.23));
#7641 = CARTESIAN_POINT('',(-0.27707983441,0.24,-0.231144401171));
#7642 = CARTESIAN_POINT('',(-0.277356161761,0.239798306037,
    -0.232304102678));
#7643 = CARTESIAN_POINT('',(-0.277615226308,0.239410208167,
    -0.23338348676));
#7644 = CARTESIAN_POINT('',(-0.277874391787,0.239021959092,
    -0.234463291373));
#7645 = CARTESIAN_POINT('',(-0.278123512921,0.238435900193,
    -0.235492957457));
#7646 = CARTESIAN_POINT('',(-0.278340051564,0.237697838641,
    -0.23638304636));
#7647 = CARTESIAN_POINT('',(-0.278398075948,0.237500065318,
    -0.236621557416));
#7648 = CARTESIAN_POINT('',(-0.278454088187,0.237290721527,
    -0.236851414097));
#7649 = CARTESIAN_POINT('',(-0.278507689785,0.237071067812,
    -0.237071067812));
#7650 = PCURVE('',#124,#7651);
#7651 = DEFINITIONAL_REPRESENTATION('',(#7652),#7678);
#7652 = B_SPLINE_CURVE_WITH_KNOTS('',3,(#7653,#7654,#7655,#7656,#7657,
    #7658,#7659,#7660,#7661,#7662,#7663,#7664,#7665,#7666,#7667,#7668,
    #7669,#7670,#7671,#7672,#7673,#7674,#7675,#7676,#7677),
  .UNSPECIFIED.,.F.,.F.,(4,1,1,1,1,1,1,1,1,1,1,1,1,1,1,1,1,1,1,1,1,1,4),
  (3.98361315091E-19,3.632349587306E-07,7.264699174608E-07,
    1.089704876191E-06,1.452939834921E-06,1.816174793651E-06,
    2.179409752382E-06,2.542644711112E-06,2.905879669842E-06,
    3.269114628572E-06,3.632349587303E-06,3.995584546033E-06,
    4.358819504763E-06,4.722054463493E-06,5.085289422223E-06,
    5.448524380954E-06,5.811759339684E-06,6.174994298414E-06,
    6.538229257144E-06,6.901464215874E-06,7.264699174605E-06,
    7.627934133335E-06,7.991169092065E-06),.QUASI_UNIFORM_KNOTS.);
#7653 = CARTESIAN_POINT('',(1.802874009658,0.));
#7654 = CARTESIAN_POINT('',(1.802995087977,2.374666617562E-16));
#7655 = CARTESIAN_POINT('',(1.803237588935,-4.276563968949E-06));
#7656 = CARTESIAN_POINT('',(1.803601729067,-2.342095415545E-05));
#7657 = CARTESIAN_POINT('',(1.803965613691,-5.519476168933E-05));
#7658 = CARTESIAN_POINT('',(1.804328598378,-9.949778691706E-05));
#7659 = CARTESIAN_POINT('',(1.804690039518,-1.562301004667E-04));
#7660 = CARTESIAN_POINT('',(1.805049290432,-2.252907646079E-04));
#7661 = CARTESIAN_POINT('',(1.805405715883,-3.065826047641E-04));
#7662 = CARTESIAN_POINT('',(1.805758637929,-3.999944020985E-04));
#7663 = CARTESIAN_POINT('',(1.806107538007,-5.054673516648E-04));
#7664 = CARTESIAN_POINT('',(1.806451302736,-6.227470372139E-04));
#7665 = CARTESIAN_POINT('',(1.80679134041,-7.524134356093E-04));
#7666 = CARTESIAN_POINT('',(1.807127438698,-8.942836473567E-04));
#7667 = CARTESIAN_POINT('',(1.807458889908,-1.048026799906E-03));
#7668 = CARTESIAN_POINT('',(1.807785120759,-1.213353036092E-03));
#7669 = CARTESIAN_POINT('',(1.808105515654,-1.389956410268E-03));
#7670 = CARTESIAN_POINT('',(1.808419493819,-1.577554315328E-03));
#7671 = CARTESIAN_POINT('',(1.808726377474,-1.775786878478E-03));
#7672 = CARTESIAN_POINT('',(1.809025842032,-1.984579951143E-03));
#7673 = CARTESIAN_POINT('',(1.809316247118,-2.202793753556E-03));
#7674 = CARTESIAN_POINT('',(1.809600862298,-2.433265306503E-03));
#7675 = CARTESIAN_POINT('',(1.809878973089,-2.675549111447E-03));
#7676 = CARTESIAN_POINT('',(1.81005834461,-2.843566977338E-03));
#7677 = CARTESIAN_POINT('',(1.810146183962,-2.928932188133E-03));
#7678 = ( GEOMETRIC_REPRESENTATION_CONTEXT(2) 
PARAMETRIC_REPRESENTATION_CONTEXT() REPRESENTATION_CONTEXT('2D SPACE',''
  ) );
#7679 = PCURVE('',#95,#7680);
#7680 = DEFINITIONAL_REPRESENTATION('',(#7681),#7707);
#7681 = B_SPLINE_CURVE_WITH_KNOTS('',3,(#7682,#7683,#7684,#7685,#7686,
    #7687,#7688,#7689,#7690,#7691,#7692,#7693,#7694,#7695,#7696,#7697,
    #7698,#7699,#7700,#7701,#7702,#7703,#7704,#7705,#7706),
  .UNSPECIFIED.,.F.,.F.,(4,1,1,1,1,1,1,1,1,1,1,1,1,1,1,1,1,1,1,1,1,1,4),
  (3.98361315091E-19,3.632349587306E-07,7.264699174608E-07,
    1.089704876191E-06,1.452939834921E-06,1.816174793651E-06,
    2.179409752382E-06,2.542644711112E-06,2.905879669842E-06,
    3.269114628572E-06,3.632349587303E-06,3.995584546033E-06,
    4.358819504763E-06,4.722054463493E-06,5.085289422223E-06,
    5.448524380954E-06,5.811759339684E-06,6.174994298414E-06,
    6.538229257144E-06,6.901464215874E-06,7.264699174605E-06,
    7.627934133335E-06,7.991169092065E-06),.QUASI_UNIFORM_KNOTS.);
#7682 = CARTESIAN_POINT('',(1.570796326795,0.123190628808));
#7683 = CARTESIAN_POINT('',(1.55901323278,0.123162780795));
#7684 = CARTESIAN_POINT('',(1.535414080273,0.123106960429));
#7685 = CARTESIAN_POINT('',(1.499934165115,0.123023008337));
#7686 = CARTESIAN_POINT('',(1.464390232175,0.122938986161));
#7687 = CARTESIAN_POINT('',(1.42880133451,0.122855045412));
#7688 = CARTESIAN_POINT('',(1.393187086662,0.12277133741));
#7689 = CARTESIAN_POINT('',(1.357567801351,0.122688014187));
#7690 = CARTESIAN_POINT('',(1.321962473151,0.122605225118));
#7691 = CARTESIAN_POINT('',(1.286393886371,0.122523129485));
#7692 = CARTESIAN_POINT('',(1.25086738452,0.122441849613));
#7693 = CARTESIAN_POINT('',(1.215447907851,0.122361645741));
#7694 = CARTESIAN_POINT('',(1.179939212215,0.122282193525));
#7695 = CARTESIAN_POINT('',(1.144319906751,0.122203549913));
#7696 = CARTESIAN_POINT('',(1.108620705323,0.122125886497));
#7697 = CARTESIAN_POINT('',(1.072859613737,0.122049343754));
#7698 = CARTESIAN_POINT('',(1.037059692871,0.121974071983));
#7699 = CARTESIAN_POINT('',(1.001239902311,0.121900213299));
#7700 = CARTESIAN_POINT('',(0.965430989358,0.12182793274));
#7701 = CARTESIAN_POINT('',(0.929618095982,0.121757311827));
#7702 = CARTESIAN_POINT('',(0.893951466039,0.121688743238));
#7703 = CARTESIAN_POINT('',(0.857958087009,0.12162145853));
#7704 = CARTESIAN_POINT('',(0.821671492953,0.121555635562));
#7705 = CARTESIAN_POINT('',(0.797468380444,0.121513134485));
#7706 = CARTESIAN_POINT('',(0.785398163397,0.121492310215));
#7707 = ( GEOMETRIC_REPRESENTATION_CONTEXT(2) 
PARAMETRIC_REPRESENTATION_CONTEXT() REPRESENTATION_CONTEXT('2D SPACE',''
  ) );
#7708 = ORIENTED_EDGE('',*,*,#2427,.F.);
#7709 = ORIENTED_EDGE('',*,*,#1266,.F.);
#7710 = ORIENTED_EDGE('',*,*,#1040,.F.);
#7711 = ORIENTED_EDGE('',*,*,#1314,.F.);
#7712 = ORIENTED_EDGE('',*,*,#2033,.F.);
#7713 = ADVANCED_FACE('',(#7714),#2368,.T.);
#7714 = FACE_BOUND('',#7715,.T.);
#7715 = EDGE_LOOP('',(#7716,#7736,#7758));
#7716 = ORIENTED_EDGE('',*,*,#7717,.T.);
#7717 = EDGE_CURVE('',#2253,#7319,#7718,.T.);
#7718 = SURFACE_CURVE('',#7719,(#7724,#7730),.PCURVE_S1.);
#7719 = ( BOUNDED_CURVE() B_SPLINE_CURVE(3,(#7720,#7721,#7722,#7723),
.UNSPECIFIED.,.F.,.F.) B_SPLINE_CURVE_WITH_KNOTS((4,4),(1.324161366786,
1.328430475756),.PIECEWISE_BEZIER_KNOTS.) CURVE() 
GEOMETRIC_REPRESENTATION_ITEM() RATIONAL_B_SPLINE_CURVE((1.,
0.999998481226,0.999998481226,1.)) REPRESENTATION_ITEM('') );
#7720 = CARTESIAN_POINT('',(-0.280260541376,0.244142135624,
    0.244142135624));
#7721 = CARTESIAN_POINT('',(-0.279913117985,0.242762160102,
    0.242762160102));
#7722 = CARTESIAN_POINT('',(-0.279568641016,0.24138144613,0.24138144613)
  );
#7723 = CARTESIAN_POINT('',(-0.279227112039,0.24,0.24));
#7724 = PCURVE('',#2368,#7725);
#7725 = DEFINITIONAL_REPRESENTATION('',(#7726),#7729);
#7726 = B_SPLINE_CURVE_WITH_KNOTS('',1,(#7727,#7728),.UNSPECIFIED.,.F.,
  .F.,(2,2),(1.324161366786,1.328430475756),.PIECEWISE_BEZIER_KNOTS.);
#7727 = CARTESIAN_POINT('',(1.817431286804,4.142135623725E-03));
#7728 = CARTESIAN_POINT('',(1.813162177834,0.));
#7729 = ( GEOMETRIC_REPRESENTATION_CONTEXT(2) 
PARAMETRIC_REPRESENTATION_CONTEXT() REPRESENTATION_CONTEXT('2D SPACE',''
  ) );
#7730 = PCURVE('',#2294,#7731);
#7731 = DEFINITIONAL_REPRESENTATION('',(#7732),#7735);
#7732 = B_SPLINE_CURVE_WITH_KNOTS('',1,(#7733,#7734),.UNSPECIFIED.,.F.,
  .F.,(2,2),(1.324161366786,1.328430475756),.PIECEWISE_BEZIER_KNOTS.);
#7733 = CARTESIAN_POINT('',(1.324161366786,4.142135623735E-03));
#7734 = CARTESIAN_POINT('',(1.328430475756,-2.775557561563E-17));
#7735 = ( GEOMETRIC_REPRESENTATION_CONTEXT(2) 
PARAMETRIC_REPRESENTATION_CONTEXT() REPRESENTATION_CONTEXT('2D SPACE',''
  ) );
#7736 = ORIENTED_EDGE('',*,*,#7737,.T.);
#7737 = EDGE_CURVE('',#7319,#2004,#7738,.T.);
#7738 = SURFACE_CURVE('',#7739,(#7744,#7751),.PCURVE_S1.);
#7739 = CIRCLE('',#7740,1.);
#7740 = AXIS2_PLACEMENT_3D('',#7741,#7742,#7743);
#7741 = CARTESIAN_POINT('',(-1.25,-2.602085213965E-17,0.24));
#7742 = DIRECTION('',(0.,-1.084202172486E-16,1.));
#7743 = DIRECTION('',(0.,-1.,-1.084202172486E-16));
#7744 = PCURVE('',#2368,#7745);
#7745 = DEFINITIONAL_REPRESENTATION('',(#7746),#7750);
#7746 = LINE('',#7747,#7748);
#7747 = CARTESIAN_POINT('',(0.,0.));
#7748 = VECTOR('',#7749,1.);
#7749 = DIRECTION('',(1.,0.));
#7750 = ( GEOMETRIC_REPRESENTATION_CONTEXT(2) 
PARAMETRIC_REPRESENTATION_CONTEXT() REPRESENTATION_CONTEXT('2D SPACE',''
  ) );
#7751 = PCURVE('',#2021,#7752);
#7752 = DEFINITIONAL_REPRESENTATION('',(#7753),#7757);
#7753 = CIRCLE('',#7754,1.);
#7754 = AXIS2_PLACEMENT_2D('',#7755,#7756);
#7755 = CARTESIAN_POINT('',(0.,0.));
#7756 = DIRECTION('',(1.,0.));
#7757 = ( GEOMETRIC_REPRESENTATION_CONTEXT(2) 
PARAMETRIC_REPRESENTATION_CONTEXT() REPRESENTATION_CONTEXT('2D SPACE',''
  ) );
#7758 = ORIENTED_EDGE('',*,*,#2328,.F.);
#7759 = ADVANCED_FACE('',(#7760),#2021,.T.);
#7760 = FACE_BOUND('',#7761,.T.);
#7761 = EDGE_LOOP('',(#7762,#7763,#7764));
#7762 = ORIENTED_EDGE('',*,*,#7737,.F.);
#7763 = ORIENTED_EDGE('',*,*,#7542,.T.);
#7764 = ORIENTED_EDGE('',*,*,#2003,.F.);
#7765 = ADVANCED_FACE('',(#7766),#1966,.T.);
#7766 = FACE_BOUND('',#7767,.T.);
#7767 = EDGE_LOOP('',(#7768,#7788,#7810));
#7768 = ORIENTED_EDGE('',*,*,#7769,.T.);
#7769 = EDGE_CURVE('',#1851,#7127,#7770,.T.);
#7770 = SURFACE_CURVE('',#7771,(#7776,#7782),.PCURVE_S1.);
#7771 = ( BOUNDED_CURVE() B_SPLINE_CURVE(3,(#7772,#7773,#7774,#7775),
.UNSPECIFIED.,.F.,.F.) B_SPLINE_CURVE_WITH_KNOTS((4,4),(1.324161366786,
1.328430475756),.PIECEWISE_BEZIER_KNOTS.) CURVE() 
GEOMETRIC_REPRESENTATION_ITEM() RATIONAL_B_SPLINE_CURVE((1.,
0.999998481226,0.999998481226,1.)) REPRESENTATION_ITEM('') );
#7772 = CARTESIAN_POINT('',(-0.280260541376,-0.244142135624,
    0.244142135624));
#7773 = CARTESIAN_POINT('',(-0.279913117985,-0.242762160102,
    0.242762160102));
#7774 = CARTESIAN_POINT('',(-0.279568641016,-0.24138144613,0.24138144613
    ));
#7775 = CARTESIAN_POINT('',(-0.279227112039,-0.24,0.24));
#7776 = PCURVE('',#1966,#7777);
#7777 = DEFINITIONAL_REPRESENTATION('',(#7778),#7781);
#7778 = B_SPLINE_CURVE_WITH_KNOTS('',1,(#7779,#7780),.UNSPECIFIED.,.F.,
  .F.,(2,2),(1.324161366786,1.328430475756),.PIECEWISE_BEZIER_KNOTS.);
#7779 = CARTESIAN_POINT('',(1.817431286804,4.142135623715E-03));
#7780 = CARTESIAN_POINT('',(1.813162177834,-2.775557561563E-17));
#7781 = ( GEOMETRIC_REPRESENTATION_CONTEXT(2) 
PARAMETRIC_REPRESENTATION_CONTEXT() REPRESENTATION_CONTEXT('2D SPACE',''
  ) );
#7782 = PCURVE('',#1892,#7783);
#7783 = DEFINITIONAL_REPRESENTATION('',(#7784),#7787);
#7784 = B_SPLINE_CURVE_WITH_KNOTS('',1,(#7785,#7786),.UNSPECIFIED.,.F.,
  .F.,(2,2),(1.324161366786,1.328430475756),.PIECEWISE_BEZIER_KNOTS.);
#7785 = CARTESIAN_POINT('',(1.324161366786,4.142135623748E-03));
#7786 = CARTESIAN_POINT('',(1.328430475756,0.));
#7787 = ( GEOMETRIC_REPRESENTATION_CONTEXT(2) 
PARAMETRIC_REPRESENTATION_CONTEXT() REPRESENTATION_CONTEXT('2D SPACE',''
  ) );
#7788 = ORIENTED_EDGE('',*,*,#7789,.T.);
#7789 = EDGE_CURVE('',#7127,#1602,#7790,.T.);
#7790 = SURFACE_CURVE('',#7791,(#7796,#7803),.PCURVE_S1.);
#7791 = CIRCLE('',#7792,1.);
#7792 = AXIS2_PLACEMENT_3D('',#7793,#7794,#7795);
#7793 = CARTESIAN_POINT('',(-1.25,-0.24,8.119346691827E-16));
#7794 = DIRECTION('',(0.,-1.,3.383061121595E-15));
#7795 = DIRECTION('',(0.,-3.383061121595E-15,-1.));
#7796 = PCURVE('',#1966,#7797);
#7797 = DEFINITIONAL_REPRESENTATION('',(#7798),#7802);
#7798 = LINE('',#7799,#7800);
#7799 = CARTESIAN_POINT('',(0.,0.));
#7800 = VECTOR('',#7801,1.);
#7801 = DIRECTION('',(1.,0.));
#7802 = ( GEOMETRIC_REPRESENTATION_CONTEXT(2) 
PARAMETRIC_REPRESENTATION_CONTEXT() REPRESENTATION_CONTEXT('2D SPACE',''
  ) );
#7803 = PCURVE('',#1619,#7804);
#7804 = DEFINITIONAL_REPRESENTATION('',(#7805),#7809);
#7805 = CIRCLE('',#7806,1.);
#7806 = AXIS2_PLACEMENT_2D('',#7807,#7808);
#7807 = CARTESIAN_POINT('',(0.,0.));
#7808 = DIRECTION('',(1.,0.));
#7809 = ( GEOMETRIC_REPRESENTATION_CONTEXT(2) 
PARAMETRIC_REPRESENTATION_CONTEXT() REPRESENTATION_CONTEXT('2D SPACE',''
  ) );
#7810 = ORIENTED_EDGE('',*,*,#1926,.F.);
#7811 = ADVANCED_FACE('',(#7812),#1619,.T.);
#7812 = FACE_BOUND('',#7813,.T.);
#7813 = EDGE_LOOP('',(#7814,#7815,#7816));
#7814 = ORIENTED_EDGE('',*,*,#7789,.F.);
#7815 = ORIENTED_EDGE('',*,*,#7126,.T.);
#7816 = ORIENTED_EDGE('',*,*,#1601,.F.);
#7817 = ADVANCED_FACE('',(#7818),#1838,.T.);
#7818 = FACE_BOUND('',#7819,.T.);
#7819 = EDGE_LOOP('',(#7820,#7821,#7843));
#7820 = ORIENTED_EDGE('',*,*,#7515,.F.);
#7821 = ORIENTED_EDGE('',*,*,#7822,.F.);
#7822 = EDGE_CURVE('',#1823,#7127,#7823,.T.);
#7823 = SURFACE_CURVE('',#7824,(#7829,#7836),.PCURVE_S1.);
#7824 = CIRCLE('',#7825,1.);
#7825 = AXIS2_PLACEMENT_3D('',#7826,#7827,#7828);
#7826 = CARTESIAN_POINT('',(-1.25,-2.602085213965E-17,0.24));
#7827 = DIRECTION('',(0.,-1.084202172486E-16,1.));
#7828 = DIRECTION('',(0.,-1.,-1.084202172486E-16));
#7829 = PCURVE('',#1838,#7830);
#7830 = DEFINITIONAL_REPRESENTATION('',(#7831),#7835);
#7831 = CIRCLE('',#7832,1.);
#7832 = AXIS2_PLACEMENT_2D('',#7833,#7834);
#7833 = CARTESIAN_POINT('',(0.,0.));
#7834 = DIRECTION('',(1.,0.));
#7835 = ( GEOMETRIC_REPRESENTATION_CONTEXT(2) 
PARAMETRIC_REPRESENTATION_CONTEXT() REPRESENTATION_CONTEXT('2D SPACE',''
  ) );
#7836 = PCURVE('',#1892,#7837);
#7837 = DEFINITIONAL_REPRESENTATION('',(#7838),#7842);
#7838 = LINE('',#7839,#7840);
#7839 = CARTESIAN_POINT('',(0.,0.));
#7840 = VECTOR('',#7841,1.);
#7841 = DIRECTION('',(1.,0.));
#7842 = ( GEOMETRIC_REPRESENTATION_CONTEXT(2) 
PARAMETRIC_REPRESENTATION_CONTEXT() REPRESENTATION_CONTEXT('2D SPACE',''
  ) );
#7843 = ORIENTED_EDGE('',*,*,#1822,.F.);
#7844 = ADVANCED_FACE('',(#7845),#1892,.T.);
#7845 = FACE_BOUND('',#7846,.T.);
#7846 = EDGE_LOOP('',(#7847,#7848,#7849));
#7847 = ORIENTED_EDGE('',*,*,#7822,.T.);
#7848 = ORIENTED_EDGE('',*,*,#7769,.F.);
#7849 = ORIENTED_EDGE('',*,*,#1850,.F.);
#7850 = ADVANCED_FACE('',(#7851),#2240,.T.);
#7851 = FACE_BOUND('',#7852,.T.);
#7852 = EDGE_LOOP('',(#7853,#7854,#7876));
#7853 = ORIENTED_EDGE('',*,*,#7340,.F.);
#7854 = ORIENTED_EDGE('',*,*,#7855,.F.);
#7855 = EDGE_CURVE('',#2225,#7319,#7856,.T.);
#7856 = SURFACE_CURVE('',#7857,(#7862,#7869),.PCURVE_S1.);
#7857 = CIRCLE('',#7858,1.);
#7858 = AXIS2_PLACEMENT_3D('',#7859,#7860,#7861);
#7859 = CARTESIAN_POINT('',(-1.25,0.24,-2.487845711827E-15));
#7860 = DIRECTION('',(-0.,1.,-1.036602379928E-14));
#7861 = DIRECTION('',(0.,1.036602379928E-14,1.));
#7862 = PCURVE('',#2240,#7863);
#7863 = DEFINITIONAL_REPRESENTATION('',(#7864),#7868);
#7864 = CIRCLE('',#7865,1.);
#7865 = AXIS2_PLACEMENT_2D('',#7866,#7867);
#7866 = CARTESIAN_POINT('',(0.,0.));
#7867 = DIRECTION('',(1.,0.));
#7868 = ( GEOMETRIC_REPRESENTATION_CONTEXT(2) 
PARAMETRIC_REPRESENTATION_CONTEXT() REPRESENTATION_CONTEXT('2D SPACE',''
  ) );
#7869 = PCURVE('',#2294,#7870);
#7870 = DEFINITIONAL_REPRESENTATION('',(#7871),#7875);
#7871 = LINE('',#7872,#7873);
#7872 = CARTESIAN_POINT('',(0.,0.));
#7873 = VECTOR('',#7874,1.);
#7874 = DIRECTION('',(1.,0.));
#7875 = ( GEOMETRIC_REPRESENTATION_CONTEXT(2) 
PARAMETRIC_REPRESENTATION_CONTEXT() REPRESENTATION_CONTEXT('2D SPACE',''
  ) );
#7876 = ORIENTED_EDGE('',*,*,#2224,.F.);
#7877 = ADVANCED_FACE('',(#7878),#2294,.T.);
#7878 = FACE_BOUND('',#7879,.T.);
#7879 = EDGE_LOOP('',(#7880,#7881,#7882));
#7880 = ORIENTED_EDGE('',*,*,#7855,.T.);
#7881 = ORIENTED_EDGE('',*,*,#7717,.F.);
#7882 = ORIENTED_EDGE('',*,*,#2252,.F.);
#7883 = ADVANCED_FACE('',(#7884),#95,.T.);
#7884 = FACE_BOUND('',#7885,.T.);
#7885 = EDGE_LOOP('',(#7886,#7887,#7888,#7889,#7890,#7891));
#7886 = ORIENTED_EDGE('',*,*,#7637,.F.);
#7887 = ORIENTED_EDGE('',*,*,#79,.F.);
#7888 = ORIENTED_EDGE('',*,*,#6295,.F.);
#7889 = ORIENTED_EDGE('',*,*,#3536,.F.);
#7890 = ORIENTED_EDGE('',*,*,#201,.F.);
#7891 = ORIENTED_EDGE('',*,*,#2449,.F.);
#7892 = ADVANCED_FACE('',(#7893),#2805,.T.);
#7893 = FACE_BOUND('',#7894,.T.);
#7894 = EDGE_LOOP('',(#7895,#7896,#7897,#7898,#7899,#7900));
#7895 = ORIENTED_EDGE('',*,*,#7442,.F.);
#7896 = ORIENTED_EDGE('',*,*,#2789,.F.);
#7897 = ORIENTED_EDGE('',*,*,#6140,.F.);
#7898 = ORIENTED_EDGE('',*,*,#5995,.F.);
#7899 = ORIENTED_EDGE('',*,*,#2896,.F.);
#7900 = ORIENTED_EDGE('',*,*,#7171,.F.);
#7901 = ADVANCED_FACE('',(#7902),#271,.T.);
#7902 = FACE_BOUND('',#7903,.T.);
#7903 = EDGE_LOOP('',(#7904,#7905,#7906,#7907,#7908,#7909));
#7904 = ORIENTED_EDGE('',*,*,#2522,.F.);
#7905 = ORIENTED_EDGE('',*,*,#257,.F.);
#7906 = ORIENTED_EDGE('',*,*,#3463,.F.);
#7907 = ORIENTED_EDGE('',*,*,#6213,.F.);
#7908 = ORIENTED_EDGE('',*,*,#2841,.F.);
#7909 = ORIENTED_EDGE('',*,*,#7369,.F.);
#7910 = ADVANCED_FACE('',(#7911),#150,.T.);
#7911 = FACE_BOUND('',#7912,.T.);
#7912 = EDGE_LOOP('',(#7913,#7914,#7915,#7916,#7917,#7918));
#7913 = ORIENTED_EDGE('',*,*,#7244,.F.);
#7914 = ORIENTED_EDGE('',*,*,#2952,.F.);
#7915 = ORIENTED_EDGE('',*,*,#5922,.F.);
#7916 = ORIENTED_EDGE('',*,*,#6368,.F.);
#7917 = ORIENTED_EDGE('',*,*,#136,.F.);
#7918 = ORIENTED_EDGE('',*,*,#7564,.F.);
#7919 = ( GEOMETRIC_REPRESENTATION_CONTEXT(3) 
GLOBAL_UNCERTAINTY_ASSIGNED_CONTEXT((#7923)) 
GLOBAL_UNIT_ASSIGNED_CONTEXT((#7920,#7921,#7922)) REPRESENTATION_CONTEXT
('Context #1','3D Context with UNIT and UNCERTAINTY') );
#7920 = ( LENGTH_UNIT() NAMED_UNIT(*) SI_UNIT(.MILLI.,.METRE.) );
#7921 = ( NAMED_UNIT(*) PLANE_ANGLE_UNIT() SI_UNIT($,.RADIAN.) );
#7922 = ( NAMED_UNIT(*) SI_UNIT($,.STERADIAN.) SOLID_ANGLE_UNIT() );
#7923 = UNCERTAINTY_MEASURE_WITH_UNIT(LENGTH_MEASURE(5.E-07),#7920,
  'distance_accuracy_value','confusion accuracy');
#7924 = CONTEXT_DEPENDENT_SHAPE_REPRESENTATION(#7925,#7927);
#7925 = ( REPRESENTATION_RELATIONSHIP('','',#32,#10) 
REPRESENTATION_RELATIONSHIP_WITH_TRANSFORMATION(#7926) 
SHAPE_REPRESENTATION_RELATIONSHIP() );
#7926 = ITEM_DEFINED_TRANSFORMATION('','',#11,#15);
#7927 = PRODUCT_DEFINITION_SHAPE('Placement','Placement of an item',
  #7928);
#7928 = NEXT_ASSEMBLY_USAGE_OCCURRENCE('1','=>[0:1:1:1]','',#5,#27,$);
#7929 = PRODUCT_RELATED_PRODUCT_CATEGORY('part',$,(#29));
#7930 = MECHANICAL_DESIGN_GEOMETRIC_PRESENTATION_REPRESENTATION('',(
    #7931,#7939,#7947,#7954,#7962,#7969,#7976,#7983,#7990,#7997,#8004,
    #8011,#8018,#8025,#8032,#8039,#8046,#8053,#8060,#8067,#8074,#8081,
    #8088,#8095,#8102,#8109,#8116,#8123,#8130,#8137,#8144,#8151,#8158,
    #8165,#8172,#8179,#8186,#8193,#8200,#8207,#8214,#8221,#8228,#8235,
    #8242,#8249,#8256,#8263,#8270,#8277,#8284,#8291,#8298,#8305,#8312,
    #8319,#8326,#8333,#8340,#8347,#8354,#8361,#8368,#8375,#8382,#8389,
    #8396,#8403,#8410,#8417,#8424,#8431,#8438,#8445,#8452,#8459,#8466,
    #8473,#8480,#8487,#8494,#8501,#8508),#7919);
#7931 = STYLED_ITEM('color',(#7932),#33);
#7932 = PRESENTATION_STYLE_ASSIGNMENT((#7933));
#7933 = SURFACE_STYLE_USAGE(.BOTH.,#7934);
#7934 = SURFACE_SIDE_STYLE('',(#7935));
#7935 = SURFACE_STYLE_FILL_AREA(#7936);
#7936 = FILL_AREA_STYLE('',(#7937));
#7937 = FILL_AREA_STYLE_COLOUR('',#7938);
#7938 = DRAUGHTING_PRE_DEFINED_COLOUR('white');
#7939 = OVER_RIDING_STYLED_ITEM('overriding color',(#7940),#35,#7931);
#7940 = PRESENTATION_STYLE_ASSIGNMENT((#7941));
#7941 = SURFACE_STYLE_USAGE(.BOTH.,#7942);
#7942 = SURFACE_SIDE_STYLE('',(#7943));
#7943 = SURFACE_STYLE_FILL_AREA(#7944);
#7944 = FILL_AREA_STYLE('',(#7945));
#7945 = FILL_AREA_STYLE_COLOUR('',#7946);
#7946 = COLOUR_RGB('',0.592156864646,0.462745104622,0.);
#7947 = OVER_RIDING_STYLED_ITEM('overriding color',(#7948),#161,#7931);
#7948 = PRESENTATION_STYLE_ASSIGNMENT((#7949));
#7949 = SURFACE_STYLE_USAGE(.BOTH.,#7950);
#7950 = SURFACE_SIDE_STYLE('',(#7951));
#7951 = SURFACE_STYLE_FILL_AREA(#7952);
#7952 = FILL_AREA_STYLE('',(#7953));
#7953 = FILL_AREA_STYLE_COLOUR('',#7946);
#7954 = OVER_RIDING_STYLED_ITEM('overriding color',(#7955),#282,#7931);
#7955 = PRESENTATION_STYLE_ASSIGNMENT((#7956));
#7956 = SURFACE_STYLE_USAGE(.BOTH.,#7957);
#7957 = SURFACE_SIDE_STYLE('',(#7958));
#7958 = SURFACE_STYLE_FILL_AREA(#7959);
#7959 = FILL_AREA_STYLE('',(#7960));
#7960 = FILL_AREA_STYLE_COLOUR('',#7961);
#7961 = COLOUR_RGB('',0.854901964685,0.854901964685,0.854901964685);
#7962 = OVER_RIDING_STYLED_ITEM('overriding color',(#7963),#752,#7931);
#7963 = PRESENTATION_STYLE_ASSIGNMENT((#7964));
#7964 = SURFACE_STYLE_USAGE(.BOTH.,#7965);
#7965 = SURFACE_SIDE_STYLE('',(#7966));
#7966 = SURFACE_STYLE_FILL_AREA(#7967);
#7967 = FILL_AREA_STYLE('',(#7968));
#7968 = FILL_AREA_STYLE_COLOUR('',#7961);
#7969 = OVER_RIDING_STYLED_ITEM('overriding color',(#7970),#1212,#7931);
#7970 = PRESENTATION_STYLE_ASSIGNMENT((#7971));
#7971 = SURFACE_STYLE_USAGE(.BOTH.,#7972);
#7972 = SURFACE_SIDE_STYLE('',(#7973));
#7973 = SURFACE_STYLE_FILL_AREA(#7974);
#7974 = FILL_AREA_STYLE('',(#7975));
#7975 = FILL_AREA_STYLE_COLOUR('',#7946);
#7976 = OVER_RIDING_STYLED_ITEM('overriding color',(#7977),#1261,#7931);
#7977 = PRESENTATION_STYLE_ASSIGNMENT((#7978));
#7978 = SURFACE_STYLE_USAGE(.BOTH.,#7979);
#7979 = SURFACE_SIDE_STYLE('',(#7980));
#7980 = SURFACE_STYLE_FILL_AREA(#7981);
#7981 = FILL_AREA_STYLE('',(#7982));
#7982 = FILL_AREA_STYLE_COLOUR('',#7946);
#7983 = OVER_RIDING_STYLED_ITEM('overriding color',(#7984),#1310,#7931);
#7984 = PRESENTATION_STYLE_ASSIGNMENT((#7985));
#7985 = SURFACE_STYLE_USAGE(.BOTH.,#7986);
#7986 = SURFACE_SIDE_STYLE('',(#7987));
#7987 = SURFACE_STYLE_FILL_AREA(#7988);
#7988 = FILL_AREA_STYLE('',(#7989));
#7989 = FILL_AREA_STYLE_COLOUR('',#7961);
#7990 = OVER_RIDING_STYLED_ITEM('overriding color',(#7991),#1396,#7931);
#7991 = PRESENTATION_STYLE_ASSIGNMENT((#7992));
#7992 = SURFACE_STYLE_USAGE(.BOTH.,#7993);
#7993 = SURFACE_SIDE_STYLE('',(#7994));
#7994 = SURFACE_STYLE_FILL_AREA(#7995);
#7995 = FILL_AREA_STYLE('',(#7996));
#7996 = FILL_AREA_STYLE_COLOUR('',#7961);
#7997 = OVER_RIDING_STYLED_ITEM('overriding color',(#7998),#1516,#7931);
#7998 = PRESENTATION_STYLE_ASSIGNMENT((#7999));
#7999 = SURFACE_STYLE_USAGE(.BOTH.,#8000);
#8000 = SURFACE_SIDE_STYLE('',(#8001));
#8001 = SURFACE_STYLE_FILL_AREA(#8002);
#8002 = FILL_AREA_STYLE('',(#8003));
#8003 = FILL_AREA_STYLE_COLOUR('',#7961);
#8004 = OVER_RIDING_STYLED_ITEM('overriding color',(#8005),#1597,#7931);
#8005 = PRESENTATION_STYLE_ASSIGNMENT((#8006));
#8006 = SURFACE_STYLE_USAGE(.BOTH.,#8007);
#8007 = SURFACE_SIDE_STYLE('',(#8008));
#8008 = SURFACE_STYLE_FILL_AREA(#8009);
#8009 = FILL_AREA_STYLE('',(#8010));
#8010 = FILL_AREA_STYLE_COLOUR('',#7961);
#8011 = OVER_RIDING_STYLED_ITEM('overriding color',(#8012),#1999,#7931);
#8012 = PRESENTATION_STYLE_ASSIGNMENT((#8013));
#8013 = SURFACE_STYLE_USAGE(.BOTH.,#8014);
#8014 = SURFACE_SIDE_STYLE('',(#8015));
#8015 = SURFACE_STYLE_FILL_AREA(#8016);
#8016 = FILL_AREA_STYLE('',(#8017));
#8017 = FILL_AREA_STYLE_COLOUR('',#7961);
#8018 = OVER_RIDING_STYLED_ITEM('overriding color',(#8019),#2401,#7931);
#8019 = PRESENTATION_STYLE_ASSIGNMENT((#8020));
#8020 = SURFACE_STYLE_USAGE(.BOTH.,#8021);
#8021 = SURFACE_SIDE_STYLE('',(#8022));
#8022 = SURFACE_STYLE_FILL_AREA(#8023);
#8023 = FILL_AREA_STYLE('',(#8024));
#8024 = FILL_AREA_STYLE_COLOUR('',#7961);
#8025 = OVER_RIDING_STYLED_ITEM('overriding color',(#8026),#2663,#7931);
#8026 = PRESENTATION_STYLE_ASSIGNMENT((#8027));
#8027 = SURFACE_STYLE_USAGE(.BOTH.,#8028);
#8028 = SURFACE_SIDE_STYLE('',(#8029));
#8029 = SURFACE_STYLE_FILL_AREA(#8030);
#8030 = FILL_AREA_STYLE('',(#8031));
#8031 = FILL_AREA_STYLE_COLOUR('',#7961);
#8032 = OVER_RIDING_STYLED_ITEM('overriding color',(#8033),#2688,#7931);
#8033 = PRESENTATION_STYLE_ASSIGNMENT((#8034));
#8034 = SURFACE_STYLE_USAGE(.BOTH.,#8035);
#8035 = SURFACE_SIDE_STYLE('',(#8036));
#8036 = SURFACE_STYLE_FILL_AREA(#8037);
#8037 = FILL_AREA_STYLE('',(#8038));
#8038 = FILL_AREA_STYLE_COLOUR('',#7961);
#8039 = OVER_RIDING_STYLED_ITEM('overriding color',(#8040),#2713,#7931);
#8040 = PRESENTATION_STYLE_ASSIGNMENT((#8041));
#8041 = SURFACE_STYLE_USAGE(.BOTH.,#8042);
#8042 = SURFACE_SIDE_STYLE('',(#8043));
#8043 = SURFACE_STYLE_FILL_AREA(#8044);
#8044 = FILL_AREA_STYLE('',(#8045));
#8045 = FILL_AREA_STYLE_COLOUR('',#7961);
#8046 = OVER_RIDING_STYLED_ITEM('overriding color',(#8047),#2745,#7931);
#8047 = PRESENTATION_STYLE_ASSIGNMENT((#8048));
#8048 = SURFACE_STYLE_USAGE(.BOTH.,#8049);
#8049 = SURFACE_SIDE_STYLE('',(#8050));
#8050 = SURFACE_STYLE_FILL_AREA(#8051);
#8051 = FILL_AREA_STYLE('',(#8052));
#8052 = FILL_AREA_STYLE_COLOUR('',#7946);
#8053 = OVER_RIDING_STYLED_ITEM('overriding color',(#8054),#2861,#7931);
#8054 = PRESENTATION_STYLE_ASSIGNMENT((#8055));
#8055 = SURFACE_STYLE_USAGE(.BOTH.,#8056);
#8056 = SURFACE_SIDE_STYLE('',(#8057));
#8057 = SURFACE_STYLE_FILL_AREA(#8058);
#8058 = FILL_AREA_STYLE('',(#8059));
#8059 = FILL_AREA_STYLE_COLOUR('',#7946);
#8060 = OVER_RIDING_STYLED_ITEM('overriding color',(#8061),#2972,#7931);
#8061 = PRESENTATION_STYLE_ASSIGNMENT((#8062));
#8062 = SURFACE_STYLE_USAGE(.BOTH.,#8063);
#8063 = SURFACE_SIDE_STYLE('',(#8064));
#8064 = SURFACE_STYLE_FILL_AREA(#8065);
#8065 = FILL_AREA_STYLE('',(#8066));
#8066 = FILL_AREA_STYLE_COLOUR('',#7961);
#8067 = OVER_RIDING_STYLED_ITEM('overriding color',(#8068),#3092,#7931);
#8068 = PRESENTATION_STYLE_ASSIGNMENT((#8069));
#8069 = SURFACE_STYLE_USAGE(.BOTH.,#8070);
#8070 = SURFACE_SIDE_STYLE('',(#8071));
#8071 = SURFACE_STYLE_FILL_AREA(#8072);
#8072 = FILL_AREA_STYLE('',(#8073));
#8073 = FILL_AREA_STYLE_COLOUR('',#7961);
#8074 = OVER_RIDING_STYLED_ITEM('overriding color',(#8075),#3207,#7931);
#8075 = PRESENTATION_STYLE_ASSIGNMENT((#8076));
#8076 = SURFACE_STYLE_USAGE(.BOTH.,#8077);
#8077 = SURFACE_SIDE_STYLE('',(#8078));
#8078 = SURFACE_STYLE_FILL_AREA(#8079);
#8079 = FILL_AREA_STYLE('',(#8080));
#8080 = FILL_AREA_STYLE_COLOUR('',#7961);
#8081 = OVER_RIDING_STYLED_ITEM('overriding color',(#8082),#3322,#7931);
#8082 = PRESENTATION_STYLE_ASSIGNMENT((#8083));
#8083 = SURFACE_STYLE_USAGE(.BOTH.,#8084);
#8084 = SURFACE_SIDE_STYLE('',(#8085));
#8085 = SURFACE_STYLE_FILL_AREA(#8086);
#8086 = FILL_AREA_STYLE('',(#8087));
#8087 = FILL_AREA_STYLE_COLOUR('',#7946);
#8088 = OVER_RIDING_STYLED_ITEM('overriding color',(#8089),#3409,#7931);
#8089 = PRESENTATION_STYLE_ASSIGNMENT((#8090));
#8090 = SURFACE_STYLE_USAGE(.BOTH.,#8091);
#8091 = SURFACE_SIDE_STYLE('',(#8092));
#8092 = SURFACE_STYLE_FILL_AREA(#8093);
#8093 = FILL_AREA_STYLE('',(#8094));
#8094 = FILL_AREA_STYLE_COLOUR('',#7961);
#8095 = OVER_RIDING_STYLED_ITEM('overriding color',(#8096),#3832,#7931);
#8096 = PRESENTATION_STYLE_ASSIGNMENT((#8097));
#8097 = SURFACE_STYLE_USAGE(.BOTH.,#8098);
#8098 = SURFACE_SIDE_STYLE('',(#8099));
#8099 = SURFACE_STYLE_FILL_AREA(#8100);
#8100 = FILL_AREA_STYLE('',(#8101));
#8101 = FILL_AREA_STYLE_COLOUR('',#7961);
#8102 = OVER_RIDING_STYLED_ITEM('overriding color',(#8103),#3929,#7931);
#8103 = PRESENTATION_STYLE_ASSIGNMENT((#8104));
#8104 = SURFACE_STYLE_USAGE(.BOTH.,#8105);
#8105 = SURFACE_SIDE_STYLE('',(#8106));
#8106 = SURFACE_STYLE_FILL_AREA(#8107);
#8107 = FILL_AREA_STYLE('',(#8108));
#8108 = FILL_AREA_STYLE_COLOUR('',#7961);
#8109 = OVER_RIDING_STYLED_ITEM('overriding color',(#8110),#4005,#7931);
#8110 = PRESENTATION_STYLE_ASSIGNMENT((#8111));
#8111 = SURFACE_STYLE_USAGE(.BOTH.,#8112);
#8112 = SURFACE_SIDE_STYLE('',(#8113));
#8113 = SURFACE_STYLE_FILL_AREA(#8114);
#8114 = FILL_AREA_STYLE('',(#8115));
#8115 = FILL_AREA_STYLE_COLOUR('',#7961);
#8116 = OVER_RIDING_STYLED_ITEM('overriding color',(#8117),#4105,#7931);
#8117 = PRESENTATION_STYLE_ASSIGNMENT((#8118));
#8118 = SURFACE_STYLE_USAGE(.BOTH.,#8119);
#8119 = SURFACE_SIDE_STYLE('',(#8120));
#8120 = SURFACE_STYLE_FILL_AREA(#8121);
#8121 = FILL_AREA_STYLE('',(#8122));
#8122 = FILL_AREA_STYLE_COLOUR('',#7946);
#8123 = OVER_RIDING_STYLED_ITEM('overriding color',(#8124),#4190,#7931);
#8124 = PRESENTATION_STYLE_ASSIGNMENT((#8125));
#8125 = SURFACE_STYLE_USAGE(.BOTH.,#8126);
#8126 = SURFACE_SIDE_STYLE('',(#8127));
#8127 = SURFACE_STYLE_FILL_AREA(#8128);
#8128 = FILL_AREA_STYLE('',(#8129));
#8129 = FILL_AREA_STYLE_COLOUR('',#7961);
#8130 = OVER_RIDING_STYLED_ITEM('overriding color',(#8131),#4595,#7931);
#8131 = PRESENTATION_STYLE_ASSIGNMENT((#8132));
#8132 = SURFACE_STYLE_USAGE(.BOTH.,#8133);
#8133 = SURFACE_SIDE_STYLE('',(#8134));
#8134 = SURFACE_STYLE_FILL_AREA(#8135);
#8135 = FILL_AREA_STYLE('',(#8136));
#8136 = FILL_AREA_STYLE_COLOUR('',#7961);
#8137 = OVER_RIDING_STYLED_ITEM('overriding color',(#8138),#4649,#7931);
#8138 = PRESENTATION_STYLE_ASSIGNMENT((#8139));
#8139 = SURFACE_STYLE_USAGE(.BOTH.,#8140);
#8140 = SURFACE_SIDE_STYLE('',(#8141));
#8141 = SURFACE_STYLE_FILL_AREA(#8142);
#8142 = FILL_AREA_STYLE('',(#8143));
#8143 = FILL_AREA_STYLE_COLOUR('',#7961);
#8144 = OVER_RIDING_STYLED_ITEM('overriding color',(#8145),#4934,#7931);
#8145 = PRESENTATION_STYLE_ASSIGNMENT((#8146));
#8146 = SURFACE_STYLE_USAGE(.BOTH.,#8147);
#8147 = SURFACE_SIDE_STYLE('',(#8148));
#8148 = SURFACE_STYLE_FILL_AREA(#8149);
#8149 = FILL_AREA_STYLE('',(#8150));
#8150 = FILL_AREA_STYLE_COLOUR('',#7961);
#8151 = OVER_RIDING_STYLED_ITEM('overriding color',(#8152),#4983,#7931);
#8152 = PRESENTATION_STYLE_ASSIGNMENT((#8153));
#8153 = SURFACE_STYLE_USAGE(.BOTH.,#8154);
#8154 = SURFACE_SIDE_STYLE('',(#8155));
#8155 = SURFACE_STYLE_FILL_AREA(#8156);
#8156 = FILL_AREA_STYLE('',(#8157));
#8157 = FILL_AREA_STYLE_COLOUR('',#7961);
#8158 = OVER_RIDING_STYLED_ITEM('overriding color',(#8159),#5010,#7931);
#8159 = PRESENTATION_STYLE_ASSIGNMENT((#8160));
#8160 = SURFACE_STYLE_USAGE(.BOTH.,#8161);
#8161 = SURFACE_SIDE_STYLE('',(#8162));
#8162 = SURFACE_STYLE_FILL_AREA(#8163);
#8163 = FILL_AREA_STYLE('',(#8164));
#8164 = FILL_AREA_STYLE_COLOUR('',#7961);
#8165 = OVER_RIDING_STYLED_ITEM('overriding color',(#8166),#5415,#7931);
#8166 = PRESENTATION_STYLE_ASSIGNMENT((#8167));
#8167 = SURFACE_STYLE_USAGE(.BOTH.,#8168);
#8168 = SURFACE_SIDE_STYLE('',(#8169));
#8169 = SURFACE_STYLE_FILL_AREA(#8170);
#8170 = FILL_AREA_STYLE('',(#8171));
#8171 = FILL_AREA_STYLE_COLOUR('',#7961);
#8172 = OVER_RIDING_STYLED_ITEM('overriding color',(#8173),#5465,#7931);
#8173 = PRESENTATION_STYLE_ASSIGNMENT((#8174));
#8174 = SURFACE_STYLE_USAGE(.BOTH.,#8175);
#8175 = SURFACE_SIDE_STYLE('',(#8176));
#8176 = SURFACE_STYLE_FILL_AREA(#8177);
#8177 = FILL_AREA_STYLE('',(#8178));
#8178 = FILL_AREA_STYLE_COLOUR('',#7961);
#8179 = OVER_RIDING_STYLED_ITEM('overriding color',(#8180),#5498,#7931);
#8180 = PRESENTATION_STYLE_ASSIGNMENT((#8181));
#8181 = SURFACE_STYLE_USAGE(.BOTH.,#8182);
#8182 = SURFACE_SIDE_STYLE('',(#8183));
#8183 = SURFACE_STYLE_FILL_AREA(#8184);
#8184 = FILL_AREA_STYLE('',(#8185));
#8185 = FILL_AREA_STYLE_COLOUR('',#7961);
#8186 = OVER_RIDING_STYLED_ITEM('overriding color',(#8187),#5711,#7931);
#8187 = PRESENTATION_STYLE_ASSIGNMENT((#8188));
#8188 = SURFACE_STYLE_USAGE(.BOTH.,#8189);
#8189 = SURFACE_SIDE_STYLE('',(#8190));
#8190 = SURFACE_STYLE_FILL_AREA(#8191);
#8191 = FILL_AREA_STYLE('',(#8192));
#8192 = FILL_AREA_STYLE_COLOUR('',#7961);
#8193 = OVER_RIDING_STYLED_ITEM('overriding color',(#8194),#5738,#7931);
#8194 = PRESENTATION_STYLE_ASSIGNMENT((#8195));
#8195 = SURFACE_STYLE_USAGE(.BOTH.,#8196);
#8196 = SURFACE_SIDE_STYLE('',(#8197));
#8197 = SURFACE_STYLE_FILL_AREA(#8198);
#8198 = FILL_AREA_STYLE('',(#8199));
#8199 = FILL_AREA_STYLE_COLOUR('',#7961);
#8200 = OVER_RIDING_STYLED_ITEM('overriding color',(#8201),#5765,#7931);
#8201 = PRESENTATION_STYLE_ASSIGNMENT((#8202));
#8202 = SURFACE_STYLE_USAGE(.BOTH.,#8203);
#8203 = SURFACE_SIDE_STYLE('',(#8204));
#8204 = SURFACE_STYLE_FILL_AREA(#8205);
#8205 = FILL_AREA_STYLE('',(#8206));
#8206 = FILL_AREA_STYLE_COLOUR('',#7961);
#8207 = OVER_RIDING_STYLED_ITEM('overriding color',(#8208),#5772,#7931);
#8208 = PRESENTATION_STYLE_ASSIGNMENT((#8209));
#8209 = SURFACE_STYLE_USAGE(.BOTH.,#8210);
#8210 = SURFACE_SIDE_STYLE('',(#8211));
#8211 = SURFACE_STYLE_FILL_AREA(#8212);
#8212 = FILL_AREA_STYLE('',(#8213));
#8213 = FILL_AREA_STYLE_COLOUR('',#7961);
#8214 = OVER_RIDING_STYLED_ITEM('overriding color',(#8215),#5797,#7931);
#8215 = PRESENTATION_STYLE_ASSIGNMENT((#8216));
#8216 = SURFACE_STYLE_USAGE(.BOTH.,#8217);
#8217 = SURFACE_SIDE_STYLE('',(#8218));
#8218 = SURFACE_STYLE_FILL_AREA(#8219);
#8219 = FILL_AREA_STYLE('',(#8220));
#8220 = FILL_AREA_STYLE_COLOUR('',#7961);
#8221 = OVER_RIDING_STYLED_ITEM('overriding color',(#8222),#5828,#7931);
#8222 = PRESENTATION_STYLE_ASSIGNMENT((#8223));
#8223 = SURFACE_STYLE_USAGE(.BOTH.,#8224);
#8224 = SURFACE_SIDE_STYLE('',(#8225));
#8225 = SURFACE_STYLE_FILL_AREA(#8226);
#8226 = FILL_AREA_STYLE('',(#8227));
#8227 = FILL_AREA_STYLE_COLOUR('',#7961);
#8228 = OVER_RIDING_STYLED_ITEM('overriding color',(#8229),#5834,#7931);
#8229 = PRESENTATION_STYLE_ASSIGNMENT((#8230));
#8230 = SURFACE_STYLE_USAGE(.BOTH.,#8231);
#8231 = SURFACE_SIDE_STYLE('',(#8232));
#8232 = SURFACE_STYLE_FILL_AREA(#8233);
#8233 = FILL_AREA_STYLE('',(#8234));
#8234 = FILL_AREA_STYLE_COLOUR('',#7961);
#8235 = OVER_RIDING_STYLED_ITEM('overriding color',(#8236),#5865,#7931);
#8236 = PRESENTATION_STYLE_ASSIGNMENT((#8237));
#8237 = SURFACE_STYLE_USAGE(.BOTH.,#8238);
#8238 = SURFACE_SIDE_STYLE('',(#8239));
#8239 = SURFACE_STYLE_FILL_AREA(#8240);
#8240 = FILL_AREA_STYLE('',(#8241));
#8241 = FILL_AREA_STYLE_COLOUR('',#7961);
#8242 = OVER_RIDING_STYLED_ITEM('overriding color',(#8243),#5871,#7931);
#8243 = PRESENTATION_STYLE_ASSIGNMENT((#8244));
#8244 = SURFACE_STYLE_USAGE(.BOTH.,#8245);
#8245 = SURFACE_SIDE_STYLE('',(#8246));
#8246 = SURFACE_STYLE_FILL_AREA(#8247);
#8247 = FILL_AREA_STYLE('',(#8248));
#8248 = FILL_AREA_STYLE_COLOUR('',#7961);
#8249 = OVER_RIDING_STYLED_ITEM('overriding color',(#8250),#6112,#7931);
#8250 = PRESENTATION_STYLE_ASSIGNMENT((#8251));
#8251 = SURFACE_STYLE_USAGE(.BOTH.,#8252);
#8252 = SURFACE_SIDE_STYLE('',(#8253));
#8253 = SURFACE_STYLE_FILL_AREA(#8254);
#8254 = FILL_AREA_STYLE('',(#8255));
#8255 = FILL_AREA_STYLE_COLOUR('',#7961);
#8256 = OVER_RIDING_STYLED_ITEM('overriding color',(#8257),#6287,#7931);
#8257 = PRESENTATION_STYLE_ASSIGNMENT((#8258));
#8258 = SURFACE_STYLE_USAGE(.BOTH.,#8259);
#8259 = SURFACE_SIDE_STYLE('',(#8260));
#8260 = SURFACE_STYLE_FILL_AREA(#8261);
#8261 = FILL_AREA_STYLE('',(#8262));
#8262 = FILL_AREA_STYLE_COLOUR('',#7961);
#8263 = OVER_RIDING_STYLED_ITEM('overriding color',(#8264),#6462,#7931);
#8264 = PRESENTATION_STYLE_ASSIGNMENT((#8265));
#8265 = SURFACE_STYLE_USAGE(.BOTH.,#8266);
#8266 = SURFACE_SIDE_STYLE('',(#8267));
#8267 = SURFACE_STYLE_FILL_AREA(#8268);
#8268 = FILL_AREA_STYLE('',(#8269));
#8269 = FILL_AREA_STYLE_COLOUR('',#7961);
#8270 = OVER_RIDING_STYLED_ITEM('overriding color',(#8271),#6512,#7931);
#8271 = PRESENTATION_STYLE_ASSIGNMENT((#8272));
#8272 = SURFACE_STYLE_USAGE(.BOTH.,#8273);
#8273 = SURFACE_SIDE_STYLE('',(#8274));
#8274 = SURFACE_STYLE_FILL_AREA(#8275);
#8275 = FILL_AREA_STYLE('',(#8276));
#8276 = FILL_AREA_STYLE_COLOUR('',#7961);
#8277 = OVER_RIDING_STYLED_ITEM('overriding color',(#8278),#6518,#7931);
#8278 = PRESENTATION_STYLE_ASSIGNMENT((#8279));
#8279 = SURFACE_STYLE_USAGE(.BOTH.,#8280);
#8280 = SURFACE_SIDE_STYLE('',(#8281));
#8281 = SURFACE_STYLE_FILL_AREA(#8282);
#8282 = FILL_AREA_STYLE('',(#8283));
#8283 = FILL_AREA_STYLE_COLOUR('',#7961);
#8284 = OVER_RIDING_STYLED_ITEM('overriding color',(#8285),#6549,#7931);
#8285 = PRESENTATION_STYLE_ASSIGNMENT((#8286));
#8286 = SURFACE_STYLE_USAGE(.BOTH.,#8287);
#8287 = SURFACE_SIDE_STYLE('',(#8288));
#8288 = SURFACE_STYLE_FILL_AREA(#8289);
#8289 = FILL_AREA_STYLE('',(#8290));
#8290 = FILL_AREA_STYLE_COLOUR('',#7961);
#8291 = OVER_RIDING_STYLED_ITEM('overriding color',(#8292),#6555,#7931);
#8292 = PRESENTATION_STYLE_ASSIGNMENT((#8293));
#8293 = SURFACE_STYLE_USAGE(.BOTH.,#8294);
#8294 = SURFACE_SIDE_STYLE('',(#8295));
#8295 = SURFACE_STYLE_FILL_AREA(#8296);
#8296 = FILL_AREA_STYLE('',(#8297));
#8297 = FILL_AREA_STYLE_COLOUR('',#7961);
#8298 = OVER_RIDING_STYLED_ITEM('overriding color',(#8299),#6605,#7931);
#8299 = PRESENTATION_STYLE_ASSIGNMENT((#8300));
#8300 = SURFACE_STYLE_USAGE(.BOTH.,#8301);
#8301 = SURFACE_SIDE_STYLE('',(#8302));
#8302 = SURFACE_STYLE_FILL_AREA(#8303);
#8303 = FILL_AREA_STYLE('',(#8304));
#8304 = FILL_AREA_STYLE_COLOUR('',#7961);
#8305 = OVER_RIDING_STYLED_ITEM('overriding color',(#8306),#6611,#7931);
#8306 = PRESENTATION_STYLE_ASSIGNMENT((#8307));
#8307 = SURFACE_STYLE_USAGE(.BOTH.,#8308);
#8308 = SURFACE_SIDE_STYLE('',(#8309));
#8309 = SURFACE_STYLE_FILL_AREA(#8310);
#8310 = FILL_AREA_STYLE('',(#8311));
#8311 = FILL_AREA_STYLE_COLOUR('',#7961);
#8312 = OVER_RIDING_STYLED_ITEM('overriding color',(#8313),#6642,#7931);
#8313 = PRESENTATION_STYLE_ASSIGNMENT((#8314));
#8314 = SURFACE_STYLE_USAGE(.BOTH.,#8315);
#8315 = SURFACE_SIDE_STYLE('',(#8316));
#8316 = SURFACE_STYLE_FILL_AREA(#8317);
#8317 = FILL_AREA_STYLE('',(#8318));
#8318 = FILL_AREA_STYLE_COLOUR('',#7961);
#8319 = OVER_RIDING_STYLED_ITEM('overriding color',(#8320),#6648,#7931);
#8320 = PRESENTATION_STYLE_ASSIGNMENT((#8321));
#8321 = SURFACE_STYLE_USAGE(.BOTH.,#8322);
#8322 = SURFACE_SIDE_STYLE('',(#8323));
#8323 = SURFACE_STYLE_FILL_AREA(#8324);
#8324 = FILL_AREA_STYLE('',(#8325));
#8325 = FILL_AREA_STYLE_COLOUR('',#7961);
#8326 = OVER_RIDING_STYLED_ITEM('overriding color',(#8327),#6748,#7931);
#8327 = PRESENTATION_STYLE_ASSIGNMENT((#8328));
#8328 = SURFACE_STYLE_USAGE(.BOTH.,#8329);
#8329 = SURFACE_SIDE_STYLE('',(#8330));
#8330 = SURFACE_STYLE_FILL_AREA(#8331);
#8331 = FILL_AREA_STYLE('',(#8332));
#8332 = FILL_AREA_STYLE_COLOUR('',#7961);
#8333 = OVER_RIDING_STYLED_ITEM('overriding color',(#8334),#6841,#7931);
#8334 = PRESENTATION_STYLE_ASSIGNMENT((#8335));
#8335 = SURFACE_STYLE_USAGE(.BOTH.,#8336);
#8336 = SURFACE_SIDE_STYLE('',(#8337));
#8337 = SURFACE_STYLE_FILL_AREA(#8338);
#8338 = FILL_AREA_STYLE('',(#8339));
#8339 = FILL_AREA_STYLE_COLOUR('',#7961);
#8340 = OVER_RIDING_STYLED_ITEM('overriding color',(#8341),#6868,#7931);
#8341 = PRESENTATION_STYLE_ASSIGNMENT((#8342));
#8342 = SURFACE_STYLE_USAGE(.BOTH.,#8343);
#8343 = SURFACE_SIDE_STYLE('',(#8344));
#8344 = SURFACE_STYLE_FILL_AREA(#8345);
#8345 = FILL_AREA_STYLE('',(#8346));
#8346 = FILL_AREA_STYLE_COLOUR('',#7961);
#8347 = OVER_RIDING_STYLED_ITEM('overriding color',(#8348),#6895,#7931);
#8348 = PRESENTATION_STYLE_ASSIGNMENT((#8349));
#8349 = SURFACE_STYLE_USAGE(.BOTH.,#8350);
#8350 = SURFACE_SIDE_STYLE('',(#8351));
#8351 = SURFACE_STYLE_FILL_AREA(#8352);
#8352 = FILL_AREA_STYLE('',(#8353));
#8353 = FILL_AREA_STYLE_COLOUR('',#7961);
#8354 = OVER_RIDING_STYLED_ITEM('overriding color',(#8355),#6923,#7931);
#8355 = PRESENTATION_STYLE_ASSIGNMENT((#8356));
#8356 = SURFACE_STYLE_USAGE(.BOTH.,#8357);
#8357 = SURFACE_SIDE_STYLE('',(#8358));
#8358 = SURFACE_STYLE_FILL_AREA(#8359);
#8359 = FILL_AREA_STYLE('',(#8360));
#8360 = FILL_AREA_STYLE_COLOUR('',#7961);
#8361 = OVER_RIDING_STYLED_ITEM('overriding color',(#8362),#6951,#7931);
#8362 = PRESENTATION_STYLE_ASSIGNMENT((#8363));
#8363 = SURFACE_STYLE_USAGE(.BOTH.,#8364);
#8364 = SURFACE_SIDE_STYLE('',(#8365));
#8365 = SURFACE_STYLE_FILL_AREA(#8366);
#8366 = FILL_AREA_STYLE('',(#8367));
#8367 = FILL_AREA_STYLE_COLOUR('',#7961);
#8368 = OVER_RIDING_STYLED_ITEM('overriding color',(#8369),#7000,#7931);
#8369 = PRESENTATION_STYLE_ASSIGNMENT((#8370));
#8370 = SURFACE_STYLE_USAGE(.BOTH.,#8371);
#8371 = SURFACE_SIDE_STYLE('',(#8372));
#8372 = SURFACE_STYLE_FILL_AREA(#8373);
#8373 = FILL_AREA_STYLE('',(#8374));
#8374 = FILL_AREA_STYLE_COLOUR('',#7961);
#8375 = OVER_RIDING_STYLED_ITEM('overriding color',(#8376),#7049,#7931);
#8376 = PRESENTATION_STYLE_ASSIGNMENT((#8377));
#8377 = SURFACE_STYLE_USAGE(.BOTH.,#8378);
#8378 = SURFACE_SIDE_STYLE('',(#8379));
#8379 = SURFACE_STYLE_FILL_AREA(#8380);
#8380 = FILL_AREA_STYLE('',(#8381));
#8381 = FILL_AREA_STYLE_COLOUR('',#7961);
#8382 = OVER_RIDING_STYLED_ITEM('overriding color',(#8383),#7056,#7931);
#8383 = PRESENTATION_STYLE_ASSIGNMENT((#8384));
#8384 = SURFACE_STYLE_USAGE(.BOTH.,#8385);
#8385 = SURFACE_SIDE_STYLE('',(#8386));
#8386 = SURFACE_STYLE_FILL_AREA(#8387);
#8387 = FILL_AREA_STYLE('',(#8388));
#8388 = FILL_AREA_STYLE_COLOUR('',#7961);
#8389 = OVER_RIDING_STYLED_ITEM('overriding color',(#8390),#7083,#7931);
#8390 = PRESENTATION_STYLE_ASSIGNMENT((#8391));
#8391 = SURFACE_STYLE_USAGE(.BOTH.,#8392);
#8392 = SURFACE_SIDE_STYLE('',(#8393));
#8393 = SURFACE_STYLE_FILL_AREA(#8394);
#8394 = FILL_AREA_STYLE('',(#8395));
#8395 = FILL_AREA_STYLE_COLOUR('',#7961);
#8396 = OVER_RIDING_STYLED_ITEM('overriding color',(#8397),#7089,#7931);
#8397 = PRESENTATION_STYLE_ASSIGNMENT((#8398));
#8398 = SURFACE_STYLE_USAGE(.BOTH.,#8399);
#8399 = SURFACE_SIDE_STYLE('',(#8400));
#8400 = SURFACE_STYLE_FILL_AREA(#8401);
#8401 = FILL_AREA_STYLE('',(#8402));
#8402 = FILL_AREA_STYLE_COLOUR('',#7961);
#8403 = OVER_RIDING_STYLED_ITEM('overriding color',(#8404),#7116,#7931);
#8404 = PRESENTATION_STYLE_ASSIGNMENT((#8405));
#8405 = SURFACE_STYLE_USAGE(.BOTH.,#8406);
#8406 = SURFACE_SIDE_STYLE('',(#8407));
#8407 = SURFACE_STYLE_FILL_AREA(#8408);
#8408 = FILL_AREA_STYLE('',(#8409));
#8409 = FILL_AREA_STYLE_COLOUR('',#7961);
#8410 = OVER_RIDING_STYLED_ITEM('overriding color',(#8411),#7122,#7931);
#8411 = PRESENTATION_STYLE_ASSIGNMENT((#8412));
#8412 = SURFACE_STYLE_USAGE(.BOTH.,#8413);
#8413 = SURFACE_SIDE_STYLE('',(#8414));
#8414 = SURFACE_STYLE_FILL_AREA(#8415);
#8415 = FILL_AREA_STYLE('',(#8416));
#8416 = FILL_AREA_STYLE_COLOUR('',#7961);
#8417 = OVER_RIDING_STYLED_ITEM('overriding color',(#8418),#7363,#7931);
#8418 = PRESENTATION_STYLE_ASSIGNMENT((#8419));
#8419 = SURFACE_STYLE_USAGE(.BOTH.,#8420);
#8420 = SURFACE_SIDE_STYLE('',(#8421));
#8421 = SURFACE_STYLE_FILL_AREA(#8422);
#8422 = FILL_AREA_STYLE('',(#8423));
#8423 = FILL_AREA_STYLE_COLOUR('',#7961);
#8424 = OVER_RIDING_STYLED_ITEM('overriding color',(#8425),#7538,#7931);
#8425 = PRESENTATION_STYLE_ASSIGNMENT((#8426));
#8426 = SURFACE_STYLE_USAGE(.BOTH.,#8427);
#8427 = SURFACE_SIDE_STYLE('',(#8428));
#8428 = SURFACE_STYLE_FILL_AREA(#8429);
#8429 = FILL_AREA_STYLE('',(#8430));
#8430 = FILL_AREA_STYLE_COLOUR('',#7961);
#8431 = OVER_RIDING_STYLED_ITEM('overriding color',(#8432),#7713,#7931);
#8432 = PRESENTATION_STYLE_ASSIGNMENT((#8433));
#8433 = SURFACE_STYLE_USAGE(.BOTH.,#8434);
#8434 = SURFACE_SIDE_STYLE('',(#8435));
#8435 = SURFACE_STYLE_FILL_AREA(#8436);
#8436 = FILL_AREA_STYLE('',(#8437));
#8437 = FILL_AREA_STYLE_COLOUR('',#7961);
#8438 = OVER_RIDING_STYLED_ITEM('overriding color',(#8439),#7759,#7931);
#8439 = PRESENTATION_STYLE_ASSIGNMENT((#8440));
#8440 = SURFACE_STYLE_USAGE(.BOTH.,#8441);
#8441 = SURFACE_SIDE_STYLE('',(#8442));
#8442 = SURFACE_STYLE_FILL_AREA(#8443);
#8443 = FILL_AREA_STYLE('',(#8444));
#8444 = FILL_AREA_STYLE_COLOUR('',#7961);
#8445 = OVER_RIDING_STYLED_ITEM('overriding color',(#8446),#7765,#7931);
#8446 = PRESENTATION_STYLE_ASSIGNMENT((#8447));
#8447 = SURFACE_STYLE_USAGE(.BOTH.,#8448);
#8448 = SURFACE_SIDE_STYLE('',(#8449));
#8449 = SURFACE_STYLE_FILL_AREA(#8450);
#8450 = FILL_AREA_STYLE('',(#8451));
#8451 = FILL_AREA_STYLE_COLOUR('',#7961);
#8452 = OVER_RIDING_STYLED_ITEM('overriding color',(#8453),#7811,#7931);
#8453 = PRESENTATION_STYLE_ASSIGNMENT((#8454));
#8454 = SURFACE_STYLE_USAGE(.BOTH.,#8455);
#8455 = SURFACE_SIDE_STYLE('',(#8456));
#8456 = SURFACE_STYLE_FILL_AREA(#8457);
#8457 = FILL_AREA_STYLE('',(#8458));
#8458 = FILL_AREA_STYLE_COLOUR('',#7961);
#8459 = OVER_RIDING_STYLED_ITEM('overriding color',(#8460),#7817,#7931);
#8460 = PRESENTATION_STYLE_ASSIGNMENT((#8461));
#8461 = SURFACE_STYLE_USAGE(.BOTH.,#8462);
#8462 = SURFACE_SIDE_STYLE('',(#8463));
#8463 = SURFACE_STYLE_FILL_AREA(#8464);
#8464 = FILL_AREA_STYLE('',(#8465));
#8465 = FILL_AREA_STYLE_COLOUR('',#7961);
#8466 = OVER_RIDING_STYLED_ITEM('overriding color',(#8467),#7844,#7931);
#8467 = PRESENTATION_STYLE_ASSIGNMENT((#8468));
#8468 = SURFACE_STYLE_USAGE(.BOTH.,#8469);
#8469 = SURFACE_SIDE_STYLE('',(#8470));
#8470 = SURFACE_STYLE_FILL_AREA(#8471);
#8471 = FILL_AREA_STYLE('',(#8472));
#8472 = FILL_AREA_STYLE_COLOUR('',#7961);
#8473 = OVER_RIDING_STYLED_ITEM('overriding color',(#8474),#7850,#7931);
#8474 = PRESENTATION_STYLE_ASSIGNMENT((#8475));
#8475 = SURFACE_STYLE_USAGE(.BOTH.,#8476);
#8476 = SURFACE_SIDE_STYLE('',(#8477));
#8477 = SURFACE_STYLE_FILL_AREA(#8478);
#8478 = FILL_AREA_STYLE('',(#8479));
#8479 = FILL_AREA_STYLE_COLOUR('',#7961);
#8480 = OVER_RIDING_STYLED_ITEM('overriding color',(#8481),#7877,#7931);
#8481 = PRESENTATION_STYLE_ASSIGNMENT((#8482));
#8482 = SURFACE_STYLE_USAGE(.BOTH.,#8483);
#8483 = SURFACE_SIDE_STYLE('',(#8484));
#8484 = SURFACE_STYLE_FILL_AREA(#8485);
#8485 = FILL_AREA_STYLE('',(#8486));
#8486 = FILL_AREA_STYLE_COLOUR('',#7961);
#8487 = OVER_RIDING_STYLED_ITEM('overriding color',(#8488),#7883,#7931);
#8488 = PRESENTATION_STYLE_ASSIGNMENT((#8489));
#8489 = SURFACE_STYLE_USAGE(.BOTH.,#8490);
#8490 = SURFACE_SIDE_STYLE('',(#8491));
#8491 = SURFACE_STYLE_FILL_AREA(#8492);
#8492 = FILL_AREA_STYLE('',(#8493));
#8493 = FILL_AREA_STYLE_COLOUR('',#7946);
#8494 = OVER_RIDING_STYLED_ITEM('overriding color',(#8495),#7892,#7931);
#8495 = PRESENTATION_STYLE_ASSIGNMENT((#8496));
#8496 = SURFACE_STYLE_USAGE(.BOTH.,#8497);
#8497 = SURFACE_SIDE_STYLE('',(#8498));
#8498 = SURFACE_STYLE_FILL_AREA(#8499);
#8499 = FILL_AREA_STYLE('',(#8500));
#8500 = FILL_AREA_STYLE_COLOUR('',#7946);
#8501 = OVER_RIDING_STYLED_ITEM('overriding color',(#8502),#7901,#7931);
#8502 = PRESENTATION_STYLE_ASSIGNMENT((#8503));
#8503 = SURFACE_STYLE_USAGE(.BOTH.,#8504);
#8504 = SURFACE_SIDE_STYLE('',(#8505));
#8505 = SURFACE_STYLE_FILL_AREA(#8506);
#8506 = FILL_AREA_STYLE('',(#8507));
#8507 = FILL_AREA_STYLE_COLOUR('',#7946);
#8508 = OVER_RIDING_STYLED_ITEM('overriding color',(#8509),#7910,#7931);
#8509 = PRESENTATION_STYLE_ASSIGNMENT((#8510));
#8510 = SURFACE_STYLE_USAGE(.BOTH.,#8511);
#8511 = SURFACE_SIDE_STYLE('',(#8512));
#8512 = SURFACE_STYLE_FILL_AREA(#8513);
#8513 = FILL_AREA_STYLE('',(#8514));
#8514 = FILL_AREA_STYLE_COLOUR('',#7946);
ENDSEC;
END-ISO-10303-21;
